"dtxsid","molwt","vapor","solub","kow","decay.air","decay.sur","diffus.air","conc.out"
"DTXSID2021781",278.35,0.0039863311451788,0.0313177087528337,41124.4514294992,0.458343371402192,0.00189663690506889,0.437521725688858,0
"DTXSID3020205",312.37,0.000312297532616081,0.0111053687884252,44844.4914437753,1.0815881475719,0.00181887224848161,0.723018253099391,0
"DTXSID7021360",92.14,3643.92625244239,5.78308306855902,298.8967185281,0.257000636341669,0.00175403392253514,0.833187821574869,0
"DTXSID8020462",106.12,0.40377386846455,8319.92009081493,0.0419575692386045,1.08289848544785,0.0010106277425946,0.614210251698717,0
"DTXSID8020913",128.18,9.11546112235537,0.152950590591212,1864.75514435724,1.24364882693642,0.000728535105212259,0.712642051411761,0
