"dtxsid","molwt","vapor","solub","kow","decay.air","decay.sur","diffus.air","conc.out"
"DTXSID2021781",278.35,0.00098333682628668,0.0579780434619964,37368.978623194,0.643436758411735,0.000970741834426662,1.06943574928726,0
"DTXSID3020205",312.37,0.000694403591726101,0.00911854832109854,13953.3427974224,1.99931591828617,0.0015263932726675,0.404817189728766,0
"DTXSID7021360",92.14,34530.9707683111,5.70055910194329,510.879463165922,0.346746958934861,0.000743369950161757,0.696155963171207,0
"DTXSID8020462",106.12,0.829519155391759,7090.65064118728,0.0430234600813743,2.23374753390686,0.000954749992246899,0.748765706476425,0
"DTXSID8020913",128.18,24.2020963705946,0.156449188463475,2537.59849245841,0.665663403546776,0.00142282851909864,0.700932163900768,0
