"dtxsid","molwt","vapor","solub","kow","decay.air","decay.sur","diffus.air","conc.out"
"DTXSID2021781",278.35,0.00646425558050958,0.0282840745925599,64744.7688930978,0.803463248665979,0.000906340869554206,0.608780351662299,0
"DTXSID3020205",312.37,0.000650537609720559,0.00633295269644627,47819.4506773394,0.572743767733994,0.000830662787545877,0.361395468225507,0
"DTXSID7021360",92.14,1444.61895186624,8.13638631429583,143.887399145811,0.723338394049896,0.000753991262857615,0.786608687352849,0
"DTXSID8020462",106.12,1.62625949426941,9745.28471808168,0.0400833208842158,2.15925067717745,0.000687266617063689,0.989926557514499,0
"DTXSID8020913",128.18,6.89418111915092,0.160460534831354,1259.0801308852,1.06530011311211,0.000730859205590308,0.599849865996715,0
