"dtxsid","molwt","vapor","solub","kow","decay.air","decay.sur","diffus.air","conc.out"
"DTXSID2021781",278.35,0.0100873773672678,0.0414984161158283,25277.2757379385,0.232347259068514,0.000345020514421069,0.477361319437879,0
"DTXSID3020205",312.37,0.000713216703502706,0.00935739099058362,26645.8908948641,0.650189262463588,0.00071150686100957,0.683136135378335,0
"DTXSID7021360",92.14,2916.24238938527,3.08916516998855,298.27330338345,0.320222171818998,0.000899400654586692,0.925524867033574,0
"DTXSID8020462",106.12,0.369098653321469,7298.11917831701,0.0753122430725329,5.6612107759843,0.000857793324468564,0.617947855676384,0
"DTXSID8020913",128.18,2.11738862249037,0.205439878384143,3844.93098823282,2.41773346046244,0.000549148870535058,0.71615207651621,0
