"dtxsid","molwt","vapor","solub","kow","decay.air","decay.sur","diffus.air","conc.out"
"DTXSID2021781",278.35,0.000324961312907462,0.0588614041099141,46191.9132108878,0.910959671227764,0.00152763544109682,0.471467330999532,0
"DTXSID3020205",312.37,0.00108906839938431,0.0119666455231207,19722.1730890189,0.658321094106919,0.00142538493296084,0.695497484182493,0
"DTXSID7021360",92.14,4336.25191749278,3.20686302642236,256.598668284945,0.310547318819446,0.0013420835911653,0.867328962583312,0
"DTXSID8020462",106.12,0.791885230633276,8800.78058193854,0.0551015180434854,2.10003945386363,0.000630299608480794,0.570805422147985,0
"DTXSID8020913",128.18,6.40834068964162,0.196035478907454,3385.530926792,1.33282783048426,0.000895935783210798,0.502583931979402,0
