"dtxsid","molwt","vapor","solub","kow","decay.air","decay.sur","diffus.air","conc.out"
"DTXSID2021781",278.35,0.0031024691517419,0.0250229027903807,54960.6746679109,0.272266046872597,0.000597334686543691,0.495469180638539,0
"DTXSID3020205",312.37,0.00102542386597683,0.0114538840230113,18368.3439834476,0.945803077791252,0.000788412909349801,0.915091186873339,0
"DTXSID7021360",92.14,3217.34979358573,3.97989270058876,683.117960917509,0.571624114245135,0.000955973271746138,0.559216339945795,0
"DTXSID8020462",106.12,1.60802041922109,8832.77953230087,0.0568997037879182,2.47037655874926,0.000944500099870283,0.892727519705368,0
"DTXSID8020913",128.18,9.15821783999897,0.10774145071883,2832.29900446152,1.97365729957188,0.00218911029539809,0.518172076955076,0
