"dtxsid","molwt","vapor","solub","kow","decay.air","decay.sur","diffus.air","conc.out"
"DTXSID2021781",278.35,0.000542383650706224,0.0287404067303701,46456.7764187331,0.382010959733233,0.000764226126191745,0.482625683180502,0
"DTXSID3020205",312.37,0.000756952473657673,0.00755086446945246,13240.5999055144,0.465507149539912,0.0014026838595363,0.689308281631195,0
"DTXSID7021360",92.14,3403.74760319656,8.59780385601522,399.560323014581,0.429573148475404,0.000848249963337855,0.979954917948971,0
"DTXSID8020462",106.12,0.440096421363475,8428.63379050236,0.0850407158081199,2.8388770213171,0.0011709156622157,0.660480644356389,0
"DTXSID8020913",128.18,3.67065582998835,0.128509274746198,3673.17749561246,1.10842906919434,0.00116052359466916,0.749327178644352,0
