"dtxsid","molwt","vapor","solub","kow","decay.air","decay.sur","diffus.air","conc.out"
"DTXSID2021781",278.35,0.00322493010954916,0.0516083400060997,31345.4605527956,0.702893315519531,0.000738085503752672,0.446969491893293,0
"DTXSID3020205",312.37,0.00042184738001272,0.0101886992764303,13836.1145352183,0.487073668193852,0.00203017206172585,0.511260680534629,0
"DTXSID7021360",92.14,4480.12761091355,5.68856996880549,636.704470918476,0.400153847573606,0.00122597807055249,0.759775944853772,0
"DTXSID8020462",106.12,0.819911213165791,8987.03060836177,0.207076877905215,1.65630875339813,0.00159580021733147,0.842728358829542,0
"DTXSID8020913",128.18,23.8130613431132,0.181432399792442,2805.94038849633,1.74910094256108,0.000952445787436984,0.631791148847205,0
