"dtxsid","molwt","vapor","solub","kow","decay.air","decay.sur","diffus.air","conc.out"
"DTXSID2021781",278.35,0.00105950612072626,0.0436377895529757,27714.2506835111,1.43720779714497,0.00104434067861298,0.452154747021196,0
"DTXSID3020205",312.37,0.00104918433281167,0.0146717192060985,41644.1785541357,0.425287911573489,0.000755923363497158,0.513701239762486,0
"DTXSID7021360",92.14,20041.6506037123,5.95830239152058,437.720688975406,0.356948376083522,0.00192973104723835,0.67866004803049,0
"DTXSID8020462",106.12,1.19038855354235,10401.3562259793,0.117420888564492,1.7863373209888,0.000830859555183309,0.764882298381668,0
"DTXSID8020913",128.18,21.7553516867932,0.164280412220098,2138.64468268223,1.81496928159509,0.000745376697340968,0.665418150591303,0
