"dtxsid","molwt","vapor","solub","kow","decay.air","decay.sur","diffus.air","conc.out"
"DTXSID2021781",278.35,0.0016239722289343,0.0415778270857122,46800.6223005587,0.507908161089142,0.00128362928874831,0.795694230312838,0
"DTXSID3020205",312.37,0.000213562659741511,0.00971463300248717,20367.6223343487,0.725884502023415,0.000733864074448391,0.375906239906043,0
"DTXSID7021360",92.14,4469.46762573241,4.40943263117405,283.056198373802,0.771718120900195,0.00125806295126074,0.537329554944219,0
"DTXSID8020462",106.12,0.975381111867526,4832.24736748865,0.12611408970737,1.78505592082147,0.000734802995127184,0.651995388790437,0
"DTXSID8020913",128.18,5.02552000818989,0.200376416690108,2421.19401406055,2.16898542488254,0.00245559758280543,0.697563296398047,0
