"dtxsid","molwt","vapor","solub","kow","decay.air","decay.sur","diffus.air","conc.out"
"DTXSID2021781",278.35,0.00427574999857111,0.0361824577528098,40605.2677823932,1.06817351814831,0.00129781949572724,0.738679089190891,0
"DTXSID3020205",312.37,0.00336308740237261,0.00678779399026238,32287.2803321305,0.668004400299215,0.00133171665648101,0.664063264347351,0
"DTXSID7021360",92.14,1535.22528660614,6.1299954237789,177.488172605104,0.285385103228932,0.00136815895234908,0.917095814741707,0
"DTXSID8020462",106.12,0.78280806124201,6456.14106545595,0.0648143128450763,1.2782983339242,0.00181286983342391,0.830637286952742,0
"DTXSID8020913",128.18,10.3832952976058,0.219355259891483,2191.80767302922,2.6886211665235,0.000747535737456046,0.8057803404654,0
