"dtxsid","molwt","vapor","solub","kow","decay.air","decay.sur","diffus.air","conc.out"
"DTXSID2021781",278.35,0.0101875527339607,0.0268890057172479,41909.7284233324,0.559659578773937,0.000726475677746866,0.455265038172714,0
"DTXSID3020205",312.37,0.000637695901763442,0.00492522014470188,32628.113994988,0.567684750748998,0.000809619447765825,0.300245234260315,0
"DTXSID7021360",92.14,2114.83814639026,6.02210546450027,139.646614739033,0.645172928133897,0.00089022043445022,1.38100683855395,0
"DTXSID8020462",106.12,1.88663803201636,13198.3850542795,0.0458698917093963,1.87042847221823,0.00092611124552397,0.934167530887435,0
"DTXSID8020913",128.18,10.1739587439511,0.177963580023965,1675.67096508662,0.783206647428726,0.000783439964139752,0.706024932123122,0
