"dtxsid","molwt","vapor","solub","kow","decay.air","decay.sur","diffus.air","conc.out"
"DTXSID2021781",278.35,0.00183828370991662,0.044793084353541,37791.3649535603,0.718241008920201,0.00179786711599745,0.335312681865427,0
"DTXSID3020205",312.37,0.000614839164641461,0.00608407920163208,18350.7990885617,0.523090883214292,0.00113526359320785,0.465705244132001,0
"DTXSID7021360",92.14,1561.2967371192,4.7162656433689,264.858515042654,0.443225297315136,0.000826893496814451,0.455250054600464,0
"DTXSID8020462",106.12,0.754444648495043,12091.3829057781,0.0464534719760551,1.49814393780356,0.000743683783491538,0.70441973539005,0
"DTXSID8020913",128.18,3.6019040192873,0.134641261739107,3386.49221627487,1.67745253373366,0.00139570480987069,0.961329390105574,0
