"dtxsid","molwt","vapor","solub","kow","decay.air","decay.sur","diffus.air","conc.out"
"DTXSID2021781",278.35,0.0017988768596307,0.0471305325113082,26551.8444050358,0.465547203492705,0.00165466528808193,0.463246760569853,0
"DTXSID3020205",312.37,0.00112163318035452,0.0125696361581694,10929.8240713507,0.417724676868219,0.000487101752295831,0.770740515240841,0
"DTXSID7021360",92.14,1774.11770808333,3.71202624750821,579.471578349755,0.360220523411571,0.000693310604853553,0.784162780428719,0
"DTXSID8020462",106.12,1.58480187795991,9434.67558222408,0.119814816546731,1.07758044354565,0.00114690084201409,0.500954164200706,0
"DTXSID8020913",128.18,4.75950058658229,0.0949326759300998,2501.83382383463,1.27701348149472,0.000798938961886863,1.56668610459951,0
