"dtxsid","molwt","vapor","solub","kow","decay.air","decay.sur","diffus.air","conc.out"
"DTXSID2021781",278.35,0.0066391671512862,0.0416332309851657,41554.9271443499,0.26613094505547,0.00250189481170388,0.306002338096229,0
"DTXSID3020205",312.37,0.000318201082278827,0.0145600076381313,12619.7819882464,0.596918194760225,0.000685569037874721,0.486330385983984,0
"DTXSID7021360",92.14,2439.78622295921,6.68057626465154,343.14197645608,0.441995937045995,0.000751251924984317,0.722021480796083,0
"DTXSID8020462",106.12,1.16051084870438,4511.69450737943,0.099483665070704,2.58746270074672,0.000636522047316371,1.25919503051153,0
"DTXSID8020913",128.18,12.0523996304027,0.121236100087457,1275.36766833402,1.88027288098106,0.000707781880731003,0.746569054704735,0
