"dtxsid","molwt","vapor","solub","kow","decay.air","decay.sur","diffus.air","conc.out"
"DTXSID2021781",278.35,0.00123765937867079,0.0299799261971079,30321.2277378306,0.441363697523303,0.000503473944282288,0.981673728467773,0
"DTXSID3020205",312.37,0.00133381181809421,0.0113784326654864,26381.2479145689,0.637773743263031,0.00171469719358685,0.654169392365665,0
"DTXSID7021360",92.14,1299.28501778097,5.05975779112453,187.401839032825,0.360120702951233,0.00135139331859061,0.595900627475277,0
"DTXSID8020462",106.12,1.96870509781221,7031.23301540588,0.0933747588304552,2.73674541190203,0.00204774434256845,1.14481209812976,0
"DTXSID8020913",128.18,3.6311349072172,0.110494992692441,4161.82768040197,2.10738247609129,0.00124472560916597,0.499829242411893,0
