"dtxsid","molwt","vapor","solub","kow","decay.air","decay.sur","diffus.air","conc.out"
"DTXSID2021781",278.35,0.00318561683896365,0.0325294312098713,22402.7889200641,0.362693086049959,0.00115653427895921,0.45204025192925,0
"DTXSID3020205",312.37,0.000347764831193259,0.00799005162071924,18273.4970306017,0.444522894801572,0.00137503543585212,0.34305257684057,0
"DTXSID7021360",92.14,2279.67210705571,5.58606868537485,458.308869155936,0.305564440333978,0.00180684941595566,0.725668002610549,0
"DTXSID8020462",106.12,0.292903170899826,8390.38783123817,0.0698144066640035,6.71057961700421,0.00114269033256291,0.556219610125964,0
"DTXSID8020913",128.18,4.29768690455154,0.0941982016839433,2483.46444820885,0.934161182190415,0.00177536053053645,0.711312308141394,0
