"dtxsid","molwt","vapor","solub","kow","decay.air","decay.sur","diffus.air","conc.out"
"DTXSID2021781",278.35,0.00186690746514667,0.0251294409757088,15918.1702809951,0.7184615023708,0.00136159637080039,0.405119087317104,0
"DTXSID3020205",312.37,0.000299412524851888,0.00767091298757193,10953.1288490813,1.20903961670038,0.000625678106038758,0.489964964421483,0
"DTXSID7021360",92.14,1134.45070565195,4.12174728070214,236.309094040715,0.24287373250051,0.000970671917047531,0.958230596620257,0
"DTXSID8020462",106.12,0.209408067210167,7979.42648752969,0.0449537181306577,1.60880626541389,0.00138417050984195,1.2698103643488,0
"DTXSID8020913",128.18,23.7098707928615,0.151227486585157,1366.95510605255,1.46326383653217,0.000632716083878524,0.597289729901685,0
