"dtxsid","molwt","vapor","solub","kow","decay.air","decay.sur","diffus.air","conc.out"
"DTXSID2021781",278.35,0.00197203697982983,0.0416828817961562,35922.3529549848,0.480154776723178,0.00123814524123902,0.775518045083713,0
"DTXSID3020205",312.37,0.000450598101941937,0.0110266038612918,22534.3345451672,0.813056965855915,0.000931018973776659,0.634585152483217,0
"DTXSID7021360",92.14,2499.22790836901,5.14739256749793,450.262953458841,0.637463507512105,0.000667290387402616,0.90999859114648,0
"DTXSID8020462",106.12,0.782793470654744,9732.86542968328,0.0774514789693667,1.01488121136534,0.00137277919398328,0.782366696963738,0
"DTXSID8020913",128.18,8.36651887050973,0.162106168824339,2193.08491876821,1.16147958155267,0.000950343908725913,0.607090996531706,0
