"dtxsid","molwt","vapor","solub","kow","decay.air","decay.sur","diffus.air","conc.out"
"DTXSID2021781",278.35,0.00171280946697749,0.0367642992629453,20206.1876966391,0.67764432079822,0.0010797943945462,0.483684422648265,0
"DTXSID3020205",312.37,0.000424007206685582,0.0123719490693584,27834.8433331608,1.72809234638277,0.00144476654411145,0.406548385244151,0
"DTXSID7021360",92.14,1185.17696750402,4.88014676691065,385.520625350526,0.224085693972644,0.000533768735776709,0.953412346114569,0
"DTXSID8020462",106.12,0.456336847834964,6437.57980140637,0.078114012118593,2.10867724015907,0.00122309971316104,0.803925980165701,0
"DTXSID8020913",128.18,1.4159315341984,0.207979496682799,1432.03039513891,1.697201220809,0.00119433749549952,0.871327258108946,0
