"dtxsid","molwt","vapor","solub","kow","decay.air","decay.sur","diffus.air","conc.out"
"DTXSID2021781",278.35,0.00534643976408121,0.0457130378791508,37554.4797272037,0.436762077852423,0.00114735094975453,0.36163764342446,0
"DTXSID3020205",312.37,0.000789537949112629,0.0110124725022871,23945.2581136614,0.257178104321342,0.00080462760547246,0.660933650048898,0
"DTXSID7021360",92.14,1706.31615702537,4.94754522206447,486.183584313199,0.220297451123641,0.00202591255405862,0.712621405971079,0
"DTXSID8020462",106.12,0.323730106524086,6724.21121533006,0.0899436374820492,1.18621173342125,0.00107962755234187,0.455478526248454,0
"DTXSID8020913",128.18,9.87375400473146,0.104461646185548,2587.56725668288,0.976970635921134,0.00102605271266766,0.863296369929249,0
