"dtxsid","molwt","vapor","solub","kow","decay.air","decay.sur","diffus.air","conc.out"
"DTXSID2021781",278.35,0.000552239990922016,0.0482488045692096,46046.4264133753,0.674838385807429,0.00105270887458719,0.489328002999777,0
"DTXSID3020205",312.37,0.000432617890130896,0.0128992825425126,9548.48545820643,0.855054456132812,0.00188072590270862,0.661116946396722,0
"DTXSID7021360",92.14,2320.19935557589,4.92102673276592,311.823768935189,0.465256766947869,0.000836917975012473,0.504374020863229,0
"DTXSID8020462",106.12,1.06288254193004,9098.29651286223,0.0514106564834706,1.68413329430041,0.000901652655855577,0.793657064087012,0
"DTXSID8020913",128.18,11.0932758407205,0.131497957179154,1982.40932250859,1.22134549948254,0.00130131139423597,0.809578452609482,0
