"dtxsid","molwt","vapor","solub","kow","decay.air","decay.sur","diffus.air","conc.out"
"DTXSID2021781",278.35,0.00203021345456397,0.0399308158337359,33770.2328231532,2.31568299068094,0.000933438548958934,0.87362089289552,0
"DTXSID3020205",312.37,0.000656183672231001,0.00651379092592804,22270.3599631625,0.638332472512237,0.00129815254210774,0.565951449556863,0
"DTXSID7021360",92.14,3584.99906938434,5.37090524252995,467.906543171471,0.279308349251198,0.000508406428643871,0.558941199323497,0
"DTXSID8020462",106.12,1.9856139164929,9502.604397163,0.119923678820103,1.42407343469421,0.00104390101919308,0.931672525610626,0
"DTXSID8020913",128.18,27.1258012494535,0.130027293242183,3638.85561361619,0.703912420077092,0.000795087784869947,0.774906887682217,0
