"dtxsid","molwt","vapor","solub","kow","decay.air","decay.sur","diffus.air","conc.out"
"DTXSID2021781",278.35,0.00862699244174428,0.0465560014596126,17317.5877520555,0.294445385376827,0.00187678356712469,0.93823529202335,0
"DTXSID3020205",312.37,0.000454976329725365,0.00877129742185206,26907.6027761371,0.953017971439159,0.000851001272040655,0.960713490534989,0
"DTXSID7021360",92.14,3425.38891438011,6.28769431630099,391.247955059534,0.418237621774024,0.00131611308067909,1.06655263896013,0
"DTXSID8020462",106.12,0.1585866305946,7332.57805392891,0.0399331899827375,1.57545333740672,0.000541222985811049,1.01007128368496,0
"DTXSID8020913",128.18,4.59906553409481,0.184550070602408,2993.7546445045,0.868148865527945,0.00107311053617158,0.865385232255828,0
