"dtxsid","molwt","vapor","solub","kow","decay.air","decay.sur","diffus.air","conc.out"
"DTXSID2021781",278.35,0.00114503455236669,0.0412572812431444,29579.7742384556,0.770349450874304,0.00188284354194977,0.630750439245191,0
"DTXSID3020205",312.37,0.000221738018107099,0.00794125270053896,53558.9159612056,0.988086690502932,0.000435735561002753,0.411687116033419,0
"DTXSID7021360",92.14,1186.20518239286,6.44477100521695,436.781871208655,0.631182422276727,0.000594424870737928,0.951410730766933,0
"DTXSID8020462",106.12,0.321042497796728,7736.96208564918,0.0546123992160255,0.958081874166316,0.000743758719063014,0.598990063168811,0
"DTXSID8020913",128.18,3.27966366283107,0.0972793088185035,2983.92440984789,0.904437598108791,0.000862864553767704,0.818818568345561,0
