"dtxsid","molwt","vapor","solub","kow","decay.air","decay.sur","diffus.air","conc.out"
"DTXSID2021781",278.35,0.00256553266297865,0.0309155983155723,37132.4670653596,0.513598848560105,0.00136424387795878,0.462642742391491,0
"DTXSID3020205",312.37,0.000325239690973825,0.0110015282000334,23847.1281229324,1.09824528664176,0.000890435340432607,0.448184875362346,0
"DTXSID7021360",92.14,8112.90334007652,6.0566967621991,487.696945072493,0.230536362312466,0.00299296394940043,0.694383256799947,0
"DTXSID8020462",106.12,1.22643769621244,8460.63331878405,0.0667735723040404,0.707026888760085,0.000774147009635417,0.660649530598159,0
"DTXSID8020913",128.18,7.20288767305411,0.162157110226428,1934.73356945091,1.06844848578971,0.00112805742715101,1.04614187548773,0
