"dtxsid","molwt","vapor","solub","kow","decay.air","decay.sur","diffus.air","conc.out"
"DTXSID2021781",278.35,0.00537339914440635,0.0422354682084404,29690.8743089391,0.644244355705782,0.000451797086265382,0.647211218782964,0
"DTXSID3020205",312.37,0.000219598111870598,0.0104690242107709,19808.7390908432,1.1196301268777,0.00109172415640128,0.38935525974486,0
"DTXSID7021360",92.14,1986.22465340383,7.67140326763356,420.723458871382,0.437400064683404,0.000652668745263677,0.807429506002418,0
"DTXSID8020462",106.12,0.901121027669332,7885.97659775617,0.14181033137637,2.50655508337603,0.000546400687872058,1.00311022083484,0
"DTXSID8020913",128.18,13.1965553427604,0.17342577480848,4686.55521011086,1.38341373468271,0.000577942978247255,0.76178105655365,0
