"dtxsid","molwt","vapor","solub","kow","decay.air","decay.sur","diffus.air","conc.out"
"DTXSID2021781",278.35,0.00205120480533703,0.0349360801565128,32584.8546059382,0.206926280350922,0.00121545857943055,0.885619873999478,0
"DTXSID3020205",312.37,0.000972664308129233,0.0174131028766646,30930.5177153681,0.481174760363443,0.00070449268042421,0.522713801511441,0
"DTXSID7021360",92.14,10724.572573774,3.13429299472428,283.130523751603,0.247666941239863,0.00124098341740856,1.02868036281703,0
"DTXSID8020462",106.12,0.733724608468172,10215.2056249626,0.0342603552020141,2.21790620004755,0.00128330824367171,0.702742364212143,0
"DTXSID8020913",128.18,10.2373082891577,0.197189348099142,1980.28388743575,1.55051082658814,0.000522289583709185,0.679223065410947,0
