"dtxsid","molwt","vapor","solub","kow","decay.air","decay.sur","diffus.air","conc.out"
"DTXSID2021781",278.35,0.000845198252456002,0.0350469861527718,52437.8596138077,0.788632002566604,0.000764625391433231,0.76198705202879,0
"DTXSID3020205",312.37,0.00105363648184967,0.00875794267031607,37020.4508927702,0.552474298487206,0.000740368113246804,0.796022615690722,0
"DTXSID7021360",92.14,1067.22076839569,5.95600312323263,881.743905728957,0.503896019924762,0.000715405980077623,0.84971646889915,0
"DTXSID8020462",106.12,1.52600877291344,10288.3647063085,0.0799676025250481,2.42122842265894,0.00118254334413439,0.821751056319382,0
"DTXSID8020913",128.18,3.21525126974487,0.120023016394795,2401.26490939583,0.977487039837389,0.00111673139927684,0.501320222925283,0
