"dtxsid","molwt","vapor","solub","kow","decay.air","decay.sur","diffus.air","conc.out"
"DTXSID2021781",278.35,0.00257471213911883,0.0303834037701394,19456.3476519794,0.603863477199276,0.00150918314265294,0.584238326570089,0
"DTXSID3020205",312.37,0.00174730450919583,0.00899380323009344,15411.9717231814,0.761774634679629,0.00275657150434999,0.430326592751863,0
"DTXSID7021360",92.14,4924.29900816371,6.5463748192086,366.648456948963,0.443816956550221,0.000648386805421017,0.628935135741327,0
"DTXSID8020462",106.12,0.576080763012492,5622.80269597445,0.1132266975008,4.7412101759871,0.00107607549411841,0.951242950646917,0
"DTXSID8020913",128.18,3.7924145052046,0.147266268820988,4252.88409533631,0.742506113272046,0.00129785090317056,0.81509119729075,0
