"dtxsid","molwt","vapor","solub","kow","decay.air","decay.sur","diffus.air","conc.out"
"DTXSID2021781",278.35,0.00292454528937008,0.0285947189373078,17766.6622677548,1.37243342690066,0.000991272198851579,0.54946782516888,0
"DTXSID3020205",312.37,0.000538050349041941,0.00730533878782397,16633.3520870511,0.375158132203742,0.000797260078496394,0.344793680033069,0
"DTXSID7021360",92.14,1937.08665089837,2.64510112282893,433.852258966793,0.25519158538328,0.000573198624563169,0.807379399550067,0
"DTXSID8020462",106.12,0.503383229612681,14999.9138142975,0.0928998545060644,1.16249928890774,0.00128917079859355,1.25991061441789,0
"DTXSID8020913",128.18,3.04784522388489,0.183564830263168,3673.34162453915,0.993568970984988,0.00105530626202105,0.661718613174735,0
