"dtxsid","molwt","vapor","solub","kow","decay.air","decay.sur","diffus.air","conc.out"
"DTXSID2021781",278.35,0.00119184070126579,0.0473759115891606,32725.8932969375,0.539163956528119,0.00154830906933729,0.399348808066921,0
"DTXSID3020205",312.37,0.000557798281459058,0.0087693071654698,17912.1829948335,1.16819631091209,0.000616680054115726,0.465284087073303,0
"DTXSID7021360",92.14,3037.42769939266,4.57119923745906,305.248089969204,0.290478798289256,0.000877544523293478,0.699648631156788,0
"DTXSID8020462",106.12,1.89050926159031,6354.65876694994,0.0901941890962913,1.22038996130779,0.000670700697896329,0.77111180587248,0
"DTXSID8020913",128.18,24.3473177433361,0.12080940428542,2228.42950377215,1.36951414463935,0.00079238435494482,0.589891782085185,0
