"dtxsid","molwt","vapor","solub","kow","decay.air","decay.sur","diffus.air","conc.out"
"DTXSID2021781",278.35,0.000632754079901346,0.0344865244516977,12338.2002535485,0.701434146742504,0.000842272251651405,0.574234330723905,0
"DTXSID3020205",312.37,0.000423765032292074,0.00976625060574695,25122.5953408622,0.47527204937693,0.00142572842354474,0.334857231233231,0
"DTXSID7021360",92.14,4983.32369217617,5.29333787365663,369.692803481682,0.384010525236004,0.000791696102235968,0.948842945520544,0
"DTXSID8020462",106.12,0.285353527611536,4647.00793748463,0.044888860575697,2.83326642699692,0.00131283243601014,0.585895321626355,0
"DTXSID8020913",128.18,7.90716147926886,0.109015643279609,3124.73561931266,0.935939601170073,0.000520190802348462,0.768727823286841,0
