"dtxsid","molwt","vapor","solub","kow","decay.air","decay.sur","diffus.air","conc.out"
"DTXSID2021781",278.35,0.00255711867573975,0.0378631084345691,33931.0142679627,0.450033510361056,0.000796474630147988,0.864785836589406,0
"DTXSID3020205",312.37,0.000702597781908801,0.00636711850111109,25552.5375308329,0.962488411384865,0.00106008180160563,0.654331330781456,0
"DTXSID7021360",92.14,2134.85149413046,6.87297170601653,645.034990245651,0.25118678216158,0.00146561400961159,0.658745016856786,0
"DTXSID8020462",106.12,0.833425067351856,8636.80375627039,0.0700439511798388,3.06823137304128,0.000946716631031952,0.465824104749386,0
"DTXSID8020913",128.18,4.85010689392239,0.138844725372213,2359.78686442313,1.05975501829637,0.00106940322182444,0.600593495095108,0
