"dtxsid","molwt","vapor","solub","kow","decay.air","decay.sur","diffus.air","conc.out"
"DTXSID2021781",278.35,0.00182187735687199,0.0597551657170869,32189.5139364612,0.495372711708318,0.00195282064196937,0.413424345504002,0
"DTXSID3020205",312.37,0.000327686926475806,0.0083120880177241,15133.4140344377,0.603372296975702,0.00080017535664992,0.36350891062712,0
"DTXSID7021360",92.14,5795.31618218273,4.9785630197476,313.801890188815,0.331967733982246,0.000791671290241085,1.04570612701569,0
"DTXSID8020462",106.12,1.4691387853401,6805.93636387427,0.170104435357177,2.30711631472896,0.00107029038134968,0.974499499018336,0
"DTXSID8020913",128.18,12.0032119009888,0.152384392472085,2846.59724713687,1.59120435565887,0.00106045636497483,0.696751691388593,0
