"dtxsid","molwt","vapor","solub","kow","decay.air","decay.sur","diffus.air","conc.out"
"DTXSID2021781",278.35,0.00502029901314103,0.0398519163254819,24872.0099958524,0.690383027640254,0.000565341272444965,0.483184876042916,0
"DTXSID3020205",312.37,0.00061310685038206,0.0102336479973552,25691.8491298348,0.707420318452003,0.00202605980154757,0.535986537850589,0
"DTXSID7021360",92.14,1442.92790922694,3.52504475490581,278.315745089084,0.145918563462218,0.00149317020107259,0.92479781104694,0
"DTXSID8020462",106.12,2.13813403887369,7977.82308762168,0.0515512779214352,1.01376321256334,0.000753679770398013,1.04323218633837,0
"DTXSID8020913",128.18,8.25606443466043,0.0769107655789558,2531.19388840434,1.51040013491336,0.00138943714457725,0.780204313303515,0
