"dtxsid","molwt","vapor","solub","kow","decay.air","decay.sur","diffus.air","conc.out"
"DTXSID2021781",278.35,0.000852513625317259,0.0242412019598463,19230.9556487636,0.461201363941531,0.00141609137258858,0.572380622618762,0
"DTXSID3020205",312.37,0.00116129499369026,0.0127288758153359,13988.1529099124,0.568074840704053,0.000753895283159327,0.272810323544444,0
"DTXSID7021360",92.14,5159.90471977229,2.61571351226204,314.67838563301,0.377389783262194,0.00121077569991061,0.892877126901021,0
"DTXSID8020462",106.12,0.906731481971263,9021.18955294894,0.0935922931524692,4.90764994866546,0.000940991837047301,1.61034427808108,0
"DTXSID8020913",128.18,8.07118640665871,0.177363193896516,2926.3292034766,0.966843615406831,0.000505326907078902,0.865446981273284,0
