"dtxsid","molwt","vapor","solub","kow","decay.air","decay.sur","diffus.air","conc.out"
"DTXSID2021781",278.35,0.00273451594320662,0.0399858716840298,31877.820256547,0.611856683423008,0.000660530612201135,0.5244177827057,0
"DTXSID3020205",312.37,0.000730076526539649,0.00987778917761085,19278.2491158149,0.299972444813048,0.00109160459369949,0.468060576636036,0
"DTXSID7021360",92.14,2953.51839167862,4.70291537697992,370.864297104566,0.588626056454062,0.000427210671255326,1.23450139853863,0
"DTXSID8020462",106.12,1.13029647860772,6053.17833109188,0.0690414156299323,2.38792676747081,0.000961132161288049,1.01258948968599,0
"DTXSID8020913",128.18,8.72935250953897,0.099899381536628,1871.14924510965,1.43859116292705,0.000740978773737307,0.860263134961846,0
