"dtxsid","molwt","vapor","solub","kow","decay.air","decay.sur","diffus.air","conc.out"
"DTXSID2021781",278.35,0.0108367880972475,0.0317129294412645,30374.9763929041,0.825266219145069,0.00126558956931329,0.39932766913038,0
"DTXSID3020205",312.37,0.00208588221087779,0.00910861752493043,29711.9318883278,0.940287932695377,0.0012626776041122,0.348311336296871,0
"DTXSID7021360",92.14,7038.83060800856,4.09263589094456,292.066317086979,0.386411067311061,0.00125976486312781,1.25403865743566,0
"DTXSID8020462",106.12,1.86941239633348,9244.35542601094,0.0634776154633756,3.96656189180041,0.00092597582806371,1.07375095741853,0
"DTXSID8020913",128.18,14.2994066453556,0.148361091425126,2712.76324561521,1.75267967420297,0.00072005956483458,0.746133175322464,0
