"dtxsid","molwt","vapor","solub","kow","decay.air","decay.sur","diffus.air","conc.out"
"DTXSID2021781",278.35,0.00362713336304533,0.0446238776765875,25675.8376516401,0.567482522788173,0.000572125444879639,0.507864919689062,0
"DTXSID3020205",312.37,0.000757533881890381,0.00731729948596371,21952.7381304945,0.469427617750036,0.000893902160668594,0.372600237747201,0
"DTXSID7021360",92.14,4991.31494319951,5.05291999600231,631.409448233082,0.590863520602235,0.00123378683413912,1.14547634306863,0
"DTXSID8020462",106.12,1.55541439048843,4955.7402348634,0.0572699895111012,2.21500866011255,0.000558574506550878,0.834832576214157,0
"DTXSID8020913",128.18,33.8279809822758,0.141345617515199,2271.84195575845,1.16998117504724,0.000885800892779558,0.658725805254306,0
