"dtxsid","molwt","vapor","solub","kow","decay.air","decay.sur","diffus.air","conc.out"
"DTXSID2021781",278.35,0.00458507362073112,0.0454822083401428,26155.2644289907,0.312209502171575,0.000912213181444449,0.378427293457283,0
"DTXSID3020205",312.37,0.00059386152825784,0.0117704777077975,50833.913722625,0.773254174577155,0.00064342598860725,0.61200543323606,0
"DTXSID7021360",92.14,4922.71967616365,3.23884344374941,489.403328001993,0.655519587066565,0.00156825686458728,1.12557763902478,0
"DTXSID8020462",106.12,0.876042172156296,6964.32611704653,0.0903367305437332,1.9599505771713,0.00157905962672038,0.802844801177251,0
"DTXSID8020913",128.18,14.9806567624894,0.14854424464526,1841.5544272536,2.08468650566782,0.000909102721019101,0.705992641004694,0
