"dtxsid","molwt","vapor","solub","kow","decay.air","decay.sur","diffus.air","conc.out"
"DTXSID2021781",278.35,0.00331574307916279,0.059341349423402,51654.0657538096,0.352008909759281,0.000878385596499818,0.519281819918237,0
"DTXSID3020205",312.37,0.000318686398663371,0.00946729658386453,11164.2726696217,1.34439937563062,0.00147941998667825,0.530384412148695,0
"DTXSID7021360",92.14,2163.47382061797,3.99575077291969,316.942658838391,0.405948386088971,0.000800264724047777,0.616297031139414,0
"DTXSID8020462",106.12,4.83291430480308,5525.52233224098,0.0974082227158079,1.73839762360222,0.00244699054203568,0.644267707088482,0
"DTXSID8020913",128.18,3.4840045945768,0.187073812024089,3626.92732537296,5.29288124914957,0.000717952789611954,0.755768986688069,0
