"dtxsid","molwt","vapor","solub","kow","decay.air","decay.sur","diffus.air","conc.out"
"DTXSID2021781",278.35,0.00111441627680619,0.0418674360789778,38532.2773564828,0.489792714513234,0.000678267683957095,0.43243878883109,0
"DTXSID3020205",312.37,0.000253514081098626,0.0118444628337328,23874.9271202969,0.728668520500404,0.000728101561465967,0.539814429512702,0
"DTXSID7021360",92.14,1199.51607400495,3.55217329113953,471.556108385888,0.161487061601103,0.000774893591892287,1.14655764185999,0
"DTXSID8020462",106.12,0.367344116813356,14179.1479752137,0.11905953563308,2.54977230715658,0.00104754066257488,0.662622863866664,0
"DTXSID8020913",128.18,3.39521846803794,0.126375194278795,3289.02679639059,1.06110679722726,0.00162644790963408,0.955025106243326,0
