"dtxsid","molwt","vapor","solub","kow","decay.air","decay.sur","diffus.air","conc.out"
"DTXSID2021781",278.35,0.00310147412539748,0.0342404821051179,24357.8744331282,0.483295472930554,0.00120486451568406,0.715907357775766,0
"DTXSID3020205",312.37,0.000107203153406649,0.00807439481232307,50122.5274562925,0.840253710252705,0.000814222351969038,0.455216604500128,0
"DTXSID7021360",92.14,1976.24871169354,6.84619654570176,522.762485371894,0.185892946093167,0.00184836275282278,0.85501708099359,0
"DTXSID8020462",106.12,1.42179866833579,9950.11808424324,0.0589508215303031,1.35846551186929,0.000840546312067177,1.29609523503926,0
"DTXSID8020913",128.18,2.8726990298379,0.13614778129313,4501.83096529629,1.50435455581506,0.0025800464089349,0.58513812840969,0
