"dtxsid","molwt","vapor","solub","kow","decay.air","decay.sur","diffus.air","conc.out"
"DTXSID2021781",278.35,0.00538974436377922,0.0194214286431868,62288.045730815,0.285813847934478,0.00141661062400834,0.554449503283539,0
"DTXSID3020205",312.37,0.00054296639731492,0.00901288329627317,22975.6021755981,0.78595234770333,0.00139523632002341,0.518342934890006,0
"DTXSID7021360",92.14,958.128884548238,3.77440340930684,329.589583783404,0.4168488583388,0.00137480446547722,0.791838053015588,0
"DTXSID8020462",106.12,1.17395514470103,6608.47190774588,0.0662283048500353,3.37218332040221,0.000633008834743832,0.725218084426129,0
"DTXSID8020913",128.18,5.49213276339379,0.0772422649380388,5269.14255221982,2.3316236026881,0.00104875630258034,0.83046751504025,0
