"dtxsid","molwt","vapor","solub","kow","decay.air","decay.sur","diffus.air","conc.out"
"DTXSID2021781",278.35,0.00257702675775965,0.0232733390528794,31618.2942647835,1.21655154466763,0.000956083556932897,0.743855365240604,0
"DTXSID3020205",312.37,0.000808390354009586,0.00910551896999013,19103.1414711349,0.637900531142876,0.00113550598815556,0.615934100931983,0
"DTXSID7021360",92.14,1530.9838369401,6.33789888769519,367.062162784439,0.444938930165819,0.00138704854592552,1.06853076547313,0
"DTXSID8020462",106.12,0.729798657901105,7936.76821568637,0.0692861725901992,3.3289877865375,0.00233483194748803,0.89379606303692,0
"DTXSID8020913",128.18,27.8049829595102,0.20173266386357,1876.41674546851,0.928143613082851,0.00214302692202359,0.760686910699843,0
