"dtxsid","molwt","vapor","solub","kow","decay.air","decay.sur","diffus.air","conc.out"
"DTXSID2021781",278.35,0.00107219157253738,0.0327414955882426,33725.0482499847,0.436813707157662,0.000863702713907198,0.651349143171596,0
"DTXSID3020205",312.37,0.000333192366022955,0.00694081622789759,25625.9137944611,0.904709618502951,0.00108107963734376,0.553154844662126,0
"DTXSID7021360",92.14,1874.53942919506,5.23379105307053,658.294611053442,0.218558588789122,0.00139380512071452,0.767496764373868,0
"DTXSID8020462",106.12,0.645923578300249,8685.39130883635,0.114359190466824,1.41096890938171,0.00137438325655054,0.633288057501321,0
"DTXSID8020913",128.18,6.83358727284717,0.110599626583396,4748.52933804855,1.51341376205205,0.00155829449518148,0.918212047247691,0
