"dtxsid","molwt","vapor","solub","kow","decay.air","decay.sur","diffus.air","conc.out"
"DTXSID2021781",278.35,0.00149670614009192,0.0288962061429378,30390.8363517821,0.417490065411242,0.00160054461451244,0.711268039434238,0
"DTXSID3020205",312.37,0.00203985955520267,0.0109347707650102,21212.7963162009,0.303164847870433,0.000499642147143387,0.595641025519423,0
"DTXSID7021360",92.14,7606.48005192698,5.63759687010719,472.467141746561,0.294764507567884,0.000721135180612929,0.959326026429042,0
"DTXSID8020462",106.12,1.20836293197259,11470.7201097827,0.0605690803840859,0.764193166733939,0.00168788086201071,0.814047795432024,0
"DTXSID8020913",128.18,10.4961365507597,0.232389746381571,1938.58665558094,1.05670662116569,0.000970535345437611,1.04543122290493,0
