"dtxsid","molwt","vapor","solub","kow","decay.air","decay.sur","diffus.air","conc.out"
"DTXSID2021781",278.35,0.00614412731521281,0.0506062321823944,55166.5508420577,0.685618070988457,0.00253786736252807,0.506742474476023,0
"DTXSID3020205",312.37,0.00121715752648328,0.0091450769827126,28909.5097081062,0.497837259782886,0.00120493899741378,0.399995891352416,0
"DTXSID7021360",92.14,1390.37254434584,6.28786294401795,513.522209281615,0.323929371365555,0.000869551133040928,0.671988363670317,0
"DTXSID8020462",106.12,0.390747664684651,10681.8684452124,0.077010815437332,1.62993809732427,0.00171385878082662,1.21633552368212,0
"DTXSID8020913",128.18,6.81396370737455,0.121546615982709,1989.18753979662,1.36817578340915,0.000696917369015271,0.764100649263242,0
