"dtxsid","molwt","vapor","solub","kow","decay.air","decay.sur","diffus.air","conc.out"
"DTXSID2021781",278.35,0.00163629583241661,0.0390301189011181,18925.9587780542,0.422177920443474,0.000907019737672848,0.708814243142061,0
"DTXSID3020205",312.37,0.000823468766760633,0.0126692873571393,20000.3368230019,0.93887398139478,0.00107578386095477,0.590044870176999,0
"DTXSID7021360",92.14,2829.08726327007,3.71333239213216,651.31375793503,0.217646123332026,0.00129496458661106,1.07361471808986,0
"DTXSID8020462",106.12,4.08282780107283,9277.82023887018,0.0659932518020255,1.87546352288097,0.00203987586096762,0.886509545774263,0
"DTXSID8020913",128.18,12.8348254454854,0.0883666877397668,2860.28587587268,1.9555630617949,0.00169645164028926,0.762619612418651,0
