"dtxsid","molwt","vapor","solub","kow","decay.air","decay.sur","diffus.air","conc.out"
"DTXSID2021781",278.35,0.00302642304221697,0.0418319782619587,69290.2622882862,0.453709051173709,0.000750262415005213,0.587950991338094,0
"DTXSID3020205",312.37,0.000404698539582893,0.00668172044475959,27129.4093257815,0.564444534354961,0.00175929546812455,0.586953897622219,0
"DTXSID7021360",92.14,717.028968418711,3.91133053483453,436.451815495671,0.263040951040881,0.00110489597830192,0.938433778927436,0
"DTXSID8020462",106.12,1.56407860564978,10122.705887244,0.0488729245995902,2.86140898642864,0.000496941805558446,0.919860655962762,0
"DTXSID8020913",128.18,8.47915793252317,0.237861194479762,3893.70968964011,1.77732267001484,0.00108694844570798,0.750350999447159,0
