"dtxsid","molwt","vapor","solub","kow","decay.air","decay.sur","diffus.air","conc.out"
"DTXSID2021781",278.35,0.00420263533762486,0.0324766270445988,24688.4701159657,0.317893912050258,0.00105358783743116,0.705519865611262,0
"DTXSID3020205",312.37,0.000178705678816835,0.0106438555793906,18741.1241967177,0.776721966217655,0.00252662763286031,0.417884172670511,0
"DTXSID7021360",92.14,6790.59145258267,3.79986187187127,446.883672702984,0.576639443829511,0.000927622430629309,0.499143858548187,0
"DTXSID8020462",106.12,0.51278288193451,10573.49937881,0.141799784355744,1.5455798518887,0.000519841731849789,0.737066694124697,0
"DTXSID8020913",128.18,3.30722269031769,0.132187440880628,1284.21151263715,1.464194241546,0.000741682404841277,1.09469713109485,0
