"dtxsid","molwt","vapor","solub","kow","decay.air","decay.sur","diffus.air","conc.out"
"DTXSID2021781",278.35,0.00174836343030773,0.0426836580365574,73030.3174934073,0.883915022443578,0.000754745284684921,0.602940032009653,0
"DTXSID3020205",312.37,0.000335103556411828,0.00902624495640826,20718.5903278683,0.88125947758579,0.000777125821588045,0.400287844696562,0
"DTXSID7021360",92.14,2055.83691206793,3.41672617418585,219.314101576053,0.366179150588842,0.000799137963021444,1.01069113053139,0
"DTXSID8020462",106.12,0.55191924929426,12689.537855259,0.0866509034757738,1.31284290698748,0.000791664348839489,0.666954210569031,0
"DTXSID8020913",128.18,6.34403883385992,0.156080412039088,1408.60260166129,2.45971022416645,0.000702898041771628,0.855343909121264,0
