"dtxsid","molwt","vapor","solub","kow","decay.air","decay.sur","diffus.air","conc.out"
"DTXSID2021781",278.35,0.0065292640178588,0.0387830789373428,49302.0500633025,0.450129247225605,0.000751238127302177,0.483206220113843,0
"DTXSID3020205",312.37,0.000994959296211596,0.00922977162321101,27824.7208906178,0.654846084901991,0.000899332315463607,0.348546053229001,0
"DTXSID7021360",92.14,5161.15113276547,4.79898633026076,512.708936234273,0.474167777472865,0.00105583570772495,1.1701668709809,0
"DTXSID8020462",106.12,1.1401555151532,7226.52509637639,0.117728290649367,1.32984013314663,0.00173004443895142,0.86246735492638,0
"DTXSID8020913",128.18,11.3964973653995,0.134812068658491,3041.7237415243,1.33581459421589,0.000685683831876929,0.759238767008356,0
