"dtxsid","molwt","vapor","solub","kow","decay.air","decay.sur","diffus.air","conc.out"
"DTXSID2021781",278.35,0.00281958110939308,0.0356206521788374,34751.9182004511,0.434693113758783,0.000430568702149272,0.733037397631451,0
"DTXSID3020205",312.37,0.00145333829440718,0.0081282433689316,17338.8249785977,0.563435976307412,0.00102322996092544,0.416079550901889,0
"DTXSID7021360",92.14,3067.12624389367,5.73271164728081,250.389026863672,0.614059131751188,0.000455751969593762,0.952909646112815,0
"DTXSID8020462",106.12,0.0977991688632602,5717.18889692542,0.0844249239398762,1.26343200528832,0.00071571966006816,1.71158489415328,0
"DTXSID8020913",128.18,9.15338788790746,0.151424150550013,1891.34742850121,1.81642776109871,0.000752713991335864,1.64060020166298,0
