"dtxsid","molwt","vapor","solub","kow","decay.air","decay.sur","diffus.air","conc.out"
"DTXSID2021781",278.35,0.00278198707127566,0.0515620954183828,21681.3041739207,0.397788406484757,0.000880638232990934,0.579728708922412,0
"DTXSID3020205",312.37,0.000160235484334004,0.0115336922982171,30678.0152804313,0.583800937752468,0.00103059110897632,0.574464515703949,0
"DTXSID7021360",92.14,6445.69022795626,4.38316649478802,421.364460124192,1.08175681289483,0.00121194745639105,1.25202493176029,0
"DTXSID8020462",106.12,0.749594905010223,9742.93477861961,0.158099081999947,1.83745667833215,0.00110499116607264,1.36725546802894,0
"DTXSID8020913",128.18,5.3979663726312,0.132966922136935,2652.64642090115,0.891025635701263,0.000796163568339193,0.908420424917893,0
