"dtxsid","molwt","vapor","solub","kow","decay.air","decay.sur","diffus.air","conc.out"
"DTXSID2021781",278.35,0.00335004036046872,0.0343493932757067,33254.6133287853,1.27989333061336,0.0011644548200656,0.496605631585226,0
"DTXSID3020205",312.37,0.000296663301989043,0.00791091000552943,20193.2017176993,0.800885480627462,0.000613378255084325,0.411879245238251,0
"DTXSID7021360",92.14,2653.06771104071,4.97818981367457,390.429843383757,0.234643492307894,0.00108718402984062,0.941882392872138,0
"DTXSID8020462",106.12,0.284491862963831,8637.02540669945,0.135250745664144,1.20002077324634,0.00105933659422784,0.782501170297847,0
"DTXSID8020913",128.18,5.72349244080227,0.226241154717208,3530.28202313055,1.57973097031332,0.00163372743007075,0.914206256919906,0
