"dtxsid","molwt","vapor","solub","kow","decay.air","decay.sur","diffus.air","conc.out"
"DTXSID2021781",278.35,0.00170165565289247,0.0343924213549283,18416.5094347914,0.541866783187298,0.000860897078273977,0.739977746370274,0
"DTXSID3020205",312.37,0.00101867951349231,0.0107234322534024,23857.8094092966,0.487223256699206,0.00180810109176603,0.78993425086217,0
"DTXSID7021360",92.14,3530.28939200357,4.2933508092022,302.152230524191,0.247784774399922,0.000999985606746426,0.696371565855287,0
"DTXSID8020462",106.12,0.434108835948852,7977.44765423384,0.0572103207562527,1.97322266996066,0.000985332973932894,0.687614057590171,0
"DTXSID8020913",128.18,1.92785106021299,0.111824557046788,3114.13156473698,1.37063805080434,0.000763371952289561,0.885771727121486,0
