"dtxsid","molwt","vapor","solub","kow","decay.air","decay.sur","diffus.air","conc.out"
"DTXSID2021781",278.35,0.00250463095448218,0.0246947651476623,42008.7079365769,0.482269875264208,0.000899339401323114,0.621387141812712,0
"DTXSID3020205",312.37,0.000177339101406616,0.011702773197337,25156.231922543,0.565544321642866,0.00172085554985074,0.534122543787623,0
"DTXSID7021360",92.14,3187.73403633994,3.09715923658663,482.303433017786,0.881683942412399,0.000923831428375887,0.689348753534766,0
"DTXSID8020462",106.12,0.458977478926695,5592.33789031711,0.0508438665057569,1.40662224013909,0.000969341895993376,0.530492381033012,0
"DTXSID8020913",128.18,11.3263932704806,0.127711787548594,1289.2098195347,2.42233093818521,0.00123281545113793,0.70579026456687,0
