"dtxsid","molwt","vapor","solub","kow","decay.air","decay.sur","diffus.air","conc.out"
"DTXSID2021781",278.35,0.00262755553440904,0.0589953516702945,22353.9509389195,0.365384207873082,0.00165947893642847,0.440982461991614,0
"DTXSID3020205",312.37,0.00013185133560452,0.011542051903457,13875.7754119617,0.906226929403632,0.00101607363101121,0.360252856396344,0
"DTXSID7021360",92.14,2264.55737624336,6.08119289607529,273.616316657651,0.618098065601554,0.000641952205106621,0.938527505242237,0
"DTXSID8020462",106.12,3.39925236489344,5941.24314611212,0.0719597198575976,1.54665818335057,0.000396878120541636,0.803803689938191,0
"DTXSID8020913",128.18,5.33099703046253,0.112772187692687,2033.79047473814,1.32109219177297,0.000692778140011937,0.801253131508888,0
