"dtxsid","molwt","vapor","solub","kow","decay.air","decay.sur","diffus.air","conc.out"
"DTXSID2021781",278.35,0.00255529209975572,0.03341782098064,23084.822886002,0.49706401195893,0.000822241202126424,0.404114422541194,0
"DTXSID3020205",312.37,0.000869019779389149,0.0105046453062871,18637.897208134,1.32625497813733,0.00118760639796207,0.542511186118544,0
"DTXSID7021360",92.14,1591.88544930628,3.50289146187571,466.460925139222,0.425508921405118,0.00040944408869648,0.647606307017353,0
"DTXSID8020462",106.12,0.804749230279877,7568.48748523922,0.24599338094752,1.81418071594446,0.00104768777652867,0.845735099970094,0
"DTXSID8020913",128.18,1.30908272491582,0.194752926215295,1653.56708557544,0.811930832811796,0.00186517205420337,0.595150418744657,0
