"dtxsid","molwt","vapor","solub","kow","decay.air","decay.sur","diffus.air","conc.out"
"DTXSID2021781",278.35,0.00348287690540526,0.058644432922183,36923.0865849847,0.781987218021619,0.00221316559803844,0.438207959767813,0
"DTXSID3020205",312.37,0.000337720629910541,0.00990096436964705,30253.9458998813,0.489531773244017,0.00141967858551303,0.598155005458402,0
"DTXSID7021360",92.14,1561.64712975822,5.16107531173654,191.167706700858,0.519821487971971,0.00115340843302216,0.858063063462004,0
"DTXSID8020462",106.12,1.54486190831895,5914.73822692419,0.0991405128787623,2.87159566694087,0.00188257629827,0.454209062471489,0
"DTXSID8020913",128.18,13.7618175653315,0.114157905124834,3785.65231418202,1.29582702394598,0.00184645781822699,1.30309788999106,0
