"dtxsid","molwt","vapor","solub","kow","decay.air","decay.sur","diffus.air","conc.out"
"DTXSID2021781",278.35,0.0034797061130446,0.0303460157757871,17256.8599580135,0.333344246500149,0.000460333306014152,0.39554384323277,0
"DTXSID3020205",312.37,0.00128593408011781,0.00646433896193714,16301.0222983139,0.960461915113669,0.00132771010111276,0.456868149152486,0
"DTXSID7021360",92.14,2088.2599846583,9.06331073357199,422.964325908482,0.355186785723199,0.00098750927803065,0.9304296386125,0
"DTXSID8020462",106.12,0.973315828636468,10880.5196452626,0.118425442828152,1.26982292783,0.000804565998147946,1.03364031928236,0
"DTXSID8020913",128.18,2.72702406540746,0.175125284471026,1213.42899497458,1.96375490950594,0.00245470665402218,0.539211012241681,0
