"dtxsid","molwt","vapor","solub","kow","decay.air","decay.sur","diffus.air","conc.out"
"DTXSID2021781",278.35,0.00362975359242501,0.0485758784012113,35470.0294217362,0.389617246990328,0.000728733122284347,0.346809220455242,0
"DTXSID3020205",312.37,0.000316824918549752,0.00913687747104638,27355.5847854788,0.758414003549339,0.000690017150292861,0.419851700153769,0
"DTXSID7021360",92.14,1991.47432394286,5.08234313669959,750.461426989959,0.21087811311408,0.000648340866786072,1.14225153753523,0
"DTXSID8020462",106.12,1.86934769798067,6089.97964970395,0.097635673554133,1.31688169232923,0.00122857401511056,0.504230367298628,0
"DTXSID8020913",128.18,1.1917957672365,0.126090053468423,3488.88548385061,1.69146779260986,0.00132622250345406,0.914238169393362,0
