"dtxsid","molwt","vapor","solub","kow","decay.air","decay.sur","diffus.air","conc.out"
"DTXSID2021781",278.35,0.00330528436943933,0.0373306448480361,17917.4630249248,0.289181225946418,0.000754422300389506,0.979643781662363,0
"DTXSID3020205",312.37,0.00100478537145652,0.00603522324407051,21112.4435660871,0.666319319097036,0.000621788116306631,0.552648327744809,0
"DTXSID7021360",92.14,30747.5953954547,5.88442536622188,1218.7791788792,0.240060356305042,0.00315806645612216,0.66534944641204,0
"DTXSID8020462",106.12,0.494124990186055,5102.6656117379,0.102146760890512,1.07863118597262,0.000641843826717916,0.984773830573731,0
"DTXSID8020913",128.18,7.21351064682293,0.179714854145782,1601.20752371703,1.8729485391548,0.00082080282252992,0.821831058414119,0
