"dtxsid","molwt","vapor","solub","kow","decay.air","decay.sur","diffus.air","conc.out"
"DTXSID2021781",278.35,0.00154826507070303,0.0603224535652572,21862.7334616803,0.509084759949033,0.00182755571966656,0.401858671904224,0
"DTXSID3020205",312.37,0.000566639283375014,0.0121865829005252,19041.581065849,0.608228882641141,0.000711249613729328,0.764828036486102,0
"DTXSID7021360",92.14,3724.71526369368,5.58960093258341,508.722673265933,0.415912611278233,0.00096914450535726,0.886610937579692,0
"DTXSID8020462",106.12,2.54598797644096,7584.46240004106,0.0327144168959597,3.01594726728283,0.00140578285255028,0.729618421755573,0
"DTXSID8020913",128.18,3.24900419189053,0.126807612785612,1824.12505788913,0.810140199054032,0.000804919447149474,0.606233771711236,0
