"dtxsid","molwt","vapor","solub","kow","decay.air","decay.sur","diffus.air","conc.out"
"DTXSID2021781",278.35,0.00622131437078155,0.0389523272145222,70429.1333042899,1.03733009272577,0.00131475186532096,0.731520918362332,0
"DTXSID3020205",312.37,0.000386082842419753,0.0106666733461263,21951.3255911816,0.817634021681591,0.00100577396964609,0.367744220627004,0
"DTXSID7021360",92.14,3645.16458569892,6.0281660377054,283.990899847475,0.385165371342487,0.0007715491942648,0.700641369269952,0
"DTXSID8020462",106.12,0.257758642288978,9919.10014192293,0.122204313661792,1.81529819679842,0.000574172201024558,0.772545216673564,0
"DTXSID8020913",128.18,6.31413176772905,0.216042147178788,2211.57338123689,1.13272373275375,0.00277376971817718,0.871563220794412,0
