"dtxsid","molwt","vapor","solub","kow","decay.air","decay.sur","diffus.air","conc.out"
"DTXSID2021781",278.35,0.00618141255238454,0.0393900620034435,28877.9558759421,0.53041058188788,0.000629083313158616,0.655988332925337,0
"DTXSID3020205",312.37,0.00123807380837033,0.00850625229314372,21148.8827514438,0.563433680012315,0.00123906178745459,0.60899760706185,0
"DTXSID7021360",92.14,1602.30854258789,4.55855006652428,495.537360480049,0.296250443240191,0.000786161652885561,0.411392109662174,0
"DTXSID8020462",106.12,0.448200061002314,6087.03786737795,0.0567385586137762,2.20561183970466,0.000750631705486545,1.28336067298357,0
"DTXSID8020913",128.18,8.08667932287864,0.120768480246793,1938.01934110359,1.55191156124045,0.00167134123851868,0.647659160912157,0
