"dtxsid","molwt","vapor","solub","kow","decay.air","decay.sur","diffus.air","conc.out"
"DTXSID2021781",278.35,0.0032804095428296,0.033602226846085,21225.9966964607,0.618776471309446,0.00157879341605456,0.583321317682761,0
"DTXSID3020205",312.37,0.000695024970543715,0.00955429836263484,21898.5217140152,0.647789806954042,0.000451171753569036,0.38344796025025,0
"DTXSID7021360",92.14,545.9110513392,4.48167508118149,1009.56712476201,0.484592702769849,0.000689609454038846,1.44523395296042,0
"DTXSID8020462",106.12,0.299933687188196,6290.79283328321,0.0555859885653755,2.72786656132496,0.000611753412881418,0.790805618172372,0
"DTXSID8020913",128.18,7.46794350068765,0.101719530059528,2563.07761471047,0.846698618768262,0.00124490794134023,0.897820866809038,0
