"dtxsid","molwt","vapor","solub","kow","decay.air","decay.sur","diffus.air","conc.out"
"DTXSID2021781",278.35,0.0084315143845401,0.0272797172116873,33346.4435562628,0.843972144103593,0.00242195700598137,0.478449791799181,0
"DTXSID3020205",312.37,0.000713385884857324,0.0099576106215291,9998.61124319735,1.03816107409331,0.000572128335742096,0.503713654696773,0
"DTXSID7021360",92.14,1334.02638557517,6.51130057177643,427.801468618801,0.602366507810456,0.000693169087987378,0.813662574356689,0
"DTXSID8020462",106.12,1.41721404843976,7227.60790099256,0.131674152639675,2.61367771171535,0.000649397371544164,0.837186207645578,0
"DTXSID8020913",128.18,5.48843337381938,0.157380470864496,2057.87709818953,1.9981394921629,0.000775786270994727,0.771690688096249,0
