"dtxsid","molwt","vapor","solub","kow","decay.air","decay.sur","diffus.air","conc.out"
"DTXSID2021781",278.35,0.00284088467611354,0.0405430197607613,23575.1374704733,0.728213576073511,0.000926857946443488,0.507257833352974,0
"DTXSID3020205",312.37,0.000661604391346565,0.0134278403654259,21467.2554889134,0.46342120462285,0.000753065455939194,0.341618388480956,0
"DTXSID7021360",92.14,3615.85843549753,7.05743085314131,661.982682151388,0.367900750634425,0.00052978240702115,0.923847759005409,0
"DTXSID8020462",106.12,1.2244457721246,7323.08934130457,0.174848945513146,2.01030647206739,0.00116632148320705,0.682514927308726,0
"DTXSID8020913",128.18,13.3620526642914,0.13169662246052,1875.92129971739,2.10303506659721,0.000823492217640106,0.843245529181188,0
