"dtxsid","molwt","vapor","solub","kow","decay.air","decay.sur","diffus.air","conc.out"
"DTXSID2021781",278.35,0.00876344629482446,0.0607918568519288,56285.7737028939,0.291295243381164,0.00138274787299312,0.72410670691287,0
"DTXSID3020205",312.37,0.000367100537808378,0.00591059008387674,12851.6369933603,0.842536663988871,0.0013647815129632,0.366939477372919,0
"DTXSID7021360",92.14,1756.27574660741,4.32507674392271,349.44623369373,0.657507124409931,0.00134749641896784,1.57194914341321,0
"DTXSID8020462",106.12,0.829751373856707,10423.6911516694,0.122308052911716,1.85545193440445,0.000531618984120682,0.648855393599225,0
"DTXSID8020913",128.18,7.74960276975683,0.113679184167639,1217.07264116254,1.73826050777153,0.00121243948942408,0.872481453980976,0
