"dtxsid","molwt","vapor","solub","kow","decay.air","decay.sur","diffus.air","conc.out"
"DTXSID2021781",278.35,0.00219128112973463,0.0332481129185759,32642.1531075544,0.499520053831005,0.00102239765861116,0.575773560954987,0
"DTXSID3020205",312.37,0.000975905016304491,0.0097760678264474,19394.7673395957,0.517186886139277,0.000633784683897199,0.326847256973152,0
"DTXSID7021360",92.14,2686.31161108143,3.20123056968935,366.370579899994,0.276862344561312,0.00129627876663469,0.967195454611831,0
"DTXSID8020462",106.12,2.03800427360752,6314.97955854189,0.092264844443081,1.97908796489691,0.00119026980159939,0.595862232047117,0
"DTXSID8020913",128.18,8.86012652745693,0.162181029564027,2468.22396288783,1.41562981263358,0.000887171429699503,1.02097837470735,0
