"dtxsid","molwt","vapor","solub","kow","decay.air","decay.sur","diffus.air","conc.out"
"DTXSID2021781",278.35,0.008960952769207,0.0392600234766891,81409.6869121529,0.734820238851834,0.000800342087622043,0.428321008995862,0
"DTXSID3020205",312.37,0.000854408130617095,0.00617917310874377,14442.3141674125,0.437565660536318,0.00275497851285596,0.403279848864871,0
"DTXSID7021360",92.14,2236.1447613362,3.15157100065125,377.712216664732,0.284398172478944,0.00123143249736816,0.523061506079393,0
"DTXSID8020462",106.12,0.332026256059381,10371.9541517574,0.0565964548691063,3.306108051512,0.0021099891693859,0.452976998292044,0
"DTXSID8020913",128.18,12.0031996316469,0.1858118542627,2107.06422283024,0.593686626594992,0.00086567079365705,0.767543897722278,0
