"dtxsid","molwt","vapor","solub","kow","decay.air","decay.sur","diffus.air","conc.out"
"DTXSID2021781",278.35,0.00119410874046894,0.0543780860994545,34143.8866611024,0.592789638931928,0.00190063594438588,0.541963421853772,0
"DTXSID3020205",312.37,0.000666040157001063,0.00689009552680465,20454.6282913618,0.797538862023015,0.000585864906672919,0.821576978737492,0
"DTXSID7021360",92.14,6765.9191063803,3.15950831854793,390.277961854079,0.456778717143369,0.000754787958096962,0.70929372280072,0
"DTXSID8020462",106.12,0.613233545441137,7128.27821521591,0.0530448725285514,1.91678122432447,0.00067494328048879,0.915492361698775,0
"DTXSID8020913",128.18,10.4608566500095,0.121095181515242,1335.17411814094,1.45887867600467,0.000766137714266013,1.0788662959939,0
