"dtxsid","molwt","vapor","solub","kow","decay.air","decay.sur","diffus.air","conc.out"
"DTXSID2021781",278.35,0.000834039466977195,0.0217707594644971,34487.2820210697,0.691281050781967,0.000435641320493364,0.495766356649749,0
"DTXSID3020205",312.37,0.000862675531296737,0.00681640467247231,23952.4862077283,0.485575339345258,0.000972053999115909,0.73012435765418,0
"DTXSID7021360",92.14,8518.84874119923,4.7808386153697,533.627516931139,0.387560096640392,0.00178772682905053,1.67324302332546,0
"DTXSID8020462",106.12,0.940159461049716,10471.9136453724,0.05478374525105,1.36712873396563,0.00128758384999923,0.810790724882236,0
"DTXSID8020913",128.18,15.047261208108,0.121954825070133,1765.18848103929,1.43602686378776,0.00245080657246807,0.695109482510529,0
