"dtxsid","molwt","vapor","solub","kow","decay.air","decay.sur","diffus.air","conc.out"
"DTXSID2021781",278.35,0.00289205836466116,0.0464865070564827,25447.1222553785,0.55481807432091,0.000953011463051621,0.517590590540164,0
"DTXSID3020205",312.37,0.000471154407241663,0.00851128167782015,22820.1411554108,0.29683132771719,0.000780161905110417,0.469947596425675,0
"DTXSID7021360",92.14,1531.66451716881,3.98125790125342,759.261522076071,0.246941519693125,0.000577144941583217,0.648927724312687,0
"DTXSID8020462",106.12,0.320337576197054,6998.89783846006,0.0949122548496355,2.28142660347796,0.000813507799320568,0.546703644912602,0
"DTXSID8020913",128.18,18.5340928764178,0.116601482354335,5081.33041338771,1.89395979638222,0.00116890393702964,0.685971317675063,0
