"dtxsid","molwt","vapor","solub","kow","decay.air","decay.sur","diffus.air","conc.out"
"DTXSID2021781",278.35,0.00202897231894796,0.0320456115164616,24921.8041456463,0.784494236927531,0.00141051961307498,0.597887263302029,0
"DTXSID3020205",312.37,0.00104452829370558,0.0047642656934855,27567.0524344856,1.79052462044603,0.00119479133820279,0.562554534527227,0
"DTXSID7021360",92.14,4959.51286731259,4.165873968166,324.167364175903,0.362266098460156,0.00103881586148382,0.541593758557184,0
"DTXSID8020462",106.12,0.548524804780843,10502.6174627949,0.0744061635550317,2.00264940958316,0.000516208528895027,0.461011079933841,0
"DTXSID8020913",128.18,5.07825290480382,0.112240317442832,4090.18191081324,3.14260227241769,0.000625873470828429,0.806351626457972,0
