"dtxsid","molwt","vapor","solub","kow","decay.air","decay.sur","diffus.air","conc.out"
"DTXSID2021781",278.35,0.00316508337552069,0.03469049324629,38490.0658693125,0.517827298272739,0.000734147159709341,0.59380345419554,0
"DTXSID3020205",312.37,0.00038434640464656,0.00830093621889569,17943.5634386167,0.69206817997238,0.000653953967966358,0.452594488885183,0
"DTXSID7021360",92.14,3280.36635079839,5.69680904713286,231.921601140233,0.439760656425446,0.000552857732241223,0.843451986429828,0
"DTXSID8020462",106.12,0.573512828138847,8844.57884230557,0.0688688587086288,1.67118484516016,0.00107238410952206,0.611110646054752,0
"DTXSID8020913",128.18,9.33843208513352,0.102593937453787,1158.32651900167,1.41758941896857,0.00104576640614021,0.683599598855024,0
