"dtxsid","molwt","vapor","solub","kow","decay.air","decay.sur","diffus.air","conc.out"
"DTXSID2021781",278.35,0.00297865238089963,0.0255252715244729,28547.362289013,0.678703351780462,0.000608480892075876,0.601817765366016,0
"DTXSID3020205",312.37,0.000240795227377474,0.0063986384875556,15635.7542764057,1.36669333168063,0.00211827267955703,0.445937495302233,0
"DTXSID7021360",92.14,1264.10049872651,4.93174629161174,331.938505586096,0.301684530155059,0.000708173655475114,0.679236551570452,0
"DTXSID8020462",106.12,1.23691145172159,9695.70643712179,0.0535998510081047,2.61052530215593,0.00110591863033994,0.684392648623303,0
"DTXSID8020913",128.18,21.6667458721505,0.168411460841062,986.106053148882,1.60831930740849,0.00146650398028213,0.866765918680268,0
