"dtxsid","molwt","vapor","solub","kow","decay.air","decay.sur","diffus.air","conc.out"
"DTXSID2021781",278.35,0.00145166534576765,0.0388771072824147,28772.7954692449,0.624190389666798,0.00141084912986762,0.641940162993038,0
"DTXSID3020205",312.37,0.000327617173118916,0.0104083745796797,24734.0317348144,0.309627117132967,0.00118727090471115,0.532140505635481,0
"DTXSID7021360",92.14,5721.99829269225,7.55039912140715,877.136765430057,0.271531192027674,0.00102671973479695,1.20490574965553,0
"DTXSID8020462",106.12,1.86941225695727,7232.94722220394,0.081503262794969,2.20070157558987,0.00116263057554536,0.919582320338334,0
"DTXSID8020913",128.18,7.85416280607567,0.157483375625059,3234.59019527924,1.94567439058364,0.000708507868842778,0.886738146460507,0
