"dtxsid","molwt","vapor","solub","kow","decay.air","decay.sur","diffus.air","conc.out"
"DTXSID2021781",278.35,0.00243530552083353,0.0319532158422711,38205.2878841011,0.633067101359756,0.00123275819855207,0.395503985465469,0
"DTXSID3020205",312.37,0.000838846899104368,0.00810645238336597,24646.3751028047,1.03258437283663,0.000974969795519359,0.311736795836584,0
"DTXSID7021360",92.14,3387.11881522286,6.69175340993108,506.341727953643,0.270541181540957,0.000763677701774803,0.83510262648447,0
"DTXSID8020462",106.12,2.09994271994244,10030.2960420063,0.0690246067762262,1.40634327338164,0.00121101568147788,0.737866935414043,0
"DTXSID8020913",128.18,13.7646366972322,0.13539777802212,2008.13510540829,1.52600626237198,0.00107255189980302,1.1168908197572,0
