"dtxsid","molwt","vapor","solub","kow","decay.air","decay.sur","diffus.air","conc.out"
"DTXSID2021781",278.35,0.00277364319994705,0.0389698286824507,31113.9784937644,0.372170279135041,0.000548572563021879,1.07898891874859,0
"DTXSID3020205",312.37,0.000744912826273386,0.00856871161529017,29390.8151088687,0.54604807763851,0.00113648196989851,0.423846601322401,0
"DTXSID7021360",92.14,4261.76798960178,6.09334168346141,275.328587953009,0.292714984273189,0.000688134516365761,0.748004854895411,0
"DTXSID8020462",106.12,1.99611317058708,9711.67923373573,0.0591841797507548,4.06411910754476,0.000957758447491685,0.8209061283889,0
"DTXSID8020913",128.18,38.702218173177,0.119027294839608,2480.8127605401,2.85023578539882,0.00159493458505015,0.734520066999893,0
