"dtxsid","molwt","vapor","solub","kow","decay.air","decay.sur","diffus.air","conc.out"
"DTXSID2021781",278.35,0.00117698631695934,0.0515998793070626,13079.7543551347,0.569648851233418,0.00159298984012019,0.415168449099531,0
"DTXSID3020205",312.37,0.0007069969616916,0.00722489216608644,13171.8905169037,0.619161523488347,0.00186805642555258,0.611316493277376,0
"DTXSID7021360",92.14,8725.32386380863,5.48829143840164,323.370676489829,0.532414434635541,0.000314341665231735,0.637938520856797,0
"DTXSID8020462",106.12,0.723995253192841,7980.82227801701,0.104256172802267,2.03478518787961,0.00090303788008372,0.927479147964312,0
"DTXSID8020913",128.18,13.5376176111759,0.0967575597726927,3634.98859472415,3.01436330959448,0.0022962702328629,0.803549179635437,0
