"dtxsid","molwt","vapor","solub","kow","decay.air","decay.sur","diffus.air","conc.out"
"DTXSID2021781",278.35,0.00160107570538273,0.0346134874129274,26176.3913465401,0.468450114754697,0.00186801661218045,0.442732989303557,0
"DTXSID3020205",312.37,0.00124262576321766,0.00978237251008153,37878.2798832046,1.9642154915598,0.00137685501149591,0.753710117535308,0
"DTXSID7021360",92.14,6379.93219891516,4.76670538854932,439.512875393226,0.294186305279648,0.00114569008201654,1.26233578128356,0
"DTXSID8020462",106.12,0.864174810576001,6231.5087021695,0.0358524433389686,1.66187427615513,0.00082889728343907,0.871441592845625,0
"DTXSID8020913",128.18,8.45944139867662,0.108174260155284,2711.71016170837,1.55887949867422,0.00123823640950506,0.576089797713594,0
