"dtxsid","molwt","vapor","solub","kow","decay.air","decay.sur","diffus.air","conc.out"
"DTXSID2021781",278.35,0.000511733488644073,0.0248043394414763,27409.1745077158,0.519729836037806,0.000812775340312595,0.591585546773137,0
"DTXSID3020205",312.37,0.000412203714024773,0.00927576349651574,28777.4343958505,0.632327721138298,0.000782030868593049,0.318812004808435,0
"DTXSID7021360",92.14,4860.24819342649,2.92558040514887,315.307982015568,0.338611156634334,0.000750667131600015,0.907135002854282,0
"DTXSID8020462",106.12,0.256789860239851,7941.27339604407,0.122297820564155,1.97015399781305,0.000861416669523521,1.64749688837123,0
"DTXSID8020913",128.18,7.6818344052572,0.0889997922417231,1871.17763942601,1.4071086424338,0.000807942850306483,0.754585202726613,0
