"dtxsid","molwt","vapor","solub","kow","decay.air","decay.sur","diffus.air","conc.out"
"DTXSID2021781",278.35,0.00389315345417695,0.0297411094902286,76598.1562864191,1.07731808882307,0.000794310159233665,0.444671211735784,0
"DTXSID3020205",312.37,0.00103311474895947,0.0114405161796419,11511.1435626012,0.449382452579704,0.00315242170887537,0.492655188058015,0
"DTXSID7021360",92.14,701.890575072245,3.98809707665305,284.036033338737,0.286494455767666,0.00125207087609942,0.956795286630633,0
"DTXSID8020462",106.12,0.429171700279272,12228.5647647505,0.0599196573936492,1.55599256296106,0.000883951078193742,1.07708981213362,0
"DTXSID8020913",128.18,6.56259395045281,0.137897996924495,1944.11088280525,1.25694422159954,0.00337271814881676,0.448607277593471,0
