"dtxsid","molwt","vapor","solub","kow","decay.air","decay.sur","diffus.air","conc.out"
"DTXSID2021781",278.35,0.00591214040553285,0.0322611885708385,40719.7542087853,0.877029367102803,0.000953385812964552,0.686200958906703,0
"DTXSID3020205",312.37,0.000218001103403979,0.00930478516831307,16984.2115739996,1.1590741069563,0.00104694428990851,0.667830161306959,0
"DTXSID7021360",92.14,3506.2289296218,4.49212055100983,748.685539138136,0.381158639902207,0.00115257517115132,0.614869598541719,0
"DTXSID8020462",106.12,1.64335812895427,5616.34290276403,0.0678497587043946,3.22346055470286,0.00103512508916657,0.589615144916203,0
"DTXSID8020913",128.18,6.05241756863413,0.0940395049231697,4254.7360526204,1.39431280890071,0.00068158946974884,1.12152885307919,0
