"dtxsid","molwt","vapor","solub","kow","decay.air","decay.sur","diffus.air","conc.out"
"DTXSID2021781",278.35,0.0091978723738473,0.0398925122492098,54179.5464090765,0.813341717783118,0.000458803435928709,0.633536240716894,0
"DTXSID3020205",312.37,0.000910752154533912,0.00815744736359468,19659.834580595,0.642510812153143,0.000576383563086038,0.369662393484222,0
"DTXSID7021360",92.14,1788.04644145183,4.80409619136938,191.89469312981,0.657332180076605,0.000653275666031927,0.668035507699529,0
"DTXSID8020462",106.12,0.208217037993123,7224.04840143096,0.0567697717925188,0.8165416458857,0.00142166889420145,0.824479189320786,0
"DTXSID8020913",128.18,7.83501404088057,0.151822418959053,3081.20401051841,1.43742553121561,0.00132748686795111,0.746057081471527,0
