"dtxsid","molwt","vapor","solub","kow","decay.air","decay.sur","diffus.air","conc.out"
"DTXSID2021781",278.35,0.00760366216307331,0.0353320428591527,48366.6413305976,0.601915788896513,0.000713822547947091,0.736741743084944,0
"DTXSID3020205",312.37,0.000534685022427085,0.0168334224974912,14465.0786981179,0.650823584811635,0.00148862919865914,0.895398083218591,0
"DTXSID7021360",92.14,5931.31057573903,4.55339876902287,436.518114581166,0.350479326096774,0.000970584684626913,1.27564832795797,0
"DTXSID8020462",106.12,0.632315563043223,11794.6884053987,0.124498420987128,1.6730867131163,0.000529718456579082,0.502438006304566,0
"DTXSID8020913",128.18,13.0371244570773,0.134309497071198,1676.85049138028,1.20111375856297,0.00138151395356828,0.518819361928622,0
