"dtxsid","molwt","vapor","solub","kow","decay.air","decay.sur","diffus.air","conc.out"
"DTXSID2021781",278.35,0.00739601766772328,0.0356013698622341,31692.0496812726,0.980226835002948,0.000724139875807111,0.652903250822117,0
"DTXSID3020205",312.37,0.000955327516115346,0.00849295836993769,14632.4409983898,0.890814804328782,0.00192408434345718,0.602034766186918,0
"DTXSID7021360",92.14,3386.4381833416,4.35466661886309,731.260618839489,0.498461649114415,0.00120945707153031,0.926166765767489,0
"DTXSID8020462",106.12,0.700213508776192,5698.16890093577,0.114104652181695,3.59976892576927,0.0010916738272406,0.842746597951936,0
"DTXSID8020913",128.18,4.85219260257848,0.108658620831922,2366.31778657325,2.93135596454069,0.00103360310016199,0.849322942311346,0
