"dtxsid","molwt","vapor","solub","kow","decay.air","decay.sur","diffus.air","conc.out"
"DTXSID2021781",278.35,0.00494314223847173,0.0414134008881021,43534.4362298719,0.655818701794368,0.000683723691711756,0.602828714079527,0
"DTXSID3020205",312.37,0.00059430843500602,0.00889792650773696,11363.0064750713,2.69421323372048,0.000769184182435235,0.502574603709977,0
"DTXSID7021360",92.14,3657.54520520941,3.7289292679858,361.929892067846,0.236830340003207,0.000849082044697975,0.910273634108871,0
"DTXSID8020462",106.12,0.633184687812641,6730.50994436139,0.102277885930906,1.53666895840589,0.000982270063659336,0.745601074074343,0
"DTXSID8020913",128.18,7.54136657028095,0.0887355559015493,930.082449423476,1.25466218562718,0.000777139648343103,0.61503113660339,0
