"dtxsid","molwt","vapor","solub","kow","decay.air","decay.sur","diffus.air","conc.out"
"DTXSID2021781",278.35,0.00251155031044156,0.0301083697724791,33144.7417482014,0.376090230110599,0.000841609213348229,0.375975439501094,0
"DTXSID3020205",312.37,0.000410599496843164,0.0157139413182827,16842.0802895268,0.536474976824269,0.00161640133148251,0.549486653829376,0
"DTXSID7021360",92.14,4213.82478846616,2.33652185216857,246.857155067165,0.262907387401711,0.000929436056168549,0.884610726878108,0
"DTXSID8020462",106.12,0.974582565637778,11898.3232648189,0.0543670355565406,1.72921475597883,0.000768464966213719,0.543953851464718,0
"DTXSID8020913",128.18,2.09867293733027,0.224705122857126,4424.32762027585,1.15631355379412,0.00113763732337712,0.980473860692114,0
