"dtxsid","molwt","vapor","solub","kow","decay.air","decay.sur","diffus.air","conc.out"
"DTXSID2021781",278.35,0.00306230363527192,0.0395646129732486,30696.7316767966,1.5936584369633,0.000835086524273972,0.445069387200449,0
"DTXSID3020205",312.37,0.00136049597737027,0.00859339827183213,21700.1993732889,0.733029080985862,0.00164567897575574,0.744611247407652,0
"DTXSID7021360",92.14,4336.38731153523,5.21743810999815,490.531837818575,0.276283673843301,0.000952700324520237,0.486055784270576,0
"DTXSID8020462",106.12,0.346582939185178,6916.25210136227,0.0671919191607218,1.84447258875723,0.00108367317403298,0.915955342962547,0
"DTXSID8020913",128.18,23.4686800481891,0.1506740578966,2154.49059310702,0.8857803097759,0.000801235269560138,1.14163580512161,0
