"dtxsid","molwt","vapor","solub","kow","decay.air","decay.sur","diffus.air","conc.out"
"DTXSID2021781",278.35,0.00190845705648106,0.0323551274734301,41737.1236310417,0.33033800853609,0.00147529108027103,0.385475524606906,0
"DTXSID3020205",312.37,0.00143916561990403,0.0100598922301291,13656.4284702161,0.437038752494877,0.000727174751471129,0.487279547920176,0
"DTXSID7021360",92.14,2379.53100583876,4.95466303923075,411.832638848603,0.254926450241597,0.000907169107760465,0.591058185058075,0
"DTXSID8020462",106.12,0.2505197462575,10140.3921610381,0.138560315920645,1.18213169365925,0.00101182293333538,0.896692905706319,0
"DTXSID8020913",128.18,6.75562450761795,0.100040038932297,1935.8381722395,2.21825886110748,0.0012377765550165,0.497582889424291,0
