"dtxsid","molwt","vapor","solub","kow","decay.air","decay.sur","diffus.air","conc.out"
"DTXSID2021781",278.35,0.00254917503302849,0.035880974514049,27525.9393370133,0.796107714071788,0.000970676969756828,0.318372639874034,0
"DTXSID3020205",312.37,0.00119169137341316,0.00586409954470947,14629.7173534529,0.369776337487033,0.0019656522708651,0.718355250484431,0
"DTXSID7021360",92.14,1859.8126323206,4.6457906258494,216.750402401106,0.319926029624231,0.000934537571546467,0.97590971610009,0
"DTXSID8020462",106.12,1.17122863690622,5794.473763966,0.115639306487043,1.93809243620799,0.00145918358567932,0.838246000746997,0
"DTXSID8020913",128.18,3.48243585321263,0.149198433723557,2753.27800237866,1.87571434201826,0.000789135459207274,0.668379070861734,0
