"dtxsid","molwt","vapor","solub","kow","decay.air","decay.sur","diffus.air","conc.out"
"DTXSID2021781",278.35,0.00343726045844227,0.0514732785035522,28780.1473160153,0.371867002994522,0.000743180039855948,0.541791968077407,0
"DTXSID3020205",312.37,0.000664958501309616,0.00813883163358924,7336.59491504495,1.01641160532425,0.00117904710451654,0.444705718018387,0
"DTXSID7021360",92.14,3366.79163680683,5.78558201694426,462.544158113357,0.443845453657666,0.000570784701620365,0.544687549227577,0
"DTXSID8020462",106.12,0.921065458639072,5299.10470331094,0.0680209062353249,2.12102177602124,0.00114936415170618,1.01552678437559,0
"DTXSID8020913",128.18,9.0375747542689,0.148166041080051,4319.96189870568,1.27843847821837,0.000711586473970513,0.859273127736412,0
