"dtxsid","molwt","vapor","solub","kow","decay.air","decay.sur","diffus.air","conc.out"
"DTXSID2021781",278.35,0.00308677895052275,0.0282129765826341,37984.6065179902,0.23278182926307,0.000830864819885425,0.286476872684214,0
"DTXSID3020205",312.37,0.00115671333683955,0.00632986443962544,16799.5569679953,1.00906413074065,0.000777974901949856,0.760242039666148,0
"DTXSID7021360",92.14,6046.89566278049,4.65578817078007,877.054705420315,0.376389761184489,0.000723059838974631,0.854642572141292,0
"DTXSID8020462",106.12,0.436610656599975,8265.52369116385,0.054043647912442,2.37337705899077,0.00123587473309898,0.762302717440965,0
"DTXSID8020913",128.18,4.38020346144697,0.254451560888904,3326.71919929459,1.21102616739916,0.00102623388479683,1.02621617212087,0
