"dtxsid","molwt","vapor","solub","kow","decay.air","decay.sur","diffus.air","conc.out"
"DTXSID2021781",278.35,0.00341591545391945,0.0448386837699875,21979.4606281664,0.736259608847706,0.000577236481763181,0.780204620452761,0
"DTXSID3020205",312.37,0.00186317607812625,0.00732461003443529,25726.3840182251,0.763575525674152,0.000687910775254483,0.338473342248536,0
"DTXSID7021360",92.14,2323.29092371636,4.55743192188144,317.933025852676,0.332919224615183,0.000778571073504999,0.66828920887415,0
"DTXSID8020462",106.12,1.32416857715116,12372.9795272752,0.101868301474923,1.06725557655122,0.000788725252041861,0.702009949411068,0
"DTXSID8020913",128.18,4.09781032865927,0.119540946736717,1782.78080307104,2.18071575592696,0.000802976026008764,0.672523893104843,0
