"dtxsid","molwt","vapor","solub","kow","decay.air","decay.sur","diffus.air","conc.out"
"DTXSID2021781",278.35,0.00145712490377875,0.0433606258533883,34862.978202709,0.638414078197591,0.00191725823136458,0.472073261305134,0
"DTXSID3020205",312.37,0.00104914129153224,0.0149147679210045,12259.5337833701,1.5812483728309,0.000777635246845258,0.651824235101249,0
"DTXSID7021360",92.14,2726.1456588107,2.75837925623073,469.398981008706,0.290223873303696,0.00109581022880366,0.745816687169689,0
"DTXSID8020462",106.12,0.342461275338484,7514.66138652531,0.186015739200905,1.65881810987156,0.00132324610560756,1.01171062660632,0
"DTXSID8020913",128.18,12.6897933030055,0.13775722754553,2325.54394998042,1.5703026881026,0.00180370714916795,0.571624995530274,0
