"dtxsid","molwt","vapor","solub","kow","decay.air","decay.sur","diffus.air","conc.out"
"DTXSID2021781",278.35,0.00280386977465847,0.032050144634887,23032.8180121301,1.18569646314126,0.00108855635392694,0.698328344814984,0
"DTXSID3020205",312.37,0.00247874520851501,0.0102630877640151,23826.669449872,1.02158587171143,0.0011805028303782,0.678684343616111,0
"DTXSID7021360",92.14,4991.34716350954,6.39881201060385,241.105279642762,0.337389170725163,0.00128959577504603,0.60315974210575,0
"DTXSID8020462",106.12,0.575165211014243,8144.10316429341,0.0782027671930306,3.03297318996206,0.00131034923581371,0.577675813251511,0
"DTXSID8020913",128.18,3.4128141431795,0.173042298913735,3969.67282152581,1.29210413981277,0.00102809124658245,0.489138631835192,0
