"dtxsid","molwt","vapor","solub","kow","decay.air","decay.sur","diffus.air","conc.out"
"DTXSID2021781",278.35,0.00836825894207062,0.0441498486040439,33372.432574343,0.323242319330004,0.000663502173918932,0.587413752284198,0
"DTXSID3020205",312.37,0.00113589771317435,0.0127478931332376,21295.5002203921,0.474197781723804,0.00113515634208571,0.51214637552635,0
"DTXSID7021360",92.14,1510.0450116057,4.52780825709286,432.729786452999,0.309310837271598,0.000580099592194135,1.03837709666756,0
"DTXSID8020462",106.12,0.2841894455759,8283.12605479839,0.0350766992195221,3.32340504861624,0.000483293104488383,0.874611994700759,0
"DTXSID8020913",128.18,6.39221739167093,0.106167618669892,982.961230670224,0.699193430842081,0.00105160730938331,1.2534333177563,0
