"dtxsid","molwt","vapor","solub","kow","decay.air","decay.sur","diffus.air","conc.out"
"DTXSID2021781",278.35,0.00302118896273551,0.0366633238415299,32412.1167553101,0.744280547352153,0.000718675796130133,0.663877767454553,0
"DTXSID3020205",312.37,0.000494565490380263,0.00833679636933104,15899.2259058028,0.904115356628619,0.00107687287345792,0.579325747168531,0
"DTXSID7021360",92.14,4604.64298766474,7.56552023393675,186.512544837406,0.250834803375645,0.00186175517482149,1.3620426173994,0
"DTXSID8020462",106.12,1.0475611629939,7440.92224141319,0.0897715291289408,1.74115469838532,0.000628947927146192,1.04259409341462,0
"DTXSID8020913",128.18,1.72757703245245,0.0852165440913633,2005.39214083651,2.02478082214276,0.00169343825524523,0.761474597253068,0
