"dtxsid","molwt","vapor","solub","kow","decay.air","decay.sur","diffus.air","conc.out"
"DTXSID2021781",278.35,0.00590841218364322,0.0351797436418814,45006.1527435037,0.598113242375224,0.0013101634344047,0.580610881839649,0
"DTXSID3020205",312.37,0.00311096769720528,0.0151339322762568,23279.3240564289,0.247591136207203,0.000778169797080096,0.680193370206104,0
"DTXSID7021360",92.14,6709.51015920965,4.75563215623842,396.578487710189,0.602822468928182,0.00138449369348066,1.05841044460821,0
"DTXSID8020462",106.12,0.270570218427775,9407.29000218546,0.0684474889190074,2.65062256292771,0.000870255516799055,0.508343346113568,0
"DTXSID8020913",128.18,24.112363537899,0.123703421181694,1575.879211967,1.61076078781072,0.000747901526397752,0.65991212374063,0
