"dtxsid","molwt","vapor","solub","kow","decay.air","decay.sur","diffus.air","conc.out"
"DTXSID2021781",278.35,0.00415649246374932,0.0328986407560012,23375.7002077853,0.673682042725831,0.000635009333397171,0.529718480088838,0
"DTXSID3020205",312.37,0.000545957742556037,0.0151984074797623,14730.8676666801,0.550061592359853,0.000867625924449007,0.382891015495249,0
"DTXSID7021360",92.14,4260.49081960407,5.05701790952933,295.465111499557,0.38873423806269,0.00110220431393766,0.695183525265033,0
"DTXSID8020462",106.12,0.78210909019167,8974.68234147876,0.0606064782781741,2.73236435126243,0.00158914589128184,1.08250142567257,0
"DTXSID8020913",128.18,12.0893031383504,0.126126893335766,1723.72774853815,0.711216078213096,0.00124889143714014,0.774197433014843,0
