"dtxsid","molwt","vapor","solub","kow","decay.air","decay.sur","diffus.air","conc.out"
"DTXSID2021781",278.35,0.00398348236762003,0.0331940568861764,23858.9422839789,0.771664525090985,0.00112888143691304,0.598187310758789,0
"DTXSID3020205",312.37,0.000881078481643629,0.0100460594925506,29201.7602612849,0.68723613829746,0.00150482391740542,0.482635262490896,0
"DTXSID7021360",92.14,12399.9924157968,3.60147072390045,369.147335490205,0.327108853745685,0.000547976096146567,0.746544987968987,0
"DTXSID8020462",106.12,0.285538498903554,6832.85036761135,0.0645502185630416,2.03896510258153,0.00113323707731667,0.527846536152221,0
"DTXSID8020913",128.18,5.58174328681736,0.18314639753298,3635.50443236131,1.29918198756063,0.000301635497657339,0.545980677753631,0
