"dtxsid","molwt","vapor","solub","kow","decay.air","decay.sur","diffus.air","conc.out"
"DTXSID2021781",278.35,0.00265528446237012,0.0378292905857302,37311.6643440131,0.527495698910041,0.000742636000790642,0.705356803502532,0
"DTXSID3020205",312.37,0.000851407941821888,0.0105397529498452,27130.5606753195,0.673825842355841,0.000865314450962531,0.292737100622975,0
"DTXSID7021360",92.14,2742.37764586805,3.96960157196175,652.90611912736,0.405724276336787,0.000989657214817662,0.928668254976414,0
"DTXSID8020462",106.12,1.27184187217017,7338.53058533268,0.0786524481000088,1.2761852549754,0.000613848431522388,0.9971233484169,0
"DTXSID8020913",128.18,7.73289452840508,0.237148374649523,2533.89013407104,1.07355089969058,0.000795793320866752,0.719016652701954,0
