"dtxsid","molwt","vapor","solub","kow","decay.air","decay.sur","diffus.air","conc.out"
"DTXSID2021781",278.35,0.00199974018836565,0.040050811597008,17431.9946422743,0.428887685758896,0.00115705503736106,0.582035263056725,0
"DTXSID3020205",312.37,0.00125920603255139,0.0131711819502094,13092.5422185019,0.885184173393348,0.00101494552925601,0.5021065647187,0
"DTXSID7021360",92.14,7181.39535167435,3.9699414693012,298.158136014399,0.63010109655866,0.000891710804688425,0.991009719535874,0
"DTXSID8020462",106.12,0.79044305108163,10688.4707642342,0.0726529733019814,1.35988401398891,0.000882914247689805,0.832251816117429,0
"DTXSID8020913",128.18,8.13733267847637,0.117820991666427,2254.61784083028,1.23046684835475,0.00191558549785092,0.746996450207013,0
