"dtxsid","molwt","vapor","solub","kow","decay.air","decay.sur","diffus.air","conc.out"
"DTXSID2021781",278.35,0.00272019188488851,0.0327073730501809,52494.5588547931,0.509583353962681,0.0020428108119972,0.472478175296923,0
"DTXSID3020205",312.37,0.000140309776215775,0.00961516108455866,31688.7982211917,0.551445285608932,0.00098397528878877,0.433657673640576,0
"DTXSID7021360",92.14,5691.25309329233,5.11488203595285,614.109337469881,0.650720762904489,0.000371185119013807,0.78772690084369,0
"DTXSID8020462",106.12,0.699204953276812,5993.10087123498,0.102859995277373,1.86447991266955,0.000948360118956514,0.712222904902691,0
"DTXSID8020913",128.18,4.67217924754189,0.118389214436512,2869.86891394607,0.833040519409769,0.00123231656580266,0.587922345531469,0
