"dtxsid","molwt","vapor","solub","kow","decay.air","decay.sur","diffus.air","conc.out"
"DTXSID2021781",278.35,0.00186822648804275,0.0350177490723387,34719.7897355006,0.810937370575728,0.00141015742997781,0.515355670740626,0
"DTXSID3020205",312.37,0.00025579339728852,0.00926715803340719,35149.2177558235,0.575122978452214,0.00206484730571818,0.362252233644669,0
"DTXSID7021360",92.14,2832.671515651,5.8656503109498,309.376950769709,0.449060290962575,0.000626688642932323,0.687829502671055,0
"DTXSID8020462",106.12,0.614260195647085,5080.94017234602,0.124363377255467,1.55082167828479,0.00108676615122773,1.06983602532018,0
"DTXSID8020913",128.18,11.4708192090345,0.130689537319825,1611.1606584409,1.6150578910121,0.00107438843956155,0.935493636415229,0
