"dtxsid","molwt","vapor","solub","kow","decay.air","decay.sur","diffus.air","conc.out"
"DTXSID2021781",278.35,0.00522732509835901,0.0360604626580783,29972.5791924476,1.06129061028297,0.000702352890203093,0.54292960471817,0
"DTXSID3020205",312.37,0.0011231190576663,0.0061680775416121,29305.4909107043,1.04037914485038,0.0014022994429688,0.802975716693075,0
"DTXSID7021360",92.14,2158.31895809046,5.95642661415677,290.043331346856,0.380568608678489,0.00090605216045952,1.09936040718079,0
"DTXSID8020462",106.12,0.632931025275873,8917.70900371868,0.108771874464607,1.66456355197633,0.000725325458038992,0.684760963587346,0
"DTXSID8020913",128.18,17.6271151775624,0.135251231753236,1507.88743983515,0.576036849235494,0.00108824180167127,1.08259556121245,0
