"dtxsid","molwt","vapor","solub","kow","decay.air","decay.sur","diffus.air","conc.out"
"DTXSID2021781",278.35,0.00162520984263542,0.0317191720576344,29798.8931340677,0.559539268560086,0.000999698735434089,0.567515893574652,0
"DTXSID3020205",312.37,0.000189950473660136,0.00781472114368481,28059.7631434361,0.50621882053332,0.00124194342382308,0.43059855136006,0
"DTXSID7021360",92.14,3657.60064576608,4.35219176269071,265.234715848651,0.387058304009581,0.00171048730089312,0.901830217711439,0
"DTXSID8020462",106.12,0.782842409585492,10258.9241826849,0.101029351570521,0.899461215201215,0.000840387682380957,0.672740012117714,0
"DTXSID8020913",128.18,2.8135595747717,0.269582743197397,1228.53984797623,1.17471666847308,0.000563304817225132,0.559638187526871,0
