"dtxsid","molwt","vapor","solub","kow","decay.air","decay.sur","diffus.air","conc.out"
"DTXSID2021781",278.35,0.00138665341704436,0.0523606727212212,22840.7915565165,0.900424551309728,0.00173056807863911,0.697589523854131,0
"DTXSID3020205",312.37,0.00184252906407862,0.00999240694089911,29393.5137768875,0.753287876373686,0.000991540374087841,0.370677368226846,0
"DTXSID7021360",92.14,2519.31312915355,3.47829990174492,385.219482993754,0.387503038241009,0.000551986764708514,1.61294649216408,0
"DTXSID8020462",106.12,0.478310367756188,8467.10590768636,0.138889665046988,1.61534789651787,0.00102107487686698,0.672151510752178,0
"DTXSID8020913",128.18,10.775108685281,0.104411111122972,2382.82037837589,1.10024358762663,0.000851747193664309,0.68463721788126,0
