"dtxsid","molwt","vapor","solub","kow","decay.air","decay.sur","diffus.air","conc.out"
"DTXSID2021781",278.35,0.00093969608180932,0.0268225386598111,27858.6985066637,0.550457250263476,0.00162397744170307,0.854698042911126,0
"DTXSID3020205",312.37,0.000746466060294503,0.00728710163422355,17997.7937997751,0.390153199635557,0.00103248851357001,0.541182587653753,0
"DTXSID7021360",92.14,5154.98138003124,3.4475806523913,370.233461967424,0.209389149311585,0.000688596317422241,1.01444860084094,0
"DTXSID8020462",106.12,0.620672315668377,10414.9149885966,0.0668621291855676,4.56929140227161,0.00130657278289301,0.726429040087049,0
"DTXSID8020913",128.18,7.91919571112061,0.177052901086738,1949.62543037848,3.23757267658643,0.00129659024132521,1.01661123817825,0
