"dtxsid","molwt","vapor","solub","kow","decay.air","decay.sur","diffus.air","conc.out"
"DTXSID2021781",278.35,0.0028417463001375,0.0336526387043343,47366.3471930676,0.884796293151957,0.000553184174058644,0.425170958912021,0
"DTXSID3020205",312.37,0.00185236102598363,0.00859151482303197,26699.9332540993,1.0129015337903,0.000814540064978101,0.503259277429471,0
"DTXSID7021360",92.14,2163.5858738612,3.94877118801277,490.253392658728,0.578931911091155,0.00104236829584567,0.901418144222915,0
"DTXSID8020462",106.12,1.5785505462714,6493.65382832017,0.0802309616587,2.7164565071765,0.00122789917058038,1.07107272984319,0
"DTXSID8020913",128.18,4.39888860010901,0.103434711548473,2115.48479069408,2.06703002087879,0.00268517109058612,0.496092164210517,0
