"dtxsid","molwt","vapor","solub","kow","decay.air","decay.sur","diffus.air","conc.out"
"DTXSID2021781",278.35,0.00467309317650008,0.0340575213015258,57684.915882314,0.718973697979011,0.00140431740776617,0.462247086999737,0
"DTXSID3020205",312.37,0.00282015504514555,0.00686742696552832,22921.4905048754,0.721118618099148,0.000859227475951503,0.395952306701378,0
"DTXSID7021360",92.14,887.286470417453,4.41357014661041,336.496935873041,0.260756132486788,0.0017198251229101,1.05772442460315,0
"DTXSID8020462",106.12,0.563616433864025,7194.99618350715,0.0883150283770618,1.78803596393966,0.000529281474542017,0.898685500571979,0
"DTXSID8020913",128.18,5.9771831534155,0.156650303009309,1828.50418042657,0.787123715984906,0.000939855366792305,0.558445418714498,0
