"dtxsid","molwt","vapor","solub","kow","decay.air","decay.sur","diffus.air","conc.out"
"DTXSID2021781",278.35,0.00246536826487494,0.0448558851407183,31900.9668930559,0.611624277703023,0.000931974173639833,0.53256817054827,0
"DTXSID3020205",312.37,0.000871776229136695,0.0144906501642553,15691.1690210197,0.640613588240177,0.00131000285975259,0.624818481912039,0
"DTXSID7021360",92.14,7019.21498098144,4.88511787315312,178.300108458742,0.657800912271424,0.000538677058613479,1.14801698544886,0
"DTXSID8020462",106.12,0.486955862284745,5885.95991538657,0.0609997495970222,3.16791185514537,0.00151358369133234,0.614198905936337,0
"DTXSID8020913",128.18,6.65452612559173,0.16922759791928,8596.44958970075,1.26171343594831,0.00141621982775281,1.04930155518203,0
