"dtxsid","molwt","vapor","solub","kow","decay.air","decay.sur","diffus.air","conc.out"
"DTXSID2021781",278.35,0.00402167063853844,0.0432939697099171,28682.0222357167,0.647972914127884,0.000793830302301768,0.64687440359686,0
"DTXSID3020205",312.37,0.000503680543937587,0.00947700432868212,17680.6074187006,0.69632886996095,0.00037493279281767,0.626667010993026,0
"DTXSID7021360",92.14,1069.73809939695,3.25487480153731,346.621474619648,0.307581011995312,0.00128363104273974,0.951205266803645,0
"DTXSID8020462",106.12,1.58775338217083,12370.6332922825,0.0480564247169391,3.30749988520579,0.00076936858079655,0.902341415070916,0
"DTXSID8020913",128.18,7.63492254854596,0.144132362424081,1259.2510930086,1.7701840030449,0.00168130290783339,0.734893064419137,0
