"dtxsid","molwt","vapor","solub","kow","decay.air","decay.sur","diffus.air","conc.out"
"DTXSID2021781",278.35,0.00214107595526977,0.0443390480231434,90179.2982065572,0.297844145352836,0.000595031966612281,0.594874754326462,0
"DTXSID3020205",312.37,0.000411499085064538,0.00590686754782683,29538.3757488706,1.05908289896689,0.00264065097124977,0.438116477255037,0
"DTXSID7021360",92.14,1331.58824705066,5.54685697705514,483.70942651306,0.299555209525803,0.00162081083911358,0.96754755387076,0
"DTXSID8020462",106.12,0.370310316350941,7481.38448380014,0.145637582906326,1.26877743994422,0.000736160755553032,0.700348158877319,0
"DTXSID8020913",128.18,28.7402113689004,0.102518158799817,3086.24220914713,1.51502508676059,0.00132900330771619,0.678666515148321,0
