"dtxsid","molwt","vapor","solub","kow","decay.air","decay.sur","diffus.air","conc.out"
"DTXSID2021781",278.35,0.000864993241662105,0.048586670073768,25259.3434646543,0.773117263699777,0.00138010107901279,0.932613097949235,0
"DTXSID3020205",312.37,0.000830013977774226,0.00792028499649934,21920.3126439556,1.43519203811566,0.000651854188333754,0.491880968659897,0
"DTXSID7021360",92.14,5511.35343823449,6.02031885961021,643.978496247931,0.638575332888527,0.00100475814965716,0.765365059025898,0
"DTXSID8020462",106.12,0.730375583165861,8225.77528349417,0.0684416837355589,0.82383245200224,0.00052082758143723,0.98652054754635,0
"DTXSID8020913",128.18,8.84059777293396,0.103839598128095,2665.96302265708,2.75003641612961,0.000627231004977188,0.699829065437905,0
