"dtxsid","molwt","vapor","solub","kow","decay.air","decay.sur","diffus.air","conc.out"
"DTXSID2021781",278.35,0.00309768873065045,0.0419564136713902,48961.8770057575,0.768630429959911,0.000916780899268615,0.426970737142884,0
"DTXSID3020205",312.37,0.000730000206132824,0.00623718768266236,45404.5576934866,0.833042706700364,0.00120983853190972,0.468532677565402,0
"DTXSID7021360",92.14,2085.46021336804,4.41208610352617,243.536236605004,0.169034800370612,0.00192125228380724,0.582665299598291,0
"DTXSID8020462",106.12,0.701980080831872,7198.55405433502,0.0598091970916683,1.77334041634441,0.000736853280274744,0.664290834053219,0
"DTXSID8020913",128.18,3.4988368244635,0.16335814129153,1992.10892296536,1.9304797493865,0.0019637056187795,0.699626103002886,0
