"dtxsid","molwt","vapor","solub","kow","decay.air","decay.sur","diffus.air","conc.out"
"DTXSID2021781",278.35,0.0100043923666069,0.0460433024162969,21929.2781058784,0.281783833840542,0.0018844382224214,0.601785161529491,0
"DTXSID3020205",312.37,8.62601973656899e-05,0.00600028298900336,10648.1358499229,1.31029960346284,0.00138308733279479,0.301634349970913,0
"DTXSID7021360",92.14,3399.21148506541,4.2244042446593,753.605608968447,0.349120336245981,0.00115052523578,1.18951689865737,0
"DTXSID8020462",106.12,0.975965723158152,5027.71264716018,0.134830024434232,3.95017411491572,0.00107826879235924,0.672575337766947,0
"DTXSID8020913",128.18,4.24019464852706,0.128985616245879,3156.29635222138,1.29937086535575,0.00252897977574283,0.848672160628349,0
