"dtxsid","molwt","vapor","solub","kow","decay.air","decay.sur","diffus.air","conc.out"
"DTXSID2021781",278.35,0.0023794707535117,0.0409217780823333,22088.8643061463,0.87330281066108,0.000876512510807538,0.381975617865246,0
"DTXSID3020205",312.37,0.00015723781507815,0.0133309189420043,14247.0736188916,0.762460850201749,0.00193507318716002,0.547004715611955,0
"DTXSID7021360",92.14,2732.23921188994,4.14181420054488,292.577230737055,0.513596412047496,0.00102462104412908,1.06493299862819,0
"DTXSID8020462",106.12,0.379378142331199,5969.36752514443,0.0722136222872644,1.26240483345978,0.00079723793229755,0.693835975522803,0
"DTXSID8020913",128.18,8.51292006884173,0.147136366072019,2096.51828769458,1.18414125496832,0.000830248137428175,1.26309129001226,0
