"dtxsid","molwt","vapor","solub","kow","decay.air","decay.sur","diffus.air","conc.out"
"DTXSID2021781",278.35,0.00158795092279034,0.0377372568732459,23850.3706280795,0.406559310271672,0.00162499059231052,0.535987777076768,0
"DTXSID3020205",312.37,0.000583096468230148,0.0108153388038235,12250.8280747197,1.73705828456329,0.0014270087468389,0.719046092338389,0
"DTXSID7021360",92.14,12263.575633444,3.53609833809113,896.40680980898,0.723499409866689,0.00129012695819597,0.825722682732264,0
"DTXSID8020462",106.12,0.550387399812603,6326.54615414245,0.0513614948509367,1.35280088813612,0.00198263337272125,1.06471145747608,0
"DTXSID8020913",128.18,13.4800266049785,0.154376893321765,6924.9765373123,0.900563402787082,0.000416519509681731,0.76668976146502,0
