"dtxsid","molwt","vapor","solub","kow","decay.air","decay.sur","diffus.air","conc.out"
"DTXSID2021781",278.35,0.00298806805128,0.0233143560194993,28190.9567092369,0.79227792019725,0.00111090926799901,0.807946881542292,0
"DTXSID3020205",312.37,0.000690572083827202,0.0109772981272332,21911.1562246282,0.732060222856668,0.00165505950206016,0.637341879518779,0
"DTXSID7021360",92.14,6435.03734765545,4.26770698538027,553.474769513358,0.236359770096905,0.000693824371372736,1.05165491766924,0
"DTXSID8020462",106.12,6.98429108863394,6700.75332678065,0.147887990557403,2.35965593574048,0.000954555124854802,0.877531986645914,0
"DTXSID8020913",128.18,4.97234149297709,0.198577169943204,1452.29515882698,1.0979431073954,0.00107322695150407,0.722064704282072,0
