"dtxsid","molwt","vapor","solub","kow","decay.air","decay.sur","diffus.air","conc.out"
"DTXSID2021781",278.35,0.00134207178596154,0.0334808887697336,17471.1148547092,0.628172062325955,0.00214956290367065,0.492024669141494,0
"DTXSID3020205",312.37,0.00109553694351686,0.0127527200455396,38020.8958504204,0.327875982452164,0.000671163555491982,0.672229496011668,0
"DTXSID7021360",92.14,1537.9224163165,4.32613916133221,588.951339054846,0.610043904217945,0.00086000338112649,1.43162777783457,0
"DTXSID8020462",106.12,1.74211463060787,8358.24889690874,0.0991168421949853,2.48339708652757,0.00106603394887963,0.773592925522576,0
"DTXSID8020913",128.18,4.5641584384588,0.0981617518400229,2484.63279862723,1.50136940507368,0.000614368010890016,1.13308483485725,0
