"dtxsid","molwt","vapor","solub","kow","decay.air","decay.sur","diffus.air","conc.out"
"DTXSID2021781",278.35,0.00234463537857525,0.0366041332255928,30091.2451853112,1.12495941561005,0.00128580031613891,0.594687900136109,0
"DTXSID3020205",312.37,0.000333040387316519,0.0100447835988206,28246.1235678372,0.856199147877106,0.00138138386674313,0.483492456401242,0
"DTXSID7021360",92.14,1063.54225322353,3.86841884882382,265.194179171332,0.783841156648678,0.001501818008764,0.643174688876856,0
"DTXSID8020462",106.12,2.4020637220125,9977.75433631025,0.0378355031171558,2.73394525005912,0.000948034960497671,1.11726769164782,0
"DTXSID8020913",128.18,13.9030233363772,0.136332007789779,2053.24372222221,0.812018043308545,0.000537245480612508,0.592939630847655,0
