"dtxsid","molwt","vapor","solub","kow","decay.air","decay.sur","diffus.air","conc.out"
"DTXSID2021781",278.35,0.00241212149154744,0.0283561287086468,34420.757804661,1.9144492476338,0.00126877551254124,0.547157474698633,0
"DTXSID3020205",312.37,0.000248712944598911,0.00896862378268771,12429.6277469255,0.8804301898478,0.00199758246551851,0.340662393049553,0
"DTXSID7021360",92.14,4742.43860980148,4.47918357001942,482.223547455389,0.301835772477544,0.00070118820128545,0.832203350631752,0
"DTXSID8020462",106.12,0.79690758909744,10461.3936866442,0.152832817057148,2.17363596479598,0.00069765899274585,0.415073792553415,0
"DTXSID8020913",128.18,3.80570580148911,0.18935862757545,2279.11317846773,0.972401481895417,0.000810988558321828,0.64122533858216,0
