"dtxsid","molwt","vapor","solub","kow","decay.air","decay.sur","diffus.air","conc.out"
"DTXSID2021781",278.35,0.0040369417460355,0.073494303499439,38882.7690844835,0.50229595123719,0.000514512976020068,0.489324840401174,0
"DTXSID3020205",312.37,0.00110316659041367,0.00704283161350099,10564.3145919978,1.0525084299299,0.00157516900701897,0.725479854207887,0
"DTXSID7021360",92.14,802.991985564405,3.69258323557944,379.671463938713,0.282536590428163,0.00121840650613111,0.836151252061102,0
"DTXSID8020462",106.12,0.447762831001594,7776.97915138202,0.100049872373797,2.00968568656141,0.000928899387624491,0.478596716360151,0
"DTXSID8020913",128.18,6.5868264902632,0.142337645257321,1248.02451411253,2.49927942803276,0.000643871412169359,0.73215893914094,0
