"dtxsid","molwt","vapor","solub","kow","decay.air","decay.sur","diffus.air","conc.out"
"DTXSID2021781",278.35,0.00498800879467591,0.0338012486917366,32331.4445961141,0.758755207575378,0.000749107788753735,0.325545375236373,0
"DTXSID3020205",312.37,0.000352883347736118,0.00787501378829515,15094.3053048176,0.423941110779863,0.000992935786714067,0.644732684973399,0
"DTXSID7021360",92.14,2465.08552421908,5.77517188410296,792.641808951674,0.378966329930663,0.00131111415959088,0.713910018699896,0
"DTXSID8020462",106.12,1.78629860401431,9057.15733688141,0.0687278714842521,2.03728167703677,0.00121884505743547,0.486387171372362,0
"DTXSID8020913",128.18,2.52147216042114,0.11617870984523,1230.00096673646,2.53203979064051,0.00191075883396547,0.728507961089748,0
