"dtxsid","molwt","vapor","solub","kow","decay.air","decay.sur","diffus.air","conc.out"
"DTXSID2021781",278.35,0.0128631934423544,0.0532099257022627,29219.9890483964,0.671903889015646,0.000884874425359989,0.604136407189447,0
"DTXSID3020205",312.37,0.000426875891388269,0.00856354273256072,11848.5312416214,1.12753819891139,0.00112156309756169,0.344298202198803,0
"DTXSID7021360",92.14,4195.45814929817,4.1572945868297,554.604131768868,0.443249567760007,0.00149995157246961,0.845393502502396,0
"DTXSID8020462",106.12,0.212163422324047,6921.5899904573,0.190074760219841,3.65973175434929,0.00112834787355125,1.09799623667125,0
"DTXSID8020913",128.18,6.30372606561818,0.1200933825725,2747.9865647255,1.73777702378657,0.000856974118753196,0.942314556289529,0
