"dtxsid","molwt","vapor","solub","kow","decay.air","decay.sur","diffus.air","conc.out"
"DTXSID2021781",278.35,0.00573922499361986,0.0320607689919812,28319.601396472,0.627402569995282,0.000386938194852203,0.611356442961169,0
"DTXSID3020205",312.37,0.00179485206662937,0.0117689575468985,41059.6002854488,0.929665994222334,0.00129403426698041,0.80563673301893,0
"DTXSID7021360",92.14,3080.2864052805,4.42442908202732,426.127920301592,0.446728155119677,0.000965468050734091,0.943092363310842,0
"DTXSID8020462",106.12,1.04803676087545,6651.58885864653,0.0601692742570552,2.33136003939316,0.000835192823851277,1.17081434859077,0
"DTXSID8020913",128.18,4.64755078482625,0.189069682304943,3295.35906506368,1.50591974714936,0.0013312826823711,0.656762662412228,0
