"dtxsid","molwt","vapor","solub","kow","decay.air","decay.sur","diffus.air","conc.out"
"DTXSID2021781",278.35,0.00900644643601284,0.0509997942939053,28099.2687375646,1.08677516486119,0.00105100864992527,0.529334283579887,0
"DTXSID3020205",312.37,0.000493868343447238,0.00713834322162913,20897.6943793257,1.01626986724691,0.00109321254072525,0.635644457629314,0
"DTXSID7021360",92.14,3711.47176822873,3.55271593284913,496.966007869071,0.462628637803381,0.00113808046186948,1.14374136448918,0
"DTXSID8020462",106.12,0.305773808281996,7656.36527775845,0.0879660277952679,1.56723239106172,0.000926622610618494,0.630676486469079,0
"DTXSID8020913",128.18,5.41620866681078,0.135601825124647,2985.76758892078,0.938908590921145,0.000952262466672163,0.621789182019408,0
