"dtxsid","molwt","vapor","solub","kow","decay.air","decay.sur","diffus.air","conc.out"
"DTXSID2021781",278.35,0.0013722349006081,0.0410037232777858,28758.6315556189,0.876269981539035,0.000817249736976219,0.378596997542068,0
"DTXSID3020205",312.37,0.0005665948807241,0.0106336557924779,19191.4321434107,0.426385923503157,0.00124844667773886,0.316560483252188,0
"DTXSID7021360",92.14,8621.82354081752,4.34672067775364,407.579649086904,0.935938402263446,0.000603542895916179,0.58538414229097,0
"DTXSID8020462",106.12,0.536051716753969,10202.672025293,0.0607712775496572,2.12309211766845,0.000731826375160871,0.467986161622299,0
"DTXSID8020913",128.18,12.3035329087899,0.145813727559467,1845.36737562915,1.3583377753085,0.000740148583340522,0.829556490725531,0
