"dtxsid","molwt","vapor","solub","kow","decay.air","decay.sur","diffus.air","conc.out"
"DTXSID2021781",278.35,0.00179177944494064,0.0310256961980886,80164.9524642877,0.668112882786061,0.00143974475823524,0.317323728265659,0
"DTXSID3020205",312.37,0.000560097400244915,0.00888717875306996,20294.9389885257,0.405542639047515,0.000683445356119148,0.427380573211572,0
"DTXSID7021360",92.14,3440.64056118775,4.81997454462717,158.655134075497,0.478206204068728,0.00103335372763687,0.741316566527921,0
"DTXSID8020462",106.12,1.59745838873614,8474.15156492798,0.0824872503464217,1.60451777913122,0.00164402172470862,0.805771755379017,0
"DTXSID8020913",128.18,29.673592661309,0.165825071065963,1080.30271977013,2.60609385634729,0.000894319263593023,0.862903415013743,0
