"dtxsid","molwt","vapor","solub","kow","decay.air","decay.sur","diffus.air","conc.out"
"DTXSID2021781",278.35,0.00722455854190376,0.0477240508686148,21081.728257112,0.845606729909891,0.000556146954622797,0.563193175862021,0
"DTXSID3020205",312.37,0.000360540753596492,0.00621529653559291,36885.1252013932,0.992666234144265,0.000778107081929103,0.522398150467153,0
"DTXSID7021360",92.14,3212.77794280611,2.84105524624085,416.851934572276,0.526871245759163,0.000920712734403026,1.19254311524897,0
"DTXSID8020462",106.12,1.9113476695603,5236.82816783919,0.0638396623247182,2.08558329630769,0.000878483200228843,0.563447737295595,0
"DTXSID8020913",128.18,1.87797187284222,0.119897633820769,1208.02318890524,1.1545642728505,0.00102668639618853,0.610633852253889,0
