"dtxsid","molwt","vapor","solub","kow","decay.air","decay.sur","diffus.air","conc.out"
"DTXSID2021781",278.35,0.00469092921163273,0.0329199945350716,38773.475562069,0.270500298664501,0.0010511278410486,0.421254314811994,0
"DTXSID3020205",312.37,0.000295097098131403,0.00978007626551092,28406.8615901265,0.563182028440154,0.000834281254613236,0.245826036924523,0
"DTXSID7021360",92.14,4125.67072977324,3.51049780326388,700.003150494208,0.559741807868079,0.000602904082744437,1.20560940266346,0
"DTXSID8020462",106.12,0.359658688740927,5526.20930161779,0.0714794741255374,2.50029495170599,0.000765937496047529,0.942226796172119,0
"DTXSID8020913",128.18,9.93893565754205,0.158121768890836,2304.68190132261,1.0984049214746,0.000832876082311234,1.10289122250219,0
