"dtxsid","molwt","vapor","solub","kow","decay.air","decay.sur","diffus.air","conc.out"
"DTXSID2021781",278.35,0.00103735567926541,0.0378611505091338,25214.8684544036,0.706295409408884,0.00115815471954965,0.409582039442938,0
"DTXSID3020205",312.37,0.000844338281220953,0.0117881559420072,11957.1940072793,0.383835484218722,0.00074990799775337,0.454206258701782,0
"DTXSID7021360",92.14,3502.24181406704,8.30827136739023,705.986633563481,0.245174055510069,0.00148787766314323,1.00391911467953,0
"DTXSID8020462",106.12,0.469754832673519,8498.9747911563,0.0938230764486594,1.21889371529617,0.00086470125422852,1.12364951765499,0
"DTXSID8020913",128.18,3.52874042408638,0.170533511477778,2227.07869859785,0.984556498970729,0.00113181450797476,1.4838251280263,0
