"dtxsid","molwt","vapor","solub","kow","decay.air","decay.sur","diffus.air","conc.out"
"DTXSID2021781",278.35,0.0047824664901584,0.0437597561712792,21610.0896340119,0.669497891021497,0.00142314536087176,0.54078452023112,0
"DTXSID3020205",312.37,0.000526576919619118,0.00695778846399322,28195.6946336708,0.621513847863262,0.000637984672850207,0.797951464100673,0
"DTXSID7021360",92.14,5684.47877494127,5.35244222798638,377.46508984601,0.452421283730589,0.000959823052283072,0.588370311227801,0
"DTXSID8020462",106.12,0.828471840142751,8373.13283805162,0.0610495577072897,1.28391346072272,0.000268564444094387,0.811696041474459,0
"DTXSID8020913",128.18,21.9184904281747,0.107474930176212,3636.62397673705,1.31681747537111,0.00154415159919124,0.583980371209713,0
