"dtxsid","molwt","vapor","solub","kow","decay.air","decay.sur","diffus.air","conc.out"
"DTXSID2021781",278.35,0.00632475512999617,0.0296257063288446,41126.5557559405,0.637251605890919,0.00320618562828604,0.617187532636777,0
"DTXSID3020205",312.37,0.000574090213309293,0.0110845711794723,32690.5166278211,0.463798968208958,0.00114300165534268,0.394022213544654,0
"DTXSID7021360",92.14,3996.06536783301,5.71631748434652,180.834453412021,0.484897841177012,0.000770733300896842,0.646839989982906,0
"DTXSID8020462",106.12,0.549021959824133,7194.42003856675,0.0994163568288809,2.78911675077248,0.000925171640937848,0.854457967323204,0
"DTXSID8020913",128.18,7.42779736368803,0.131582104519192,3468.64028802428,1.23968097813642,0.00049611910965245,0.78100491065576,0
