"dtxsid","molwt","vapor","solub","kow","decay.air","decay.sur","diffus.air","conc.out"
"DTXSID2021781",278.35,0.00179889686228094,0.0515165907454722,42767.7787659528,0.656303570265055,0.00102776747529441,0.695847417634429,0
"DTXSID3020205",312.37,0.000470676881157726,0.0147023502589864,12529.9357474143,1.07444360171977,0.000730501482798539,0.563300167408275,0
"DTXSID7021360",92.14,1901.41543116558,4.495895216729,399.37424764392,0.560732164770764,0.00172970227216549,0.647890838051066,0
"DTXSID8020462",106.12,0.681004697840165,9950.04774154314,0.0627610763762386,1.48347798639616,0.00052784266222114,1.21977726040444,0
"DTXSID8020913",128.18,5.40343559062458,0.122857948556787,2625.5913963433,1.03879535430749,0.000975021577341318,0.586814090941335,0
