"dtxsid","molwt","vapor","solub","kow","decay.air","decay.sur","diffus.air","conc.out"
"DTXSID2021781",278.35,0.00350434580723887,0.0457695486448817,35908.3927596626,0.253167661981664,0.000650601278036553,0.437082467765591,0
"DTXSID3020205",312.37,0.000577314219996362,0.00915823957796921,24801.4479026504,0.920474634588512,0.000804714993709987,0.615539734730633,0
"DTXSID7021360",92.14,5002.87260057823,4.21182343020876,549.743851457154,0.324276063131798,0.000947895290502775,0.933876659336293,0
"DTXSID8020462",106.12,1.13329797542155,6052.32235869431,0.0447450779385843,1.33640227010776,0.0015081538796654,0.62658286514104,0
"DTXSID8020913",128.18,1.37136343083094,0.0898144175143091,1510.69099875526,1.90802937179946,0.001617472159236,1.17203390472149,0
