"dtxsid","molwt","vapor","solub","kow","decay.air","decay.sur","diffus.air","conc.out"
"DTXSID2021781",278.35,0.00554921920469326,0.0304090919630587,14679.6651614533,0.546957386383034,0.00151359110366808,0.591079973739733,0
"DTXSID3020205",312.37,0.00141784771593265,0.018494559389808,26594.6874095891,1.29278351695937,0.0015242797794728,0.47301080221074,0
"DTXSID7021360",92.14,1963.89807560523,6.21025372526166,340.894243278224,0.365827602114641,0.000628310572040817,0.629413431668681,0
"DTXSID8020462",106.12,0.634234722642105,7941.64662782132,0.038507543587217,2.79107032828336,0.000762356467241512,0.941532511060377,0
"DTXSID8020913",128.18,9.19906239388006,0.116864694924006,3079.57797435137,1.3338522617879,0.00102762992133071,0.795415576830906,0
