"dtxsid","molwt","vapor","solub","kow","decay.air","decay.sur","diffus.air","conc.out"
"DTXSID2021781",278.35,0.00347631105693065,0.0350511702248545,27187.4361601339,0.737833175713328,0.00114693436406671,0.628787135068871,0
"DTXSID3020205",312.37,0.000863593965844124,0.0068187959593906,23102.4158461555,0.728316658051084,0.00119551745248911,0.594445892277493,0
"DTXSID7021360",92.14,2753.3596006433,4.87963014617914,691.953432098822,0.403355449091837,0.00124863308774549,0.727954969839789,0
"DTXSID8020462",106.12,0.953687529065212,5332.33272117785,0.171868165220523,1.68954758968936,0.001046057041056,0.674724657972498,0
"DTXSID8020913",128.18,5.9499563931852,0.144577878703181,1758.66285233214,1.24902974378656,0.00138001257628536,0.47128195011019,0
