"dtxsid","molwt","vapor","solub","kow","decay.air","decay.sur","diffus.air","conc.out"
"DTXSID2021781",278.35,0.002804711215369,0.0507579392039649,56688.1644409153,0.52695178221967,0.00152665984037561,0.667889191666217,0
"DTXSID3020205",312.37,0.000895065259791127,0.00637448420945465,31423.6674338336,1.04913786678242,0.000859968409566283,0.434592309362161,0
"DTXSID7021360",92.14,2218.84135730603,3.95736850548266,577.778498543326,1.19145981456019,0.00154467676276787,0.524926627134455,0
"DTXSID8020462",106.12,0.990842946386802,9522.56065373205,0.108361020510831,1.38767999514966,0.000898782100980005,0.794432557898792,0
"DTXSID8020913",128.18,4.73987062332512,0.216973737078036,2889.11761270361,1.22756133522441,0.00112966436935063,1.42044432563084,0
