"dtxsid","molwt","vapor","solub","kow","decay.air","decay.sur","diffus.air","conc.out"
"DTXSID2021781",278.35,0.00196041821072266,0.0353177652937658,37070.2568127749,0.894409609536503,0.00124560641096305,0.663034979174234,0
"DTXSID3020205",312.37,0.000136001958210427,0.0106924798691829,21413.2491976719,1.2842585833406,0.00149845985952908,0.512145614131777,0
"DTXSID7021360",92.14,2363.23055300636,4.91905914906741,395.196602184807,0.231358723661963,0.00222163708289858,1.02462524103784,0
"DTXSID8020462",106.12,0.381199870411302,9625.11026549592,0.0356360707760389,3.72208564208498,0.00135964417416054,0.779463381263934,0
"DTXSID8020913",128.18,7.54258054525651,0.157617975080147,4176.9808756838,0.873719865483026,0.000263289927689896,0.948766186927612,0
