"dtxsid","molwt","vapor","solub","kow","decay.air","decay.sur","diffus.air","conc.out"
"DTXSID2021781",278.35,0.00356215314611373,0.0347039604368403,19387.3078150207,0.313783752836551,0.00216274282602523,0.329404978241987,0
"DTXSID3020205",312.37,0.000578461561835258,0.00794298016545445,16724.1847358047,0.693657759205098,0.00162918532868705,0.368721128487684,0
"DTXSID7021360",92.14,9947.84951403884,4.75816620252799,422.354182036671,0.525721033849757,0.00140643187397775,0.986810161835941,0
"DTXSID8020462",106.12,1.78397966949852,8028.91274086046,0.0547944043760574,2.00044532892148,0.000667439647397555,0.982120667653383,0
"DTXSID8020913",128.18,5.80905912026541,0.173478773956362,2046.82693106505,2.07949879297876,0.00212794978006816,0.641070475938688,0
