"dtxsid","molwt","vapor","solub","kow","decay.air","decay.sur","diffus.air","conc.out"
"DTXSID2021781",278.35,0.00392121105939739,0.0457492757780896,30539.0992145658,0.384726982022261,0.000604849599006743,0.406212527921208,0
"DTXSID3020205",312.37,0.00027631764392043,0.00884135609720332,22722.2130258995,0.518164651876722,0.00268053568166926,0.412663455271996,0
"DTXSID7021360",92.14,5217.43091616591,4.56168347003387,548.070437277105,0.43804308400751,0.00160209919459935,0.786765178475733,0
"DTXSID8020462",106.12,0.554584925672332,9672.4354056219,0.0708279236479499,1.94048571408447,0.000742921147132706,0.767455159917374,0
"DTXSID8020913",128.18,30.4250715105511,0.182174292186195,2379.48505998436,2.39196003858603,0.000950480369971446,1.20131819787831,0
