"dtxsid","molwt","vapor","solub","kow","decay.air","decay.sur","diffus.air","conc.out"
"DTXSID2021781",278.35,0.00513324984514976,0.0275516885275517,19925.8230717082,0.378322072892428,0.000545154825418789,0.283590599858799,0
"DTXSID3020205",312.37,0.000209881528908805,0.0112322740977581,13429.7886927786,0.494851041469105,0.000743028997571293,0.400045193977479,0
"DTXSID7021360",92.14,3411.49384981537,4.93293542305341,286.54808283636,0.302855178850919,0.000899107718828591,0.85902298768783,0
"DTXSID8020462",106.12,1.87924431476229,6303.11598843711,0.0767045867651065,2.16048404462275,0.00140345762885112,0.898882266566358,0
"DTXSID8020913",128.18,6.38501724635789,0.0843409220327601,2279.90496160793,1.72079022141456,0.000326615396973479,0.501503527986206,0
