"dtxsid","molwt","vapor","solub","kow","decay.air","decay.sur","diffus.air","conc.out"
"DTXSID2021781",278.35,0.00695643874253555,0.0283227146561018,16928.4187359758,0.42816219769242,0.000524668349148193,0.579226192507346,0
"DTXSID3020205",312.37,0.001271283823068,0.00910953441146097,29792.0080266028,0.598860755909484,0.00121146504923543,0.570514839451582,0
"DTXSID7021360",92.14,2958.30845759,4.59578567382623,456.287870086381,0.414246984540862,0.000816020582906861,0.754682319174641,0
"DTXSID8020462",106.12,0.766507428184831,9059.74964193526,0.0496601907712951,2.06271986139541,0.00121861280307931,0.72949088927575,0
"DTXSID8020913",128.18,3.45179986267751,0.164169453709919,3771.67318648051,1.95774195302185,0.000926426447055176,0.567244594279613,0
