"dtxsid","molwt","vapor","solub","kow","decay.air","decay.sur","diffus.air","conc.out"
"DTXSID2021781",278.35,0.00351141039084588,0.0286674312985082,19890.5964184142,0.397564070172712,0.00201398918592811,0.597099925437623,0
"DTXSID3020205",312.37,0.000378227564060173,0.00649302761328701,14443.673130735,0.726914239374965,0.000897707104782918,0.489694297356716,0
"DTXSID7021360",92.14,3469.26891105618,2.8516921458557,511.479204992139,0.613634712928648,0.000959607518282299,0.983499490904268,0
"DTXSID8020462",106.12,0.535265981500417,7337.04105153257,0.109808912890164,2.28302439800845,0.00192603653267693,0.761532327636321,0
"DTXSID8020913",128.18,2.51261428585297,0.119919570591482,3555.2192390027,0.753416151816206,0.0003975467216386,0.897493528808358,0
