"dtxsid","molwt","vapor","solub","kow","decay.air","decay.sur","diffus.air","conc.out"
"DTXSID2021781",278.35,0.00208097858111443,0.0451479396697882,39700.877010203,0.659848696804827,0.000886171155140621,0.749006277503181,0
"DTXSID3020205",312.37,0.00119120816398726,0.00688534930560957,21993.0613803627,1.13350856267333,0.000752533960947348,0.398599360833251,0
"DTXSID7021360",92.14,1715.07705591906,3.59545255204407,391.756983527928,0.216713853522589,0.000595205893726055,0.695330986545698,0
"DTXSID8020462",106.12,1.36244066508117,8466.81531568071,0.0391674689711507,0.700016745781396,0.00121247169474391,0.792061666628357,0
"DTXSID8020913",128.18,3.81746460886424,0.154199883567136,3973.08328342435,1.01052510217986,0.000968417487924115,0.725803139651956,0
