"dtxsid","molwt","vapor","solub","kow","decay.air","decay.sur","diffus.air","conc.out"
"DTXSID2021781",278.35,0.00188392802113361,0.0269660194835865,47665.8079365067,0.762030615489849,0.00153607974957054,0.586308689588402,0
"DTXSID3020205",312.37,0.000375949349629601,0.00973073803749816,20223.3418800329,0.78491146230799,0.00131561779460903,0.403121185360205,0
"DTXSID7021360",92.14,844.100065889432,2.01988242840379,271.500871029248,0.492455375274242,0.00116426285676422,0.829464773722187,0
"DTXSID8020462",106.12,0.27755820227576,6227.02715682735,0.117049327371318,3.10691101540228,0.00106104555880996,0.449124306655866,0
"DTXSID8020913",128.18,15.280215917071,0.152314888120191,2271.86300785546,0.561928523906658,0.00127088211849663,0.773248525295241,0
