"dtxsid","molwt","vapor","solub","kow","decay.air","decay.sur","diffus.air","conc.out"
"DTXSID2021781",278.35,0.00169462171482194,0.0431882055670465,22891.4509683196,0.331236096172711,0.000665652519259136,0.563341424653171,0
"DTXSID3020205",312.37,0.000746801534023355,0.00894713543373312,39283.7716630248,0.56852447719478,0.00131130130111902,0.518776938046593,0
"DTXSID7021360",92.14,11946.5280735271,4.11474353864235,504.070696733008,0.5546591140371,0.000844496432028172,0.764132216057894,0
"DTXSID8020462",106.12,0.680342561109818,9288.34091806838,0.0935789092627372,2.06200981477715,0.000650689481383699,0.686998307286521,0
"DTXSID8020913",128.18,12.6237153433736,0.152486855877266,2059.97739661932,0.806418777206658,0.000516995734829649,0.707315677189203,0
