"dtxsid","molwt","vapor","solub","kow","decay.air","decay.sur","diffus.air","conc.out"
"DTXSID2021781",278.35,0.00311182592233602,0.0298230005825312,27137.4328463851,0.582157092562339,0.00107885689819822,0.500936605772976,0
"DTXSID3020205",312.37,0.000268049188120438,0.00953660775316012,44539.3754072307,0.444095004732569,0.00136602805846,0.545355629734817,0
"DTXSID7021360",92.14,2476.19467389309,4.33869150268107,457.751611190719,0.490172707488977,0.00238650081733298,0.794743595847486,0
"DTXSID8020462",106.12,0.240442217057344,9711.69888593215,0.114147581496246,3.28577507007181,0.00134827492544563,0.848502428862515,0
"DTXSID8020913",128.18,5.35287536822503,0.15626729168155,2166.43987633713,1.4036313053923,0.00180131379603385,0.672526548672103,0
