"dtxsid","molwt","vapor","solub","kow","decay.air","decay.sur","diffus.air","conc.out"
"DTXSID2021781",278.35,0.00980696632684985,0.0418740746251768,23744.1270821685,0.441598057630117,0.000522655860567581,0.465832216562808,0
"DTXSID3020205",312.37,0.000300238438649109,0.00927915841528419,19649.287504389,0.714144307269252,0.00139125634690483,0.664224313398421,0
"DTXSID7021360",92.14,4237.81207581056,4.09769329516502,387.870769526265,0.520539239733215,0.00152674095859287,0.890836807300181,0
"DTXSID8020462",106.12,1.98698183871244,10581.3248292341,0.0962858599117807,2.65158441405929,0.00116847986463178,0.52664762496897,0
"DTXSID8020913",128.18,4.02138705470036,0.154984104197703,3891.08808191081,0.851034656977602,0.00124989538337872,0.976973530017241,0
