"dtxsid","molwt","vapor","solub","kow","decay.air","decay.sur","diffus.air","conc.out"
"DTXSID2021781",278.35,0.00108721885033944,0.0284770304284501,25725.4565294753,0.436251984726538,0.000771807677609984,0.596613272193346,0
"DTXSID3020205",312.37,0.00299086542994603,0.0145361083818648,15264.1087070891,1.14356418390232,0.00162899973514721,0.631022488362841,0
"DTXSID7021360",92.14,2457.89251817021,4.77491366908437,285.033062680875,0.6238791946679,0.00100993848699796,0.781321626038583,0
"DTXSID8020462",106.12,0.564216371904644,14864.2679026837,0.149604833178613,2.41819098424407,0.00196946866200941,0.799133320942328,0
"DTXSID8020913",128.18,11.351909964296,0.150376898033384,3713.40945513336,1.75088767530368,0.00177962888128478,0.711265306200704,0
