"dtxsid","molwt","vapor","solub","kow","decay.air","decay.sur","diffus.air","conc.out"
"DTXSID2021781",278.35,0.00392116501763443,0.0334532760633968,32367.0859257888,0.614526364265786,0.00134594384655635,0.803605768058674,0
"DTXSID3020205",312.37,0.00207143617126527,0.00977532836744149,50115.9661409225,1.19672793592546,0.000778293947480061,0.439283466643359,0
"DTXSID7021360",92.14,1184.65650451915,5.94639605425686,395.522317474299,0.417911818445543,0.00134629737569974,0.780307331079341,0
"DTXSID8020462",106.12,0.703007843275717,9417.89089856927,0.0247995399546257,1.63273768080675,0.000853486407054711,0.919828141748337,0
"DTXSID8020913",128.18,8.4609162726355,0.296441423221653,2266.57470157634,0.563200387661629,0.000659953556577889,0.540213093272797,0
