"dtxsid","molwt","vapor","solub","kow","decay.air","decay.sur","diffus.air","conc.out"
"DTXSID2021781",278.35,0.0037330772210446,0.0233961668385439,24494.3360905083,0.719432105375501,0.000440079896225623,0.881379877952837,0
"DTXSID3020205",312.37,0.000261941285122754,0.0106401244066966,17572.9520197229,0.585377397862383,0.00113026000626391,0.341844095478069,0
"DTXSID7021360",92.14,2007.69729447758,6.14638526497525,397.256831168794,0.591627744514914,0.000727051569882631,1.03910121245587,0
"DTXSID8020462",106.12,1.46947864751554,8578.73546322646,0.0481793092139281,3.64389499308928,0.0008607925703412,1.06941188811492,0
"DTXSID8020913",128.18,47.3247066428771,0.172577375329881,1659.64845609938,1.37489984434614,0.00155182858036607,0.734482118133929,0
