"dtxsid","molwt","vapor","solub","kow","decay.air","decay.sur","diffus.air","conc.out"
"DTXSID2021781",278.35,0.00275219359067557,0.0443000464023804,42671.9984857489,0.350011056571794,0.00103093808502367,0.646273890287803,0
"DTXSID3020205",312.37,0.000174771429208005,0.00671116743353976,22873.4297239286,1.07906059255529,0.000679895290107728,0.331118652559507,0
"DTXSID7021360",92.14,992.492632613477,5.68054322341911,398.717772125299,0.411407658678054,0.00143045018576961,0.990728582388905,0
"DTXSID8020462",106.12,1.08149040982163,6174.51737889797,0.0960974675461181,2.22561633248663,0.00141864452512718,0.448218779014961,0
"DTXSID8020913",128.18,10.7835444423697,0.184111546279945,2365.24851956549,1.19310130167688,0.00091352466553307,0.817059673772202,0
