"dtxsid","molwt","vapor","solub","kow","decay.air","decay.sur","diffus.air","conc.out"
"DTXSID2021781",278.35,0.00349917900297379,0.0622550577383366,38874.5141415684,1.04506723553578,0.00128412303642377,0.768619854798238,0
"DTXSID3020205",312.37,0.00041406800732432,0.00699471925669316,24726.8631421278,0.909809555616255,0.00174440859769564,0.429274349961088,0
"DTXSID7021360",92.14,5574.44833397551,3.95077862862911,500.874583819664,0.514084100772373,0.000592971659407674,0.758201265964731,0
"DTXSID8020462",106.12,0.876269278376204,6465.56588951388,0.0968159313710985,2.69955956884397,0.000787897703476686,0.889838923363159,0
"DTXSID8020913",128.18,2.98475817156515,0.127757973230927,2778.48405304188,2.05216664479866,0.00122480630188483,1.33642634596299,0
