"dtxsid","molwt","vapor","solub","kow","decay.air","decay.sur","diffus.air","conc.out"
"DTXSID2021781",278.35,0.00677402493572739,0.0558255392299747,43360.5536392071,1.03975952026508,0.00122554270299227,0.276325824980775,0
"DTXSID3020205",312.37,0.000682650432428311,0.00909591276722488,26303.5085019107,0.570251908541655,0.000712749427686777,0.648439275638496,0
"DTXSID7021360",92.14,7766.57351758079,6.72272571640963,510.282033911895,0.146388187643655,0.00125392225100691,0.697821622689612,0
"DTXSID8020462",106.12,0.983785616599913,5586.80722154567,0.0920276768516484,2.40219964679932,0.000700855807810652,0.487601618195181,0
"DTXSID8020913",128.18,30.7998334777168,0.146749690125462,2544.59042109871,1.29024209268146,0.000509979599506052,0.916665670479761,0
