"dtxsid","molwt","vapor","solub","kow","decay.air","decay.sur","diffus.air","conc.out"
"DTXSID2021781",278.35,0.00163442069366285,0.0553698013761184,61227.5132381199,0.453616763182276,0.00175275045238735,0.767910091273621,0
"DTXSID3020205",312.37,0.000803204299695364,0.0104933796064235,13001.9962335377,0.271619776269969,0.000631952488073406,0.447840169438816,0
"DTXSID7021360",92.14,5665.6033845939,6.52204311855419,344.025331220425,0.446978490361215,0.000846766848638415,0.756111299275022,0
"DTXSID8020462",106.12,0.567143800812164,9705.18183997267,0.0387165787961675,2.70625298185367,0.000559137894524551,0.923324803070348,0
"DTXSID8020913",128.18,7.25354348637032,0.0710848892825077,1715.39288206122,1.29310186199034,0.000662271766702851,0.7949156403005,0
