"dtxsid","molwt","vapor","solub","kow","decay.air","decay.sur","diffus.air","conc.out"
"DTXSID2021781",278.35,0.000782558691820465,0.0275512159507508,23163.6343286792,0.744182116315192,0.00374449891919218,0.716729254124769,0
"DTXSID3020205",312.37,0.000972457469773814,0.0141865124766768,24473.1278799521,0.856262231398657,0.00097327808605,0.423910545721174,0
"DTXSID7021360",92.14,2368.16089184394,4.644053810969,264.849504675904,0.397920835603998,0.00192817942282247,0.829167986234806,0
"DTXSID8020462",106.12,0.333724988629856,7656.73335688593,0.0700074199908794,1.28337264198341,0.000698517496733636,1.02415137192642,0
"DTXSID8020913",128.18,11.2662748828298,0.266075488389592,3379.17730499732,0.556820629102353,0.00105543094565989,1.17366275882828,0
