"dtxsid","molwt","vapor","solub","kow","decay.air","decay.sur","diffus.air","conc.out"
"DTXSID2021781",278.35,0.0020480814394835,0.0277078962716003,27044.6241431774,0.403798304849433,0.000842209060968739,0.484920774422678,0
"DTXSID3020205",312.37,0.00050242486700927,0.00950057000480007,13643.3244224327,0.638825885119422,0.00117426874110443,0.627487602885085,0
"DTXSID7021360",92.14,2536.57775755599,4.45543126272027,947.457968521544,0.315488870241442,0.00217095893117157,0.566315432707946,0
"DTXSID8020462",106.12,0.854900092793575,5962.67539204176,0.0695705615436816,2.67842669343058,0.00151868267123591,0.791178217416563,0
"DTXSID8020913",128.18,8.35838585863438,0.0934069767476196,1589.55202457155,1.73964965464231,0.00155582253648401,0.723193550195562,0
