"dtxsid","molwt","vapor","solub","kow","decay.air","decay.sur","diffus.air","conc.out"
"DTXSID2021781",278.35,0.00173576689429858,0.0328455851524322,41924.2955277324,0.883406309036691,0.00183823755018538,0.472238849040003,0
"DTXSID3020205",312.37,0.000353882750025857,0.0118780997297001,18412.1317417537,1.14712080941168,0.000684882628137422,0.417908182396188,0
"DTXSID7021360",92.14,8618.06994651775,4.60815185757336,216.042425177437,0.372595697721743,0.000918690358430796,1.04238519245386,0
"DTXSID8020462",106.12,3.20645454859817,7719.03293640122,0.141210899171547,1.49713862836638,0.00157792124141497,0.905534351686596,0
"DTXSID8020913",128.18,10.4667925633339,0.103949445735283,2499.02720671854,2.11450299293613,0.00116978524660582,0.91737386849612,0
