"dtxsid","molwt","vapor","solub","kow","decay.air","decay.sur","diffus.air","conc.out"
"DTXSID2021781",278.35,0.00450029113564931,0.0284436613422291,24676.8028522358,0.652910460318334,0.00171188487703109,0.65518345441535,0
"DTXSID3020205",312.37,0.000132491367866341,0.0242361462676775,46062.5594807313,0.600493126256958,0.000886058543146498,0.923548629286197,0
"DTXSID7021360",92.14,1786.25837041137,3.28967518001278,505.889241230522,0.371889684465422,0.00154367411967572,0.595347728010657,0
"DTXSID8020462",106.12,0.863286363256925,8326.97825763432,0.0964926428537039,3.00768640310606,0.00110908091123158,0.696383410752876,0
"DTXSID8020913",128.18,12.7583457469849,0.156457983256191,2061.84473551301,3.5702610409561,0.000957211741620096,0.905801275001151,0
