"dtxsid","molwt","vapor","solub","kow","decay.air","decay.sur","diffus.air","conc.out"
"DTXSID2021781",278.35,0.00375867575185363,0.0481072506914029,51897.9933806454,0.660064541612815,0.00143234661117149,0.444643509483654,0
"DTXSID3020205",312.37,0.000505120665299417,0.00613412692071417,25657.8362717341,0.689705889223963,0.00126439539068087,0.387387611529697,0
"DTXSID7021360",92.14,2549.82350521876,6.20210914363495,434.82022942018,0.514282189409087,0.00113777883231525,0.699900078306763,0
"DTXSID8020462",106.12,0.467025756942477,8881.75102085005,0.234467794141189,2.33213569754947,0.000655934261439396,0.598409201593437,0
"DTXSID8020913",128.18,4.58859156275471,0.138139140199586,3419.37163944534,3.00492754660139,0.00098256900732248,0.819041990517805,0
