"dtxsid","molwt","vapor","solub","kow","decay.air","decay.sur","diffus.air","conc.out"
"DTXSID2021781",278.35,0.0108649577853848,0.0578355464374477,38656.8345744699,0.52956274510484,0.000453814606269384,0.683535083204097,0
"DTXSID3020205",312.37,0.000961410040644867,0.0117505295093895,11610.0198043374,0.368843810298451,0.000374516209510583,0.531543026275715,0
"DTXSID7021360",92.14,5268.15777832802,3.01892497363105,406.200393648438,0.623735300018411,0.00255886535459508,0.858312541209971,0
"DTXSID8020462",106.12,0.904622207441118,9535.61825835424,0.0642435933259966,1.19978505087143,0.000881876671048911,0.664682867791275,0
"DTXSID8020913",128.18,9.39073290511065,0.259380586777038,2830.32536870833,2.69404760465644,0.00101844598795241,0.677085036261011,0
