"dtxsid","molwt","vapor","solub","kow","decay.air","decay.sur","diffus.air","conc.out"
"DTXSID2021781",278.35,0.005089775467252,0.0465389463790523,36071.8328130502,1.01203878216136,0.000821799402187348,0.599272417118418,0
"DTXSID3020205",312.37,0.000709842296076656,0.00781105743181054,11018.2927864096,0.343083730367857,0.000877543505365306,0.584613444284567,0
"DTXSID7021360",92.14,1775.69968000475,4.58054622322657,417.303384080629,0.283052132846726,0.00093402653094824,0.838348702160009,0
"DTXSID8020462",106.12,0.300384342505164,10682.5979224775,0.110348394464496,1.44993142423596,0.000828425783276278,0.800772013444263,0
"DTXSID8020913",128.18,11.0415346950582,0.102292062287833,1707.69126270515,1.28933307563348,0.000933968274107493,0.669555559454587,0
