"dtxsid","molwt","vapor","solub","kow","decay.air","decay.sur","diffus.air","conc.out"
"DTXSID2021781",278.35,0.00214165592740398,0.0402964129062213,21423.2988276943,0.397769710411883,0.000516358990721379,0.527912822751065,0
"DTXSID3020205",312.37,0.000512788637603261,0.00743697688612216,17529.4832587141,0.548126539969726,0.00167733754347222,0.513480639566059,0
"DTXSID7021360",92.14,4281.93701798509,4.58478045177688,435.706310379844,0.795743991060938,0.00130846822923663,0.948972288647061,0
"DTXSID8020462",106.12,1.54103316010646,7671.76113972926,0.0811939983519252,1.81389836547091,0.000860387145948196,0.906843106145906,0
"DTXSID8020913",128.18,3.40444946132626,0.166289848572915,2873.88946274817,0.903761833334153,0.00143251228240259,0.722234081900803,0
