"dtxsid","molwt","vapor","solub","kow","decay.air","decay.sur","diffus.air","conc.out"
"DTXSID2021781",278.35,0.00149209135968028,0.0415610438326372,47772.3290910659,0.562298099171379,0.0008046282407865,0.53702977468244,0
"DTXSID3020205",312.37,0.000454345650721431,0.0158403339882389,35139.4884254238,0.876715590559499,0.00166145558580842,0.366891149960601,0
"DTXSID7021360",92.14,3867.75029996558,6.34089382246118,951.330665045627,0.377572393814952,0.000993474338622284,1.04501594907162,0
"DTXSID8020462",106.12,1.66081801050293,8897.41908115152,0.0965875126272152,3.14487339272345,0.0012554520538904,0.740023485276615,0
"DTXSID8020913",128.18,3.8148945302781,0.147047138707009,3022.0436459029,1.66806829789313,0.00150422773648845,0.791651336427774,0
