"dtxsid","molwt","vapor","solub","kow","decay.air","decay.sur","diffus.air","conc.out"
"DTXSID2021781",278.35,0.00250046088192169,0.0686202760058614,17632.5865450768,0.508614939410766,0.00106900762255472,0.549648380840968,0
"DTXSID3020205",312.37,0.00193599090700028,0.00807413434211987,23461.2124809283,0.572872027601817,0.00129279391860155,0.44768329845033,0
"DTXSID7021360",92.14,2676.96271411571,6.17070620899142,296.027017611291,0.450353668761923,0.00171429823282326,1.2872614657887,0
"DTXSID8020462",106.12,0.236185732528835,9616.90217896388,0.0435944531559944,1.56561496643862,0.00087813494264458,0.91945876074521,0
"DTXSID8020913",128.18,7.80238859080729,0.126515746646695,2670.59880867113,1.63995246674501,0.00197096142295129,0.889013696801632,0
