"dtxsid","molwt","vapor","solub","kow","decay.air","decay.sur","diffus.air","conc.out"
"DTXSID2021781",278.35,0.00410399419353104,0.0330975146003503,33381.4404977649,0.243493447760841,0.0018389900584341,0.610837718672433,0
"DTXSID3020205",312.37,0.000928280070736614,0.0104329083491299,38087.3684896743,0.854785906581696,0.000867885540284229,0.488915673103966,0
"DTXSID7021360",92.14,343.447600661296,4.74578340058431,346.24337854848,0.507477760345469,0.00139306589411743,0.744136825834604,0
"DTXSID8020462",106.12,0.323001560652892,7655.93720765896,0.0656928724435371,1.77815002283218,0.00142170014955922,0.50951054307527,0
"DTXSID8020913",128.18,5.83744927121851,0.124371682034948,2868.54584452985,1.38942416826425,0.00118620749636696,0.669796124708256,0
