"dtxsid","molwt","vapor","solub","kow","decay.air","decay.sur","diffus.air","conc.out"
"DTXSID2021781",278.35,0.00112089846840577,0.046059084296471,32716.1655514745,0.275979196709474,0.000875039386137786,0.789290979379069,0
"DTXSID3020205",312.37,0.000215191689790375,0.00951225487604397,17951.8717037309,0.537565844857264,0.000667804193802239,0.258921835603646,0
"DTXSID7021360",92.14,1705.58707636993,4.53813605079281,307.076727872941,0.412056959357552,0.00193589444253875,0.690708396957279,0
"DTXSID8020462",106.12,0.452009022024971,5508.6133035423,0.06758578733882,1.2371868926265,0.00240583867325676,0.691297749147251,0
"DTXSID8020913",128.18,5.80683742521755,0.0866285436419619,1608.64411119004,1.33640802036212,0.00162864362838584,0.79566351111527,0
