"dtxsid","molwt","vapor","solub","kow","decay.air","decay.sur","diffus.air","conc.out"
"DTXSID2021781",278.35,0.000887533792504852,0.0195632729611765,18015.7988475062,0.57707033925506,0.000589710936537786,0.760920559803442,0
"DTXSID3020205",312.37,0.000395783133434588,0.00696152531830979,42206.3056312563,0.439339492608006,0.000699856112815598,0.64289110033506,0
"DTXSID7021360",92.14,9034.69294988851,6.2035219901478,627.702805166174,0.824149776537947,0.00079181801972221,0.617874654572021,0
"DTXSID8020462",106.12,0.421113135886023,9926.12413045885,0.0697534639065542,1.84808911555535,0.000306058544490667,0.41627037195838,0
"DTXSID8020913",128.18,15.7010221411727,0.144429037863939,1755.16266277476,1.13816044715889,0.000806122578951413,0.746637614979146,0
