"dtxsid","molwt","vapor","solub","kow","decay.air","decay.sur","diffus.air","conc.out"
"DTXSID2021781",278.35,0.00415574155014414,0.0433680306759592,23626.1839342264,0.620862280076564,0.000976395584628953,0.625885946265618,0
"DTXSID3020205",312.37,0.000409731353602408,0.00962155820522383,23825.9418699832,0.61949352853608,0.000813464123672388,0.437482198505959,0
"DTXSID7021360",92.14,5139.66581640955,7.40740366175922,229.187063811274,0.878074012021277,0.000638345240605249,0.939469270742469,0
"DTXSID8020462",106.12,0.693917109524345,13059.4311727967,0.0507600359304941,1.44195800516257,0.00110376998108154,0.639087059595894,0
"DTXSID8020913",128.18,21.0945075139105,0.132011904488023,2445.91043000964,2.12842539702297,0.000728915525922758,0.678976524696163,0
