"dtxsid","molwt","vapor","solub","kow","decay.air","decay.sur","diffus.air","conc.out"
"DTXSID2021781",278.35,0.00290113769160669,0.0330313102528536,39681.832842465,1.01501547496949,0.00112536968954545,0.658068202173034,0
"DTXSID3020205",312.37,0.00113190705618793,0.0105361892051057,42355.63984086,0.684375317283068,0.00400339805381803,0.392847853170125,0
"DTXSID7021360",92.14,7231.96553603078,4.35329891075075,303.176853160783,0.499357922020438,0.00088802312878728,0.6891994147368,0
"DTXSID8020462",106.12,0.520738538511667,4132.93942500338,0.136090208398177,1.8283665608141,0.000703982041183606,0.843844094823304,0
"DTXSID8020913",128.18,5.82113980218628,0.168916669912595,1550.84145297047,1.7737187872745,0.000815711591232142,0.679298563280948,0
