"dtxsid","molwt","vapor","solub","kow","decay.air","decay.sur","diffus.air","conc.out"
"DTXSID2021781",278.35,0.0139493600910584,0.0317405009759,25858.8243486362,0.272854517512946,0.000894651349058072,0.39817716956547,0
"DTXSID3020205",312.37,0.000507176331187655,0.00636086368587461,16898.8663543999,0.751440419243713,0.000707537340343093,0.430771723622566,0
"DTXSID7021360",92.14,7609.83511581189,6.44687309300112,351.503940209143,0.190688278663767,0.000304274350862053,0.818330103803974,0
"DTXSID8020462",106.12,0.576359508671246,9248.21108284936,0.0743278179603618,2.13297816235462,0.00155644279925886,0.832442385171022,0
"DTXSID8020913",128.18,14.9184419660743,0.14442651851015,2186.99464054031,0.802009231982173,0.00115850854942835,0.87188823038457,0
