"dtxsid","molwt","vapor","solub","kow","decay.air","decay.sur","diffus.air","conc.out"
"DTXSID2021781",278.35,0.0037739330998326,0.0413498526428287,64811.9788389345,0.237632457731587,0.00194148079337964,0.466069100962159,0
"DTXSID3020205",312.37,0.000425527850702226,0.00941893033925612,32972.7996341766,1.0120489880031,0.00167419315261638,0.343024624603743,0
"DTXSID7021360",92.14,20505.0633159527,4.82278182608442,588.449275536838,0.615823972786812,0.00151479534041814,1.04596443051131,0
"DTXSID8020462",106.12,1.15858685925117,5861.33949473158,0.172589354357789,1.35228008171408,0.000481149544220955,0.827782303406311,0
"DTXSID8020913",128.18,6.26753892912107,0.110943385726772,3861.26916662654,1.07354485630378,0.000775514868227858,0.768309252516291,0
