"dtxsid","molwt","vapor","solub","kow","decay.air","decay.sur","diffus.air","conc.out"
"DTXSID2021781",278.35,0.00733888994191792,0.0300403162462613,16234.0297096779,0.347762988942074,0.00202187620302062,0.43637965213212,0
"DTXSID3020205",312.37,0.000441611358608017,0.00767664932012549,22046.3990668804,0.673353651360852,0.00175074567163297,0.553502554920002,0
"DTXSID7021360",92.14,4936.88301373654,5.58414719524307,252.172458613978,0.33177903487467,0.00159119112006975,1.50146257615471,0
"DTXSID8020462",106.12,0.451999694594609,6449.58135270171,0.0569593886815996,2.80884675125304,0.000886760778028908,0.734633288136416,0
"DTXSID8020913",128.18,9.81722387723578,0.168176488357613,2974.48167719506,1.79704772960499,0.00170385668332195,0.651985703742388,0
