"dtxsid","molwt","vapor","solub","kow","decay.air","decay.sur","diffus.air","conc.out"
"DTXSID2021781",278.35,0.00368913330851691,0.0280619784530748,20347.9387342643,0.425559353187149,0.000827599970396414,0.301778490455673,0
"DTXSID3020205",312.37,0.000898570250695863,0.00700599795235381,30016.6723997402,1.14135307558624,0.000848121242901321,0.311952973887288,0
"DTXSID7021360",92.14,4299.12400810706,5.86644560690228,426.061168706739,0.359654425467514,0.000868624485614642,1.14789021818308,0
"DTXSID8020462",106.12,1.59639015240672,11629.076919749,0.150186538069906,2.39275444957919,0.000593453644347611,1.09834488288211,0
"DTXSID8020913",128.18,14.576709427151,0.152069756705697,2680.34753378089,1.06405755701404,0.00349810547186256,0.79364552228309,0
