"dtxsid","molwt","vapor","solub","kow","decay.air","decay.sur","diffus.air","conc.out"
"DTXSID2021781",278.35,0.00217962081611225,0.0313651285765638,21637.2534055855,0.424903355880254,0.000706095672078719,0.391798571852004,0
"DTXSID3020205",312.37,0.000434149686461777,0.00706157963986232,10507.6229768953,1.19864999105985,0.000636750788343108,0.843912029568609,0
"DTXSID7021360",92.14,3325.10305388944,3.71344069942329,756.859646478398,0.428498639960753,0.000550094006865071,0.521720356585888,0
"DTXSID8020462",106.12,0.928258736641351,5402.2196455935,0.0343808285616715,1.95919727584591,0.000725243930425293,1.09830271354631,0
"DTXSID8020913",128.18,15.2029241710536,0.105342488510664,3903.11989578499,1.00805560663972,0.000660119043174602,1.14248863512249,0
