"dtxsid","molwt","vapor","solub","kow","decay.air","decay.sur","diffus.air","conc.out"
"DTXSID2021781",278.35,0.000887406106870273,0.0393993055266061,59784.8982853661,0.61430395134604,0.000591522868589699,0.479158739631776,0
"DTXSID3020205",312.37,0.00065103161094512,0.0124849543290805,21739.1394672108,1.02079459572272,0.00127678065031496,0.391397910376752,0
"DTXSID7021360",92.14,1724.39874642297,3.88361384791218,290.861564225238,0.224868437531777,0.000860594845734333,0.617503376766152,0
"DTXSID8020462",106.12,1.19553977457998,8114.89296501426,0.166732555394838,1.97998449334494,0.000633606606326057,1.17925124119198,0
"DTXSID8020913",128.18,6.25801793323569,0.200035884260546,2558.89676650264,1.96825238087499,0.00132393840769209,1.02399579860392,0
