"dtxsid","molwt","vapor","solub","kow","decay.air","decay.sur","diffus.air","conc.out"
"DTXSID2021781",278.35,0.0012349914669557,0.0443695225590132,24558.7782466693,1.08134134106184,0.0013268697256783,0.670307037045203,0
"DTXSID3020205",312.37,0.00057288443291318,0.00642386892664429,17325.5791852839,0.665530871032884,0.00148982667382708,0.467711488511115,0
"DTXSID7021360",92.14,2616.83234170481,4.70349923075978,385.95312040676,0.394744623021164,0.0017544819542674,0.830036715371831,0
"DTXSID8020462",106.12,1.47030753995567,6715.44175446833,0.0963255651814913,2.60184485579796,0.00065542906078196,0.474603747285559,0
"DTXSID8020913",128.18,12.5671833312303,0.162430069762965,3071.59116193638,2.15413852536559,0.00145144257946315,0.863622792800679,0
