"dtxsid","molwt","vapor","solub","kow","decay.air","decay.sur","diffus.air","conc.out"
"DTXSID2021781",278.35,0.00292828569823641,0.0378942226729153,48892.823293665,0.441193272740696,0.00104044070858539,0.40394572285473,0
"DTXSID3020205",312.37,0.001690535352945,0.0094857999028058,27572.6085430655,0.675886791283926,0.000728063267428467,0.389438983849689,0
"DTXSID7021360",92.14,2006.89067358264,4.49078399212887,507.525908755335,0.529347263858807,0.0016617820526646,0.461250514752894,0
"DTXSID8020462",106.12,1.31234774271535,7036.34701504063,0.0890409413910783,1.16139345772887,0.00105902231909213,0.452916038541823,0
"DTXSID8020913",128.18,3.43098991785336,0.118371393207381,2362.75381445789,1.31546074408778,0.000859021857397456,0.372192698929915,0
