"dtxsid","molwt","vapor","solub","kow","decay.air","decay.sur","diffus.air","conc.out"
"DTXSID2021781",278.35,0.006208131160219,0.0248724696346268,12467.3554147267,0.561052617345578,0.00105234682230355,0.380021716921783,0
"DTXSID3020205",312.37,0.000701138276689826,0.00825832690269017,36490.4639539613,0.9709766455816,0.00111277104016285,0.627707352310873,0
"DTXSID7021360",92.14,1898.04358755966,6.11764145774258,620.686476389546,0.392961166572448,0.00117916556807999,0.768832161554482,0
"DTXSID8020462",106.12,0.204027663219172,9229.0130399556,0.0434816985914135,2.07652444285754,0.000429307569026925,0.495193852771076,0
"DTXSID8020913",128.18,10.5479216363338,0.11810467580564,5278.09320337377,1.14016553376363,0.000975628697254421,0.433322363360007,0
