"dtxsid","molwt","vapor","solub","kow","decay.air","decay.sur","diffus.air","conc.out"
"DTXSID2021781",278.35,0.00310644281571783,0.0327533966702335,17882.8182717908,0.447023666598175,0.00106272785060787,0.352637683917715,0
"DTXSID3020205",312.37,0.000422376927467732,0.00952621675612077,26659.5943067976,1.00182704156703,0.00171844796425228,0.683020141305667,0
"DTXSID7021360",92.14,3244.5435119955,5.58376288349147,381.092739363485,0.142801650185769,0.000769030260687836,0.577585317757346,0
"DTXSID8020462",106.12,0.630017596957381,7038.05501033485,0.0531502875025348,1.53406084472743,0.00119422212610648,1.07767297977949,0
"DTXSID8020913",128.18,9.30855306460894,0.146177253080475,3387.19752349697,1.3859958753674,0.00119308945536173,0.869649725230171,0
