"dtxsid","molwt","vapor","solub","kow","decay.air","decay.sur","diffus.air","conc.out"
"DTXSID2021781",278.35,0.00264186437240405,0.0297420315690607,30426.2243427559,0.690243850182819,0.00094615081078906,0.31711485336321,0
"DTXSID3020205",312.37,0.00033700044842992,0.00739362435449742,26936.0214136982,0.537634383540325,0.00110486577202516,0.499098349983256,0
"DTXSID7021360",92.14,5828.91935916715,4.65691020330872,216.33776957423,0.349398674773943,0.00131219778300551,0.962164133838058,0
"DTXSID8020462",106.12,1.01759685944811,11735.9306564357,0.102681866911563,3.55022709456874,0.000778677676863229,0.578630391181912,0
"DTXSID8020913",128.18,5.01100852131497,0.119416411383047,1008.59537474262,0.818474682880111,0.0022557877542823,1.03849906289083,0
