"dtxsid","molwt","vapor","solub","kow","decay.air","decay.sur","diffus.air","conc.out"
"DTXSID2021781",278.35,0.00125613285410941,0.0649371847898539,55191.4383245611,0.317611380247936,0.00112047996430764,0.473830669068863,0
"DTXSID3020205",312.37,0.000381789533602917,0.0100730095406582,21533.3611192495,0.360996265309147,0.00146673425924448,0.518728295757606,0
"DTXSID7021360",92.14,3376.84667893498,2.94384493255141,663.013065901505,0.183006280025055,0.000697873624877505,0.683220270637233,0
"DTXSID8020462",106.12,1.22819193093938,7230.93128741445,0.0826329740148727,2.39403676729929,0.00073543508746764,0.840370453561948,0
"DTXSID8020913",128.18,11.6172051549585,0.223341745404954,1570.73050508502,1.40266537263061,0.00109000780524037,0.524756294566626,0
