"dtxsid","molwt","vapor","solub","kow","decay.air","decay.sur","diffus.air","conc.out"
"DTXSID2021781",278.35,0.00482425140949341,0.0646132638587396,28463.3860274564,0.677590563172881,0.000729880122545675,0.517737967716221,0
"DTXSID3020205",312.37,0.00142103115485977,0.0131718010610843,28695.5335008647,0.72244628915575,0.000898867359742172,0.479385686464601,0
"DTXSID7021360",92.14,3324.51699788133,4.59820256324742,299.229252203491,0.420243262213624,0.00107846280289607,1.09278739254093,0
"DTXSID8020462",106.12,1.21398540781067,6634.59632275518,0.0653324942504834,1.63133534652064,0.000931124766004919,0.978009189632017,0
"DTXSID8020913",128.18,6.38839653153747,0.180699946463245,2915.81264518413,1.27001500650375,0.00138845063970959,0.692568212948811,0
