"dtxsid","molwt","vapor","solub","kow","decay.air","decay.sur","diffus.air","conc.out"
"DTXSID2021781",278.35,0.00596623822785789,0.0336402990979363,34568.2132569096,0.433441448574698,0.000490055973921428,0.460290361266785,0
"DTXSID3020205",312.37,0.00082958382851544,0.00721382564665702,33161.7384216092,1.07667566414498,0.000799749810000917,0.449296706203618,0
"DTXSID7021360",92.14,8470.63367530793,4.36570960222339,289.945301249745,0.415564778048835,0.00104398422017199,0.974944618867983,0
"DTXSID8020462",106.12,1.40407423080694,5792.74274627599,0.173673528551311,2.64271622168867,0.000781384666394484,0.933371645499056,0
"DTXSID8020913",128.18,2.51644292664485,0.129255208888069,1830.75375762432,1.40344593173439,0.00113148324901143,0.604782092845584,0
