"dtxsid","molwt","vapor","solub","kow","decay.air","decay.sur","diffus.air","conc.out"
"DTXSID2021781",278.35,0.00111252080688296,0.0390435540181797,21870.9940685051,0.430834146607305,0.000646112756055833,0.457883923619534,0
"DTXSID3020205",312.37,0.0026453102400962,0.00659638178894073,29248.9595675828,1.19705040061581,0.000952430295399973,0.477763310301681,0
"DTXSID7021360",92.14,5759.31425880738,2.94800628212066,394.403109804665,0.242910299618642,0.00133792511057655,0.806881467297479,0
"DTXSID8020462",106.12,1.24000680147279,16926.266738913,0.0853526975341313,2.80774227478546,0.0010402775883363,0.818670868875266,0
"DTXSID8020913",128.18,8.83545473173938,0.219578102937378,1633.28706082328,0.707601073954524,0.000891393562661797,0.541329405277699,0
