"dtxsid","molwt","vapor","solub","kow","decay.air","decay.sur","diffus.air","conc.out"
"DTXSID2021781",278.35,0.00337738429652291,0.0314165092185515,60238.7925865163,0.507206798133046,0.000949892214655199,0.644324651653623,0
"DTXSID3020205",312.37,0.000627844300690897,0.00828312700403925,19656.1577729683,0.542703145204051,0.00093945800705436,0.661674722697185,0
"DTXSID7021360",92.14,2198.72365848988,5.5985272604208,1098.51962944166,0.523825194692583,0.000929081288799379,0.975664758040258,0
"DTXSID8020462",106.12,0.57795394798547,6381.45703397299,0.149966521303424,2.45734178611387,0.00148838594200881,0.975301267414194,0
"DTXSID8020913",128.18,3.55217280292797,0.155657637428654,2245.56722812043,1.05692307294214,0.000945390807970407,0.628109517188297,0
