"dtxsid","molwt","vapor","solub","kow","decay.air","decay.sur","diffus.air","conc.out"
"DTXSID2021781",278.35,0.00400697153868517,0.0374254148032764,35597.5660872416,0.441749136557943,0.00146381609825334,0.573523009365596,0
"DTXSID3020205",312.37,0.00125377595286361,0.00612102912450228,38736.5958343536,0.471058417517525,0.0010491113514535,0.598476094387982,0
"DTXSID7021360",92.14,5653.39264423318,5.64012373389522,325.852440413063,0.40960731268746,0.000777867721744443,0.883548737334162,0
"DTXSID8020462",106.12,0.266085557366176,10206.3814397948,0.117339719659449,1.32465472170813,0.000709669838476459,0.902051489317055,0
"DTXSID8020913",128.18,2.01034159820791,0.145657239639083,1543.1699423119,1.51435270658786,0.000902214364931906,0.410396993334482,0
