"dtxsid","molwt","vapor","solub","kow","decay.air","decay.sur","diffus.air","conc.out"
"DTXSID2021781",278.35,0.00421945686872363,0.0312446552036837,45179.1429036734,0.910627834757676,0.000340687808359799,0.430321726580543,0
"DTXSID3020205",312.37,0.000226749978150118,0.00855117957344071,11804.9553638564,0.693360951886428,0.00113409908633594,0.532830203716857,0
"DTXSID7021360",92.14,5658.08775318589,7.36319993189996,363.001178135057,0.309402499945659,0.00075073070823655,0.686730822322531,0
"DTXSID8020462",106.12,0.490638470354371,10518.9886639835,0.0550386445981008,2.22506799083618,0.000877678709087896,0.830321584962428,0
"DTXSID8020913",128.18,1.10003681187307,0.13673716084282,2228.30287899943,1.33468088901965,0.000706977938264382,0.701930671479124,0
