"dtxsid","molwt","vapor","solub","kow","decay.air","decay.sur","diffus.air","conc.out"
"DTXSID2021781",278.35,0.00390415268168262,0.041284674120677,28078.6236441535,0.472540745329049,0.00165100141486652,0.528861107752762,0
"DTXSID3020205",312.37,0.000980587201112029,0.010478192311519,19766.7603540728,1.03958576685806,0.00202528195690876,0.302142760521005,0
"DTXSID7021360",92.14,488.420951409305,4.29709952911825,442.466927963784,0.177681792880981,0.000455923423812414,0.94127575975062,0
"DTXSID8020462",106.12,0.387708586610785,9350.43916004756,0.0734253451802781,4.60968408296169,0.00150227334647863,0.64172351330611,0
"DTXSID8020913",128.18,6.21896117779177,0.136707631137317,2329.80485808045,0.980350471901588,0.00107834645303452,0.736299216615964,0
