"dtxsid","molwt","vapor","solub","kow","decay.air","decay.sur","diffus.air","conc.out"
"DTXSID2021781",278.35,0.010428414743788,0.0308166017152347,28809.2530731587,0.761942903628894,0.00120173544430593,0.448227991553332,0
"DTXSID3020205",312.37,0.000293460562630153,0.0112273476371629,25871.4848966879,0.578302662565152,0.00120394915883874,0.507680299150627,0
"DTXSID7021360",92.14,3248.71985111616,3.30890080645326,206.569714585528,0.397968877250378,0.00120615091546479,1.20472043978754,0
"DTXSID8020462",106.12,1.23616134054217,12264.424352735,0.0590202244529562,2.18514351333898,0.00103708792881496,0.601984714749381,0
"DTXSID8020913",128.18,3.64785989960086,0.12303283567989,2426.75868217311,2.10508874934471,0.000701312162856943,0.606218791284658,0
