"dtxsid","molwt","vapor","solub","kow","decay.air","decay.sur","diffus.air","conc.out"
"DTXSID2021781",278.35,0.00290181385993442,0.0367289007451669,46178.7574795306,0.64979287383375,0.00117727153651444,0.393206835837135,0
"DTXSID3020205",312.37,0.000325944997130154,0.00758095005774371,31259.453970011,0.789148464792951,0.000795582065530292,0.596062430566076,0
"DTXSID7021360",92.14,5514.56888795366,5.46612731161936,680.295681834895,0.417023837060989,0.00175087683305931,0.6603300098694,0
"DTXSID8020462",106.12,0.869618254931668,7952.14822810876,0.107315942946136,1.72989407112152,0.000883576322103971,0.961367780317902,0
"DTXSID8020913",128.18,4.06477439091077,0.0800069018016338,3242.29513760397,1.21808060283212,0.0021948870015314,0.583454971047847,0
