"dtxsid","molwt","vapor","solub","kow","decay.air","decay.sur","diffus.air","conc.out"
"DTXSID2021781",278.35,0.00879508044491886,0.0357496947744066,29721.7264622524,0.572833347405773,0.000151325080934721,0.269353285197471,0
"DTXSID3020205",312.37,0.000950099655570411,0.0109260545503895,21217.5566373066,0.242649114221833,0.002488319281856,0.518149417721976,0
"DTXSID7021360",92.14,4633.86510750336,4.07646003138673,483.924392272165,0.498107822162306,0.00222062044819348,0.663054048252528,0
"DTXSID8020462",106.12,0.862258557304933,7506.51799380287,0.0486785003338882,2.78210761320537,0.000819644196377567,0.896991959963432,0
"DTXSID8020913",128.18,8.16854670451841,0.280156327308231,1689.84532666854,1.45841605833351,0.000979009741230624,0.746123998349709,0
