"dtxsid","molwt","vapor","solub","kow","decay.air","decay.sur","diffus.air","conc.out"
"DTXSID2021781",278.35,0.00541559860486107,0.0406520254517653,19963.4100326796,0.932271529189314,0.000698861898514967,0.32258004260183,0
"DTXSID3020205",312.37,0.000243689484120594,0.0126812749142955,28060.0518783279,0.755299013512796,0.000943845776872753,0.691636329104144,0
"DTXSID7021360",92.14,2314.88199650677,6.48089972802883,392.702810892978,0.237937258644629,0.00123437529279828,0.935213341054493,0
"DTXSID8020462",106.12,1.08375468889599,6733.43399841125,0.142899799213668,1.92537030145511,0.00133925689937422,0.789964690218154,0
"DTXSID8020913",128.18,23.7556934246338,0.121073951665788,2537.77359982711,0.731586252015772,0.00165700482753441,0.553797022183706,0
