"dtxsid","molwt","vapor","solub","kow","decay.air","decay.sur","diffus.air","conc.out"
"DTXSID2021781",278.35,0.0011555194319305,0.0323249502108796,30117.9581276896,0.642526881795011,0.00133202109857562,0.449950941922255,0
"DTXSID3020205",312.37,0.00125447812890699,0.01279863280165,32161.6969620913,0.525407756342717,0.000608361619011833,0.629016774592236,0
"DTXSID7021360",92.14,2377.21812115676,6.16899495979678,1033.83483065729,0.619169274854045,0.000699612219839509,0.670210405121566,0
"DTXSID8020462",106.12,0.393199439543486,5946.50434046101,0.0738710440502486,1.43322959983733,0.00205482477389605,0.689124509774735,0
"DTXSID8020913",128.18,5.96037646143292,0.160711121525295,3460.73062828206,1.13652480901763,0.000494388389839775,0.543433187619888,0
