"dtxsid","molwt","vapor","solub","kow","decay.air","decay.sur","diffus.air","conc.out"
"DTXSID2021781",278.35,0.00156751904567401,0.0434779254359531,33742.4043571169,0.290557273242132,0.000596387712593929,0.373247117791102,0
"DTXSID3020205",312.37,0.000381427398694677,0.00660573522791649,15068.4030179015,0.412968003973945,0.00075668465648206,0.477899194553194,0
"DTXSID7021360",92.14,3240.29517352053,4.96626787039337,697.90441360078,0.245673446321317,0.000893365208029515,1.13710653050368,0
"DTXSID8020462",106.12,1.03272927474482,12866.5938758903,0.10610533713494,1.66664501880677,0.00125375506395916,0.621005606799634,0
"DTXSID8020913",128.18,24.5615946381148,0.140095475546157,2150.0848699143,1.25746693263988,0.00152393210394948,0.813025420864194,0
