"dtxsid","molwt","vapor","solub","kow","decay.air","decay.sur","diffus.air","conc.out"
"DTXSID2021781",278.35,0.00168249415661964,0.0288215466805604,28249.8401071624,0.451923737357055,0.000698348516160189,0.511106352719801,0
"DTXSID3020205",312.37,0.00115638614906299,0.0128089662477069,24628.3213776565,0.809295191743378,0.00114678978519434,0.480536171611168,0
"DTXSID7021360",92.14,2129.74038031988,4.52371938479299,935.603379646929,0.200445273764124,0.000560260577561758,0.676352711664064,0
"DTXSID8020462",106.12,3.04053269277902,5858.1833115089,0.0543580478539512,1.71221105796641,0.000912486825709365,0.618251089925553,0
"DTXSID8020913",128.18,6.93254138286532,0.162638472088527,2240.9967486572,2.00307233456073,0.00174101744395975,0.448343828956704,0
