"dtxsid","molwt","vapor","solub","kow","decay.air","decay.sur","diffus.air","conc.out"
"DTXSID2021781",278.35,0.00604541459603732,0.0567576796368677,34775.2424789863,0.599418277176498,0.000780569218950358,0.923939913129415,0
"DTXSID3020205",312.37,0.00035360199591707,0.0106732747166006,40226.7796607998,0.599277182629509,0.00186539141621524,0.502642007516985,0
"DTXSID7021360",92.14,3336.36726915784,3.70972869535254,342.156020935364,0.145723279561989,0.00111434794588948,1.14277533952099,0
"DTXSID8020462",106.12,3.14700119609243,5665.96387549913,0.078256067178968,1.88547637838406,0.000524762319500798,0.720269608070974,0
"DTXSID8020913",128.18,5.36666552380961,0.151945727341157,3450.04221159144,0.917034053187705,0.0010754795900541,0.79170172634611,0
