"dtxsid","molwt","vapor","solub","kow","decay.air","decay.sur","diffus.air","conc.out"
"DTXSID2021781",278.35,0.00714942992227311,0.0430886249765012,32882.171866953,0.751123399250407,0.0026343902410658,0.291397630718515,0
"DTXSID3020205",312.37,0.000116300801345996,0.0119264686344939,18698.8181204227,0.855519764940903,0.000487795304277554,0.37301123634,0
"DTXSID7021360",92.14,1834.17075832832,4.07358616032755,335.992937808112,0.729451276996131,0.000573397967022195,0.742150828200232,0
"DTXSID8020462",106.12,0.623877261693582,5671.70689352953,0.089862845582509,2.21990452476554,0.0010485829610847,0.747048675240437,0
"DTXSID8020913",128.18,9.08473292333024,0.150268596070788,2304.02823835322,2.35747035737579,0.00170997787935958,1.05532154832662,0
