"dtxsid","molwt","vapor","solub","kow","decay.air","decay.sur","diffus.air","conc.out"
"DTXSID2021781",278.35,0.00546374428552293,0.032045034860775,38750.939579824,0.742232912397123,0.000945535033339552,0.54698513039468,0
"DTXSID3020205",312.37,0.000887733093084339,0.0088276682674596,11114.8834510084,1.3900347417475,0.00110040049209865,0.346381583309429,0
"DTXSID7021360",92.14,951.379246757164,6.92266960833061,392.83465015352,0.29022153597185,0.00130044294273151,1.84295613050802,0
"DTXSID8020462",106.12,4.25469595730674,17466.4321651409,0.0624178495751419,4.0048783735453,0.000829868782973664,0.81797703275578,0
"DTXSID8020913",128.18,5.40756985246866,0.144485707403287,2704.47816127048,1.06776105509774,0.00101225276333608,0.742194056912574,0
