"dtxsid","molwt","vapor","solub","kow","decay.air","decay.sur","diffus.air","conc.out"
"DTXSID2021781",278.35,0.00371688846883011,0.0533928833557278,24778.145229831,0.843005690123162,0.000993317152815682,0.497099229325156,0
"DTXSID3020205",312.37,0.000710189337762728,0.0155986636130408,17111.4015358022,0.761604311417737,0.000694601925421295,0.449004110348863,0
"DTXSID7021360",92.14,4795.97787114296,3.89826947552358,374.196099409992,0.356937642712281,0.00159551357828077,0.767930979617646,0
"DTXSID8020462",106.12,1.30779745529954,6510.95968805549,0.100809080178783,1.98941197865891,0.00141896729327454,0.678999706622971,0
"DTXSID8020913",128.18,21.2772352574536,0.141152461600577,3158.09303626769,1.2419198606832,0.0011065158266781,0.701053278746648,0
