"dtxsid","molwt","vapor","solub","kow","decay.air","decay.sur","diffus.air","conc.out"
"DTXSID2021781",278.35,0.00523116968554392,0.0263419393281177,31132.912797016,0.514733702564549,0.00227337863027766,0.727162569026453,0
"DTXSID3020205",312.37,0.00123380170042233,0.00646768334576982,16631.3913506013,0.721714141586148,0.000659581858697272,0.491474667650504,0
"DTXSID7021360",92.14,3483.19585224955,5.14137244647983,267.455010002863,0.441845950433131,0.00083300928845054,0.918995948691181,0
"DTXSID8020462",106.12,1.08676363742381,9019.33661855838,0.0879834963055689,1.68395405850944,0.00060993179940739,0.621886579119573,0
"DTXSID8020913",128.18,6.55332250554294,0.118557516897255,2134.06776232734,1.37525494431691,0.00076326459165566,0.657328402149201,0
