"dtxsid","molwt","vapor","solub","kow","decay.air","decay.sur","diffus.air","conc.out"
"DTXSID2021781",278.35,0.00338852283780775,0.0461659315121657,31321.87200201,0.542000664146791,0.00135978397519709,0.302120477448807,0
"DTXSID3020205",312.37,0.000385700725705735,0.0073095108582521,21396.5650136227,0.603664459391826,0.00037456986491539,0.642427150477692,0
"DTXSID7021360",92.14,3744.01780885872,4.30086133443454,466.078920737888,0.390516897500382,0.000750664515478936,0.686780582643706,0
"DTXSID8020462",106.12,0.613471440661498,8138.72494047409,0.0849127516999091,2.04836569935992,0.000846370944012829,1.5578161658297,0
"DTXSID8020913",128.18,11.5564199608076,0.167705942426362,2619.86606492715,1.78186945283236,0.00142864125127177,0.810530424423788,0
