"dtxsid","molwt","vapor","solub","kow","decay.air","decay.sur","diffus.air","conc.out"
"DTXSID2021781",278.35,0.00496610714714745,0.0480084863001504,25056.7970449867,0.693807184023167,0.000591455819923347,0.624359254880144,0
"DTXSID3020205",312.37,0.000739750287099396,0.0122124972145394,15088.7550140127,1.1146367008581,0.00200968242580503,0.654206587262346,0
"DTXSID7021360",92.14,3565.03076164457,5.15975453947591,287.120030384979,0.563203818246641,0.00144317165275882,0.480150709578655,0
"DTXSID8020462",106.12,0.765350311206936,11641.0464423512,0.171052464074925,2.19262072389441,0.0010102159036973,0.584748405715271,0
"DTXSID8020913",128.18,7.15227140494092,0.168129760705832,4121.57868898845,1.51426301921025,0.000605945355997376,0.485256714018537,0
