"dtxsid","molwt","vapor","solub","kow","decay.air","decay.sur","diffus.air","conc.out"
"DTXSID2021781",278.35,0.00532955864786743,0.0522479556450742,98020.4182048692,0.596839688632395,0.00064798700723732,0.798919417771474,0
"DTXSID3020205",312.37,0.00085796156762737,0.00934209257011776,12860.5946164197,0.7249962805142,0.0006503986571676,0.570620389443505,0
"DTXSID7021360",92.14,8820.39570836022,4.67364084347077,319.961542042302,0.463226910172201,0.000652775827988168,0.950963661550032,0
"DTXSID8020462",106.12,1.72885312734967,12609.1919098395,0.122169788696772,1.53930977046789,0.00110686701839487,0.737087590332103,0
"DTXSID8020913",128.18,3.28361429566297,0.250711912787126,5262.80411316197,1.31953190985879,0.00130574088433184,0.758626859967238,0
