"dtxsid","molwt","vapor","solub","kow","decay.air","decay.sur","diffus.air","conc.out"
"DTXSID2021781",278.35,0.00206390022467314,0.0240006173193923,19699.3262004437,0.596288702167464,0.0021808331089154,0.814872417542746,0
"DTXSID3020205",312.37,0.000192840838722632,0.00899806052028477,15656.7539175898,0.64034235816441,0.00101154841482492,0.712696558219092,0
"DTXSID7021360",92.14,6614.14128776653,3.49497702886418,374.039447802836,0.422102074504803,0.000512935725158407,1.13939667292978,0
"DTXSID8020462",106.12,1.04533824266112,6630.817732911,0.128083327317888,1.18218890155736,0.00176009839929565,1.01045982783865,0
"DTXSID8020913",128.18,7.33714582513375,0.212574628782694,929.473315966114,1.13691320504921,0.0013226271377241,0.521459160235453,0
