"dtxsid","molwt","vapor","solub","kow","decay.air","decay.sur","diffus.air","conc.out"
"DTXSID2021781",278.35,0.00129453582804013,0.0569982854061485,31314.1199731077,0.444226545224777,0.0013910713679433,0.56410966905598,0
"DTXSID3020205",312.37,0.000692537828976824,0.00822561452178517,13308.796197295,0.772263343514246,0.0010238212872442,0.572337587235535,0
"DTXSID7021360",92.14,8224.36228208076,5.66649627173346,591.206107027448,0.270981131344996,0.000764705237017834,0.899151072204898,0
"DTXSID8020462",106.12,0.67125729677757,10735.4682908221,0.0894653032599525,3.57131818033184,0.000609539576757519,0.895612346618896,0
"DTXSID8020913",128.18,12.2331187033715,0.127069608982589,1798.58672526202,1.47198704508677,0.000615063398988053,1.00353593806577,0
