"dtxsid","molwt","vapor","solub","kow","decay.air","decay.sur","diffus.air","conc.out"
"DTXSID2021781",278.35,0.00364955855307473,0.0337857228848818,52644.5193910755,0.34603641889053,0.000717215965467112,0.521214959745499,0
"DTXSID3020205",312.37,0.00197947343876189,0.0127622415673308,16668.4900199336,1.35941862812724,0.00176127460166994,0.651107715312223,0
"DTXSID7021360",92.14,5557.96778658874,6.03875444804329,531.927956175189,0.543161387477631,0.00114539125538783,0.934830854396163,0
"DTXSID8020462",106.12,0.438361510956848,7265.15604328959,0.0917648890264962,1.22138828623162,0.00143822647705972,0.425990204050312,0
"DTXSID8020913",128.18,2.64846131077811,0.124813359544083,1149.32302901326,3.270731789514,0.00102852723543941,0.956141953783997,0
