"dtxsid","molwt","vapor","solub","kow","decay.air","decay.sur","diffus.air","conc.out"
"DTXSID2021781",278.35,0.00616562116160836,0.0265199170644798,61595.7409703271,1.50153141758997,0.000861648775513793,0.418973530898629,0
"DTXSID3020205",312.37,0.000771518700964869,0.0109804840100912,30231.3522488673,0.682948334575897,0.000913761707987815,0.43401772767315,0
"DTXSID7021360",92.14,1203.44470218214,5.32529176640791,527.162174908288,0.454871317580576,0.000967264287311067,1.39310112727225,0
"DTXSID8020462",106.12,2.02434050912889,8520.04636269958,0.189433848849603,1.43801620895143,0.00165580779447763,0.525359193075841,0
"DTXSID8020913",128.18,5.87477727275667,0.14810089293421,3687.84345157336,1.30391406895762,0.00121907088701144,0.740348747927372,0
