"dtxsid","molwt","vapor","solub","kow","decay.air","decay.sur","diffus.air","conc.out"
"DTXSID2021781",278.35,0.00359095646359724,0.0492839142240642,38365.9523781461,0.587811504313212,0.000934257200689923,0.649308697754147,0
"DTXSID3020205",312.37,0.000337353910813679,0.00700348007412929,25658.5695541461,0.855932007542337,0.00124432625043266,0.370407273000413,0
"DTXSID7021360",92.14,4595.20913933465,5.08951271199214,548.040589488578,0.285908113734637,0.00224232112217628,0.755929817411422,0
"DTXSID8020462",106.12,0.626897689880404,8261.18296656224,0.041241710997493,0.967019428138429,0.00100420801678675,0.895855850677746,0
"DTXSID8020913",128.18,19.2626143320765,0.0926372757061405,1342.46525807364,1.55182697587348,0.000651108529364236,0.62577218422377,0
