"dtxsid","molwt","vapor","solub","kow","decay.air","decay.sur","diffus.air","conc.out"
"DTXSID2021781",278.35,0.00131711408888127,0.0448025183447116,31409.517395485,1.28763345469699,0.000897341643221434,0.542674886945897,0
"DTXSID3020205",312.37,0.000711543036128569,0.0114448519943116,32482.5380228002,0.517371525727562,0.00104059297202202,0.576551587587735,0
"DTXSID7021360",92.14,981.797467468211,4.70487828891224,320.281344144867,0.29832577399363,0.00121364032242027,1.0269575366214,0
"DTXSID8020462",106.12,0.852369609607657,9357.98818520143,0.0739557554970955,1.07893395388348,0.00109688377187511,1.15260231062975,0
"DTXSID8020913",128.18,1.63630791166611,0.138968317374128,3280.72147354058,0.874528725145891,0.00104642271038221,0.948952711332138,0
