"dtxsid","molwt","vapor","solub","kow","decay.air","decay.sur","diffus.air","conc.out"
"DTXSID2021781",278.35,0.00290563469819539,0.0362071949591312,30531.4520230087,0.646832075052238,0.00198116076753714,0.419484092869712,0
"DTXSID3020205",312.37,0.000226168877419582,0.00943279811417726,19691.199592745,0.479025619911167,0.000689228050897455,0.412217945389858,0
"DTXSID7021360",92.14,1205.45829164394,8.2408858501342,404.420515932942,0.570441016178694,0.000906675520881407,0.902789296565053,0
"DTXSID8020462",106.12,1.20325896719585,11766.9733597533,0.152820040940141,3.94721381590308,0.000577070799232212,0.863090887203648,0
"DTXSID8020913",128.18,11.9797435413244,0.132942585004929,4530.70387479644,1.6005317691884,0.000899063073614352,0.527989273435115,0
