"dtxsid","molwt","vapor","solub","kow","decay.air","decay.sur","diffus.air","conc.out"
"DTXSID2021781",278.35,0.00206776814649842,0.0473973825636322,13072.2658995195,0.938406644115802,0.000919412622126288,0.998704989583657,0
"DTXSID3020205",312.37,0.000524987550880731,0.00896383091083552,24847.2770426666,1.03239277804624,0.00131649757467682,0.553777184962991,0
"DTXSID7021360",92.14,1883.11017394271,5.22452903399412,360.539256527081,0.519819122664049,0.00131023512573811,0.879375665001856,0
"DTXSID8020462",106.12,0.675621253751215,6886.69617633429,0.0401515338158695,2.45568173971505,0.001304025761939,0.799720472431951,0
"DTXSID8020913",128.18,4.69291108996079,0.189208695873847,2953.4467781981,1.1724754504167,0.00129794226287832,0.539934501537543,0
