"dtxsid","molwt","vapor","solub","kow","decay.air","decay.sur","diffus.air","conc.out"
"DTXSID2021781",278.35,0.00283465872351203,0.035108370264724,15830.3149880055,0.49866239443367,0.000943980729280153,0.65213914089844,0
"DTXSID3020205",312.37,0.00209552912149088,0.00751399856691624,30669.4803421968,0.64633220106359,0.0021456938971489,0.468311188180791,0
"DTXSID7021360",92.14,4194.49406172462,4.15304391930796,482.716373745697,0.465090067481936,0.000996764543623206,0.63122160873385,0
"DTXSID8020462",106.12,0.46566039385641,11369.0804768915,0.120510797507006,1.64243496497391,0.000913065161011347,0.927407568136186,0
"DTXSID8020913",128.18,25.52001704835,0.0926598560121026,2700.20928221682,1.57430734409638,0.000643448217103408,0.840054303592997,0
