"dtxsid","molwt","vapor","solub","kow","decay.air","decay.sur","diffus.air","conc.out"
"DTXSID2021781",278.35,0.00327066507383689,0.0504915584467325,51468.2013591942,0.358472905325837,0.00120963443815818,0.628650324655441,0
"DTXSID3020205",312.37,0.000514038800401068,0.0125237118438819,18155.3557043372,0.560744071574157,0.00086781617642378,0.392314018933741,0
"DTXSID7021360",92.14,1395.817183869,3.74994104078486,693.087775093562,0.139703369117305,0.000505033144821873,0.787478849463242,0
"DTXSID8020462",106.12,0.244285260995676,8765.83099909351,0.111312217184018,1.20358884976595,0.000604874214442244,1.00862386319685,0
"DTXSID8020913",128.18,12.4108406189998,0.239981449948972,1870.56879607024,2.13761653872303,0.000858703363337845,0.796453222667734,0
