"dtxsid","molwt","vapor","solub","kow","decay.air","decay.sur","diffus.air","conc.out"
"DTXSID2021781",278.35,0.00181700242656437,0.0547014817252356,18290.2672124241,1.01532281573648,0.000934097712801024,0.528769451037656,0
"DTXSID3020205",312.37,0.000288956376078749,0.0100919899301696,15249.3588209922,0.564294277141971,0.00131276433621096,0.696613056497687,0
"DTXSID7021360",92.14,2892.00853222469,7.0371430378543,370.698682062841,0.696574369918114,0.000540619825789179,0.951485009720277,0
"DTXSID8020462",106.12,0.684415493902808,7245.94859337196,0.0586437791342708,1.46770523198273,0.000511210970962723,0.543839646960799,0
"DTXSID8020913",128.18,12.4025805673887,0.16018432088354,2034.53393180008,2.31655291506766,0.00115510386855431,0.555983817700529,0
