"dtxsid","molwt","vapor","solub","kow","decay.air","decay.sur","diffus.air","conc.out"
"DTXSID2021781",278.35,0.00380650911678191,0.044662123003789,33918.3428155379,0.391213903618865,0.00155426308785507,0.631905355082519,0
"DTXSID3020205",312.37,0.000144558044620352,0.00794707575863227,24474.7927851309,0.303494767804773,0.00106652306484206,0.907953425151624,0
"DTXSID7021360",92.14,1730.26466627911,7.0824025893091,573.369078545805,0.319572240764477,0.000774817003609444,0.472666586765073,0
"DTXSID8020462",106.12,1.00108128544971,4096.77194863734,0.0483596739634444,2.82523563686044,0.000676522934546635,0.678087368544603,0
"DTXSID8020913",128.18,15.0425437737191,0.161449541335571,1694.69823036282,0.874538262401662,0.00080759703609679,0.861549635046926,0
