"dtxsid","molwt","vapor","solub","kow","decay.air","decay.sur","diffus.air","conc.out"
"DTXSID2021781",278.35,0.00260648009774597,0.0419817542618432,27186.3327313334,0.402424100411481,0.000531321983348403,0.498810555697819,0
"DTXSID3020205",312.37,0.00163687651780087,0.00765746068017546,24813.2496252797,1.10296925262782,0.00222790028981529,0.35989579242329,0
"DTXSID7021360",92.14,605.88413916408,6.23845649201246,189.064610960674,0.256643347120657,0.00165277314559599,0.749236414330247,0
"DTXSID8020462",106.12,0.85557452127208,9942.58929090936,0.0812294831532699,2.14179572474296,0.00193328733431116,0.46537886362798,0
"DTXSID8020913",128.18,9.54285689917036,0.136558956642443,3504.2840680669,2.32172783924648,0.000970107264588823,0.97563875768422,0
