"dtxsid","molwt","vapor","solub","kow","decay.air","decay.sur","diffus.air","conc.out"
"DTXSID2021781",278.35,0.00206509945898049,0.0225927609295813,62516.8802904576,0.470102163570056,0.00087080074188012,0.454303643380325,0
"DTXSID3020205",312.37,0.00172848281890957,0.00688432013464989,31121.3082413363,0.77354532350448,0.00113986799961132,0.680208290522542,0
"DTXSID7021360",92.14,1378.79914993349,5.51610107069178,547.526946713339,0.660681003082822,0.00163288996663597,1.37885803181359,0
"DTXSID8020462",106.12,1.43201710010593,10116.2979386313,0.0579664603471033,2.69066804820572,0.00123233020396749,0.830890209471533,0
"DTXSID8020913",128.18,1.59571568652727,0.136191735168324,1408.83937356566,0.870273268815955,0.00249803472101931,0.849442631596302,0
