"dtxsid","molwt","vapor","solub","kow","decay.air","decay.sur","diffus.air","conc.out"
"DTXSID2021781",278.35,0.00187204601743593,0.0287672439038361,22805.8438071807,0.323366162404811,0.00121457421499441,0.56094777651518,0
"DTXSID3020205",312.37,0.000425449834084395,0.0066440507390938,49088.2609164043,0.729040810347158,0.000588190618208791,0.341455210948732,0
"DTXSID7021360",92.14,856.061736070735,4.12711825803837,553.626190854995,0.463846022757446,0.00100651261747776,0.667269972516301,0
"DTXSID8020462",106.12,0.358209775908184,8313.02726159187,0.127734937473304,1.29504644297123,0.000757516550512188,0.899307663595369,0
"DTXSID8020913",128.18,15.5586302589349,0.174916815748632,2725.48395222976,1.14965151167296,0.000865950701644408,0.736948972288957,0
