"dtxsid","molwt","vapor","solub","kow","decay.air","decay.sur","diffus.air","conc.out"
"DTXSID2021781",278.35,0.00119039197746166,0.033882638611406,46985.4613331127,0.611199561867177,0.000360217095186426,0.419418445880381,0
"DTXSID3020205",312.37,0.000377122589036033,0.0115834768209006,30201.7907066524,0.62580069723378,0.00116594295911213,0.429722726596083,0
"DTXSID7021360",92.14,3069.57809190497,4.11631205229058,618.220405025545,0.303094692742651,0.000798220828608282,0.794450214236357,0
"DTXSID8020462",106.12,1.10975617036858,9127.48729469685,0.190788082067114,1.60895086326043,0.000554332502603823,0.783241851284242,0
"DTXSID8020913",128.18,27.1310504846416,0.116356682688305,5646.48468272918,1.03015142793275,0.00134613903274002,0.835988934287113,0
