"dtxsid","molwt","vapor","solub","kow","decay.air","decay.sur","diffus.air","conc.out"
"DTXSID2021781",278.35,0.00352771106618582,0.0311309606837514,17237.6403006816,0.675090066260524,0.000756660090746389,0.443988676069174,0
"DTXSID3020205",312.37,0.000641651066339427,0.00995634032838663,21999.2368953596,0.413664947661652,0.00114046190376241,0.553514062621304,0
"DTXSID7021360",92.14,1409.67240328724,4.68280252356122,240.140259980356,0.415707604904317,0.000378913747791655,0.897941682531197,0
"DTXSID8020462",106.12,0.358679110087077,10391.8741614646,0.0590541318642007,2.3243023291063,0.000368308352355702,1.26694737666644,0
"DTXSID8020913",128.18,11.4361778123767,0.171783689697264,2997.38313799584,0.923803065317861,0.000899669070652783,1.14128216687839,0
