"dtxsid","molwt","vapor","solub","kow","decay.air","decay.sur","diffus.air","conc.out"
"DTXSID2021781",278.35,0.00535690654153344,0.0245196805139848,39155.8101348239,0.861394315136697,0.000563958147123907,0.426417571206141,0
"DTXSID3020205",312.37,0.000765141653108911,0.00831540884478362,11734.990976443,0.639455125665629,0.000976729987077954,0.440210807050991,0
"DTXSID7021360",92.14,14289.7950771509,6.42169154969706,405.034397703793,0.551150669124707,0.00159374165529911,1.09001257222678,0
"DTXSID8020462",106.12,1.63900600342963,7076.29622194545,0.0563895968616474,2.03824820984416,0.00109791719608362,1.14502760750532,0
"DTXSID8020913",128.18,4.22451508434252,0.194144774779956,2527.8059776598,2.93960794053948,0.00148017262168844,0.649895264739831,0
