"dtxsid","molwt","vapor","solub","kow","decay.air","decay.sur","diffus.air","conc.out"
"DTXSID2021781",278.35,0.00419451589845331,0.0240476176437844,52255.0289612728,0.348438089919748,0.00128332658415138,0.460574733582458,0
"DTXSID3020205",312.37,0.000494671169002769,0.00841480418115377,22879.5471693229,0.931634690452632,0.000992168497476029,0.550153515404945,0
"DTXSID7021360",92.14,3405.06334460801,4.66649607449345,350.341712355006,0.589659369018294,0.000764339184009467,0.769398131605485,0
"DTXSID8020462",106.12,0.565905408105395,7243.88452187692,0.166934893981086,3.00729257456702,0.00173885591389003,0.898347474389751,0
"DTXSID8020913",128.18,7.59441195198946,0.143716224183033,2850.47954912963,2.98206505994719,0.000638299916757631,1.02325633623278,0
