"dtxsid","molwt","vapor","solub","kow","decay.air","decay.sur","diffus.air","conc.out"
"DTXSID2021781",278.35,0.00276842713420482,0.0453592094759323,15539.73501379,0.394075420081492,0.00217579231631772,0.878098320870113,0
"DTXSID3020205",312.37,0.000378014137501331,0.0103019474912911,15004.0345166183,0.279079510172842,0.000948744884694601,0.597345540145879,0
"DTXSID7021360",92.14,2273.4692219699,3.63949079873515,379.897979470448,0.320025157504329,0.00178918811687897,0.976328400616484,0
"DTXSID8020462",106.12,0.426342408590475,8488.85132981673,0.0659099283654295,1.62992800628611,0.000598281046731926,0.768709483542103,0
"DTXSID8020913",128.18,5.07668673988729,0.104642321427504,2324.53800267246,1.6204806710337,0.000460576337484719,1.01403015133858,0
