"dtxsid","molwt","vapor","solub","kow","decay.air","decay.sur","diffus.air","conc.out"
"DTXSID2021781",278.35,0.00272034166256029,0.0274548589095508,29128.2404061144,0.803664283293073,0.0010141903860167,0.595472092105321,0
"DTXSID3020205",312.37,0.000451018011030709,0.00649295748219826,23816.7675887013,0.782858960202841,0.000877784777767397,0.710326912183463,0
"DTXSID7021360",92.14,1069.08263672478,6.79884234642684,679.035261429474,0.399038081530254,0.000745072219876802,1.21222970261685,0
"DTXSID8020462",106.12,0.167447101513219,9626.04979404334,0.0383701313503282,1.7229499464163,0.00031409053891077,0.609541672423999,0
"DTXSID8020913",128.18,11.5609996338883,0.151447098758557,1821.37621939017,1.16689491786751,0.00240978114659892,0.64124276019345,0
