"dtxsid","molwt","vapor","solub","kow","decay.air","decay.sur","diffus.air","conc.out"
"DTXSID2021781",278.35,0.00612727503437966,0.0398891784336643,50681.488481586,0.743521668894398,0.000899132276650551,0.443630818098269,0
"DTXSID3020205",312.37,0.00115572572127901,0.00804623314615787,40617.8744792283,0.615991274963938,0.000936159856183986,0.444722685315087,0
"DTXSID7021360",92.14,3762.78128970464,4.29708643911347,516.494289968787,0.143201736479295,0.000781833845641747,0.680822463143912,0
"DTXSID8020462",106.12,0.995295769710188,9343.48453845853,0.111826960798732,1.62693013344299,0.00136534914094582,0.983430570087086,0
"DTXSID8020913",128.18,3.28998611730476,0.129034218003122,3674.30474401354,1.33090807532369,0.00112625812085676,0.574646850989086,0
