"dtxsid","molwt","vapor","solub","kow","decay.air","decay.sur","diffus.air","conc.out"
"DTXSID2021781",278.35,0.00557122579447417,0.052393939078707,29683.1455309738,0.613848494488489,0.00198353672362484,0.538098439827379,0
"DTXSID3020205",312.37,0.000473255348329536,0.00617843407903214,14544.0734825494,0.70012444601512,0.0012298517959822,0.381654398727573,0
"DTXSID7021360",92.14,4567.95566411538,3.43768753241904,917.363372119612,0.423012814720271,0.00093649530549755,0.865894723192683,0
"DTXSID8020462",106.12,0.557388968540182,5896.69119628805,0.0979798278974836,2.2317677346666,0.000610908420182193,0.613498717481099,0
"DTXSID8020913",128.18,10.346774106547,0.112779541427867,2225.05992323798,1.82413960086065,0.00037934383676729,0.85802022164407,0
