"dtxsid","molwt","vapor","solub","kow","decay.air","decay.sur","diffus.air","conc.out"
"DTXSID2021781",278.35,0.00459682676289357,0.0529251582904065,63518.2640049365,0.630887075794638,0.000998479151787041,0.356668993996047,0
"DTXSID3020205",312.37,0.00095163122426849,0.0071542407012695,17749.1341134264,0.915009321173158,0.000618861825459898,0.67826752425092,0
"DTXSID7021360",92.14,1407.98910803492,2.94942459034317,568.397630894926,0.287871192476477,0.00129500492305263,1.4503529597872,0
"DTXSID8020462",106.12,0.427860913192972,12251.1798432931,0.125607977179046,1.7631420522994,0.000446114898272336,0.968698216785337,0
"DTXSID8020913",128.18,8.65851286679422,0.18362516328141,1831.85519585009,2.41938392924291,0.00217096915376855,0.605235610121001,0
