"dtxsid","molwt","vapor","solub","kow","decay.air","decay.sur","diffus.air","conc.out"
"DTXSID2021781",278.35,0.00283081838649341,0.0400774420601834,18459.58518334,0.758340043479117,0.00138585061406499,0.582142820853535,0
"DTXSID3020205",312.37,0.000529823439541423,0.0121587680719129,44158.1924835936,0.304577115443046,0.00107350083717709,0.915311123152073,0
"DTXSID7021360",92.14,9276.76591650089,5.17778214349119,634.729655602902,0.363748733289298,0.000854759056525369,1.13328127295445,0
"DTXSID8020462",106.12,2.58027044599202,9623.49795700831,0.0705468195714484,1.93098561480568,0.0013335595174825,0.659692582750303,0
"DTXSID8020913",128.18,7.0979090318972,0.14965104213051,1775.58527977799,2.44452954852477,0.00118651335405163,0.609710795097231,0
