"dtxsid","molwt","vapor","solub","kow","decay.air","decay.sur","diffus.air","conc.out"
"DTXSID2021781",278.35,0.000868386968560743,0.0377957365073946,39391.4630736909,0.364374502291981,0.00101206072658005,0.502397589295847,0
"DTXSID3020205",312.37,0.000326316677417234,0.00920671256388057,27466.3431006766,0.68228965892696,0.000812569692685106,0.579336653469678,0
"DTXSID7021360",92.14,6868.76870829772,4.03898015562058,619.780199312008,0.265999387052904,0.000590524013496831,0.835298302787426,0
"DTXSID8020462",106.12,0.248404950789499,10500.6093537133,0.118342075353674,2.8234136311615,0.00142062011151236,0.952975319974508,0
"DTXSID8020913",128.18,11.7098556302137,0.160137397379559,3877.18731082984,1.4681251803229,0.00237491980584401,1.11987602183008,0
