"dtxsid","molwt","vapor","solub","kow","decay.air","decay.sur","diffus.air","conc.out"
"DTXSID2021781",278.35,0.00117839702467071,0.0348146089693191,35091.650269952,0.591686496016461,0.000674833945567802,0.650574839283373,0
"DTXSID3020205",312.37,0.000250869467563814,0.0176565760740854,27012.6977790221,0.758446863014688,0.00116590347930039,0.583396427006096,0
"DTXSID7021360",92.14,1666.19550648472,4.66872749585733,594.976683091353,0.440100566456778,0.000704974706863756,1.00395088991451,0
"DTXSID8020462",106.12,0.468756676321009,13906.0298738731,0.179124435125033,2.12867645075393,0.0011508094188963,0.911461567542891,0
"DTXSID8020913",128.18,4.42670850318589,0.146137046153826,1497.17179945128,1.57938099553764,0.000692353204137595,0.85443398173887,0
