"dtxsid","molwt","vapor","solub","kow","decay.air","decay.sur","diffus.air","conc.out"
"DTXSID2021781",278.35,0.000896369041350314,0.026814010224496,25510.9938452972,0.576045418684288,0.000822524453932991,0.62851064617999,0
"DTXSID3020205",312.37,0.00166642324026448,0.0124379605172496,22718.3956393269,0.329799326461131,0.000544026375744153,0.376327304697452,0
"DTXSID7021360",92.14,3661.62297031755,6.09169776156251,736.052533681629,0.20802863546717,0.00144559771537314,0.738279962209311,0
"DTXSID8020462",106.12,0.79669115013278,5989.96100271481,0.0804523957826659,1.67478592908715,0.00146892978700062,0.908740997412543,0
"DTXSID8020913",128.18,4.23044728126081,0.104968253798373,3323.89850803119,1.25106863536948,0.000506775050659948,0.661211503548254,0
