"dtxsid","molwt","vapor","solub","kow","decay.air","decay.sur","diffus.air","conc.out"
"DTXSID2021781",278.35,0.00304069422081791,0.0399428943722735,56335.2091655,0.989089751564618,0.000626609353285536,0.631650278589077,0
"DTXSID3020205",312.37,0.000567298734687946,0.0119715026793541,20137.5798190351,0.797595418346533,0.00119025020112568,0.451482045298818,0
"DTXSID7021360",92.14,1740.0660294441,5.01730493443322,221.255177232583,0.268872907021453,0.000719066817297525,0.921954728918027,0
"DTXSID8020462",106.12,0.460533238620199,12403.6846670346,0.0610559249684538,1.7143043657995,0.000866887664807222,0.640300060438976,0
"DTXSID8020913",128.18,31.2814848400435,0.169498689228414,3352.84894230544,2.83954257897544,0.00135374370546039,0.683745713071757,0
