"dtxsid","molwt","vapor","solub","kow","decay.air","decay.sur","diffus.air","conc.out"
"DTXSID2021781",278.35,0.0026213003315616,0.0349668819410933,25438.3656075618,1.02062015408231,0.000876364487998463,0.709066037272155,0
"DTXSID3020205",312.37,0.000526708689360568,0.0134266758256585,18645.962182898,0.570170673624382,0.000787466161561316,0.427801377610498,0
"DTXSID7021360",92.14,2384.05649273751,7.8280177121079,431.252560142239,0.330426826063684,0.000693390936920709,0.860213088736677,0
"DTXSID8020462",106.12,0.676844580621486,9862.01895810154,0.0612393344747613,5.38106627615288,0.00119700935379191,1.12665469290721,0
"DTXSID8020913",128.18,5.93380483351454,0.184541593391892,2041.6565877253,0.735759981517771,0.000768484935323912,0.992171838994238,0
