"dtxsid","molwt","vapor","solub","kow","decay.air","decay.sur","diffus.air","conc.out"
"DTXSID2021781",278.35,0.000929384366324118,0.0341781948168758,34574.6892672907,0.353940998699127,0.000795340419987098,0.874344624623894,0
"DTXSID3020205",312.37,0.00177882826790379,0.00429844395287088,11480.3258280668,0.699294633782067,0.00124044453926711,0.596511238303504,0
"DTXSID7021360",92.14,2755.87115986229,4.19210121629536,447.444625755965,1.15009817891109,0.000619394269061428,0.564335114807209,0
"DTXSID8020462",106.12,0.607172692845608,10258.6004484875,0.118082464627678,1.51624628739415,0.000796926218170899,0.994453525334041,0
"DTXSID8020913",128.18,16.912026037322,0.111119315060675,1934.12780173566,1.94209582996004,0.00151160613973643,0.637632279993112,0
