"dtxsid","molwt","vapor","solub","kow","decay.air","decay.sur","diffus.air","conc.out"
"DTXSID2021781",278.35,0.00394946125386723,0.0295947265532514,21552.0123345021,0.712560112377349,0.000640395709462438,0.426384337214872,0
"DTXSID3020205",312.37,0.00120449050193378,0.0117685572021601,22493.4605222036,0.493587420146168,0.00172298897439033,0.625047479979192,0
"DTXSID7021360",92.14,2012.82689970144,5.79187300876051,191.051806112833,0.632793590384239,0.0012150389370888,0.882408448317608,0
"DTXSID8020462",106.12,0.798625667032391,6519.90742718386,0.126519615197259,0.659515370382072,0.00156741468183291,0.601088113854527,0
"DTXSID8020913",128.18,26.4739514053302,0.114809649396333,1876.44808076044,1.75551984639069,0.00148281810015251,0.546583117282311,0
