"dtxsid","molwt","vapor","solub","kow","decay.air","decay.sur","diffus.air","conc.out"
"DTXSID2021781",278.35,0.00142984980492797,0.0406193017884684,31483.862050042,0.371212061002983,0.000818536512086125,0.587937096157617,0
"DTXSID3020205",312.37,0.000806552346735445,0.0061743893557865,13619.6368288233,1.30373882395552,0.000575486223717325,0.644819048843728,0
"DTXSID7021360",92.14,2382.53728844726,5.85456209060398,611.572156014741,0.738563667504234,0.00155608895271712,0.633956297923894,0
"DTXSID8020462",106.12,2.11061407510471,4609.28355465822,0.126608275264877,1.61301638556053,0.000301759327772338,0.697154148380019,0
"DTXSID8020913",128.18,9.40685436674465,0.173387912470313,2422.26561745375,1.17965749850376,0.0023005599897338,0.955144952587044,0
