"dtxsid","molwt","vapor","solub","kow","decay.air","decay.sur","diffus.air","conc.out"
"DTXSID2021781",278.35,0.00391484939644295,0.0297750050885127,27503.8191142231,0.633532848367389,0.00175626672900987,0.425696687393611,0
"DTXSID3020205",312.37,0.00164122708600891,0.0105721138813109,19501.7699755208,0.683773995608833,0.000664558072523029,0.443069248879828,0
"DTXSID7021360",92.14,991.078806800674,6.14514161975768,439.219350899341,0.304110818256504,0.000898569781191788,0.669863222320526,0
"DTXSID8020462",106.12,0.619267841440869,7536.49940767215,0.0720485653223681,2.86661480227288,0.000871196910253666,0.683603104579589,0
"DTXSID8020913",128.18,7.46602457160814,0.150110168809298,2301.65227761879,1.64175927851634,0.00102910741644281,0.530737715222189,0
