"dtxsid","molwt","vapor","solub","kow","decay.air","decay.sur","diffus.air","conc.out"
"DTXSID2021781",278.35,0.00677267713176772,0.0507947881956362,19348.8855188884,1.52652742448945,0.000650781369556069,0.429274546414837,0
"DTXSID3020205",312.37,0.00128564164332189,0.0124262441293979,19989.2872295957,0.391101524075288,0.00104030426722311,0.55173897466121,0
"DTXSID7021360",92.14,3912.1089432313,4.1551464474507,638.195911705723,0.636783954632727,0.00183560536373345,1.04552474284977,0
"DTXSID8020462",106.12,1.03678137689456,8405.60437641154,0.107284529163591,1.45972900307197,0.0015323052365291,0.635499511907841,0
"DTXSID8020913",128.18,6.85749187318804,0.0926207327960804,1478.27000369354,0.752126586415196,0.0026926295494866,0.545514832252341,0
