"dtxsid","molwt","vapor","solub","kow","decay.air","decay.sur","diffus.air","conc.out"
"DTXSID2021781",278.35,0.00330702045938509,0.0344981640705879,29726.0715009226,0.250288017336219,0.00090629784707687,0.51370757335654,0
"DTXSID3020205",312.37,0.000540547148449605,0.00732642751954882,37400.0113166425,0.78692606732679,0.000729465141433886,0.302774951867296,0
"DTXSID7021360",92.14,1400.44236452183,4.93009530276746,386.316810628823,0.211748611549781,0.000472995407035133,0.783073884736101,0
"DTXSID8020462",106.12,0.279568725387042,7845.00409537842,0.0895340635128656,1.41112451673259,0.00101542201729049,1.33667860682315,0
"DTXSID8020913",128.18,12.2908267175742,0.194833651643937,1377.29897917881,1.71484090491546,0.000742913678928542,0.609382680688643,0
