"dtxsid","molwt","vapor","solub","kow","decay.air","decay.sur","diffus.air","conc.out"
"DTXSID2021781",278.35,0.00309868801383044,0.036681227381689,24791.6681852597,0.847759728557053,0.00145291296648186,0.708713280013096,0
"DTXSID3020205",312.37,0.00161932830198908,0.00862138450960353,30259.7346353102,0.414901422849316,0.000595992297569188,0.468663232394208,0
"DTXSID7021360",92.14,13763.3466534023,6.48492696958864,374.896573396676,0.359073012034226,0.000883758141416739,0.831571723880017,0
"DTXSID8020462",106.12,0.68903107268422,9386.59549833167,0.0927997019209197,1.80685595357084,0.000829969616679704,1.33319270308317,0
"DTXSID8020913",128.18,7.35841808144957,0.118670766436222,1656.35233882912,1.87899375147494,0.00117479006257989,0.554858402051388,0
