"dtxsid","molwt","vapor","solub","kow","decay.air","decay.sur","diffus.air","conc.out"
"DTXSID2021781",278.35,0.00139862775050717,0.0383275264754877,26347.5157757611,0.321038305775603,0.000391509446538785,0.468904150261024,0
"DTXSID3020205",312.37,0.00329813202408954,0.00723408003890276,19524.3236176472,0.525222363879027,0.000783600164547912,0.46839108033512,0
"DTXSID7021360",92.14,2599.13107088097,5.03638443526071,458.36892948326,0.484524089134876,0.00103860097892447,1.36695131052586,0
"DTXSID8020462",106.12,0.541991425056585,11160.27637821,0.091520904985334,1.10644001630978,0.00121315692982839,0.472739042121795,0
"DTXSID8020913",128.18,11.5335640180552,0.129272256221294,3099.59680298402,1.50411272150886,0.000785479368609347,1.17602658514306,0
