"dtxsid","molwt","vapor","solub","kow","decay.air","decay.sur","diffus.air","conc.out"
"DTXSID2021781",278.35,0.00402226071265312,0.0389619077779449,50989.5712465223,0.341625428212687,0.000367293454928896,0.434992034896289,0
"DTXSID3020205",312.37,0.00114429491538373,0.0091537343132224,23380.3238853549,1.21739977268719,0.00162456622472487,0.548502769319105,0
"DTXSID7021360",92.14,11515.9216158118,3.92703662023128,370.656895057137,0.492725381503115,0.00133485894640126,1.22548906338848,0
"DTXSID8020462",106.12,0.406221717454122,6059.46661256527,0.0472526091477752,1.92099167705545,0.00108871343800601,0.696078846030602,0
"DTXSID8020913",128.18,5.40919260117975,0.21707478429436,3551.10649376495,1.14208236152832,0.000959055720567831,0.802105755547892,0
