"dtxsid","molwt","vapor","solub","kow","decay.air","decay.sur","diffus.air","conc.out"
"DTXSID2021781",278.35,0.00278531544432383,0.0370923868057708,36646.1089750773,0.356715945445962,0.00133618723850628,0.531345220486145,0
"DTXSID3020205",312.37,0.00102231412526055,0.00861323386224007,18152.8784805531,0.417445072392586,0.000904064247704461,0.457947740273445,0
"DTXSID7021360",92.14,2043.14260072312,5.36305472607687,268.496212541652,0.360820918496693,0.000493896845543706,0.748365828216433,0
"DTXSID8020462",106.12,1.03282450993606,6574.35515330338,0.0724326337701251,1.51572129708255,0.000687389931930921,0.615529627788606,0
"DTXSID8020913",128.18,3.91903620017261,0.147869787634279,1519.16196069309,1.56660872663794,0.000674638334503231,0.737387196294135,0
