"dtxsid","molwt","vapor","solub","kow","decay.air","decay.sur","diffus.air","conc.out"
"DTXSID2021781",278.35,0.00171443737507143,0.0426941513467333,12472.3870657979,0.757160433038337,0.000698528601049992,0.898428738834258,0
"DTXSID3020205",312.37,0.00120552661406757,0.00930795533534943,22030.9584420591,0.696692767676028,0.00100509757766989,0.553689162023844,0
"DTXSID7021360",92.14,3446.42732713685,3.76018851195477,270.994232479065,0.239191849161274,0.0014535921056864,0.745501456243449,0
"DTXSID8020462",106.12,0.485391798008578,5692.45447764466,0.0983566601201467,2.49832167917439,0.000604135618910198,1.2040352575989,0
"DTXSID8020913",128.18,48.6328136780042,0.180905831592424,1785.39681475194,1.23291535358204,0.000822063859166116,0.754239581638947,0
