"dtxsid","molwt","vapor","solub","kow","decay.air","decay.sur","diffus.air","conc.out"
"DTXSID2021781",278.35,0.00489361455882874,0.0318285661318712,30571.5412865831,0.794890880325513,0.000775414204673838,0.557813413650449,0
"DTXSID3020205",312.37,0.000880079474417135,0.00779124304523568,40488.8871346703,0.546381094348233,0.00142506231196773,0.606914009262484,0
"DTXSID7021360",92.14,1604.13010445398,3.65114077928883,877.495459162809,0.506792763143052,0.00149838862949185,0.78304738270407,0
"DTXSID8020462",106.12,0.404960352230951,8903.29488922854,0.0777376691469483,2.59972605266931,0.000895617213860087,0.82408867257419,0
"DTXSID8020913",128.18,3.85176628162932,0.150081062064185,4597.17601261348,1.08770080846371,0.000925934288617631,0.594931848119901,0
