"dtxsid","molwt","vapor","solub","kow","decay.air","decay.sur","diffus.air","conc.out"
"DTXSID2021781",278.35,0.00284267254641674,0.0429866631052387,34828.4430960542,0.923869177424231,0.00106329321214123,0.420653303132184,0
"DTXSID3020205",312.37,0.000467152954066906,0.0123992878338588,13564.9318795154,0.919314320052759,0.00125433382588874,0.429609294688364,0
"DTXSID7021360",92.14,2782.75528627598,5.47013344834269,529.993964662191,0.275144616843354,0.00155992952746276,0.835238407944978,0
"DTXSID8020462",106.12,0.647742030483118,6869.48794838252,0.0431255183885272,1.81617367603435,0.00136465958407925,0.821275958258979,0
"DTXSID8020913",128.18,7.45026123650063,0.108935214491079,2672.07619775327,2.37268249099382,0.00102717703012598,0.677417712981897,0
