"dtxsid","molwt","vapor","solub","kow","decay.air","decay.sur","diffus.air","conc.out"
"DTXSID2021781",278.35,0.00407436353100688,0.0679371111242597,19053.5662850994,1.09106892281231,0.00100040361314137,0.499260758366262,0
"DTXSID3020205",312.37,0.000438207348285691,0.00771582146734037,9880.89944587842,0.98503209355463,0.00146957044672413,0.63047367389188,0
"DTXSID7021360",92.14,2048.81107627557,2.5792105955504,894.806900146809,0.676255235912704,0.00066504869833203,0.815068833897203,0
"DTXSID8020462",106.12,5.27810063347703,13212.9723945905,0.0774108881451563,2.1526122268233,0.000484112605841605,1.02552629353291,0
"DTXSID8020913",128.18,26.6041924481956,0.169918098769423,2086.8271167699,1.79689507298436,0.00116159110133866,0.895747242946615,0
