"dtxsid","molwt","vapor","solub","kow","decay.air","decay.sur","diffus.air","conc.out"
"DTXSID2021781",278.35,0.00694543146630166,0.0512568874277298,37120.4226570597,0.77152108011608,0.00192219148430845,0.376441195870261,0
"DTXSID3020205",312.37,0.000222877407356955,0.0124786356630725,26875.1685066918,0.40016842145596,0.000514232910789474,0.389009415127303,0
"DTXSID7021360",92.14,969.570653142659,6.13647960226035,641.003726252696,0.477112952742538,0.000661956533487087,1.33212489768952,0
"DTXSID8020462",106.12,0.499764664448114,8292.50735852036,0.0287588432833547,1.68329802171224,0.000808691346177217,0.441195291144685,0
"DTXSID8020913",128.18,4.55375588863879,0.145790930383702,1421.17930756939,3.32990410997985,0.00121299058956585,0.531136499984393,0
