"dtxsid","molwt","vapor","solub","kow","decay.air","decay.sur","diffus.air","conc.out"
"DTXSID2021781",278.35,0.00507610682423496,0.0436566203430038,21639.7559692875,0.492614987856046,0.000399510067655581,0.655387591485556,0
"DTXSID3020205",312.37,0.00057205334381135,0.0071559320899501,16915.9714589547,0.775989830231456,0.00113482859615674,0.49019912646942,0
"DTXSID7021360",92.14,407.175381998616,4.93818523181315,405.423736394382,0.231677163059987,0.000744192244656357,1.12897730611748,0
"DTXSID8020462",106.12,1.191369420223,9562.81782063612,0.0984275283567727,2.35397617213065,0.00166905087908359,0.802730021530776,0
"DTXSID8020913",128.18,4.7459721889012,0.11310178801445,3489.08621329617,1.00459214037881,0.00134657235476485,0.596964528338227,0
