"dtxsid","molwt","vapor","solub","kow","decay.air","decay.sur","diffus.air","conc.out"
"DTXSID2021781",278.35,0.00271405237092493,0.0335515242623266,28406.9587354014,0.886418831909853,0.00121065295605106,0.317009858947204,0
"DTXSID3020205",312.37,0.000227214739409737,0.00914293564026585,55596.0717406765,0.580990875964275,0.000708225283200854,0.787736229137888,0
"DTXSID7021360",92.14,2241.54338207965,7.24381477390323,383.130036996649,0.523614074949481,0.00080320663854348,0.925888441659649,0
"DTXSID8020462",106.12,0.203939242642138,10901.784389317,0.0365139083854525,1.07396173753299,0.000731717954837305,0.604163492565084,0
"DTXSID8020913",128.18,3.26839952937732,0.226848249708571,2663.33386966838,2.74752578488559,0.000824990401532688,0.611012344956889,0
