"dtxsid","molwt","vapor","solub","kow","decay.air","decay.sur","diffus.air","conc.out"
"DTXSID2021781",278.35,0.00169999794530594,0.0434419445568519,39412.9847510475,1.43863117649486,0.00109363033981325,0.471148767857066,0
"DTXSID3020205",312.37,0.000481979910509364,0.00928177815727775,17132.0853856647,0.751732991004296,0.000856941683017645,0.475984995132948,0
"DTXSID7021360",92.14,2043.43033045875,3.73621952859995,313.754085280693,0.234446107638457,0.00147571070273676,0.669763685717928,0
"DTXSID8020462",106.12,0.769277072146524,6616.13429019731,0.130406095542981,3.73438937880102,0.00109344756375284,0.676698954617886,0
"DTXSID8020913",128.18,10.4959572716544,0.227298720774075,2371.05278216216,1.39765929957957,0.00054452930348984,0.494594695143933,0
