"dtxsid","molwt","vapor","solub","kow","decay.air","decay.sur","diffus.air","conc.out"
"DTXSID2021781",278.35,0.00777117573737747,0.0220998743912561,19208.6962200686,0.634537541189885,0.00174713412446064,0.390230353640134,0
"DTXSID3020205",312.37,0.00129063824179427,0.00723156624977145,18145.4187288756,0.537662996958655,0.00118434038092182,0.612888095635476,0
"DTXSID7021360",92.14,2937.03023387809,4.96170702753248,496.522196154139,0.421490260899859,0.000909855668470031,0.528396654290711,0
"DTXSID8020462",106.12,0.726143828819637,5597.11245130024,0.0634453781979616,1.47383563991343,0.000972927120921989,0.893535777082162,0
"DTXSID8020913",128.18,2.99458307966912,0.144664187525429,2476.16421971245,1.53699025549247,0.00160763415244353,0.797029856534313,0
