"dtxsid","molwt","vapor","solub","kow","decay.air","decay.sur","diffus.air","conc.out"
"DTXSID2021781",278.35,0.00208013707790552,0.0322370050118175,45489.2459485043,0.503993598233821,0.00184948021281305,0.684941321505068,0
"DTXSID3020205",312.37,0.000847710730688447,0.0123405077645194,15201.8007733008,0.407862184747205,0.000835363847015352,0.548392279911418,0
"DTXSID7021360",92.14,1823.73217605261,4.31489658067755,490.509838480588,0.494524259217223,0.00126960658194984,0.835805861491915,0
"DTXSID8020462",106.12,1.05422045820252,5102.48021658478,0.048065720518832,1.728537181822,0.000631569911281445,0.667051938099431,0
"DTXSID8020913",128.18,4.36829372322111,0.150268122080527,2395.24310146082,0.659031683940149,0.000919563361122383,0.455784700834028,0
