"dtxsid","molwt","vapor","solub","kow","decay.air","decay.sur","diffus.air","conc.out"
"DTXSID2021781",278.35,0.00321306344998253,0.046963328081778,52964.2916119967,0.475195755276054,0.000640000828870703,0.45872730171502,0
"DTXSID3020205",312.37,0.000626821142746632,0.00706582249624186,18719.0917575272,0.629118996375189,0.00121888161755976,0.477073989101412,0
"DTXSID7021360",92.14,2811.84347182082,4.91831963315329,786.523577245007,0.480660350083646,0.000750042415036455,0.795059372587287,0
"DTXSID8020462",106.12,0.775013174336028,9035.54958462869,0.0911637273007129,1.34688699625688,0.00187621225797269,0.804585554608768,0
"DTXSID8020913",128.18,6.73313125401748,0.104945850459852,1504.22079573179,1.41687087810103,0.00128218823369195,0.896776870660415,0
