"dtxsid","molwt","vapor","solub","kow","decay.air","decay.sur","diffus.air","conc.out"
"DTXSID2021781",278.35,0.00359102183577069,0.0275031233120976,56366.6497528028,0.521532980469136,0.000770048316687549,0.634838206287128,0
"DTXSID3020205",312.37,0.00179379470946654,0.00710009208099379,18265.9251212179,0.908828610459111,0.000695928228114889,0.542203833499277,0
"DTXSID7021360",92.14,7054.85084156301,5.17276056539753,655.505756333895,0.182759453832611,0.000610300165393886,1.45877425242339,0
"DTXSID8020462",106.12,0.513301717775508,9387.0418456849,0.127282586088011,3.043414036775,0.00106260231240989,1.01362105855188,0
"DTXSID8020913",128.18,4.43419618290629,0.118200145451445,1983.64550148725,0.960470519099581,0.000941107285260197,0.579518929836477,0
