"dtxsid","molwt","vapor","solub","kow","decay.air","decay.sur","diffus.air","conc.out"
"DTXSID2021781",278.35,0.00494451464395032,0.0198155883970312,47872.4060582731,0.381563851106659,0.000680454107432213,0.62951418694224,0
"DTXSID3020205",312.37,0.00177222540372858,0.0065300714840895,58344.3904309076,1.58931288924086,0.00130058128073941,0.425948448435157,0
"DTXSID7021360",92.14,1441.81099219536,4.09177939141505,270.20280948736,1.01955045414767,0.000819709311923489,1.00034960080554,0
"DTXSID8020462",106.12,0.602940207521231,6610.01708805081,0.0781580082133469,1.33401502522466,0.000515459465002416,0.664356318354137,0
"DTXSID8020913",128.18,8.35399016039369,0.138466618950459,2635.47370017346,0.98381410324494,0.00139528514103547,1.06689061543857,0
