"dtxsid","molwt","vapor","solub","kow","decay.air","decay.sur","diffus.air","conc.out"
"DTXSID2021781",278.35,0.00320648193598078,0.0586818591229548,29740.1458238415,0.530511053186223,0.000792108954549697,0.398688983723403,0
"DTXSID3020205",312.37,0.000262233730307489,0.00956884372458898,15484.7238989244,0.439392518570585,0.00132958948678296,0.364284360874548,0
"DTXSID7021360",92.14,2373.1218338846,6.67567443712074,225.246153568061,0.191633902977057,0.00074601783342076,0.967710628468301,0
"DTXSID8020462",106.12,8.32134017697256,6972.25686098381,0.101394944582631,2.72867710999311,0.00104168353517585,0.887227443186812,0
"DTXSID8020913",128.18,4.69886536554514,0.160397048263213,2399.99444377605,1.78513073817258,0.000721668850425799,0.713165167897176,0
