"dtxsid","molwt","vapor","solub","kow","decay.air","decay.sur","diffus.air","conc.out"
"DTXSID2021781",278.35,0.00390203913784793,0.0367569376408528,54039.242187309,0.26356289692107,0.000821446985416698,0.362363233334021,0
"DTXSID3020205",312.37,0.000252917713790877,0.0103953834255873,22162.8587463339,1.02468917294123,0.00112818647651528,0.496207786485975,0
"DTXSID7021360",92.14,2737.83877916631,4.44947436301013,320.877380089012,0.351285604269369,0.00176829851394086,0.94470034046602,0
"DTXSID8020462",106.12,2.55298853023442,9906.40547126076,0.0893687534374337,2.28085699350547,0.00159616252119545,0.49437697649181,0
"DTXSID8020913",128.18,5.19569563335782,0.14924794977727,1836.68899500875,1.06181816371265,0.00239665202775765,0.489723794951462,0
