"dtxsid","molwt","vapor","solub","kow","decay.air","decay.sur","diffus.air","conc.out"
"DTXSID2021781",278.35,0.00375563736501784,0.0439907372532582,14909.7161486096,0.798992805064046,0.000749979406837932,0.483861960835006,0
"DTXSID3020205",312.37,0.00146542762408889,0.013208365856611,19359.0728470366,0.626725140025448,0.00085984635514175,0.668437332034364,0
"DTXSID7021360",92.14,5915.71756867213,5.67412630180184,658.988091049047,0.228690061176823,0.000970540344137345,1.32583825826279,0
"DTXSID8020462",106.12,0.385631537596706,10180.5031819081,0.0384829224176547,2.07233878089871,0.000831491684766693,0.772139218654853,0
"DTXSID8020913",128.18,3.02135263542702,0.161922895690953,2232.76650746893,1.11752328314017,0.00106004403889872,0.835594917510487,0
