"dtxsid","molwt","vapor","solub","kow","decay.air","decay.sur","diffus.air","conc.out"
"DTXSID2021781",278.35,0.00230149791639176,0.0780348182336165,35767.678421857,0.350037735949573,0.00202616105355813,0.524937174409977,0
"DTXSID3020205",312.37,0.000380895015686786,0.00703079000657284,21064.4890313292,0.88397578789542,0.000520296418856295,0.520994802217854,0
"DTXSID7021360",92.14,1556.96332585731,4.92118758598924,395.646444492926,0.456502635256093,0.000654477388960082,0.869490215136245,0
"DTXSID8020462",106.12,0.346820416855459,7433.98247700074,0.100310354333413,3.73953204054706,0.00107334779977362,0.846767429117679,0
"DTXSID8020913",128.18,2.26824621433235,0.184272785524287,2649.08692148738,2.39605334822857,0.000432363491264586,1.22262934618045,0
