"dtxsid","molwt","vapor","solub","kow","decay.air","decay.sur","diffus.air","conc.out"
"DTXSID2021781",278.35,0.0086575375328597,0.032839664058101,23694.113716383,0.534778129780106,0.00112172457858191,0.388782776314439,0
"DTXSID3020205",312.37,0.00027107151027898,0.00806515137585069,30168.1048301979,0.766269180326088,0.00243612108772352,0.420590624251276,0
"DTXSID7021360",92.14,3528.84590216181,6.37853345177228,387.556685671876,0.252098419621763,0.000865108687659416,0.903190822670993,0
"DTXSID8020462",106.12,1.40137808925716,7694.44170004108,0.100765606152992,1.74764319712941,0.000907843674172337,0.917965867887888,0
"DTXSID8020913",128.18,4.9278380844544,0.0898351034905105,1901.21185880609,3.14246073756751,0.000693121087913331,0.728284281465757,0
