"dtxsid","molwt","vapor","solub","kow","decay.air","decay.sur","diffus.air","conc.out"
"DTXSID2021781",278.35,0.00746955872579264,0.0416573451933959,15120.2427124692,0.61002111266012,0.000965570895906623,0.498087317427271,0
"DTXSID3020205",312.37,0.000587654424980382,0.0077763423296369,24986.5078790752,0.254007071471556,0.00192924731687258,0.428535340820934,0
"DTXSID7021360",92.14,5842.65435404873,4.87980943346341,381.378033695896,0.3849541172919,0.000679254488904593,0.697738061809862,0
"DTXSID8020462",106.12,0.69569555555655,6433.3079655024,0.0458641530175464,0.989180197539225,0.000955858633866591,0.684814705055237,0
"DTXSID8020913",128.18,15.2050307275469,0.167778942117547,3042.08278220675,1.18457286254862,0.00120649271759871,0.505411248915213,0
