"dtxsid","molwt","vapor","solub","kow","decay.air","decay.sur","diffus.air","conc.out"
"DTXSID2021781",278.35,0.00244202518950605,0.0435583685564748,33019.3759962302,0.631173847816854,0.000979938080196394,0.43573735542051,0
"DTXSID3020205",312.37,0.000665272040469742,0.0106775976803122,7055.11006093786,0.58235992984999,0.00137755254972321,0.50493015845319,0
"DTXSID7021360",92.14,8497.45315874009,3.76768975614982,401.809761207546,0.386446407450057,0.000581206078041633,1.14778507771935,0
"DTXSID8020462",106.12,0.38240882770863,9403.90850635191,0.0833480902793861,1.54707209057973,0.0025141680017781,0.594968145940868,0
"DTXSID8020913",128.18,7.77583935081353,0.119109231128006,6486.50977463769,1.37241109479102,0.00128763536183063,1.28688588766563,0
