"dtxsid","molwt","vapor","solub","kow","decay.air","decay.sur","diffus.air","conc.out"
"DTXSID2021781",278.35,0.0030712152772411,0.0191852279109173,46675.0002278662,0.969039204747481,0.00131624038685177,0.33887964457682,0
"DTXSID3020205",312.37,0.00218621437367277,0.00774199509432158,13674.1891644707,0.773074874244972,0.00141561158868816,0.420998205116805,0
"DTXSID7021360",92.14,1292.59093923848,3.49421121813109,414.007670036161,0.316636092986122,0.00154299578069364,0.54248326929566,0
"DTXSID8020462",106.12,0.944029683766288,7151.98335557528,0.0831293962282845,2.51972718956311,0.00111096992287453,0.652484093882809,0
"DTXSID8020913",128.18,12.1272106258013,0.117533520701585,3630.60078443233,1.36435502203104,0.00123705922736405,0.520576722886886,0
