"dtxsid","molwt","vapor","solub","kow","decay.air","decay.sur","diffus.air","conc.out"
"DTXSID2021781",278.35,0.00211732133024798,0.0191087879607415,22796.1968488143,0.675412262986419,0.00123545593637642,0.470433581453165,0
"DTXSID3020205",312.37,0.000709850206374707,0.0083463796067235,22806.8231385157,1.37342149207606,0.00154944754826138,0.835642872920121,0
"DTXSID7021360",92.14,1082.80632182313,4.53862841613321,175.489898251803,0.795520435319282,0.000438032898231837,1.03592503967959,0
"DTXSID8020462",106.12,0.648355386782831,5845.14842300316,0.0618105543227906,2.77379607502402,0.000403699767720999,0.76690878183926,0
"DTXSID8020913",128.18,16.5198830824903,0.119603307844045,2757.02421559578,2.04741617224902,0.00154634161689893,1.10273514759376,0
