"dtxsid","molwt","vapor","solub","kow","decay.air","decay.sur","diffus.air","conc.out"
"DTXSID2021781",278.35,0.00262306627299206,0.0307436552032396,17044.3322650997,0.593245335319467,0.000789564231428473,0.508226894843441,0
"DTXSID3020205",312.37,0.000338558352067771,0.00952871950917002,31725.9373020573,1.28151687882453,0.00162787232738064,0.644953326676964,0
"DTXSID7021360",92.14,1600.02492972733,2.97788245256192,492.727695348349,0.372540041004934,0.00099041155336701,0.764619163370989,0
"DTXSID8020462",106.12,0.169646640164583,6541.69725288457,0.103177629592215,1.49683808723006,0.000858813376138082,0.941143686497536,0
"DTXSID8020913",128.18,46.3373117058616,0.167491497185985,2402.47643185984,1.96304091483308,0.00053580988186263,0.680835815819223,0
