"dtxsid","molwt","vapor","solub","kow","decay.air","decay.sur","diffus.air","conc.out"
"DTXSID2021781",278.35,0.00311266139915439,0.0572316799590755,18422.9610909894,0.631058321842256,0.000571542142450293,0.578808776542188,0
"DTXSID3020205",312.37,0.000665715404204041,0.00975039911773219,14598.0837677778,0.671083601061,0.000496398919381239,0.353301959422467,0
"DTXSID7021360",92.14,2302.10575599621,5.34774118715253,344.588335421172,0.261884200998965,0.000245643964479347,0.711708432709416,0
"DTXSID8020462",106.12,0.698735913376956,7892.89119850106,0.329653143278897,1.86227039236137,0.00101620022035887,0.928037210439977,0
"DTXSID8020913",128.18,4.53826621531212,0.15399230105243,1443.93749297,0.980660210714355,0.000827607740085827,0.873027966333829,0
