"dtxsid","molwt","vapor","solub","kow","decay.air","decay.sur","diffus.air","conc.out"
"DTXSID2021781",278.35,0.00327116239329362,0.0335869806349096,31685.1820388192,0.803018870231338,0.000813519766317727,0.423238098227289,0
"DTXSID3020205",312.37,0.00014656129082737,0.0106476760191887,10095.9412584195,1.07848359869303,0.00154591628205307,0.58366930750997,0
"DTXSID7021360",92.14,1509.4982980812,5.09357939392432,452.405394510465,0.743177732254326,0.000913717892203107,1.06739259797265,0
"DTXSID8020462",106.12,1.06723948203497,12020.5865558287,0.111144764434106,2.41113961164024,0.00112965265995258,0.699955924658511,0
"DTXSID8020913",128.18,14.1696141611222,0.198357443593694,1948.6871485453,1.98368149970913,0.000705769216566328,0.71797839692109,0
