"dtxsid","molwt","vapor","solub","kow","decay.air","decay.sur","diffus.air","conc.out"
"DTXSID2021781",278.35,0.00327498178227683,0.0618190451999699,27105.7484829775,0.561363551985942,0.000781409202464092,0.378523920590493,0
"DTXSID3020205",312.37,0.00107803117506929,0.00682253544963147,14596.3393659609,1.07506536068093,0.000983734214543872,0.599174254354906,0
"DTXSID7021360",92.14,5367.4217221022,5.79336212555561,224.917488269856,0.232938691400687,0.00123150976439163,0.543400924486375,0
"DTXSID8020462",106.12,0.319319366543109,5623.23449324743,0.0799102827354968,3.56047249805815,0.000971042669671245,0.894036105232911,0
"DTXSID8020913",128.18,3.08855717592772,0.173574008775461,1990.87182735264,0.988980427257656,0.00104229614502674,0.97330472126688,0
