"dtxsid","molwt","vapor","solub","kow","decay.air","decay.sur","diffus.air","conc.out"
"DTXSID2021781",278.35,0.00121484609591381,0.0408376367928802,17191.1865089727,0.520641103557862,0.0012072576957054,0.716125304199914,0
"DTXSID3020205",312.37,0.000604436644126083,0.0104571126029464,12221.9444997409,0.367998699831785,0.00196007762218918,0.407784929541058,0
"DTXSID7021360",92.14,1333.20967579847,3.91284378115632,269.60207218116,0.258247068745433,0.000735325648307945,0.970130977519986,0
"DTXSID8020462",106.12,0.845275220045471,10470.7543195279,0.113116894847198,3.12739407524745,0.000605038991968693,0.465169358907962,0
"DTXSID8020913",128.18,3.83105352889792,0.136771858130923,3470.93178464255,3.54502589640904,0.0014109696669449,1.14480313702755,0
