"dtxsid","molwt","vapor","solub","kow","decay.air","decay.sur","diffus.air","conc.out"
"DTXSID2021781",278.35,0.00204768210478011,0.0558825994162805,23611.8795711825,0.627034738732003,0.000872617691179511,0.486884972598709,0
"DTXSID3020205",312.37,0.000378119332162947,0.00727405378467564,25487.1618469032,0.466202696670433,0.000860150008805412,0.504687953884812,0
"DTXSID7021360",92.14,1445.84465641624,3.59948943387254,290.577075810867,0.447878025420615,0.000847688918446836,0.834428251298752,0
"DTXSID8020462",106.12,0.377528148388995,8036.96114169177,0.0777161715043699,3.51173916591153,0.000618996681537325,0.84666311724528,0
"DTXSID8020913",128.18,2.33387847517843,0.141882401854536,4374.4723955557,1.29422051889547,0.000235793313221604,0.733664824175786,0
