"dtxsid","molwt","vapor","solub","kow","decay.air","decay.sur","diffus.air","conc.out"
"DTXSID2021781",278.35,0.0055267663516976,0.0315425647983007,22170.0917160215,1.37741607451786,0.00135748140454273,0.560495753599728,0
"DTXSID3020205",312.37,0.000179509130728471,0.00981036134586008,16802.1672091006,0.833601936718232,0.000944648757040245,0.76651992208994,0
"DTXSID7021360",92.14,11699.5537117778,4.66682099736824,394.136092643228,0.316377370380979,0.000613087603828228,1.47193209097945,0
"DTXSID8020462",106.12,0.469363917629792,10039.3603970098,0.0620247353397453,2.26667084571892,0.000956474172042398,0.723595905723581,0
"DTXSID8020913",128.18,3.83877499237594,0.169178941819949,2081.43395163646,1.14715821531255,0.000628287304490533,0.689810851538426,0
