"dtxsid","molwt","vapor","solub","kow","decay.air","decay.sur","diffus.air","conc.out"
"DTXSID2021781",278.35,0.00366612373366052,0.019857096618449,33053.1839744685,1.09979013940204,0.000811421067626822,0.56217737803891,0
"DTXSID3020205",312.37,0.000505939119341893,0.00901444817009034,25034.2983630326,0.636076427785142,0.00163310434389743,0.516559777675092,0
"DTXSID7021360",92.14,6923.63368499828,5.30990632036762,634.317697960352,0.1760457706625,0.000970413491545731,0.592986594891886,0
"DTXSID8020462",106.12,1.16457019003405,12169.8395017279,0.123235875523684,1.95979574425472,0.00165892549198923,0.473752662629728,0
"DTXSID8020913",128.18,4.21444492472595,0.114466634012246,856.283437723383,0.919142035534451,0.00119306766242875,0.916496755364388,0
