"dtxsid","molwt","vapor","solub","kow","decay.air","decay.sur","diffus.air","conc.out"
"DTXSID2021781",278.35,0.00615590190160548,0.0404971964947213,28142.1959704611,0.66733746931186,0.000377474460506477,0.478102446892746,0
"DTXSID3020205",312.37,0.000636625648066203,0.00768096590486248,28934.2097271734,0.642500237780065,0.00129196328612337,0.861735258449338,0
"DTXSID7021360",92.14,1649.24540431266,3.60066829855295,308.334481414679,0.43606572276035,0.000964332867074469,0.890399305830949,0
"DTXSID8020462",106.12,1.98729092757417,7087.83412439957,0.039546836652157,1.41976750312852,0.00107736043884536,0.653542287914187,0
"DTXSID8020913",128.18,8.4429117325985,0.119929141857881,2252.98047961927,1.31789168149689,0.00128692154893825,0.61905253311027,0
