"dtxsid","molwt","vapor","solub","kow","decay.air","decay.sur","diffus.air","conc.out"
"DTXSID2021781",278.35,0.00156723675935932,0.0345578552386964,32302.4609885225,0.670705944544928,0.00112652878341075,0.68939312478739,0
"DTXSID3020205",312.37,0.000761140474874703,0.0106568289161769,25480.0861388832,0.864004579386437,0.000976593430999355,0.535580542682721,0
"DTXSID7021360",92.14,7021.11520523344,4.98959152471155,706.378673060308,0.448780577737194,0.00084397733048504,0.552462708356289,0
"DTXSID8020462",106.12,0.626625821860516,15548.27315705,0.108222085394855,1.51813470322163,0.00155447322368983,0.975841986388738,0
"DTXSID8020913",128.18,9.4663278615496,0.20754464656485,4694.52303331131,1.04557631820935,0.00113025825663822,0.573514928594006,0
