"dtxsid","molwt","vapor","solub","kow","decay.air","decay.sur","diffus.air","conc.out"
"DTXSID2021781",278.35,0.00490657514095085,0.0285172062465238,34833.7504579335,0.275071649059168,0.00126721185350178,0.605483238223166,0
"DTXSID3020205",312.37,0.000368934588500399,0.00920379331854654,48216.5162933923,0.515554839621257,0.0011321504844591,0.324262417684788,0
"DTXSID7021360",92.14,2767.46789054379,3.51165121353204,364.432922603669,0.213752105311925,0.00102062669700649,0.610584627149463,0
"DTXSID8020462",106.12,3.24570761467557,9740.46815392297,0.0533183856702684,1.60470586674197,0.00141237434583114,0.782295757268444,0
"DTXSID8020913",128.18,4.11016467876107,0.136557595714376,2445.59609041259,0.967652573319223,0.000888687669721918,0.601493055574666,0
