"dtxsid","molwt","vapor","solub","kow","decay.air","decay.sur","diffus.air","conc.out"
"DTXSID2021781",278.35,0.00562800824039601,0.0339215017581956,43880.7282573809,0.620910812368969,0.00136488188989049,0.440772489690526,0
"DTXSID3020205",312.37,0.000756986387683307,0.00852589033743475,23798.2763287277,1.19999149040356,0.000505390781633118,0.686476278519381,0
"DTXSID7021360",92.14,2147.56877894351,3.9191024312066,420.819400864494,0.336117601096685,0.000821495273077379,0.761869153967511,0
"DTXSID8020462",106.12,0.396662077984097,6044.78155330647,0.0671126488773081,2.63363703166278,0.00102472093862271,1.38092659026939,0
"DTXSID8020913",128.18,15.5072696260543,0.0916243984706352,1627.19211821125,1.04935758226601,0.00165467491272767,0.76613314314777,0
