"dtxsid","molwt","vapor","solub","kow","decay.air","decay.sur","diffus.air","conc.out"
"DTXSID2021781",278.35,0.00995049712550365,0.0655753176168259,36263.5679304399,1.09506877639375,0.000983385344716612,0.600020431744715,0
"DTXSID3020205",312.37,0.00045873433133596,0.0131188903326871,28736.9677278739,0.538827323876077,0.000539279297611668,0.341695430823118,0
"DTXSID7021360",92.14,2883.21222521665,5.93786250078158,941.332277501426,0.583084152971014,0.00116178226061338,0.670804860035374,0
"DTXSID8020462",106.12,1.80649811720121,7798.71446648054,0.0555123642362428,1.88596533392398,0.000758084493273822,0.84296796204916,0
"DTXSID8020913",128.18,1.89351768043018,0.13101737269257,2001.8571539622,0.778035790539674,0.000623020353380743,0.393305892110964,0
