"dtxsid","molwt","vapor","solub","kow","decay.air","decay.sur","diffus.air","conc.out"
"DTXSID2021781",278.35,0.00670237722332636,0.0584764478127805,37750.230674822,0.618969073132243,0.00245579468695573,0.754966636297208,0
"DTXSID3020205",312.37,0.0018849109336496,0.0104682879760804,27364.4929181982,0.85862250282585,0.00121792889908972,0.528187611564801,0
"DTXSID7021360",92.14,3504.58891522766,4.79081134968516,655.96115757897,0.37423837891413,0.000889678009962779,0.983961467764528,0
"DTXSID8020462",106.12,1.09680011797744,8621.52528034699,0.055480335492366,1.87415326711488,0.000796860645347004,0.719083151192582,0
"DTXSID8020913",128.18,5.55889820268356,0.141495228308367,1842.92574150497,1.0771145795059,0.00115834500093774,0.579678684965904,0
