"dtxsid","molwt","vapor","solub","kow","decay.air","decay.sur","diffus.air","conc.out"
"DTXSID2021781",278.35,0.00355448439861499,0.0218007384740732,26150.5219550811,0.825417376071836,0.000704979375298987,0.544813063933807,0
"DTXSID3020205",312.37,0.000737868995415244,0.0117290067402952,17887.0117826909,0.908923025237242,0.00104704159900231,0.340209040068057,0
"DTXSID7021360",92.14,1760.76642858031,4.57809848654579,388.341053169958,0.179106205809047,0.00166596743406281,0.635665797696634,0
"DTXSID8020462",106.12,0.528850819520615,11205.179888332,0.0736708982876252,1.47463696052723,0.000665900895518638,0.898001030702448,0
"DTXSID8020913",128.18,18.0686773107917,0.149587853185581,2263.52291252596,1.48023691423526,0.00160958157971379,0.545163730053744,0
