"dtxsid","molwt","vapor","solub","kow","decay.air","decay.sur","diffus.air","conc.out"
"DTXSID2021781",278.35,0.00339103609420666,0.0493536708063547,53789.1023270228,0.533298770338719,0.000992166691881952,0.406907644566634,0
"DTXSID3020205",312.37,0.00187600044350687,0.00710370678991308,7226.95184483101,1.47953934962302,0.000829463217580941,0.379521424838441,0
"DTXSID7021360",92.14,2073.65654861818,3.90197366484041,250.465161631401,0.371463374156361,0.000659679009004647,0.514077120486718,0
"DTXSID8020462",106.12,1.17365032644718,8697.06054104458,0.0427811393525858,2.75673045342638,0.00147496303721804,0.417487392267187,0
"DTXSID8020913",128.18,2.82691230617651,0.166660433856772,1561.84639591064,1.13389889421866,0.0010853690502733,0.947010357491472,0
