"dtxsid","molwt","vapor","solub","kow","decay.air","decay.sur","diffus.air","conc.out"
"DTXSID2021781",278.35,0.000283581220311674,0.0426609146621459,25378.0936313453,0.444733599469013,0.00120720828019227,0.68827521261523,0
"DTXSID3020205",312.37,0.000613380266338482,0.0122772673516995,23008.2169048467,1.11629387188706,0.000763236151399666,0.359810029557018,0
"DTXSID7021360",92.14,2881.69806568028,6.2820856422082,807.685579632699,0.75581770750018,0.00146381268934636,1.05560225207262,0
"DTXSID8020462",106.12,0.100319619859687,8337.52573815592,0.0566268929118226,3.75638517113348,0.000817056810597474,0.528229711583889,0
"DTXSID8020913",128.18,27.5516834671895,0.149851045982235,2383.23774401083,0.674601262079658,0.000844100152480729,0.603944484521768,0
