"dtxsid","molwt","vapor","solub","kow","decay.air","decay.sur","diffus.air","conc.out"
"DTXSID2021781",278.35,0.0052646009091753,0.0459482534478809,65256.0780348237,0.453847381373616,0.00159559021492553,0.651967917285446,0
"DTXSID3020205",312.37,0.000294721700451796,0.00987822640875965,33872.1216461737,0.883100490397862,0.000760137599098879,0.403120263354172,0
"DTXSID7021360",92.14,1639.68992182561,8.50227826035128,610.144199732358,0.252332949071824,0.00113594961439677,0.696352161323133,0
"DTXSID8020462",106.12,0.906545760548615,9706.19237718384,0.0737975938782507,1.46145541663559,0.00115996645028388,0.871073088818693,0
"DTXSID8020913",128.18,9.40691100653861,0.110757038868093,1986.12864766114,1.71064661012739,0.000414914773563539,0.834115956348,0
