"dtxsid","molwt","vapor","solub","kow","decay.air","decay.sur","diffus.air","conc.out"
"DTXSID2021781",278.35,0.00332965598630102,0.0286214549093433,37454.1047128822,0.508991006455821,0.00118477246199053,0.62268723516594,0
"DTXSID3020205",312.37,0.000331054269746096,0.0104841735431719,12876.5322361054,0.614926747587992,0.000739409105393621,0.559265966960468,0
"DTXSID7021360",92.14,6706.61265746486,3.40887485948549,460.033481805115,0.325912261521526,0.00139551204134227,0.865712060993794,0
"DTXSID8020462",106.12,0.85861618876922,8851.58707850846,0.0413519478484536,1.56203484803757,0.000841925425654707,0.766800772537289,0
"DTXSID8020913",128.18,4.59147340665807,0.101489024515685,2387.48153699729,1.10216969607058,0.00159394693351948,0.653662641846282,0
