"dtxsid","molwt","vapor","solub","kow","decay.air","decay.sur","diffus.air","conc.out"
"DTXSID2021781",278.35,0.00481391705295075,0.0331757023918993,52015.3810656854,0.424306127761825,0.00076205569830386,0.582807140126191,0
"DTXSID3020205",312.37,0.00278672181002312,0.0125186949455727,16708.6280425187,0.444158519474177,0.00124639183649474,0.976875641240594,0
"DTXSID7021360",92.14,1832.54812433443,4.98667279930882,538.414003924353,0.312510740505968,0.000670005154684614,0.769771262190857,0
"DTXSID8020462",106.12,0.790496823584705,10818.0022039797,0.074046618481567,2.4775323024735,0.00155630028328244,0.937271366240168,0
"DTXSID8020913",128.18,12.4372699628041,0.153718541911779,3494.64503552174,2.38354515581231,0.00107975047490586,0.665786975916515,0
