"dtxsid","molwt","vapor","solub","kow","decay.air","decay.sur","diffus.air","conc.out"
"DTXSID2021781",278.35,0.00396861618513515,0.0411418929399276,36408.7009527848,0.914340470878869,0.000537493281021023,0.616876800454138,0
"DTXSID3020205",312.37,0.000551152510591972,0.0118211858735141,16654.0187436459,0.806558671517902,0.000654974574261814,0.734086104284763,0
"DTXSID7021360",92.14,938.299191370682,4.32567164751206,1084.37006624928,0.219126167971147,0.000744851952182583,1.1525537076113,0
"DTXSID8020462",106.12,1.78717177690252,10452.2693311425,0.0510699458076251,0.667876256728115,0.00136146547784294,0.563135777009351,0
"DTXSID8020913",128.18,7.15339303919865,0.135471073358034,3323.97827446921,1.35667316147255,0.00106790567098966,0.887395150859032,0
