"dtxsid","molwt","vapor","solub","kow","decay.air","decay.sur","diffus.air","conc.out"
"DTXSID2021781",278.35,0.00333937856929638,0.039743639132014,41252.0651763808,0.371056414505443,0.000645059177132276,0.575128441026556,0
"DTXSID3020205",312.37,0.000249421526285004,0.0103154849992483,40310.7018035267,1.40363533955352,0.000474517037745536,0.456719769927166,0
"DTXSID7021360",92.14,2852.56399367009,4.58547247917845,280.322372613534,0.571718775345388,0.00179888179703443,1.09049477369872,0
"DTXSID8020462",106.12,0.271353516996605,7851.69925138868,0.05900652430802,2.04493560307622,0.00117689379447363,0.825216527637906,0
"DTXSID8020913",128.18,6.66618063153473,0.124538834994805,2179.07050529933,1.30290803228422,0.00110427878889779,0.534858566878563,0
