"dtxsid","molwt","vapor","solub","kow","decay.air","decay.sur","diffus.air","conc.out"
"DTXSID2021781",278.35,0.0142038224271191,0.0344415076201629,39360.1792767861,1.00118159035312,0.000561426457225923,0.77812759852509,0
"DTXSID3020205",312.37,0.00104143162023474,0.00667032797803155,18332.3178509937,0.364529029973892,0.0013233750492968,0.378113874146911,0
"DTXSID7021360",92.14,3014.67903353343,4.18486728853349,244.911388717003,0.594093326950276,0.000934040365780574,0.699717904957809,0
"DTXSID8020462",106.12,0.553142688806671,7477.3900998042,0.0705986335707452,1.4499422486737,0.0012141504398312,0.760596565244542,0
"DTXSID8020913",128.18,2.19143245522907,0.156339626281438,1266.8473111446,0.6949528923242,0.000426617837110945,0.589763906493988,0
