"dtxsid","molwt","vapor","solub","kow","decay.air","decay.sur","diffus.air","conc.out"
"DTXSID2021781",278.35,0.000690335227095014,0.0304274020702512,27253.9858111694,0.549245257637565,0.000869586045717799,0.530948916833007,0
"DTXSID3020205",312.37,0.000315199720550434,0.00918046325917254,12876.8747862051,0.911354553442916,0.000798508155911161,0.563805127033489,0
"DTXSID7021360",92.14,2232.94399596383,3.51115312333237,708.151061443062,0.384776300324686,0.000724896494913908,1.04170749069022,0
"DTXSID8020462",106.12,0.780865599365496,11498.8079669633,0.0526279335887887,2.48187475419292,0.00110638699464635,1.19346486240587,0
"DTXSID8020913",128.18,10.0702240678819,0.150931203269775,4141.50750062619,1.39592431891391,0.00239613059820479,0.760523287593647,0
