"dtxsid","molwt","vapor","solub","kow","decay.air","decay.sur","diffus.air","conc.out"
"DTXSID2021781",278.35,0.00290911676380034,0.0313320949375422,41947.2523197828,0.677021576361504,0.000683986318570731,0.503802777252441,0
"DTXSID3020205",312.37,0.000769823847806356,0.00919837133600239,9371.81905955949,0.351770586353515,0.000563393298858869,0.664262886077827,0
"DTXSID7021360",92.14,1746.15049150015,4.09719051714564,335.682804871396,0.511675960699989,0.00235257484825557,0.931469846058649,0
"DTXSID8020462",106.12,0.679180524619974,6614.09207507577,0.0610660570850652,1.24833208618919,0.00105671129507059,0.544734651428327,0
"DTXSID8020913",128.18,1.46099746141855,0.0986202332578089,2379.62845832307,2.13832223682936,0.00131471565177007,0.574583207990712,0
