"dtxsid","molwt","vapor","solub","kow","decay.air","decay.sur","diffus.air","conc.out"
"DTXSID2021781",278.35,0.0032679132304521,0.0345402047107226,34475.0521720248,0.326282041786661,0.000839809719632141,0.513351297872034,0
"DTXSID3020205",312.37,0.00102384883385644,0.00846302672324362,17202.8726809299,0.940190330540358,0.000675284026783084,0.470201637531715,0
"DTXSID7021360",92.14,8590.91261878672,5.29183225586595,246.688321541072,0.845287222938609,0.00375858547775245,0.662683175616749,0
"DTXSID8020462",106.12,0.444990605259229,5668.199000227,0.0641368711140089,2.20091138057356,0.000765513820070367,0.576145840335375,0
"DTXSID8020913",128.18,5.87137991536969,0.1364793503815,1163.64861865876,2.11198544643593,0.00114550395627631,0.717886917275613,0
