"dtxsid","molwt","vapor","solub","kow","decay.air","decay.sur","diffus.air","conc.out"
"DTXSID2021781",278.35,0.00260351419626134,0.0383953288239989,22981.2744727642,0.322522568732787,0.000576270335654624,0.385804092968922,0
"DTXSID3020205",312.37,0.000885041224294886,0.00727001227463097,12339.2664732342,0.744285806926382,0.000507765389753817,0.554329088853393,0
"DTXSID7021360",92.14,2323.23416323819,4.29936390939626,148.383906068053,0.327091888369992,0.000373853970643807,0.80478938257464,0
"DTXSID8020462",106.12,1.11329009527486,8968.16740913592,0.0844130409447581,2.66257858867169,0.00111632397187912,1.16564893796571,0
"DTXSID8020913",128.18,5.6722099800783,0.194989683678912,2193.46158299075,1.52368435066618,0.00166640804981249,0.499601362963234,0
