"dtxsid","molwt","vapor","solub","kow","decay.air","decay.sur","diffus.air","conc.out"
"DTXSID2021781",278.35,0.0037166123315348,0.0425007894195375,40752.4453316047,0.234022463178077,0.000357864490430884,0.52940743999959,0
"DTXSID3020205",312.37,0.000331351067966521,0.00617245516028432,14654.734202351,0.423521170794878,0.000994917442807118,0.505016669590111,0
"DTXSID7021360",92.14,2241.27689987232,5.16415782573592,505.89558902519,0.703579270406518,0.00239376758645578,1.52502681828723,0
"DTXSID8020462",106.12,2.69172880888541,6810.56293986783,0.0762587477212943,0.938507637730354,0.00130990891377068,1.37547019517562,0
"DTXSID8020913",128.18,3.17106346073186,0.190959230667915,4135.41082983421,2.20374353021693,0.00235030558491462,0.614534715791958,0
