"dtxsid","molwt","vapor","solub","kow","decay.air","decay.sur","diffus.air","conc.out"
"DTXSID2021781",278.35,0.00868193708612442,0.0463105544392026,25064.4510001619,1.08318060752333,0.0012793848025704,0.524914428440479,0
"DTXSID3020205",312.37,0.000233768150733892,0.0067511926790828,14226.0507722723,0.831769923733802,0.00115241823972201,0.539964922980027,0
"DTXSID7021360",92.14,2599.14620605941,3.50260257399049,501.261207871107,0.3340171613712,0.0012638089014143,0.760106122594826,0
"DTXSID8020462",106.12,0.90397244727044,4655.07898520524,0.0888166281845282,2.28733018962005,0.000884799733151877,0.908469788051316,0
"DTXSID8020913",128.18,7.53881377234762,0.123983434026733,2337.6567904421,0.879513985018806,0.000962802610516924,0.598932106307264,0
