"dtxsid","molwt","vapor","solub","kow","decay.air","decay.sur","diffus.air","conc.out"
"DTXSID2021781",278.35,0.00086650766957227,0.0337406992421783,25479.9180733063,0.296386784469787,0.000863556185253781,0.574312412266359,0
"DTXSID3020205",312.37,0.000399470517143075,0.0103016319765891,49927.5922648878,0.378733578252613,0.000886824004693541,0.370740547889449,0
"DTXSID7021360",92.14,1912.37331071039,3.60165661190055,500.307815380427,0.438206669532661,0.000910243254345165,0.762108230225749,0
"DTXSID8020462",106.12,0.793295481855501,11063.3542711222,0.0945282586247799,1.8671035906915,0.00125161492955224,1.0462442186737,0
"DTXSID8020913",128.18,7.39735084893139,0.134438600085964,1981.18471847083,0.625436480614337,0.000790338344340822,0.80459381357761,0
