"dtxsid","molwt","vapor","solub","kow","decay.air","decay.sur","diffus.air","conc.out"
"DTXSID2021781",278.35,0.0011706379460036,0.0507991104176011,26745.2822855029,0.307303267606548,0.00150707568821666,0.515131394305152,0
"DTXSID3020205",312.37,0.000654503849196258,0.0105369782648205,21157.6027855654,0.583549131464605,0.00134270071355397,0.612826475116703,0
"DTXSID7021360",92.14,2077.99381394242,5.3947044866428,547.321838468982,0.412206222459714,0.00202486338293052,1.02224315616829,0
"DTXSID8020462",106.12,1.33836095683438,8118.68213331832,0.162561337635805,2.85946191948626,0.000671232546518337,0.986457756205267,0
"DTXSID8020913",128.18,8.06883184631193,0.122026235963456,1563.5421411103,1.21872586310137,0.000860507514376147,0.519842572210247,0
