"dtxsid","molwt","vapor","solub","kow","decay.air","decay.sur","diffus.air","conc.out"
"DTXSID2021781",278.35,0.0100652867513142,0.0221657803941074,15369.6608274373,0.209236923993691,0.00139394005256012,0.401210278260505,0
"DTXSID3020205",312.37,0.00156738253472362,0.00636477788024461,32579.8650573063,0.611567914824556,0.00079965055382067,0.546066777307564,0
"DTXSID7021360",92.14,1125.44845779308,3.88914353393995,523.975680986354,0.449477030000252,0.00138228222916773,0.699808357280929,0
"DTXSID8020462",106.12,0.247739237945605,7258.96952335399,0.101153954919223,1.12795563712699,0.000934222570456879,0.904595011990279,0
"DTXSID8020913",128.18,4.26406968323138,0.144789940760585,2459.48747476221,1.24398848060293,0.00162556276914473,0.634701116333596,0
