"dtxsid","molwt","vapor","solub","kow","decay.air","decay.sur","diffus.air","conc.out"
"DTXSID2021781",278.35,0.00592187473731325,0.0265418090443187,20556.8167873905,1.50161724548389,0.0007154626228423,0.696806546698768,0
"DTXSID3020205",312.37,0.000350320208315907,0.0109681705962551,19187.7502734318,0.569889273345789,0.000888450079928513,0.466759534914945,0
"DTXSID7021360",92.14,5216.2693188292,3.84948979886642,541.542471758576,0.32538001888544,0.00106976491629355,0.502931041798914,0
"DTXSID8020462",106.12,0.436615155908704,5811.22797265635,0.163714052847638,1.56249648100121,0.00117969107196054,0.816061145673561,0
"DTXSID8020913",128.18,12.5912296319803,0.154371521484413,1802.68544714491,1.18852743638103,0.00109752829776061,1.17267790250266,0
