"dtxsid","molwt","vapor","solub","kow","decay.air","decay.sur","diffus.air","conc.out"
"DTXSID2021781",278.35,0.00423319438233958,0.0300990095065367,31880.7370315144,0.560458410326486,0.00135751834188731,0.374335137490219,0
"DTXSID3020205",312.37,0.000769665793110568,0.00834404303172097,12525.5821887079,0.405569879261679,0.00143617553568282,0.506471668009627,0
"DTXSID7021360",92.14,1654.08614116171,4.8866089327166,530.00583161791,0.322643120165504,0.00153165542862248,0.805655999411483,0
"DTXSID8020462",106.12,0.423025011188261,5630.7404725112,0.0813602863504888,2.5194446232518,0.000527904149799043,1.00371678434612,0
"DTXSID8020913",128.18,11.8299404545562,0.127739283212076,1442.37053153556,3.41556026099701,0.00123207803142731,0.670154609918056,0
