"dtxsid","molwt","vapor","solub","kow","decay.air","decay.sur","diffus.air","conc.out"
"DTXSID2021781",278.35,0.00280121650857829,0.0567971601981074,34761.7553768256,0.381577436518206,0.000964463840723389,0.587233306488634,0
"DTXSID3020205",312.37,0.000998688748397299,0.0112430787369326,12521.1888056331,2.27895093897944,0.00114594619415146,0.485471512822602,0
"DTXSID7021360",92.14,2736.85503252721,4.67046793067602,480.920900752968,0.386817803577004,0.00140398782789283,0.856928264188384,0
"DTXSID8020462",106.12,1.41428298458251,9138.64467201161,0.0519924280166697,4.12406133983063,0.00183123139912888,0.691739435384498,0
"DTXSID8020913",128.18,7.31196943891804,0.136990595395456,2778.47908540504,1.35629125482357,0.00129019725440235,0.466283080062085,0
