"dtxsid","molwt","vapor","solub","kow","decay.air","decay.sur","diffus.air","conc.out"
"DTXSID2021781",278.35,0.00873892545762405,0.0516349055186598,60336.3852150911,0.416597802553867,0.00170684707971387,0.692466851456266,0
"DTXSID3020205",312.37,0.000568198863214693,0.013177409387845,10949.6945736869,1.51926761299051,0.00112782765901365,0.320756616778258,0
"DTXSID7021360",92.14,1358.02610171001,6.96046885884151,287.509553021512,0.470657456114814,0.000833768405620105,0.76657900486894,0
"DTXSID8020462",106.12,1.0613472125959,4093.09498145612,0.0691200391634306,1.84198120579256,0.000567881779744888,0.826103592595822,0
"DTXSID8020913",128.18,5.52136414321355,0.0907845770068702,2264.54265716922,0.941874806680226,0.00127409809271717,0.920029231889632,0
