"dtxsid","molwt","vapor","solub","kow","decay.air","decay.sur","diffus.air","conc.out"
"DTXSID2021781",278.35,0.000680885637326388,0.0508173460039658,38466.4309305654,0.570643704127621,0.00109252140319387,0.498079390709037,0
"DTXSID3020205",312.37,0.000820515842147953,0.00503995415401153,15405.6352601586,0.652218984464652,0.000783479135238722,0.763654656187536,0
"DTXSID7021360",92.14,15462.8853419181,5.95279380073088,593.503192948398,0.359434595340223,0.00204284609750433,0.632575827868517,0
"DTXSID8020462",106.12,1.01631525128859,11067.16672029,0.0469364979640127,1.29931972287767,0.000864895599406402,0.902412482740404,0
"DTXSID8020913",128.18,27.3863222927179,0.163995455153928,2746.9063698225,0.965688224688518,0.000608327243619284,1.12058807555279,0
