"dtxsid","molwt","vapor","solub","kow","decay.air","decay.sur","diffus.air","conc.out"
"DTXSID2021781",278.35,0.00450359296261421,0.0417865594313695,25676.4937171831,0.864556420112708,0.000479413285501401,0.64430185772719,0
"DTXSID3020205",312.37,0.000547241725258303,0.00893738897735712,20474.5622542766,1.22424381074746,0.000348030804432441,0.53211776009339,0
"DTXSID7021360",92.14,1672.69781670155,4.04088887703334,521.176928068639,0.259053279545839,0.00220371406826422,0.753630557996418,0
"DTXSID8020462",106.12,2.94440263697347,10900.1814958673,0.0449180042959686,2.0829998111216,0.000589002641518118,0.585813920466524,0
"DTXSID8020913",128.18,11.253079679684,0.170084200571726,1846.15188659044,2.03484913204039,0.000740649925784593,0.495481078168888,0
