"dtxsid","molwt","vapor","solub","kow","decay.air","decay.sur","diffus.air","conc.out"
"DTXSID2021781",278.35,0.00980715092031082,0.0841987529168781,21591.8436199686,0.300685879128212,0.00197992352225282,0.498263371742214,0
"DTXSID3020205",312.37,0.000164561477278494,0.00891557823386285,15259.907831502,0.628063173938211,0.0012874946026872,0.438794283556886,0
"DTXSID7021360",92.14,2395.1604900033,3.81180883850976,338.440786408415,0.568203830788103,0.00101320713304286,0.801684575535774,0
"DTXSID8020462",106.12,0.726681912845726,8205.51360137256,0.109199508864617,2.34025043896783,0.00121436457168915,0.694665318029634,0
"DTXSID8020913",128.18,13.8067962292506,0.127071807423559,3492.06422106971,0.890748397467432,0.00109906604829256,0.773533393701604,0
