"dtxsid","molwt","vapor","solub","kow","decay.air","decay.sur","diffus.air","conc.out"
"DTXSID2021781",278.35,0.000713032381452521,0.0314816161907458,32068.613307556,0.886938630341004,0.000826844319409785,0.592050434520225,0
"DTXSID3020205",312.37,0.000654178226863569,0.0125184386292244,30530.7501150487,0.60305458512343,0.00169089879204664,0.875562854544095,0
"DTXSID7021360",92.14,1608.73720067633,4.02762893363693,767.054520733991,0.576630750231628,0.00109006690769903,0.969428375288252,0
"DTXSID8020462",106.12,1.17250941874434,8882.85077803818,0.0629771408801498,1.15987688982996,0.000458471302224238,0.622698082826504,0
"DTXSID8020913",128.18,3.34815486587177,0.116061182917386,2590.97807850975,1.34831135167886,0.00125008705831892,0.877895040735497,0
