"dtxsid","molwt","vapor","solub","kow","decay.air","decay.sur","diffus.air","conc.out"
"DTXSID2021781",278.35,0.00271083774635692,0.0358360857311851,15976.7354735864,0.631795570015348,0.000788360100057218,0.610171191037444,0
"DTXSID3020205",312.37,0.000680641685800809,0.0105135561704531,12503.1636430208,0.721476947609277,0.00138709696336528,0.59034738149135,0
"DTXSID7021360",92.14,2574.40396790269,3.72008274015715,288.375486474547,0.247750188291926,0.000809929895109425,0.781079963679642,0
"DTXSID8020462",106.12,0.913152204140445,9474.98842737666,0.0896135586503502,1.17771982224711,0.00066335197100848,0.740603812175872,0
"DTXSID8020913",128.18,6.68736104658947,0.120707683865778,2792.33686250651,1.81040977069087,0.000846540666983953,0.874669205369224,0
