"dtxsid","molwt","vapor","solub","kow","decay.air","decay.sur","diffus.air","conc.out"
"DTXSID2021781",278.35,0.00501161688163046,0.0633210440145908,36101.2000996231,0.722648680908497,0.00144213704376126,0.474085216342766,0
"DTXSID3020205",312.37,0.00030126674125997,0.0130358944586366,27150.5647810008,0.730095909283008,0.000347285466158199,0.268467706792821,0
"DTXSID7021360",92.14,2522.88333955127,8.35965686389156,697.570838137585,0.490047932403292,0.000702976844297987,0.860277366987077,0
"DTXSID8020462",106.12,1.51678814993921,8275.0835753393,0.059235471530811,1.16708446877311,0.00106539095505553,0.648602558815827,0
"DTXSID8020913",128.18,2.84142324264437,0.154872204607477,2018.56759791375,1.13886141383294,0.000608740688891159,0.519690122856429,0
