"dtxsid","molwt","vapor","solub","kow","decay.air","decay.sur","diffus.air","conc.out"
"DTXSID2021781",278.35,0.00207741222594362,0.0334992676025939,20321.7774434244,0.734797626894999,0.0008335204635126,0.564091561347936,0
"DTXSID3020205",312.37,0.00111514496578112,0.00729326694646607,37429.325052362,0.994570590508718,0.00120832690156202,0.458953813569785,0
"DTXSID7021360",92.14,1516.50431512468,4.69849983122476,532.601197407861,0.455373644292584,0.000473529365158095,1.15405442775537,0
"DTXSID8020462",106.12,1.16033583167629,8394.28259772376,0.0473335496527837,1.1124292528969,0.00193184491907872,0.873788460872721,0
"DTXSID8020913",128.18,2.7215750810891,0.205841887683136,3853.54208565957,2.72854742637412,0.000545085663377627,1.15875279728887,0
