"dtxsid","molwt","vapor","solub","kow","decay.air","decay.sur","diffus.air","conc.out"
"DTXSID2021781",278.35,0.00275685551330667,0.0444593844996886,40661.7414176006,0.274951986653926,0.0029650456794509,0.569868708105126,0
"DTXSID3020205",312.37,0.000202244065036409,0.00818611176606403,13183.5353366088,0.485998784681132,0.00073892220592774,0.449749908631509,0
"DTXSID7021360",92.14,3432.58917435584,6.32305353587638,438.839262336312,0.383719098254751,0.000959345656190483,1.1693032192734,0
"DTXSID8020462",106.12,0.467961158301732,6657.79536155603,0.037044473315255,3.08022827083823,0.00131036345587151,0.854212829489048,0
"DTXSID8020913",128.18,12.1231400076669,0.179795451497601,2200.46035544063,0.98685458680394,0.000668679492407856,0.676789257602189,0
