"dtxsid","molwt","vapor","solub","kow","decay.air","decay.sur","diffus.air","conc.out"
"DTXSID2021781",278.35,0.00191712349185607,0.0441451010740479,21213.8664283743,0.665149054836383,0.00108781162245513,0.407464730681073,0
"DTXSID3020205",312.37,0.000646236052314542,0.00536276627642559,16798.7569997685,0.61654375443065,0.00077013237239595,0.36786875335536,0
"DTXSID7021360",92.14,1666.61094779928,5.27882262599602,405.378125122705,0.274967651078529,0.00186096262810184,0.788023946172709,0
"DTXSID8020462",106.12,0.803870882732915,10715.1221596215,0.0438222957166663,1.8889205246989,0.000495793137176808,0.717490571623101,0
"DTXSID8020913",128.18,3.95328750141196,0.145497335458884,1719.64386140647,1.15270118278973,0.00142553927542868,0.860954952914508,0
