"dtxsid","molwt","vapor","solub","kow","decay.air","decay.sur","diffus.air","conc.out"
"DTXSID2021781",278.35,0.00679928460880883,0.0413818461849323,29750.6869806979,0.444937730467208,0.00280729962479083,0.805492872660666,0
"DTXSID3020205",312.37,0.000320158672702178,0.0128740449132655,16848.571320072,0.206439229066002,0.000687079952629847,0.429178964232858,0
"DTXSID7021360",92.14,11686.3719258823,2.93014428812405,297.650584110958,0.297868252498035,0.000864850874211074,0.450620176664826,0
"DTXSID8020462",106.12,0.537931156403506,9698.80147281405,0.040677713679517,1.8848694661449,0.000994787469475173,0.699692386304223,0
"DTXSID8020913",128.18,2.97283493202511,0.203487258873248,4255.84345440891,1.78874867185215,0.000673477969010168,0.767036968206151,0
