"dtxsid","molwt","vapor","solub","kow","decay.air","decay.sur","diffus.air","conc.out"
"DTXSID2021781",278.35,0.00598147011655597,0.0496498423878722,39775.0250945166,0.952269925268161,0.00145774575730904,0.634452670305724,0
"DTXSID3020205",312.37,0.00143400894337069,0.00867522180021995,20211.5133181011,1.52480212268996,0.000641818294745206,0.364101844651772,0
"DTXSID7021360",92.14,3383.1759699325,5.63604988384063,326.439108305361,0.335914529676232,0.000950714479086061,0.544600116400402,0
"DTXSID8020462",106.12,1.02852538288395,14023.3834314009,0.161836086962824,2.27982797615671,0.00117930288406839,0.747593447868149,0
"DTXSID8020913",128.18,5.57389632657345,0.130620948922525,3034.46252470843,0.712752355787284,0.000780060598972369,0.817188013191444,0
