"dtxsid","molwt","vapor","solub","kow","decay.air","decay.sur","diffus.air","conc.out"
"DTXSID2021781",278.35,0.00283974096035802,0.0649266349970309,24935.8201973978,0.478580962001148,0.000611104272194194,0.496413935628663,0
"DTXSID3020205",312.37,0.000292380862784771,0.0100029694160616,30679.5136913279,0.968124161171717,0.00163451638699359,0.881582817321796,0
"DTXSID7021360",92.14,4531.86357591907,6.36395861621727,379.507549322236,0.223145011019239,0.00118488648696612,0.812181664490833,0
"DTXSID8020462",106.12,0.715164205701588,9014.00904233574,0.0968466635142496,1.1317596642054,0.000626134683964908,0.500732250295838,0
"DTXSID8020913",128.18,2.16180510873415,0.224862038783575,1755.83790245754,1.27216805740921,0.00128714019637323,0.653544433939854,0
