"dtxsid","molwt","vapor","solub","kow","decay.air","decay.sur","diffus.air","conc.out"
"DTXSID2021781",278.35,0.00215448574665129,0.0364114894971068,43651.3306426921,0.51755384074449,0.00104249324730972,0.682365564332876,0
"DTXSID3020205",312.37,0.000824421787341123,0.00912204649339137,8391.4255852951,0.396276924441681,0.00102824604205483,0.437001018504359,0
"DTXSID7021360",92.14,2430.08056225116,6.82248381480081,313.113321083444,1.0383666195238,0.00101420406667723,0.485787594741534,0
"DTXSID8020462",106.12,1.34613545885901,9176.8329694304,0.205932505875376,1.80414509877034,0.000411601038990524,0.777461433496136,0
"DTXSID8020913",128.18,7.37240063628708,0.10981492945629,1709.19033970668,1.19316584193392,0.00071768677110084,0.698462830209378,0
