"dtxsid","molwt","vapor","solub","kow","decay.air","decay.sur","diffus.air","conc.out"
"DTXSID2021781",278.35,0.00533552845325052,0.0503861688862763,35645.013687757,0.511569189769699,0.00137621195526582,0.525274451471133,0
"DTXSID3020205",312.37,0.000817191173303266,0.00894867015941172,18238.658801224,1.33653916536927,0.000603353816018098,0.423068011070718,0
"DTXSID7021360",92.14,8153.69408996141,4.24587403523534,284.58329258105,0.428246657868011,0.000929249381174856,0.754984097621382,0
"DTXSID8020462",106.12,1.5284320859815,10520.4528720354,0.0709081980800732,2.32945191140491,0.000670829629553264,0.562788214090289,0
"DTXSID8020913",128.18,2.94426675674332,0.175759766813283,1546.77432069295,1.17447474469885,0.00105657353231297,0.62456541087638,0
