"dtxsid","molwt","vapor","solub","kow","decay.air","decay.sur","diffus.air","conc.out"
"DTXSID2021781",278.35,0.00120906331635701,0.0318052337702888,33392.8935676547,0.647978711148152,0.0009036054376553,0.75124600197708,0
"DTXSID3020205",312.37,0.000529782397771163,0.00892414446368768,25479.6121426352,0.506673814218985,0.00127080002271875,0.466713049142091,0
"DTXSID7021360",92.14,1806.67754831234,3.34420317453519,658.358773450298,0.697188858792235,0.00050121496781297,0.713058607167759,0
"DTXSID8020462",106.12,0.905687351689053,5976.69868941255,0.0894491315181428,1.42061690009197,0.00180683333327211,0.919012356026415,0
"DTXSID8020913",128.18,6.19151084580394,0.17912738962284,3108.9386833194,2.73177810612567,0.000863403569349372,0.857160105924407,0
