"dtxsid","molwt","vapor","solub","kow","decay.air","decay.sur","diffus.air","conc.out"
"DTXSID2021781",278.35,0.00153907031796165,0.0507662655896265,104717.327805974,0.577856827210158,0.00108341270585268,0.609038773878849,0
"DTXSID3020205",312.37,0.000489023795567577,0.00692806415722587,21524.8968203292,1.29980198594801,0.00132819011360799,0.935264332917981,0
"DTXSID7021360",92.14,7158.65064714625,1.73971741848746,254.529090667296,0.527120882004935,0.00186422349699336,0.884507106601908,0
"DTXSID8020462",106.12,0.368948763835325,10546.5549368853,0.0670713742857754,1.52297881858536,0.00134154405770782,1.07566076952496,0
"DTXSID8020913",128.18,9.75366516003679,0.165500117034638,3761.55357223504,0.872090258281891,0.000833936419013623,0.945181795710995,0
