"dtxsid","molwt","vapor","solub","kow","decay.air","decay.sur","diffus.air","conc.out"
"DTXSID2021781",278.35,0.00216057920596294,0.0315589463975042,16559.7270573744,0.914643464376252,0.000806374599595094,0.770395902335185,0
"DTXSID3020205",312.37,0.00042204946302917,0.0116152566222291,11383.8654020562,0.774205999415296,0.000609591302198521,0.545817065326917,0
"DTXSID7021360",92.14,2981.14137996969,4.24813135241593,245.642084997076,0.280890425459492,0.00178951487067003,0.804375838097036,0
"DTXSID8020462",106.12,0.816195646959298,13061.034696902,0.0578311790334225,3.61637381868899,0.00144963831363165,0.561098278036879,0
"DTXSID8020913",128.18,11.2974322824378,0.146662574713453,1722.65693401557,1.51261144529341,0.00105065365308754,0.95698133158786,0
