"dtxsid","molwt","vapor","solub","kow","decay.air","decay.sur","diffus.air","conc.out"
"DTXSID2021781",278.35,0.0021811078923128,0.0502855081552567,30009.8484892291,0.569836464829663,0.000793593204457098,0.962346693645715,0
"DTXSID3020205",312.37,0.000185373355746413,0.00942325159102769,26485.8687061187,1.34564803532378,0.00059919744780331,0.436429744809999,0
"DTXSID7021360",92.14,2325.8386495967,5.03492210521679,205.226597466879,0.342766947896721,0.00177863618607343,0.598130951149197,0
"DTXSID8020462",106.12,0.348378940802393,7009.98691521275,0.123061878907499,1.63478615919796,0.000761217080271321,0.727720244072119,0
"DTXSID8020913",128.18,6.71023853161042,0.13462063138632,1528.82659638221,1.90614875718412,0.000439006421999991,0.558819255775944,0
