"dtxsid","molwt","vapor","solub","kow","decay.air","decay.sur","diffus.air","conc.out"
"DTXSID2021781",278.35,0.00910679808644861,0.0787351316930572,15868.4839629951,0.436072822895729,0.00108112308401664,0.373139667129597,0
"DTXSID3020205",312.37,0.000394922495647854,0.0116862281549575,26665.6011026503,0.663680738022727,0.000620810681185247,0.631268750399388,0
"DTXSID7021360",92.14,2604.33029442861,2.90700549997878,395.195539135026,0.301260930855026,0.00118654643776916,0.729444692404824,0
"DTXSID8020462",106.12,1.28796953241676,6483.46637984151,0.0899060777364099,2.05776749946897,0.00116923398002683,1.37283380594475,0
"DTXSID8020913",128.18,19.8791211796674,0.136534526394633,1905.91251358617,1.26196800092799,0.00146905694198382,0.54062173593411,0
