"dtxsid","molwt","vapor","solub","kow","decay.air","decay.sur","diffus.air","conc.out"
"DTXSID2021781",278.35,0.00214791117298847,0.0313926534345049,52235.7282699034,0.668270455365631,0.000726919042371482,0.483497532040849,0
"DTXSID3020205",312.37,0.000856163411638099,0.00967230704726667,12014.8358784188,1.07069572082327,0.000844432369597449,0.52015174178664,0
"DTXSID7021360",92.14,5661.71464000041,5.06311826501762,336.689001031601,0.274503691487256,0.000960979144131173,0.786539351378116,0
"DTXSID8020462",106.12,0.479700958826581,9860.88943831332,0.0686498416454823,1.73387381000661,0.00091556583159785,0.828297497714544,0
"DTXSID8020913",128.18,5.91473627968995,0.191245198479228,2458.35191267773,1.83600800998594,0.00118447950702884,0.765031633590027,0
