"dtxsid","molwt","vapor","solub","kow","decay.air","decay.sur","diffus.air","conc.out"
"DTXSID2021781",278.35,0.00223017098331397,0.0384339077477256,22292.0288957655,0.483302178690611,0.00107986596262768,0.669185108401615,0
"DTXSID3020205",312.37,0.000456283000620503,0.00837208212960526,25162.4279073922,0.621745889667817,0.00125535448184353,0.621912530289036,0
"DTXSID7021360",92.14,1490.90636306095,5.57348431950815,298.820713064467,0.330702036643225,0.00152218674861421,0.839062625551792,0
"DTXSID8020462",106.12,0.446128330916114,8619.81938631323,0.0729123693016054,0.805619594830397,0.00118990950136863,0.770576635527613,0
"DTXSID8020913",128.18,1.97625773058497,0.0883365591641027,4000.41657821853,0.429689667562934,0.00127239460651758,0.520476531627329,0
