"dtxsid","molwt","vapor","solub","kow","decay.air","decay.sur","diffus.air","conc.out"
"DTXSID2021781",278.35,0.00159520829681648,0.0442089300048026,51967.0955055035,0.476348285134881,0.000825097822258285,0.516612089198439,0
"DTXSID3020205",312.37,0.00028105863465543,0.0103836845952749,27501.6374690086,1.16648823290782,0.00114956580029128,0.433662588945806,0
"DTXSID7021360",92.14,2833.90596840686,6.3639457069576,487.837984987919,0.383519165601305,0.00195827703280001,0.805181141268568,0
"DTXSID8020462",106.12,0.718839167455882,9778.23408356695,0.135630877081777,1.85709462903198,0.00113856970974711,0.66154700193781,0
"DTXSID8020913",128.18,13.175342211853,0.0778238431141746,3209.83021552022,0.748903366490647,0.00193106003285528,0.694039337895297,0
