"dtxsid","molwt","vapor","solub","kow","decay.air","decay.sur","diffus.air","conc.out"
"DTXSID2021781",278.35,0.00192459398347858,0.0398385399504537,49841.3354142805,0.335708178341699,0.000878679496239202,0.427132917656411,0
"DTXSID3020205",312.37,0.000688957393875676,0.00603643966333227,28484.7120078372,0.40878371619655,0.00150103867094781,0.757194788187706,0
"DTXSID7021360",92.14,4107.04681630196,3.41503988130867,529.853775842456,0.142090722588239,0.000816599068228679,0.799988971677572,0
"DTXSID8020462",106.12,0.226135307923671,8785.01233409338,0.0669641106244014,2.13551075769049,0.000937535025472713,0.608854306502531,0
"DTXSID8020913",128.18,3.47837663355672,0.16354990745209,1779.4444074879,1.42058671929377,0.00145033676122205,0.761338521418427,0
