"dtxsid","molwt","vapor","solub","kow","decay.air","decay.sur","diffus.air","conc.out"
"DTXSID2021781",278.35,0.00301062483308168,0.0572275621476535,60717.5267484512,0.562865378943844,0.00129618462437649,0.595675139677693,0
"DTXSID3020205",312.37,0.000522062349601388,0.012955929121167,27797.6551438565,0.771464306390766,0.000670101819244121,0.434286364485533,0
"DTXSID7021360",92.14,5294.52887478921,4.29294273952672,561.845831287867,0.482288823517251,0.00286535017541598,0.633265312596961,0
"DTXSID8020462",106.12,1.27048800929818,7982.3638031948,0.0905689968160564,0.493737541289084,0.00247879497812447,0.620315717063708,0
"DTXSID8020913",128.18,5.1325658620611,0.134168216536158,2208.52225432785,1.73871102171381,0.00145162872390665,0.794800207704342,0
