"dtxsid","molwt","vapor","solub","kow","decay.air","decay.sur","diffus.air","conc.out"
"DTXSID2021781",278.35,0.00454920797277366,0.0495265359134162,39256.4446133792,0.517165424010588,0.000883143183613972,0.606844836162414,0
"DTXSID3020205",312.37,0.00125162258663765,0.00970481742857999,18720.7031688146,0.953056892905775,0.00171046424281862,0.440740880437547,0
"DTXSID7021360",92.14,3359.0082382062,4.29950609076175,267.272202793155,0.533868618179218,0.0009356066055296,0.803095800364552,0
"DTXSID8020462",106.12,1.20848168598883,7763.88188968535,0.0381957037505229,4.766426806885,0.000638830634276697,0.458348471257695,0
"DTXSID8020913",128.18,6.86604963008496,0.122336755108787,3081.18756742886,0.576410971756679,0.000796772960827615,0.906292233204604,0
