"dtxsid","molwt","vapor","solub","kow","decay.air","decay.sur","diffus.air","conc.out"
"DTXSID2021781",278.35,0.00257655824657168,0.0323747182865246,54248.5814208093,0.379385762836828,0.000881182481064563,0.457335705902886,0
"DTXSID3020205",312.37,0.000886026845095831,0.00690368797289403,22469.5773545907,1.11531063695071,0.00136453417532764,0.354987047120462,0
"DTXSID7021360",92.14,4147.79284554998,3.40416419947638,330.622590586366,0.263687925866065,0.00068900671719121,0.855984728604378,0
"DTXSID8020462",106.12,0.215093129055167,7269.30393773172,0.0561798403777629,2.36536013715829,0.00137428692408984,0.707614624013878,0
"DTXSID8020913",128.18,1.23847298039388,0.127990366765185,3726.39871317583,4.12882100342611,0.00133359502731863,0.659684496008328,0
