"dtxsid","molwt","vapor","solub","kow","decay.air","decay.sur","diffus.air","conc.out"
"DTXSID2021781",278.35,0.000692352153597151,0.0386121738909371,37325.4034763883,0.625650244659366,0.00108194762334303,0.419537128793665,0
"DTXSID3020205",312.37,0.00173543688170052,0.0128621273533768,12900.4422190319,0.868781623771992,0.0018505185771067,0.492571491476173,0
"DTXSID7021360",92.14,5379.52619852,4.41047323205938,462.485933880758,0.243112677189754,0.0008027715249182,0.924789986176038,0
"DTXSID8020462",106.12,1.1798016270492,7717.92190900989,0.0675719332199564,2.79455952783273,0.00167157969806013,1.09693187820533,0
"DTXSID8020913",128.18,8.78643989745709,0.247113892850011,3306.79237378538,1.07526950300267,0.00106093163799582,0.683654824880779,0
