"dtxsid","molwt","vapor","solub","kow","decay.air","decay.sur","diffus.air","conc.out"
"DTXSID2021781",278.35,0.00376222053506485,0.0392474733858683,24574.4016806289,0.410820409240069,0.00100167818546668,0.466574560884728,0
"DTXSID3020205",312.37,0.00147199434464829,0.00775788795931329,21683.022195104,0.706749939986315,0.00060467537028853,0.497009075671357,0
"DTXSID7021360",92.14,5407.37393645371,4.84996535149627,645.813200213842,0.696179666153366,0.00125606860372906,0.666372751411387,0
"DTXSID8020462",106.12,0.348197992325268,5526.73350040763,0.130055353773544,1.10768518297728,0.000478801513900559,0.7098206651375,0
"DTXSID8020913",128.18,2.03056400705336,0.134133839892037,1609.19490772135,1.43155112027736,0.00134867662764146,0.587594044155011,0
