"dtxsid","molwt","vapor","solub","kow","decay.air","decay.sur","diffus.air","conc.out"
"DTXSID2021781",278.35,0.00385370829363812,0.0386578312698322,37134.7498608981,0.370674555594243,0.000931808840113104,0.621268075155225,0
"DTXSID3020205",312.37,0.000753193772606719,0.00956219564515929,21546.2671680093,0.592105509513919,0.000359988406566701,0.617970932221847,0
"DTXSID7021360",92.14,3232.51028697778,4.48914683729259,399.4634058607,0.438291852530351,0.00108629122854294,0.963971808564099,0
"DTXSID8020462",106.12,0.891082970770065,7038.2810427835,0.0699724055987271,3.36217837676487,0.000650389389902444,0.93936160266343,0
"DTXSID8020913",128.18,7.42981800031325,0.117148354960534,1815.43272234548,1.01408046681487,0.00145040021096464,0.892700394519052,0
