"dtxsid","molwt","vapor","solub","kow","decay.air","decay.sur","diffus.air","conc.out"
"DTXSID2021781",278.35,0.00256447782041954,0.0350147176982831,117225.965378567,0.395365166436773,0.0019285604218047,0.565148009131799,0
"DTXSID3020205",312.37,0.00108483568790247,0.0099998707697869,28085.6526908699,1.26347428085859,0.000423314688642524,0.418973279758412,0
"DTXSID7021360",92.14,1496.50255591541,4.5849205772523,447.750440227013,0.388127943180766,0.000575678064833734,1.03254394387033,0
"DTXSID8020462",106.12,0.917881801852932,10416.3129100013,0.0482594162376674,2.83482758656492,0.00165436787114875,0.752975952359958,0
"DTXSID8020913",128.18,24.5115145081964,0.166678414049413,3839.38068834452,1.2727041146861,0.00136622224455842,0.910543049731557,0
