"dtxsid","molwt","vapor","solub","kow","decay.air","decay.sur","diffus.air","conc.out"
"DTXSID2021781",278.35,0.00446231374388079,0.02770941575072,40753.5790583849,0.641338996949779,0.00173768999330281,0.482106811382396,0
"DTXSID3020205",312.37,0.000637074712929414,0.0114512288679712,16355.0938627134,0.746632850715764,0.000849351176109667,0.391451544145072,0
"DTXSID7021360",92.14,3437.90056458656,4.79167444857915,643.376527151944,0.378827892634395,0.00135590471888432,0.642399556327215,0
"DTXSID8020462",106.12,0.700060725655854,6607.66483283987,0.0878353416159356,2.09274307269305,0.000862069652745418,1.24609629876458,0
"DTXSID8020913",128.18,7.3115390707992,0.0756005832962048,1521.42991229474,1.41518825037224,0.00131706807872112,1.06218534022364,0
