"dtxsid","molwt","vapor","solub","kow","decay.air","decay.sur","diffus.air","conc.out"
"DTXSID2021781",278.35,0.00356292905386494,0.0446635700698414,17144.4649929291,1.50247033453955,0.00109720404873712,0.679219336815394,0
"DTXSID3020205",312.37,0.00054329225906644,0.00406614139065686,15328.466030282,0.806198538307542,0.000740001340795699,0.507904427228367,0
"DTXSID7021360",92.14,7314.17611792617,3.53892293880439,382.741657701339,0.430549631273391,0.00157064242890838,0.97647481233353,0
"DTXSID8020462",106.12,1.36457578958509,4612.48280856978,0.0837409198348812,1.99498403357217,0.000937748897920512,0.72941476636701,0
"DTXSID8020913",128.18,4.66346653661622,0.11049063093774,2934.51837005994,1.42098138108648,0.000940752806758651,1.17993399413544,0
