"dtxsid","molwt","vapor","solub","kow","decay.air","decay.sur","diffus.air","conc.out"
"DTXSID2021781",278.35,0.00198697882524475,0.0329012759728071,26637.8261009556,0.391954487734241,0.00114806597985898,0.531492768217662,0
"DTXSID3020205",312.37,0.000923734571922531,0.00745052901164189,10031.4159484861,0.549318139341315,0.000686622905694272,0.817625975264523,0
"DTXSID7021360",92.14,3945.82476037432,4.6925758600103,543.664915842207,0.358916371539066,0.00126740737011164,1.14316905824594,0
"DTXSID8020462",106.12,0.382962261137807,7082.20695633215,0.157152701044991,1.12867352956031,0.00132569104720134,0.722256182385174,0
"DTXSID8020913",128.18,2.82818293365418,0.156544817336111,2754.73854453736,1.0785559225463,0.000866678466256985,0.654042974988062,0
