"dtxsid","molwt","vapor","solub","kow","decay.air","decay.sur","diffus.air","conc.out"
"DTXSID2021781",278.35,0.00260351439436707,0.0398533652109758,25333.9599838526,0.52960583775232,0.000981551519943594,0.585839363173225,0
"DTXSID3020205",312.37,0.000795841293880752,0.0113256986979816,23606.2097152123,0.436232624030843,0.000496686559296308,0.6579230571589,0
"DTXSID7021360",92.14,4661.17955431924,6.29129207250058,1523.92410126038,0.179103895625704,0.00111129623934851,1.07625004117947,0
"DTXSID8020462",106.12,0.207953369317793,10351.6605655409,0.0684728144447542,3.56501035971533,0.000655193573363514,0.455652867001555,0
"DTXSID8020913",128.18,3.18708231532637,0.217947901863763,2874.81592156325,2.13296522576965,0.00166498003130019,0.588785335842127,0
