"dtxsid","molwt","vapor","solub","kow","decay.air","decay.sur","diffus.air","conc.out"
"DTXSID2021781",278.35,0.00122253976146421,0.0370391270907363,73635.1311488042,0.233383444019346,0.00161755455046579,0.502896522798056,0
"DTXSID3020205",312.37,0.000453832175363438,0.0123441634183186,21624.3825119571,1.78598765398602,0.000766990482070322,0.484151111438218,0
"DTXSID7021360",92.14,5117.64011790048,6.21032697500496,267.844848616411,0.379481702565176,0.00114496227338959,0.895558009650658,0
"DTXSID8020462",106.12,0.250409299234576,9175.55037840203,0.0737665127462048,2.30309351823845,0.00122706789188543,0.845548641810326,0
"DTXSID8020913",128.18,7.27368200493096,0.163695755782814,5938.38438714956,0.927073666211413,0.00108831720297377,0.633180328883094,0
