"dtxsid","molwt","vapor","solub","kow","decay.air","decay.sur","diffus.air","conc.out"
"DTXSID2021781",278.35,0.00325077089129918,0.038126730576863,33882.0054735279,1.04478060062622,0.000471548727572574,0.446853905525178,0
"DTXSID3020205",312.37,0.00060504554969767,0.00636937770917213,43088.9318723695,0.507180689991417,0.00208893950692381,0.535558082479163,0
"DTXSID7021360",92.14,1178.67040623616,4.13174987079863,362.896646550497,0.458446144057011,0.00167706996477551,0.820873718382735,0
"DTXSID8020462",106.12,0.314354097135767,8995.15978735415,0.0841149106875085,3.19220474913176,0.00110111937535848,0.966030642501246,0
"DTXSID8020913",128.18,10.2513987588442,0.208959810197103,4414.81581762088,1.20261386004935,0.00125235776553442,0.962549701655068,0
