"dtxsid","molwt","vapor","solub","kow","decay.air","decay.sur","diffus.air","conc.out"
"DTXSID2021781",278.35,0.0116977579435791,0.0352542180127802,41843.9582169303,0.961922338401072,0.00112211605318506,0.373826976184074,0
"DTXSID3020205",312.37,0.000893206078316755,0.0130201025084267,14613.9968081846,1.27235278050642,0.00158743219851151,0.37373078858841,0
"DTXSID7021360",92.14,9268.60030098915,7.41569429020043,491.818164688601,0.234423471025465,0.000637871749955489,0.915252993137983,0
"DTXSID8020462",106.12,1.11071141824122,6873.41366449736,0.105287972375968,3.40762954530278,0.000420791567163498,0.876271675199216,0
"DTXSID8020913",128.18,20.8264518370509,0.127349692649341,1655.74873750243,0.838843971746593,0.000921623895220864,0.635797319303134,0
