"dtxsid","molwt","vapor","solub","kow","decay.air","decay.sur","diffus.air","conc.out"
"DTXSID2021781",278.35,0.00236964681162426,0.028127758686328,25212.7049104522,0.287159799203616,0.00055545945826795,0.618841367315188,0
"DTXSID3020205",312.37,0.000529841994508139,0.00911646834975556,14761.6910261802,0.402361624598868,0.00167073833134117,0.596161000295781,0
"DTXSID7021360",92.14,1489.79837027519,5.45593697741607,269.983121923018,0.380887961973715,0.00126796987643842,0.760158255651068,0
"DTXSID8020462",106.12,0.500220684954205,9053.31637185907,0.0437089855705151,3.13438684546871,0.00103429227109975,0.717961572969028,0
"DTXSID8020913",128.18,50.9782624715289,0.221719174414177,6530.99583109072,1.11478840777689,0.00126923986739768,0.660248678161208,0
