"dtxsid","molwt","vapor","solub","kow","decay.air","decay.sur","diffus.air","conc.out"
"DTXSID2021781",278.35,0.00493607676212752,0.0250437178333391,37030.2009940096,0.534861821052123,0.000635781299885346,0.438888541189358,0
"DTXSID3020205",312.37,0.000645662061641197,0.00753788894840307,31821.2980281288,0.537212992776674,0.000996831372575379,0.54004673988968,0
"DTXSID7021360",92.14,632.851695334347,7.26513039456292,236.348978573435,0.212327896694625,0.00155461662400388,0.88735204423902,0
"DTXSID8020462",106.12,1.48985598228651,5795.65214875626,0.1481528247086,2.00779655367535,0.00154367423503044,1.15219883173131,0
"DTXSID8020913",128.18,5.10271566284398,0.188406078635943,1534.42089529922,1.21321914417888,0.000714383686314977,1.03237037717507,0
