"dtxsid","molwt","vapor","solub","kow","decay.air","decay.sur","diffus.air","conc.out"
"DTXSID2021781",278.35,0.00123212841444202,0.0291485967281142,23557.3553406267,0.495488733341916,0.000946962808231265,0.639204986425187,0
"DTXSID3020205",312.37,0.0017919446103027,0.00494386264208806,18401.9107661443,0.335480235628848,0.00219942798881383,0.518686719818791,0
"DTXSID7021360",92.14,10868.6820497436,3.76511932494402,447.626755919856,0.874169427479284,0.00100157945774609,0.812227153525473,0
"DTXSID8020462",106.12,1.49743767633739,10051.8046464736,0.0528705323729624,1.61427622337941,0.000928652541097131,0.638641828131764,0
"DTXSID8020913",128.18,15.5006656173148,0.0790033256670784,1932.08951677253,1.09157592300798,0.000699968417703712,0.670032628316879,0
