"dtxsid","molwt","vapor","solub","kow","decay.air","decay.sur","diffus.air","conc.out"
"DTXSID2021781",278.35,0.00152398952369161,0.0425877697504709,30918.5597142651,1.28835658857357,0.00132265162426184,0.71517767327662,0
"DTXSID3020205",312.37,0.000541524908267771,0.00768001306042504,26593.3470787216,0.958918274698525,0.00101748071585843,0.342672355411595,0
"DTXSID7021360",92.14,1177.66049546939,4.99221167935394,178.352998354596,0.235119796639738,0.000788886454297381,0.906301403801033,0
"DTXSID8020462",106.12,0.642992147768469,8435.04983875765,0.05637902484969,1.66436151208657,0.00185717388504617,0.993491668865333,0
"DTXSID8020913",128.18,2.29687318756135,0.2292971270721,2241.05757092414,1.72423542012888,0.000762788342835882,1.02095238579602,0
