"dtxsid","molwt","vapor","solub","kow","decay.air","decay.sur","diffus.air","conc.out"
"DTXSID2021781",278.35,0.00163433875635484,0.0207071123588525,41133.2919771668,0.284330026074916,0.00105210333216903,0.490292655214725,0
"DTXSID3020205",312.37,0.00102800749452581,0.0160070230504168,22245.444647389,0.370019402039638,0.00112358509597711,0.515126473513876,0
"DTXSID7021360",92.14,1617.21330489681,6.18368962758787,388.860154309083,0.278649444185519,0.00120383875514602,0.804035817763318,0
"DTXSID8020462",106.12,1.42835123522772,9201.55922734948,0.0586543979262862,1.55775123471794,0.00118904450846187,0.827210822893027,0
"DTXSID8020913",128.18,4.34585146818888,0.149515414635607,1257.02212646836,1.32916748165973,0.00157171609419797,0.79613631269777,0
