"dtxsid","molwt","vapor","solub","kow","decay.air","decay.sur","diffus.air","conc.out"
"DTXSID2021781",278.35,0.00738885963600451,0.0414104555741951,19434.7742607906,0.632758281308522,0.000924201338439486,0.506096880185534,0
"DTXSID3020205",312.37,0.0010884389846997,0.0128810459031055,17999.719066305,0.586800970611208,0.00110776164205684,0.5753618741327,0
"DTXSID7021360",92.14,1910.7108845436,4.83492278017649,485.285208970146,0.16580493599625,0.00136082067465249,0.819243099592384,0
"DTXSID8020462",106.12,0.41726174462103,10329.3623763435,0.0733068563073149,1.39778523693989,0.000935865651786023,0.916121345410307,0
"DTXSID8020913",128.18,9.57017302495458,0.142868741590987,2802.90940685073,2.44487808562929,0.00106346694520231,0.706076144560239,0
