"dtxsid","molwt","vapor","solub","kow","decay.air","decay.sur","diffus.air","conc.out"
"DTXSID2021781",278.35,0.001437953383427,0.0229235109949397,33507.7754917448,0.248948558780197,0.00129086086786643,0.604658785826086,0
"DTXSID3020205",312.37,0.000538788234829351,0.00847070025275732,27608.0892245879,1.13282769937526,0.000881751633482915,0.578246241432283,0
"DTXSID7021360",92.14,5186.60245526449,4.21258859106937,1269.03657200129,0.351365461445481,0.000437524635842749,0.968043609099351,0
"DTXSID8020462",106.12,0.331591074341435,15685.6967562885,0.146685211641682,2.27616485248513,0.000876912385972606,0.907913029911968,0
"DTXSID8020913",128.18,6.90823714085924,0.0791650406646368,1537.43929149438,0.975619896425232,0.00123124460442771,0.686584680734275,0
