"dtxsid","molwt","vapor","solub","kow","decay.air","decay.sur","diffus.air","conc.out"
"DTXSID2021781",278.35,0.00228266279351078,0.0310977580438249,21241.1603381626,0.814309138559904,0.00100412710261329,0.509285627794257,0
"DTXSID3020205",312.37,0.00108854063531635,0.0097838637539979,17115.4025700133,0.545101927235516,0.00066562175870511,0.482465718168718,0
"DTXSID7021360",92.14,1512.18594242508,3.96899260145112,419.011259962179,0.31064250563034,0.0014305493385188,0.704754570347202,0
"DTXSID8020462",106.12,1.03744314238501,4352.51952882644,0.049739820506587,2.61265841250979,0.0016568777315454,0.65288085836889,0
"DTXSID8020913",128.18,1.94413479042458,0.166470986066945,1868.06497346214,2.00148236408478,0.000615974497081077,0.804852128479169,0
