"dtxsid","molwt","vapor","solub","kow","decay.air","decay.sur","diffus.air","conc.out"
"DTXSID2021781",278.35,0.00095324178112705,0.0326367421132462,23966.3187302368,0.450794070716542,0.00195654784048544,0.415944478851976,0
"DTXSID3020205",312.37,0.000709613618487336,0.00953461495935388,38799.1585040466,0.640011226456441,0.00190319719097918,0.399031556466632,0
"DTXSID7021360",92.14,3479.46408940582,3.4013240779019,481.656336158396,0.392606977209569,0.00185639402098455,0.905098793475571,0
"DTXSID8020462",106.12,0.37863090928616,7231.04141321715,0.10706899183467,0.992279185472067,0.000844606820571817,0.851047213332109,0
"DTXSID8020913",128.18,3.57317762982215,0.213037471579052,2233.6041306604,0.954819684256927,0.000814182821566799,0.403177328360737,0
