"dtxsid","molwt","vapor","solub","kow","decay.air","decay.sur","diffus.air","conc.out"
"DTXSID2021781",278.35,0.00193382604790431,0.0580152705148071,55611.1413237161,0.528168393003826,0.000747178118141499,0.754348713813982,0
"DTXSID3020205",312.37,0.000257462714037176,0.0120377605396173,58303.2344592241,0.844863298389621,0.00136385632543627,0.570599495851977,0
"DTXSID7021360",92.14,3201.45510874478,3.27633648577686,230.36606729288,0.537123830362733,0.000827073524478798,1.29045670289347,0
"DTXSID8020462",106.12,0.680804809761984,5852.91171835455,0.0855551946960249,1.61892096284136,0.000773530273842169,0.909323775105551,0
"DTXSID8020913",128.18,15.78972753658,0.130641468041745,2682.93468913303,1.34202139816306,0.0011786628711726,0.956761378685788,0
