"dtxsid","molwt","vapor","solub","kow","decay.air","decay.sur","diffus.air","conc.out"
"DTXSID2021781",278.35,0.00166946952869653,0.0412711700638441,29930.496709508,0.238824571242777,0.00127647112480385,0.550455687308335,0
"DTXSID3020205",312.37,0.00126810640075604,0.00889109985560859,19980.3173837214,0.811025889235135,0.000990324627639587,0.427403231177113,0
"DTXSID7021360",92.14,1249.52768739211,7.46510968742844,424.673140992138,0.38041227861997,0.000765056847273405,0.843606814483773,0
"DTXSID8020462",106.12,1.37562233205928,7802.93964353443,0.0711511094862123,1.29239344011645,0.0014679577827333,0.636583657283829,0
"DTXSID8020913",128.18,2.27692184710584,0.0634118582062059,2145.49141620671,0.614284475689125,0.00151811433019876,0.849320330170571,0
