"dtxsid","molwt","vapor","solub","kow","decay.air","decay.sur","diffus.air","conc.out"
"DTXSID2021781",278.35,0.00175431478781348,0.0254800639655799,43909.0183335191,0.511466974402738,0.00179366146678501,0.445517552051251,0
"DTXSID3020205",312.37,0.00414534738790582,0.0120474044842849,19833.8483893411,0.672241353553421,0.00124687134493125,0.641793781578533,0
"DTXSID7021360",92.14,6031.46898206767,4.92886501406625,278.704152166301,0.392031651817748,0.000988346430056487,0.793591730134441,0
"DTXSID8020462",106.12,1.01849872950991,7334.23581771546,0.130251847070397,2.1921037375763,0.000806162572010029,1.27523123435401,0
"DTXSID8020913",128.18,7.48481320470722,0.105559449768667,2505.0087704234,1.71522672587767,0.000540780672537703,0.7607831497447,0
