"dtxsid","molwt","vapor","solub","kow","decay.air","decay.sur","diffus.air","conc.out"
"DTXSID2021781",278.35,0.00555770438429271,0.0472262328592258,29705.8976858964,0.644657687102162,0.000816174585097226,0.496602842044941,0
"DTXSID3020205",312.37,0.000511078219022118,0.0102224323676914,15532.8071706839,0.946769683582485,0.000763905402204559,0.567732199378857,0
"DTXSID7021360",92.14,2574.17777542657,2.85915836044193,229.387984759457,0.264349402993179,0.000709178891506211,0.73012971335128,0
"DTXSID8020462",106.12,0.247613376798907,8554.27350539347,0.0815590506911912,1.40205070118756,0.00133092763221834,0.822269865621908,0
"DTXSID8020913",128.18,2.51984214323314,0.301431925106109,1947.17317561866,1.60045937595801,0.00188447371450892,0.700564538972893,0
