"dtxsid","molwt","vapor","solub","kow","decay.air","decay.sur","diffus.air","conc.out"
"DTXSID2021781",278.35,0.00916239916894084,0.0240398526287411,23909.4445754901,0.791082826606575,0.00103682651853213,0.480156438524396,0
"DTXSID3020205",312.37,0.000681626876036353,0.013260171274603,28627.63435799,0.729785989086008,0.00121091770516207,0.438584718596268,0
"DTXSID7021360",92.14,3355.81520558126,6.44988724635413,271.767746311691,0.306553986809614,0.000691268497112367,0.722491221855676,0
"DTXSID8020462",106.12,0.445973164507002,8275.17260447441,0.101074827159527,2.90015981828148,0.000970459695753305,0.535899903986538,0
"DTXSID8020913",128.18,1.05123416782318,0.131620711416187,1816.06188532378,1.83117910601828,0.00214703806893108,0.596149287556622,0
