"dtxsid","molwt","vapor","solub","kow","decay.air","decay.sur","diffus.air","conc.out"
"DTXSID2021781",278.35,0.0063058150583427,0.0279981106504341,54394.3738576663,1.02584392210116,0.00141742237424369,0.453457153604672,0
"DTXSID3020205",312.37,0.000755932478851059,0.0137918744591748,23721.5700637324,0.485781999700746,0.00103012497100579,0.556314379115744,0
"DTXSID7021360",92.14,1136.13347220692,4.73188167131129,369.683171726692,0.437122639309781,0.00076380511135578,0.916360290304051,0
"DTXSID8020462",106.12,1.77236161186342,5968.6266006055,0.170350625547218,3.30458984955247,0.00143550781104956,1.32468510658792,0
"DTXSID8020913",128.18,5.49972968342156,0.167197452706918,2917.58534706032,1.20187804724381,0.00127549585685406,0.570022255194392,0
