"dtxsid","molwt","vapor","solub","kow","decay.air","decay.sur","diffus.air","conc.out"
"DTXSID2021781",278.35,0.00159569004489518,0.0399168911664293,18732.1722134857,0.450345507056085,0.0012275318642598,0.751606818088361,0
"DTXSID3020205",312.37,0.000152643964003609,0.00774382068660938,17266.3247871457,1.83068780390071,0.00187166867895535,0.523664274686844,0
"DTXSID7021360",92.14,5300.51057499965,5.93510032415255,454.93819444905,0.574966558229611,0.000694692086054704,0.549923030192156,0
"DTXSID8020462",106.12,1.04587945808422,7221.6505278678,0.120976027131591,2.35523336863403,0.000931305588747668,0.895776935610894,0
"DTXSID8020913",128.18,6.72781414979711,0.212551883922516,1345.18775660911,1.43894347001956,0.00135158354512933,0.638565475577324,0
