"dtxsid","molwt","vapor","solub","kow","decay.air","decay.sur","diffus.air","conc.out"
"DTXSID2021781",278.35,0.00281385053184571,0.044721901185729,25639.7757836916,0.406796493134446,0.000920146680624505,0.355677146073592,0
"DTXSID3020205",312.37,0.00117382459828598,0.00653205946354762,5848.155840586,0.797643747919022,0.00157546952612594,0.654017472107548,0
"DTXSID7021360",92.14,3086.30482521307,4.98947506922893,513.967521813591,1.10444728961746,0.000826360509716335,1.11133818439252,0
"DTXSID8020462",106.12,2.27469969209232,13085.6533802499,0.0930463129057849,2.19197009327779,0.00361356999496101,0.855883846697619,0
"DTXSID8020913",128.18,9.29397238416269,0.141808099827853,1969.10669228356,0.528713638714262,0.00090776332931846,0.783566469992209,0
