"dtxsid","molwt","vapor","solub","kow","decay.air","decay.sur","diffus.air","conc.out"
"DTXSID2021781",278.35,0.00208001370820251,0.037227242233302,38513.6512681133,1.95463776845562,0.00133539777095739,0.830020398347066,0
"DTXSID3020205",312.37,0.00106086570067592,0.0121379915292933,10211.5526435976,0.682832804919472,0.00127783550258289,0.808354514470999,0
"DTXSID7021360",92.14,7210.91824890783,5.16783493836532,376.241809823686,0.599535929503667,0.0012260826908861,0.865175074414527,0
"DTXSID8020462",106.12,0.688012087907332,4796.10534142037,0.0647284785637939,2.69862194454195,0.000690417746391262,0.816009787245583,0
"DTXSID8020913",128.18,7.91237107316186,0.187164326371402,2739.31023920905,0.992256877815236,0.000594383152260155,0.495022789548752,0
