"dtxsid","molwt","vapor","solub","kow","decay.air","decay.sur","diffus.air","conc.out"
"DTXSID2021781",278.35,0.00394353374616841,0.0567606401305449,31775.6066410798,0.615303156986645,0.000961966397748269,0.477314642133377,0
"DTXSID3020205",312.37,0.000626485895233307,0.00830693319758175,14288.1097555126,0.809627723983046,0.00115371249739617,0.476277406462466,0
"DTXSID7021360",92.14,3897.91480547912,3.47039138595207,672.443383653032,0.765488450738041,0.00143562285402336,0.936082645557062,0
"DTXSID8020462",106.12,0.871372386834528,6829.50160466105,0.0374181903713652,2.53264930193608,0.000943460884381693,0.91723440452625,0
"DTXSID8020913",128.18,10.5848054016998,0.0985733483062504,2960.97370657953,0.789256999908685,0.00155276279374279,0.597516270247729,0
