"dtxsid","molwt","vapor","solub","kow","decay.air","decay.sur","diffus.air","conc.out"
"DTXSID2021781",278.35,0.00147995576940264,0.0376118010347287,25019.1313506767,0.350912113535679,0.000612608978753977,0.401775215458892,0
"DTXSID3020205",312.37,0.000318389884661168,0.0117185959169294,19390.7112811096,0.769895473412423,0.000913594355082399,0.336861373499292,0
"DTXSID7021360",92.14,8271.17167100541,3.83368754819803,473.649709758889,0.400109134806073,0.00125183250024103,0.949953108012089,0
"DTXSID8020462",106.12,3.43171853796654,4511.83332613047,0.199164208314242,2.34510976928144,0.000701052027540276,0.844439120828231,0
"DTXSID8020913",128.18,11.352337644354,0.13731924281604,1567.94127789413,1.6199896348274,0.00221881343746727,0.837038365211503,0
