"dtxsid","molwt","vapor","solub","kow","decay.air","decay.sur","diffus.air","conc.out"
"DTXSID2021781",278.35,0.00232319248680049,0.032699542231951,24511.7276682727,0.931126845470477,0.000594355442465948,0.559228235695682,0
"DTXSID3020205",312.37,0.000804110781982463,0.0141711378412986,21513.5445553553,0.775248194282016,0.000859249082594961,0.414661269879609,0
"DTXSID7021360",92.14,478.684665446965,2.61649696351613,630.68537351362,0.523333529287365,0.00111824177563457,1.09372799543732,0
"DTXSID8020462",106.12,0.594126343176233,6095.13575144673,0.0907073609119559,1.81638390266815,0.000836018333177911,0.786130753076159,0
"DTXSID8020913",128.18,10.4510832043113,0.115311338901307,3972.27895171694,1.59824117578249,0.000538279345477169,0.781053041769708,0
