"dtxsid","molwt","vapor","solub","kow","decay.air","decay.sur","diffus.air","conc.out"
"DTXSID2021781",278.35,0.0136182855648189,0.042611836257493,23406.1319816899,0.52634881815792,0.000977350783867736,0.681403509890977,0
"DTXSID3020205",312.37,0.000901592308511029,0.0132719590659992,26104.1382755711,0.624489913278288,0.000664273744430436,0.554995437070478,0
"DTXSID7021360",92.14,1339.95890015145,4.83162326988916,309.885633658541,0.266633519964209,0.00148566160602087,0.565304419321748,0
"DTXSID8020462",106.12,1.68118084115389,12107.2793482736,0.0592078365950852,1.88459257724374,0.00267312502839517,1.05164692875106,0
"DTXSID8020913",128.18,4.85349204212796,0.151708176772,2981.31045475546,1.1070532139516,0.000989850278077536,0.544673138472468,0
