"dtxsid","molwt","vapor","solub","kow","decay.air","decay.sur","diffus.air","conc.out"
"DTXSID2021781",278.35,0.000607455825285914,0.0422956327810586,24941.5019919522,0.993976967989564,0.000947104638944003,0.591814136323423,0
"DTXSID3020205",312.37,0.00122202599650272,0.0107634925106047,18782.6489271305,1.67687236070313,0.00145424138080352,0.571708700734325,0
"DTXSID7021360",92.14,3621.92874074832,6.75148826582874,445.003114385541,0.344299952031012,0.000708400507774031,0.898146261928939,0
"DTXSID8020462",106.12,0.713702021599584,8611.05628717298,0.162755337866817,0.918201306111406,0.00143504916598674,0.85066331916443,0
"DTXSID8020913",128.18,4.35247604791332,0.181553117151196,1404.76059242819,1.31108232307532,0.00100501559134969,0.966042839318465,0
