"dtxsid","molwt","vapor","solub","kow","decay.air","decay.sur","diffus.air","conc.out"
"DTXSID2021781",278.35,0.0141478560338648,0.0395087067322359,35039.945818681,0.509734581169029,0.0014245348541517,0.450420525053902,0
"DTXSID3020205",312.37,0.000327988731300238,0.0156776742043231,45005.2690620356,0.442682773907229,0.00118803770731972,0.641144584758195,0
"DTXSID7021360",92.14,1363.61529438062,5.16503035073563,355.728767842851,0.385677844994255,0.00102110126637435,0.576960970737409,0
"DTXSID8020462",106.12,0.581001597386961,7652.24714413589,0.0438696978080558,1.4013447937601,0.00125108836228294,0.862682736133178,0
"DTXSID8020913",128.18,4.93711593027678,0.103266706341902,2208.32986628764,1.53277236935316,0.000680627908889223,0.735147504571649,0
