"dtxsid","molwt","vapor","solub","kow","decay.air","decay.sur","diffus.air","conc.out"
"DTXSID2021781",278.35,0.00319426269445559,0.0276308679139382,35589.5809717595,0.384449651470925,0.00255722682321873,0.594114917470191,0
"DTXSID3020205",312.37,0.000265636502165608,0.0116033728775901,24809.3343906782,0.963426610372525,0.00075075480354769,0.435243997442841,0
"DTXSID7021360",92.14,3877.04672831948,3.16917744857142,556.217796184303,0.247785895239459,0.000989715625755457,1.03052116919384,0
"DTXSID8020462",106.12,0.515439100874156,14370.1261566644,0.0796008157072293,1.26420852314819,0.000882911407874546,0.737354554028191,0
"DTXSID8020913",128.18,13.6592075592318,0.12081248426637,2488.02638752238,1.4173461619245,0.000871616901134477,0.805158666553517,0
