"dtxsid","molwt","vapor","solub","kow","decay.air","decay.sur","diffus.air","conc.out"
"DTXSID2021781",278.35,0.00216694252135796,0.0353549408133912,15853.5552815145,0.441670943301851,0.00173629952066025,0.702119216198239,0
"DTXSID3020205",312.37,0.000440461320926729,0.00778969429528765,18282.6431202241,1.14609782279936,0.000719171063750526,0.464171198352676,0
"DTXSID7021360",92.14,7001.21971847422,5.26300741682504,545.342317942083,0.468179467626167,0.00100307535870625,0.768265912828154,0
"DTXSID8020462",106.12,2.30219575603232,7183.5026656426,0.10930990776644,1.27919083745758,0.00096341109324668,1.04871578960877,0
"DTXSID8020913",128.18,7.44683386869764,0.174259587495717,1464.68141817459,2.79014249251364,0.00172635102959021,0.423094549497645,0
