"dtxsid","molwt","vapor","solub","kow","decay.air","decay.sur","diffus.air","conc.out"
"DTXSID2021781",278.35,0.00610494422138536,0.0257650789655955,35678.0936634835,0.743870779186703,0.00109635970487496,0.755116560623782,0
"DTXSID3020205",312.37,0.000681861309791108,0.015065996992072,24076.3480490256,0.527358474960083,0.000496234542395007,0.565696044086632,0
"DTXSID7021360",92.14,3288.71537371684,6.91824782376086,518.964568822503,0.43801048515855,0.00099414888355824,0.905486770704108,0
"DTXSID8020462",106.12,0.553956884823154,12113.5382543819,0.125648546148762,1.20100273721338,0.000508835600981129,0.711771576859877,0
"DTXSID8020913",128.18,5.16010480707721,0.202786789798284,4021.20208094497,1.41742528327553,0.00087690517864086,0.572325988158824,0
