"dtxsid","molwt","vapor","solub","kow","decay.air","decay.sur","diffus.air","conc.out"
"DTXSID2021781",278.35,0.00332956980587249,0.0214634401870437,46494.6315183906,0.474458455398215,0.00140900669257601,0.456910737733309,0
"DTXSID3020205",312.37,0.000311351935342064,0.00962608100854403,13767.7902595893,0.951591276502163,0.000455425954430797,0.408897472312703,0
"DTXSID7021360",92.14,1988.50604528949,5.57142750049945,418.589481188414,0.384659040640217,0.000761976852157404,0.882669147127082,0
"DTXSID8020462",106.12,2.28840406293174,4721.53701721452,0.0864119053211203,3.69065006119021,0.000698665021265177,0.787992512006016,0
"DTXSID8020913",128.18,2.39178087345551,0.118431844285697,3983.05060918152,1.69003180928731,0.00119982812426709,0.538721187550254,0
