"dtxsid","molwt","vapor","solub","kow","decay.air","decay.sur","diffus.air","conc.out"
"DTXSID2021781",278.35,0.00480148278743211,0.045982360927112,59285.7693096347,1.50768669991813,0.00106593997298032,0.547789689426985,0
"DTXSID3020205",312.37,0.00121688089270908,0.0110441277882698,20283.9461474833,0.41759639534339,0.00049619828349069,0.434833923001007,0
"DTXSID7021360",92.14,1632.45409499036,4.00844168501801,219.290763899453,0.438590659853836,0.00102196395509722,0.681561827074039,0
"DTXSID8020462",106.12,0.565790232099604,9984.81891670552,0.0624288036585872,2.71108303847975,0.00116038295220285,1.18484601972574,0
"DTXSID8020913",128.18,10.140257564611,0.128703800632173,3392.90479111086,1.16237334323967,0.00105229472932554,0.644459568990677,0
