"dtxsid","molwt","vapor","solub","kow","decay.air","decay.sur","diffus.air","conc.out"
"DTXSID2021781",278.35,0.00150488656957964,0.0306004495364508,30274.1218852934,0.595509954210658,0.000915603223397098,0.500686310388499,0
"DTXSID3020205",312.37,0.000667910769585096,0.00801677080302628,27546.6250090951,1.15112543021648,0.00071230542246654,0.453287300946572,0
"DTXSID7021360",92.14,4426.86279447903,4.47990311004425,242.567975334449,0.47774296597295,0.00252566104165304,1.32382152543171,0
"DTXSID8020462",106.12,0.375460244068438,5214.45202853193,0.0871224525459167,2.34175839822918,0.0018464482921136,1.07842027727246,0
"DTXSID8020913",128.18,5.18848541028459,0.116809938940825,3858.43200508225,1.39411046981004,0.000663172011869799,1.14751339418766,0
