"dtxsid","molwt","vapor","solub","kow","decay.air","decay.sur","diffus.air","conc.out"
"DTXSID2021781",278.35,0.0013732808937522,0.0303819488696014,45204.7162083188,0.731220591988477,0.00136958782239651,0.575727566363855,0
"DTXSID3020205",312.37,0.000192816778999496,0.0074354066370084,12756.8236823146,0.60420550975777,0.00159618110249338,0.345152782283231,0
"DTXSID7021360",92.14,990.041815488028,6.41541728637562,390.62758406614,0.471262980368684,0.00214605326295173,0.898739183194706,0
"DTXSID8020462",106.12,0.0926560471453991,6092.67950503218,0.0827695493802235,2.73156512047185,0.00146556706696423,0.520013857796919,0
"DTXSID8020913",128.18,1.33859972321466,0.186362892925972,3491.79186871484,0.917925777031907,0.00113420476101144,0.629317710150292,0
