"dtxsid","molwt","vapor","solub","kow","decay.air","decay.sur","diffus.air","conc.out"
"DTXSID2021781",278.35,0.00219737834053829,0.0369139738736681,73528.8936696739,0.76432099713634,0.000627850629188667,0.748423873209461,0
"DTXSID3020205",312.37,0.000389028416107451,0.00918462958646635,27163.3909912675,0.721693239287998,0.000525126997186754,0.556045282211994,0
"DTXSID7021360",92.14,1422.03018049395,8.47878305701842,433.768253047856,0.802299288001254,0.0024566670832364,0.69426879058762,0
"DTXSID8020462",106.12,0.348178329280687,6847.37629893263,0.135791804444456,5.2776704734601,0.000988674545305676,1.19691641795628,0
"DTXSID8020913",128.18,1.15417500991748,0.175111058003865,2830.14158868745,1.32953379586085,0.00058728672991337,0.603679621217587,0
