"dtxsid","molwt","vapor","solub","kow","decay.air","decay.sur","diffus.air","conc.out"
"DTXSID2021781",278.35,0.00139876703847494,0.0243294140153548,24201.8727238315,0.395791921525436,0.000912406985358931,0.322748161365521,0
"DTXSID3020205",312.37,0.0020714566453194,0.00773107165934183,11896.6373736105,0.865082764395682,0.00118179150313563,0.762100965455732,0
"DTXSID7021360",92.14,911.260183876436,4.73783126605636,764.921805866901,0.239291347294833,0.00171827934571919,0.572022448305555,0
"DTXSID8020462",106.12,1.83783064780848,10023.3931243927,0.143093439275466,2.40803886539846,0.000810366134999462,1.31810968749106,0
"DTXSID8020913",128.18,29.3510374011359,0.102555074943559,3119.19736899248,0.904167010157175,0.000964673060144085,0.432952005576292,0
