"dtxsid","molwt","vapor","solub","kow","decay.air","decay.sur","diffus.air","conc.out"
"DTXSID2021781",278.35,0.00767503469391477,0.0366358862681548,61779.4921644787,0.756302037260268,0.000891314523768505,0.473267495812418,0
"DTXSID3020205",312.37,0.000430002340225454,0.00982679215738344,36656.0073806065,0.559849968947616,0.00137600401886582,0.418337129264241,0
"DTXSID7021360",92.14,1599.05585411987,9.04737528936374,704.051133829839,0.503443227598854,0.000690516816177461,0.880173671799149,0
"DTXSID8020462",106.12,0.937840521180582,6111.38031955519,0.0609787172686193,2.09496901944573,0.00185909889515282,0.774795111707648,0
"DTXSID8020913",128.18,7.15212986306152,0.1484884587909,1708.94193327841,0.701932750357038,0.000759403624316653,0.855785849569953,0
