"dtxsid","molwt","vapor","solub","kow","decay.air","decay.sur","diffus.air","conc.out"
"DTXSID2021781",278.35,0.00592112960948735,0.0428598889622215,32248.4039771799,0.552668979165403,0.00101426818226962,0.507149770017228,0
"DTXSID3020205",312.37,0.000821079616236054,0.00867406214437644,10922.1512814336,0.721252450147968,0.000959139383386368,0.57838123632834,0
"DTXSID7021360",92.14,1846.62445034919,7.01928533272406,463.906466592078,0.545474228943901,0.000906274864822922,0.923550960807943,0
"DTXSID8020462",106.12,0.338807339648949,7493.18597189563,0.0442092133843675,0.734449828737786,0.000770332625823807,1.09480535341904,0
"DTXSID8020913",128.18,10.3965333703039,0.221231227264534,2632.38293648008,1.13552178325547,0.000915609609581741,0.485916028457722,0
