"dtxsid","molwt","vapor","solub","kow","decay.air","decay.sur","diffus.air","conc.out"
"DTXSID2021781",278.35,0.00258027973806435,0.0208917414720906,53505.2874563316,0.614784895941889,0.0012642576805112,0.762208624913976,0
"DTXSID3020205",312.37,0.000498487297030549,0.0136499498134325,12853.142209846,0.53558964553714,0.000493517910709934,0.406906094523123,0
"DTXSID7021360",92.14,3100.53335454601,3.87247561357246,499.411986508747,0.750014495119179,0.000966869576757794,0.982291358236143,0
"DTXSID8020462",106.12,0.844784057166749,7952.29436255035,0.138020451460651,4.53471756242302,0.000724241564894388,0.830727994417115,0
"DTXSID8020913",128.18,1.20024604078722,0.131180351617476,1492.39065678004,0.865367132907586,0.00115544557768108,0.743614586395558,0
