"dtxsid","molwt","vapor","solub","kow","decay.air","decay.sur","diffus.air","conc.out"
"DTXSID2021781",278.35,0.00270120049428762,0.031254005425808,23559.6923215402,0.726188686010468,0.000732975111132302,0.501667573443593,0
"DTXSID3020205",312.37,0.00131845383826615,0.00759982037870092,22123.7211079157,0.707246509633666,0.00115983171762484,0.5881115573819,0
"DTXSID7021360",92.14,695.065828551471,5.19954357641966,765.542418832282,0.256883375156834,0.000538854668435398,0.941554321184605,0
"DTXSID8020462",106.12,0.762525625276069,9611.22862633215,0.117038324307266,1.67583437305572,0.000418677479365505,1.23833183545653,0
"DTXSID8020913",128.18,9.45283954628684,0.115181241826796,1588.60289856469,0.641104106493909,0.00080886785075779,0.901820320964404,0
