"dtxsid","molwt","vapor","solub","kow","decay.air","decay.sur","diffus.air","conc.out"
"DTXSID2021781",278.35,0.00394162756076534,0.0333345108197289,21499.0358626619,0.449018806353846,0.000650680447883494,0.527371371241897,0
"DTXSID3020205",312.37,0.000349908950010779,0.0113402119968222,11621.107499696,1.01323599346934,0.000708264432635335,0.443214815751469,0
"DTXSID7021360",92.14,2383.93959673665,6.84855631752178,1750.7516124848,0.423893831016098,0.000761018087522036,0.932771358314772,0
"DTXSID8020462",106.12,3.65651609121889,5900.33037708284,0.0982840245034175,1.26194232341799,0.000552000830450502,0.773540599914676,0
"DTXSID8020913",128.18,3.5470280546791,0.122225174978669,2589.73932251177,2.53927854662989,0.000849556093877321,0.461363785854835,0
