"dtxsid","molwt","vapor","solub","kow","decay.air","decay.sur","diffus.air","conc.out"
"DTXSID2021781",278.35,0.0020444391730789,0.0298809181027118,41864.2085374852,0.905091116104763,0.000489825999009268,0.409488825735142,0
"DTXSID3020205",312.37,0.000510173760891918,0.00790254000933694,28813.5237540923,0.561364264048673,0.0014627258805124,0.581586148016047,0
"DTXSID7021360",92.14,4204.02836365816,3.43553424999858,639.972682509904,0.355138037114422,0.00112290993725538,0.754458415570649,0
"DTXSID8020462",106.12,1.58616366527058,7807.09470669154,0.106730434193607,1.75536913363161,0.000751295185674467,1.05224204347516,0
"DTXSID8020913",128.18,3.44264678182703,0.125924452413182,3313.48600929161,1.46243603999102,0.00130042195487753,0.601986956529666,0
