"dtxsid","molwt","vapor","solub","kow","decay.air","decay.sur","diffus.air","conc.out"
"DTXSID2021781",278.35,0.00258982668715436,0.0463934011674574,48348.7488238992,0.252700540502446,0.00121738193838694,0.379611119033593,0
"DTXSID3020205",312.37,0.000639103663594074,0.00867490177217489,29763.244884914,1.28402492988879,0.00115521337906102,0.824077181175477,0
"DTXSID7021360",92.14,1241.99196482835,4.1695064201256,585.386182977619,0.57847112188641,0.00109876262616481,0.701042987641016,0
"DTXSID8020462",106.12,0.504500336479086,11421.4635633772,0.0563755652330466,1.30018442243959,0.00195754506424721,0.57445489071376,0
"DTXSID8020913",128.18,14.5962082241772,0.19220339448928,1568.59350946711,0.781178884635436,0.00172473137259523,0.680103073409896,0
