"dtxsid","molwt","vapor","solub","kow","decay.air","decay.sur","diffus.air","conc.out"
"DTXSID2021781",278.35,0.00167628532067579,0.0188123000150885,35476.5186778365,0.630435786707503,0.00135586223253203,0.792816959642396,0
"DTXSID3020205",312.37,0.000695627641808206,0.00768494701713261,21252.6318312084,1.36524752751748,0.000825692700126826,0.562140351672144,0
"DTXSID7021360",92.14,2000.80394458228,4.23191854569328,405.908217731918,1.01387962481324,0.00155830102614751,0.909970276710366,0
"DTXSID8020462",106.12,1.11393247140151,12047.8869699665,0.0692271198670861,4.22945669803933,0.000847442249747095,0.695949025736954,0
"DTXSID8020913",128.18,6.21922221481228,0.0991421593624715,1858.44014588891,0.607040435923424,0.00103881781552694,1.09285699240767,0
