"dtxsid","molwt","vapor","solub","kow","decay.air","decay.sur","diffus.air","conc.out"
"DTXSID2021781",278.35,0.00484237388791843,0.0496898563192331,18368.8809163367,0.490403600056416,0.000952375586150036,0.530551463435745,0
"DTXSID3020205",312.37,0.000368907919199567,0.0111676335115047,24338.2391422284,0.466023935046592,0.000700623596736784,0.575520985429149,0
"DTXSID7021360",92.14,1661.39503789718,5.7089998125457,317.180935804905,0.493192352745784,0.00180894634524676,0.726916386339357,0
"DTXSID8020462",106.12,1.17081970065038,11519.4837293147,0.0348146394273579,1.91812816333579,0.00151315200456094,0.777489120418985,0
"DTXSID8020913",128.18,10.3407213384352,0.224527952065592,2596.47465570543,0.764981372683321,0.000837175313324453,0.94214326978106,0
