"dtxsid","molwt","vapor","solub","kow","decay.air","decay.sur","diffus.air","conc.out"
"DTXSID2021781",278.35,0.00778447650739194,0.0377631358290562,18571.6130050831,0.592803005734878,0.00143094806505243,0.494877333455031,0
"DTXSID3020205",312.37,0.00130273336306926,0.00617491999231379,24278.8473220494,0.702890946648728,0.000827560733078164,0.882612611327204,0
"DTXSID7021360",92.14,2946.90199097665,5.00315610699936,484.782323966193,0.376609011212965,0.000984514482317685,0.624957769484327,0
"DTXSID8020462",106.12,0.731699624357274,8243.63302701416,0.0598043898533665,3.07614175852684,0.000520257960320312,0.893905064439357,0
"DTXSID8020913",128.18,7.43419513653148,0.0898972709349774,3309.08242934863,2.50350887428222,0.000729045686552753,0.991383149044329,0
