"dtxsid","molwt","vapor","solub","kow","decay.air","decay.sur","diffus.air","conc.out"
"DTXSID2021781",278.35,0.00470426014012979,0.0383199093583154,23006.0112099777,0.496941228494867,0.000917787585024143,0.711395480715802,0
"DTXSID3020205",312.37,0.00109983717855522,0.0126426891130604,23800.9028736418,1.26495217992014,0.000745109008136951,0.530216742883222,0
"DTXSID7021360",92.14,1024.16136118102,4.27130487422289,240.414749415651,0.422242551606656,0.000516925132000394,0.777306683892912,0
"DTXSID8020462",106.12,0.396287500378877,8732.16823827918,0.105165927355606,1.8740775512074,0.00056932531594944,0.524643398988248,0
"DTXSID8020913",128.18,6.42674762113031,0.105900817859961,1609.76349019701,0.886167284092576,0.00211084307980303,1.14225109717045,0
