"dtxsid","molwt","vapor","solub","kow","decay.air","decay.sur","diffus.air","conc.out"
"DTXSID2021781",278.35,0.0114469392528395,0.0385992467931371,31359.7714037118,0.338620331699826,0.00153607752347565,0.551643062690036,0
"DTXSID3020205",312.37,0.00243120820510049,0.0116621663267981,10294.9823169836,0.578939165700121,0.000721679450441058,0.393307019438931,0
"DTXSID7021360",92.14,10021.1522220158,6.0987144541964,461.613068307275,0.347882352805419,0.00106973347920438,0.998687928157086,0
"DTXSID8020462",106.12,2.95413904229957,6425.34114717585,0.0319245023674667,1.64692375229893,0.00134671755515426,0.71923037030415,0
"DTXSID8020913",128.18,24.1023820208598,0.119131764677815,2509.99525279121,1.31402144591354,0.000305708152080467,0.925631605563355,0
