"dtxsid","molwt","vapor","solub","kow","decay.air","decay.sur","diffus.air","conc.out"
"DTXSID2021781",278.35,0.00230422138738708,0.0322923646272393,34238.1093897766,0.435103798850608,0.000958940229159414,0.64679282179688,0
"DTXSID3020205",312.37,0.00101176382315057,0.0140229960990604,21608.6971415126,1.5104420331727,0.00104478870675559,0.403052190393932,0
"DTXSID7021360",92.14,1315.56472283733,5.87672977184811,760.993869077149,0.490301335189495,0.00100659682664476,1.2636946547662,0
"DTXSID8020462",106.12,0.895104427923834,10344.0803004166,0.142829879571422,3.01587252415889,0.00154026433034477,0.556909650032102,0
"DTXSID8020913",128.18,5.31312162845433,0.136866713244608,3981.47941854502,2.25252455113165,0.0014496111168308,0.536767176119729,0
