"dtxsid","molwt","vapor","solub","kow","decay.air","decay.sur","diffus.air","conc.out"
"DTXSID2021781",278.35,0.00277800433825627,0.0261263009737911,32617.8525239127,0.362902241291345,0.000716696788819393,0.518788407512926,0
"DTXSID3020205",312.37,0.000425724599726152,0.012310467350372,21031.4494637341,0.69741826693555,0.000469937948575879,0.65563034199183,0
"DTXSID7021360",92.14,3638.01057682657,3.21698143430105,431.829808217605,0.687018340765954,0.00154093814563892,0.905644227446837,0
"DTXSID8020462",106.12,0.794409161426264,9626.97854920135,0.0388654647721519,3.00046972211142,0.000679036586362143,1.34225664256544,0
"DTXSID8020913",128.18,14.0484292956392,0.254974355053225,1160.7769810402,1.13927045561388,0.000563774164898697,0.954326057856469,0
