"dtxsid","molwt","vapor","solub","kow","decay.air","decay.sur","diffus.air","conc.out"
"DTXSID2021781",278.35,0.00222092364663481,0.0549365595527262,32954.0994199169,0.581737646470137,0.00138293828857216,0.714203110518535,0
"DTXSID3020205",312.37,0.00158406563618918,0.00950963237728493,13601.9258709765,0.512658123751432,0.000804943944439866,0.382906799173568,0
"DTXSID7021360",92.14,1237.32638603023,3.71154296049848,570.682991033625,0.382597807579531,0.00141598512859372,1.31462443423412,0
"DTXSID8020462",106.12,1.18065679012894,6660.5090786945,0.0822803247227828,3.13383824653051,0.00092069554132961,0.651311137540995,0
"DTXSID8020913",128.18,19.1897277871116,0.20447311643702,1508.95131684495,0.942987089780749,0.000977195819607989,0.783357445333433,0
