"dtxsid","molwt","vapor","solub","kow","decay.air","decay.sur","diffus.air","conc.out"
"DTXSID2021781",278.35,0.00556124383382304,0.029681299504493,32096.4149211673,1.33568884258738,0.00125387124191811,0.775077571013957,0
"DTXSID3020205",312.37,0.000922106196020743,0.00934357131263083,17901.7719267081,1.07121784462893,0.00283036170060057,0.709471755867141,0
"DTXSID7021360",92.14,1808.68516151992,4.82324289973251,312.586440658964,0.74699258072835,0.000787747988776718,0.797855815390333,0
"DTXSID8020462",106.12,0.420842576244089,8626.59957210361,0.138466498982336,2.9774108898407,0.000863414203492607,0.734361344972456,0
"DTXSID8020913",128.18,10.5379161766763,0.159879608955936,3169.6908535936,2.87586860216507,0.00163509840849612,0.557112218956917,0
