"dtxsid","molwt","vapor","solub","kow","decay.air","decay.sur","diffus.air","conc.out"
"DTXSID2021781",278.35,0.00355868786604855,0.0360918761871765,33512.1597657361,0.349872749009006,0.000653497643602236,0.665553659706336,0
"DTXSID3020205",312.37,0.000511341633901774,0.00864887278605396,27388.0915125002,0.579816361813688,0.000358762204509974,0.288976395953953,0
"DTXSID7021360",92.14,3069.00307819143,6.52264944505158,999.414004382034,0.636285497662637,0.00156230159370979,0.842292512614326,0
"DTXSID8020462",106.12,0.621950116228144,7660.82067680295,0.119994989993755,1.1901610546943,0.000861257807908852,0.924312591840663,0
"DTXSID8020913",128.18,7.24458454816244,0.220319537246849,1199.65632522515,1.73567270037072,0.00110368220093169,0.770608218609357,0
