"dtxsid","molwt","vapor","solub","kow","decay.air","decay.sur","diffus.air","conc.out"
"DTXSID2021781",278.35,0.00337295916373024,0.0298642126993492,27230.2744831844,0.664282599799741,0.00100671227567644,0.630828089856327,0
"DTXSID3020205",312.37,8.58665787677528e-05,0.0117471279520654,18670.9489846232,0.358656919333549,0.0010944903675372,0.610548489310805,0
"DTXSID7021360",92.14,1959.50034677899,5.59840641137438,406.71210056875,0.217692149048812,0.00119480825326343,0.874015349723413,0
"DTXSID8020462",106.12,1.24335629873409,9744.52666988082,0.147464926561567,1.93603455626979,0.000639494102868287,0.828191398891979,0
"DTXSID8020913",128.18,2.01146526777078,0.166609460684331,6633.24357167936,1.44210621628269,0.00141780384347604,1.15139207494388,0
