"dtxsid","molwt","vapor","solub","kow","decay.air","decay.sur","diffus.air","conc.out"
"DTXSID2021781",278.35,0.00123542142191038,0.0425995160079879,16000.8639818541,0.484285716421022,0.000459615735402104,0.4096917830744,0
"DTXSID3020205",312.37,0.000272222536297875,0.00905950433566974,32413.3010934987,0.538456563928197,0.00146911760238798,0.514621007212072,0
"DTXSID7021360",92.14,1835.43025624202,2.80904311171877,515.412937583324,0.827036204949576,0.00114353538543998,1.20909007993425,0
"DTXSID8020462",106.12,0.526821163490234,13124.3522496268,0.0725141988651062,2.06022270496081,0.000797824543406927,0.672033299847833,0
"DTXSID8020913",128.18,6.29886717625912,0.146553085362994,1715.79730738046,1.11273717214914,0.00160122113180955,0.717054512003399,0
