"dtxsid","molwt","vapor","solub","kow","decay.air","decay.sur","diffus.air","conc.out"
"DTXSID2021781",278.35,0.00265743507835453,0.0395829536043982,59897.5542902235,0.933059878960481,0.00124194005554891,0.678778934552012,0
"DTXSID3020205",312.37,0.000650914893434572,0.00984498198229256,32830.5416477586,1.07048272875797,0.00153883289424844,0.396219225324303,0
"DTXSID7021360",92.14,1295.76109754959,3.10021180326031,835.230491564116,0.55695024706959,0.000915251102910725,1.08372970616651,0
"DTXSID8020462",106.12,0.512820792549688,6173.35646860654,0.135644609649576,3.52282863150639,0.000604393539293596,0.869231360567006,0
"DTXSID8020913",128.18,32.0489502115892,0.102337056403907,3492.31017284074,1.32420167352442,0.00118806277276853,0.954392393306803,0
