"dtxsid","molwt","vapor","solub","kow","decay.air","decay.sur","diffus.air","conc.out"
"DTXSID2021781",278.35,0.00396762568566846,0.0450207629806283,35695.8543037271,0.473857888540919,0.00113354909991485,0.619653096576418,0
"DTXSID3020205",312.37,0.000652278955989351,0.010548393648484,18657.4062792407,1.34818251910556,0.00187327965111982,0.520693237184347,0
"DTXSID7021360",92.14,3711.06212762655,4.93759172427065,302.592794644764,0.389414554376637,0.00076748140607022,0.828029304803089,0
"DTXSID8020462",106.12,0.861171116325737,8516.67106391254,0.0443605726558099,1.20603444157958,0.00113405742157676,0.680614813990905,0
"DTXSID8020913",128.18,9.50207425596287,0.143016461449845,3702.65947899947,1.70111192944802,0.00150920777171597,0.548057742778474,0
