"dtxsid","molwt","vapor","solub","kow","decay.air","decay.sur","diffus.air","conc.out"
"DTXSID2021781",278.35,0.00553557384272938,0.0357083672761761,22697.3191221881,0.860732482243764,0.00141783393373996,0.490701181420296,0
"DTXSID3020205",312.37,0.00286349280693144,0.0075632912800742,23640.6946194587,1.2942879713846,0.000500413983201579,0.420506939382218,0
"DTXSID7021360",92.14,3656.5905392279,8.50914875253962,238.741109702811,0.45799388494192,0.000791731265971615,0.846931264692241,0
"DTXSID8020462",106.12,1.48422188487427,5863.61055715987,0.0872064714824671,1.82729465835496,0.00106863598580455,0.722639828860968,0
"DTXSID8020913",128.18,6.89488935567954,0.197701604025167,960.490567228541,0.954899978965764,0.000924018330081046,0.618784869997941,0
