"dtxsid","molwt","vapor","solub","kow","decay.air","decay.sur","diffus.air","conc.out"
"DTXSID2021781",278.35,0.00292925807790506,0.0401415635030623,11872.9138663649,0.590576023336183,0.000409538985910198,0.320126163725303,0
"DTXSID3020205",312.37,0.000219579667083666,0.00869572818932976,25914.1791018763,0.655005501391147,0.00122201827950225,0.419262351111503,0
"DTXSID7021360",92.14,3779.6835738886,6.46757065495703,391.204677306639,0.266357332405315,0.000869578279053317,0.758064951893392,0
"DTXSID8020462",106.12,0.503939953217538,10139.5763192401,0.148591120775689,2.45099817726223,0.00143122178710533,0.809379009709509,0
"DTXSID8020913",128.18,14.504983720059,0.125791352931285,2736.73343213555,1.37458618533237,0.000833027732344486,0.727247344512017,0
