"dtxsid","molwt","vapor","solub","kow","decay.air","decay.sur","diffus.air","conc.out"
"DTXSID2021781",278.35,0.00221609263289316,0.032332745657833,37151.3029832137,0.326940753597775,0.000980405812188434,0.497696111139335,0
"DTXSID3020205",312.37,0.000558619160376657,0.00989716259775165,26167.6005949241,0.857032600937239,0.000605006853405485,0.566227339144709,0
"DTXSID7021360",92.14,3865.60554117643,5.93355041111178,596.851898094598,0.293286817030909,0.00128946732402624,1.21017694486189,0
"DTXSID8020462",106.12,1.45466510595962,5907.14943654181,0.133520862728082,2.80560325620738,0.000859596173997678,0.619753371052452,0
"DTXSID8020913",128.18,1.47400618535282,0.129849121831637,5134.95188287876,1.2545228688402,0.00199566600226989,0.696168227043174,0
