"dtxsid","molwt","vapor","solub","kow","decay.air","decay.sur","diffus.air","conc.out"
"DTXSID2021781",278.35,0.0023977960829939,0.0443207895967594,24033.2583392015,0.531334003741363,0.00152147248335382,0.541842394143,0
"DTXSID3020205",312.37,0.00196472314797864,0.00619727399453366,26606.3734541094,0.487248996724993,0.000878295436617215,0.761940549427297,0
"DTXSID7021360",92.14,4960.07615186721,3.65247051130377,314.111101199906,0.433546584456028,0.00167839882401458,0.873214743133446,0
"DTXSID8020462",106.12,0.642179629397172,10302.2865281579,0.0887639866408516,3.21439961061642,0.000775958730444332,1.29839151362273,0
"DTXSID8020913",128.18,4.24738689384932,0.221673491505082,1358.58198626097,1.17349351858468,0.00094238258824405,0.607050706516894,0
