"dtxsid","molwt","vapor","solub","kow","decay.air","decay.sur","diffus.air","conc.out"
"DTXSID2021781",278.35,0.00100357767600946,0.0682246771371517,29814.8352124862,0.846195451868569,0.000627598706991586,0.46508871080954,0
"DTXSID3020205",312.37,0.000894196288604931,0.0128446371492286,24059.8041769375,0.645510595461472,0.000499372512106346,0.578188978311965,0
"DTXSID7021360",92.14,4390.87705330356,6.52484653072785,673.099664494024,0.54810507829269,0.00204808866969001,0.775625915382137,0
"DTXSID8020462",106.12,0.634760603656114,14685.203880639,0.0607058577231622,1.65078314487553,0.000396194672820842,0.948468565062535,0
"DTXSID8020913",128.18,6.04362535679603,0.0787667964768198,2248.66755621981,1.83958862970468,0.0012978124232909,0.619805369341866,0
