"dtxsid","molwt","vapor","solub","kow","decay.air","decay.sur","diffus.air","conc.out"
"DTXSID2021781",278.35,0.000515376690747056,0.0349151541203537,14253.3859132465,0.849992555318017,0.00100703177470017,0.48195649240314,0
"DTXSID3020205",312.37,0.000633660792882843,0.00733457653903285,27648.8322785393,0.331192963819802,0.00120551083653692,0.431548335984395,0
"DTXSID7021360",92.14,6806.23163669366,5.21008926678455,426.413343392283,0.273033015901248,0.0015178688964573,1.44945158761653,0
"DTXSID8020462",106.12,0.664079116876118,7959.25852140163,0.0404328413217378,1.21764120698453,0.00137101530457062,1.10175564879519,0
"DTXSID8020913",128.18,12.2332148467196,0.255655178198511,3268.3758977694,1.11839202252716,0.00166217921679926,0.767647994464175,0
