"dtxsid","molwt","vapor","solub","kow","decay.air","decay.sur","diffus.air","conc.out"
"DTXSID2021781",278.35,0.0144250353366996,0.0511896810492009,26153.0751795305,0.817386733422918,0.00117417124235932,0.375429015737552,0
"DTXSID3020205",312.37,0.000419408301473384,0.00960572697348593,17900.2001325227,0.551503440379832,0.00100297516645187,0.51238972990409,0
"DTXSID7021360",92.14,1647.30934347457,6.25355125983836,388.87756004956,0.619750945826311,0.000857146320464585,0.828185810113399,0
"DTXSID8020462",106.12,0.797240454300644,7413.46197047619,0.0582315527414956,1.39254685475292,0.00172332907007785,1.06832990955016,0
"DTXSID8020913",128.18,6.3541795126538,0.164751639827401,1821.3478348309,2.03970346886583,0.00166510691594137,1.27443829551502,0
