"dtxsid","molwt","vapor","solub","kow","decay.air","decay.sur","diffus.air","conc.out"
"DTXSID2021781",278.35,0.00281904619706173,0.0340343154426844,34676.2345638866,0.641849830029494,0.00093030114886503,0.687824521735655,0
"DTXSID3020205",312.37,0.000159102698876651,0.00674001536394283,22683.7025851892,1.57958413135127,0.000790593011584883,0.663462105061884,0
"DTXSID7021360",92.14,1717.33876248017,5.15792504785112,472.674635244587,0.453872217847246,0.000636930947933348,0.802908543759516,0
"DTXSID8020462",106.12,1.46762641788248,5824.23538110844,0.0808788579746764,1.34696441172946,0.00148602100332761,0.757702207256273,0
"DTXSID8020913",128.18,1.58810517737643,0.158918521108594,2385.19063854224,2.17367175707325,0.00200825687979268,0.631501144556167,0
