"dtxsid","molwt","vapor","solub","kow","decay.air","decay.sur","diffus.air","conc.out"
"DTXSID2021781",278.35,0.0038238424404286,0.0331051078643329,42338.4227781268,0.678900600525037,0.00170161347855703,0.646720565668626,0
"DTXSID3020205",312.37,0.000229027755912935,0.0121627359415121,18506.3722984378,0.513556495045464,0.00115605951128705,0.856732700452812,0
"DTXSID7021360",92.14,2889.26332808195,4.87651997069043,217.776652555261,0.24855221287093,0.000878152862602394,0.610499121392544,0
"DTXSID8020462",106.12,3.0367059623963,9429.04951693125,0.168500345358596,1.62739062557559,0.000873829692886603,0.705831538158894,0
"DTXSID8020913",128.18,5.96431024086123,0.138979847252959,2624.67152126806,1.08128191539086,0.000950678433001263,0.916789514287485,0
