"dtxsid","molwt","vapor","solub","kow","decay.air","decay.sur","diffus.air","conc.out"
"DTXSID2021781",278.35,0.00562278839697223,0.0277405865640412,17755.7498085318,1.30575890883429,0.000894630743361951,0.609357648045773,0
"DTXSID3020205",312.37,0.000369789980971254,0.00894407650313364,25949.1300128601,0.581019865511874,0.00102848311571826,0.461329103794639,0
"DTXSID7021360",92.14,1640.3941440128,4.15458725053937,365.083755096677,0.526701260758334,0.00118651770857507,0.83781832068229,0
"DTXSID8020462",106.12,1.01581521746979,7959.49768771993,0.0965926298712994,3.20381997699705,0.000939701377545334,0.597150486195974,0
"DTXSID8020913",128.18,8.93405920110465,0.132533253329482,1932.64355553422,1.21657737270306,0.00126642357078248,0.701153722770217,0
