"dtxsid","molwt","vapor","solub","kow","decay.air","decay.sur","diffus.air","conc.out"
"DTXSID2021781",278.35,0.00502151823085924,0.0408617477820925,34677.5833529193,0.708449663170076,0.00130245585099252,0.301207592881741,0
"DTXSID3020205",312.37,0.000258342484746831,0.013697267557854,13691.041782248,0.906309694062625,0.000656080093379097,0.611102057823359,0
"DTXSID7021360",92.14,7168.8129804115,3.71321600093369,355.48045798424,0.527938189080303,0.00208167004692876,1.09761578200785,0
"DTXSID8020462",106.12,0.50965751456524,5535.13801957952,0.147972558955067,1.84263152578261,0.000892387469403172,0.820423040286973,0
"DTXSID8020913",128.18,10.0363559453181,0.126828679442522,2362.42397028374,1.43542012154121,0.000715846518428178,0.819311370859693,0
