"dtxsid","molwt","vapor","solub","kow","decay.air","decay.sur","diffus.air","conc.out"
"DTXSID2021781",278.35,0.00100792234917383,0.0436348515733814,21517.5222623678,0.302451126799116,0.00112328413006116,0.441312711831996,0
"DTXSID3020205",312.37,0.000355144931598968,0.0121005072756996,16235.4762030934,0.674495594956299,0.0013149538792285,0.727392632751577,0
"DTXSID7021360",92.14,2664.67366077644,4.1203417496433,378.197434488119,0.282728867237023,0.001636108157067,0.917429023253789,0
"DTXSID8020462",106.12,0.953420440552347,4984.18828903842,0.157652409892771,1.78464581677784,0.00094320315494865,0.693982815126673,0
"DTXSID8020913",128.18,14.5144728826269,0.144829973187836,1289.17954528852,0.988516981022601,0.00208435044920963,0.686743459523437,0
