"dtxsid","molwt","vapor","solub","kow","decay.air","decay.sur","diffus.air","conc.out"
"DTXSID2021781",278.35,0.00189752223202756,0.0232896773220805,42497.8011643242,0.985452102374851,0.00127678872185538,0.56934921265652,0
"DTXSID3020205",312.37,0.000182752185979737,0.0119461607053441,22733.1745836488,0.666401751908262,0.00154084702508419,0.769142578698653,0
"DTXSID7021360",92.14,2666.41952457801,3.46395058918069,395.246770363247,0.712699683436871,0.00246883767770463,1.12929034996094,0
"DTXSID8020462",106.12,0.497341561514327,12383.1331155945,0.120951290583399,4.46967970573387,0.00117878227421097,0.648206305101985,0
"DTXSID8020913",128.18,9.85575088185559,0.120219643022865,2838.50799397917,1.37787111271576,0.00132160803101935,0.532510418754701,0
