"dtxsid","molwt","vapor","solub","kow","decay.air","decay.sur","diffus.air","conc.out"
"DTXSID2021781",278.35,0.00335715023980541,0.0323551862184611,38821.599831949,1.0491021151498,0.00143920621030391,0.539602636054007,0
"DTXSID3020205",312.37,0.000395505048371821,0.00592672043424285,33248.5060909718,0.716207588922507,0.00172221975827791,1.1532541830527,0
"DTXSID7021360",92.14,766.204465423933,4.3703390705381,237.498321247535,0.507504461397847,0.000347859929656573,0.842268925547846,0
"DTXSID8020462",106.12,1.31799886957433,7919.30057165763,0.153011291167968,2.29050955267375,0.0013292684601344,1.44572181418333,0
"DTXSID8020913",128.18,7.77804437009891,0.186428723278182,1506.33766358049,2.38926004440475,0.00102002432872413,0.556915269972193,0
