"dtxsid","molwt","vapor","solub","kow","decay.air","decay.sur","diffus.air","conc.out"
"DTXSID2021781",278.35,0.00486674557885259,0.0410887569050306,38199.9970476707,0.413280672938726,0.00147270962058428,0.363966860046487,0
"DTXSID3020205",312.37,0.00097623555291858,0.00846563247482116,17471.313241203,0.797428351730198,0.00114015138797547,0.424349306499595,0
"DTXSID7021360",92.14,1456.00312696154,5.96201416587271,412.62094505149,0.17870108949892,0.00136054551082024,0.613254333649622,0
"DTXSID8020462",106.12,0.421992996137442,13454.756167967,0.0553989995194614,3.39999158343143,0.000891256717819886,0.771990838842367,0
"DTXSID8020913",128.18,2.33547893901398,0.156573306149926,3580.10558545909,0.928609047521309,0.0010389846236494,0.559590285872082,0
