"dtxsid","molwt","vapor","solub","kow","decay.air","decay.sur","diffus.air","conc.out"
"DTXSID2021781",278.35,0.00227015703531949,0.0437538454226324,27867.635515443,0.634329875850326,0.000943867984412926,0.712405812872773,0
"DTXSID3020205",312.37,0.00160563809962445,0.0106815144081563,20822.7942850576,1.55942660121823,0.000599186530930965,0.609641463529163,0
"DTXSID7021360",92.14,11269.6382960865,3.66864728458477,497.344861970231,0.398391699216312,0.00133717483935511,0.546840171225146,0
"DTXSID8020462",106.12,0.90410463752275,14831.7116301937,0.0724678143447767,2.28162166612704,0.0026356728971289,1.16815800231755,0
"DTXSID8020913",128.18,9.49480239907667,0.140980974849865,2440.81210320616,1.00858488633922,0.00138552905195227,0.676231030684575,0
