"dtxsid","molwt","vapor","solub","kow","decay.air","decay.sur","diffus.air","conc.out"
"DTXSID2021781",278.35,0.00482521289253302,0.0329766289513784,38539.1553108523,0.523987822416369,0.000727450512963521,0.680014766233217,0
"DTXSID3020205",312.37,0.00057363560029571,0.00744934545107957,19820.5228631117,0.616081975641779,0.00126351565226363,1.0232121146854,0
"DTXSID7021360",92.14,5805.23714011982,3.58145568552174,321.991323450482,0.621974515914329,0.000730859482651971,1.03528447269137,0
"DTXSID8020462",106.12,0.908398839698907,7908.35139044178,0.0571957130213859,2.02678436719614,0.00154500248106849,1.26410136973652,0
"DTXSID8020913",128.18,23.5268924550312,0.137023109198472,5785.15506639041,0.759938001522645,0.00167892145341962,0.630950744879427,0
