"dtxsid","molwt","vapor","solub","kow","decay.air","decay.sur","diffus.air","conc.out"
"DTXSID2021781",278.35,0.0031021709623689,0.025956832467784,15871.1586436592,0.581261231348414,0.00135450979636479,0.403938752398285,0
"DTXSID3020205",312.37,0.00043342395511624,0.0193714455078684,30694.8863692121,0.712435161580766,0.00105918691288978,0.643975160236476,0
"DTXSID7021360",92.14,1493.13258039239,3.99197281861723,482.913425568418,0.68227912157519,0.000845912175009747,0.823931602982911,0
"DTXSID8020462",106.12,0.152253351449106,9992.41167372333,0.121535483614791,2.51383189766859,0.0010163750787901,0.585998374689985,0
"DTXSID8020913",128.18,15.1103915907712,0.0992774618578131,2714.88724633102,0.938246252273133,0.0012358297219507,0.576435421719682,0
