"dtxsid","molwt","vapor","solub","kow","decay.air","decay.sur","diffus.air","conc.out"
"DTXSID2021781",278.35,0.00699359875594562,0.0368289696431934,38951.9999172054,0.520226980760463,0.000863202146995508,0.441391306114836,0
"DTXSID3020205",312.37,0.000525325404651976,0.0081088456981271,27718.2168376252,0.522214152206772,0.00209622217118697,0.501769545998965,0
"DTXSID7021360",92.14,3795.91293743388,3.8356419169219,368.250662500064,0.21432653183945,0.000738268476519337,1.56589924012034,0
"DTXSID8020462",106.12,0.430958522802295,8287.56479976166,0.0785780240076508,1.84871032257876,0.000395298940693861,0.513865381683091,0
"DTXSID8020913",128.18,21.5151546241037,0.125214397116813,2474.27550101449,1.37370484761641,0.000782031720411947,0.882285704129994,0
