"dtxsid","molwt","vapor","solub","kow","decay.air","decay.sur","diffus.air","conc.out"
"DTXSID2021781",278.35,0.0048135574077848,0.0532732408063473,17634.2266192314,0.657999487155333,0.00136657835464819,0.469848048131536,0
"DTXSID3020205",312.37,0.000511635866606092,0.00984944366265058,38934.4332973889,0.954437964310371,0.0019690622671266,0.592928786727919,0
"DTXSID7021360",92.14,1358.05051666934,4.98871038465933,598.247060877279,0.315179771203799,0.000628289444110996,0.626045895040792,0
"DTXSID8020462",106.12,1.47812378336525,11113.1315147461,0.0468479807075006,1.48308835559462,0.00123408502646713,0.809391076017816,0
"DTXSID8020913",128.18,7.98682457824358,0.211158399952503,4769.38783446218,1.96481304182788,0.000758344542385127,0.651686109358331,0
