"dtxsid","molwt","vapor","solub","kow","decay.air","decay.sur","diffus.air","conc.out"
"DTXSID2021781",278.35,0.000738270680843061,0.036668332852235,29576.8649843154,0.36496297409781,0.000729404910937934,0.601233268285476,0
"DTXSID3020205",312.37,0.000239896252534157,0.0136994512729486,9845.50743959888,0.93640567817893,0.0005730778881053,0.451213489258925,0
"DTXSID7021360",92.14,2056.8527160403,4.50963413618052,480.546947432965,0.338665698289824,0.00196005794770367,0.580167065447921,0
"DTXSID8020462",106.12,0.620524837128173,11231.6689006696,0.0706686241434546,1.20149521657161,0.00186595195611666,0.925446449135394,0
"DTXSID8020913",128.18,8.55721075056852,0.135921639657234,5161.3772413854,1.82456700728123,0.0013986995669253,0.724188114676218,0
