"dtxsid","molwt","vapor","solub","kow","decay.air","decay.sur","diffus.air","conc.out"
"DTXSID2021781",278.35,0.00220246905533801,0.0363020277566173,20974.6043467402,1.00648478435436,0.00128496255864466,0.784879085059761,0
"DTXSID3020205",312.37,0.00184947925286442,0.00920615636498068,25477.904520586,1.05174942912738,0.000592381920208165,0.455466412010112,0
"DTXSID7021360",92.14,3806.48143562296,4.68587844279408,322.997983804918,0.541176834022415,0.000964773621665823,1.005384065691,0
"DTXSID8020462",106.12,0.53701547377248,7885.64565024844,0.136664575281594,2.90139080384773,0.00170175916561223,0.595676703051936,0
"DTXSID8020913",128.18,48.0604569588089,0.143634644564738,2244.52111352459,1.98679789041154,0.000818865041290304,0.784811029023911,0
