"dtxsid","molwt","vapor","solub","kow","decay.air","decay.sur","diffus.air","conc.out"
"DTXSID2021781",278.35,0.0101210525136184,0.0303490207531998,16371.3551611218,0.649257215376163,0.000654189393306813,0.662931559898051,0
"DTXSID3020205",312.37,0.000503906176425412,0.0119776495512781,19775.3422770795,0.420591222016105,0.000825893589959123,0.41000282829584,0
"DTXSID7021360",92.14,5722.65619555676,2.85961818974071,689.436497390408,0.300383139178577,0.000989349223650453,0.885854722110294,0
"DTXSID8020462",106.12,0.517340944122309,12973.0158811145,0.154290459492818,1.0516442653926,0.000796068757455678,1.31367507229744,0
"DTXSID8020913",128.18,10.820705789154,0.110949790679211,2035.69629035021,1.04587592179003,0.000610860225467373,0.36178271048111,0
