"dtxsid","molwt","vapor","solub","kow","decay.air","decay.sur","diffus.air","conc.out"
"DTXSID2021781",278.35,0.00323642913487233,0.0331243697237713,41277.9179236205,0.44877749889733,0.00114909963295081,0.466965313263094,0
"DTXSID3020205",312.37,0.00205346182272109,0.00841541436104691,40830.3773972311,0.891670152261644,0.00104190231629056,0.712896324515454,0
"DTXSID7021360",92.14,1945.88256029019,4.52756003270771,282.757057189496,0.377070370842628,0.000946943311166388,0.758994717458775,0
"DTXSID8020462",106.12,1.19211981094355,6182.95177543674,0.0841938127342593,1.74368215198314,0.0010023672395971,1.18624744076803,0
"DTXSID8020913",128.18,2.31779098937875,0.122523668810228,3090.38166955672,0.941426655223648,0.00125212829979557,0.832516745358092,0
