"dtxsid","molwt","vapor","solub","kow","decay.air","decay.sur","diffus.air","conc.out"
"DTXSID2021781",278.35,0.00209195702057153,0.0568297707179221,12785.8760464156,0.821339243952147,0.000867646417527334,0.614311593749695,0
"DTXSID3020205",312.37,0.00217448973324303,0.0123703202587432,19103.2563004029,0.495470991991653,0.000771091223572876,0.387704273605782,0
"DTXSID7021360",92.14,1803.19310091986,5.83419638332227,649.94593313615,0.219025115357637,0.000666292049577249,0.644834344528098,0
"DTXSID8020462",106.12,2.29920584844316,6561.03851007752,0.0697550619467453,0.966385019694244,0.000619389091586466,0.848407718681566,0
"DTXSID8020913",128.18,4.23851179722952,0.111194631476988,3214.58878022516,2.64189263786223,0.00101499629251068,0.528754568639093,0
