"dtxsid","molwt","vapor","solub","kow","decay.air","decay.sur","diffus.air","conc.out"
"DTXSID2021781",278.35,0.00160522942111826,0.0554493190927118,41730.7896337457,1.15616421120707,0.00113746524436872,0.42540972996739,0
"DTXSID3020205",312.37,0.00110333134872723,0.00723666705374081,12362.7080067957,0.817568057780412,0.00335390191845787,0.701385087220261,0
"DTXSID7021360",92.14,4797.20749749723,5.12392930391299,401.851524470864,0.312106517044443,0.000876459404683147,1.12817202312455,0
"DTXSID8020462",106.12,0.66213970587725,10993.8476441972,0.049237066185748,1.47727391161635,0.000455871954075909,0.826916278763419,0
"DTXSID8020913",128.18,5.75272404184665,0.130458787042997,2267.91562615097,2.47599896197946,0.00089445518686428,0.750061713886031,0
