"dtxsid","molwt","vapor","solub","kow","decay.air","decay.sur","diffus.air","conc.out"
"DTXSID2021781",278.35,0.00294547197672163,0.0336631371461785,40166.9703421065,0.263549261367554,0.00198869539303519,0.385195733902914,0
"DTXSID3020205",312.37,0.000265992544069419,0.00922067600485682,23138.0513512158,0.671753445203448,0.000906823646702805,0.420578699940847,0
"DTXSID7021360",92.14,1556.81926241077,4.8568663316947,427.958599204664,0.379888511305365,0.00153408258324592,0.982460249217409,0
"DTXSID8020462",106.12,1.59639940753006,5157.42939713179,0.0768430998166944,2.02116226314321,0.000822125053747647,1.02275245180608,0
"DTXSID8020913",128.18,18.6689927542625,0.108017403032967,2011.18062506547,1.52437850565379,0.000897866590399042,1.15356432907753,0
