"dtxsid","molwt","vapor","solub","kow","decay.air","decay.sur","diffus.air","conc.out"
"DTXSID2021781",278.35,0.0123928282915708,0.0331845199658606,47291.7729752296,0.58377758511799,0.00125081509504315,0.443707599343085,0
"DTXSID3020205",312.37,0.00161956388074742,0.00935710787429706,24589.1231709088,0.601257869544172,0.000992385930886039,0.53667296486653,0
"DTXSID7021360",92.14,7157.30817367182,5.10432762838114,424.759284504143,0.269846259945649,0.000785209715966274,1.20459102947095,0
"DTXSID8020462",106.12,1.58047023768686,10006.2262425844,0.0719797816827331,1.03421459752914,0.00055953323814402,0.661114714729465,0
"DTXSID8020913",128.18,14.0828016490349,0.219266852331415,1731.90908482706,2.43861016516403,0.00153387328124021,0.777407510172073,0
