"dtxsid","molwt","vapor","solub","kow","decay.air","decay.sur","diffus.air","conc.out"
"DTXSID2021781",278.35,0.000850256916162885,0.0366160952433991,40266.1059733579,0.494907704852078,0.000864208846307824,0.491607672975376,0
"DTXSID3020205",312.37,0.00237662681187428,0.0100132707542887,19871.9636073917,0.445659927616323,0.000902339596120678,0.463756330609223,0
"DTXSID7021360",92.14,2945.98322341771,3.70029164393018,309.010860711587,0.602127702927621,0.000941095389229127,1.17061434438751,0
"DTXSID8020462",106.12,0.702786977341297,7326.47048919942,0.0810654178337133,1.19198265089173,0.00259502537215604,1.06911635731749,0
"DTXSID8020913",128.18,27.2042842304243,0.226369417538494,1796.83816993707,2.15055525469996,0.00213536012363764,0.667147136150488,0
