"dtxsid","molwt","vapor","solub","kow","decay.air","decay.sur","diffus.air","conc.out"
"DTXSID2021781",278.35,0.00674171940362099,0.0456418660816491,48497.2010474055,0.354571608438636,0.000655056589571589,0.591329831476173,0
"DTXSID3020205",312.37,0.00181748362766661,0.00742021823076534,15061.634888803,0.364753517680127,0.00101582384006857,0.861128961111977,0
"DTXSID7021360",92.14,988.017635045079,4.60848003721276,422.337490406146,1.30499630938713,0.00169128554000488,0.830920146768744,0
"DTXSID8020462",106.12,0.372642119286256,10000.7430563697,0.135204054465955,3.01401002763947,0.000711371434806194,1.07809670038124,0
"DTXSID8020913",128.18,3.80580624556516,0.111194933157267,1835.00237569018,1.81965505124773,0.00109383330047961,0.640887990298124,0
