"dtxsid","molwt","vapor","solub","kow","decay.air","decay.sur","diffus.air","conc.out"
"DTXSID2021781",278.35,0.00703951150817619,0.0462261994419332,85756.9213161298,0.530316541455532,0.00108329004174859,0.772498986393124,0
"DTXSID3020205",312.37,0.000865784285921581,0.00606162659746414,26070.9624000106,0.611412597234181,0.000572331950397806,0.450044519741531,0
"DTXSID7021360",92.14,1628.18354271555,4.87229215793679,401.185060846663,0.793796170063807,0.00109727329949632,0.760515930739281,0
"DTXSID8020462",106.12,0.210744546593117,6278.42284747895,0.0816361002349002,3.11928418373711,0.000900990396350748,0.931231527587149,0
"DTXSID8020913",128.18,7.65300725811966,0.163217968326554,1769.68809514927,1.38817805318445,0.00105417560219259,0.692422264513064,0
