"dtxsid","molwt","vapor","solub","kow","decay.air","decay.sur","diffus.air","conc.out"
"DTXSID2021781",278.35,0.00269950407238821,0.0432516481780128,15272.3873021886,0.530898643612437,0.000890901623016743,0.455850129754236,0
"DTXSID3020205",312.37,0.000787414952854503,0.0152432906451436,21856.3372639121,0.629774584270688,0.000980101603711518,0.544402062826104,0
"DTXSID7021360",92.14,13727.8850290546,4.71575189973383,250.433547475496,0.444428250014533,0.00107704526544557,1.38726711031031,0
"DTXSID8020462",106.12,0.477253579266337,8051.8703377182,0.186746002838296,1.44125898395479,0.000316557624413713,0.687753290418643,0
"DTXSID8020913",128.18,8.43242464143196,0.0952529987889517,2377.14476742655,1.38361947189473,0.000864844520425101,1.11473117043564,0
