"dtxsid","molwt","vapor","solub","kow","decay.air","decay.sur","diffus.air","conc.out"
"DTXSID2021781",278.35,0.000806759678241016,0.0464923373387796,36234.6772658966,0.764097795259808,0.00157445065544921,0.795816607108202,0
"DTXSID3020205",312.37,0.00033156858988001,0.00857143958004047,19441.112282442,1.0208161714582,0.00229215678565789,0.590519790629549,0
"DTXSID7021360",92.14,4272.9785724593,6.39635125052757,329.099017478988,0.40727942614145,0.000581597997154372,1.0451748076523,0
"DTXSID8020462",106.12,1.72873933367088,9872.94440346459,0.0481605033371046,1.53269996562811,0.000698514848929134,0.823848846009465,0
"DTXSID8020913",128.18,6.00135954486843,0.124360126830078,4235.66625310098,0.61470552833599,0.00200609366504279,0.640863645262501,0
