"dtxsid","molwt","vapor","solub","kow","decay.air","decay.sur","diffus.air","conc.out"
"DTXSID2021781",278.35,0.00983576593487073,0.0199491573318761,92955.7867212015,0.510275471508288,0.00079142731728541,0.46895641201527,0
"DTXSID3020205",312.37,0.00166863422889218,0.00867456607783982,12243.6224529211,0.456622469362635,0.000648516966850745,0.431886507423985,0
"DTXSID7021360",92.14,2678.05140700144,6.16501217462301,301.074732505176,0.390742304356343,0.00033464079313559,0.991791031210732,0
"DTXSID8020462",106.12,0.679452561374568,8905.08334427944,0.0762057393549877,0.601183765518782,0.00228763242880219,0.89738883236525,0
"DTXSID8020913",128.18,21.9339023185479,0.105785517236162,2461.79404254974,1.23356439476274,0.000929159259333141,0.870208761145285,0
