"dtxsid","molwt","vapor","solub","kow","decay.air","decay.sur","diffus.air","conc.out"
"DTXSID2021781",278.35,0.00856510827404427,0.0289849532009649,48220.9299197834,0.428901796614232,0.00130279234448806,0.869049713028645,0
"DTXSID3020205",312.37,0.000280065553308247,0.00865645418299225,24651.0038841254,0.47253104321389,0.000401047911946965,0.781790508359008,0
"DTXSID7021360",92.14,3251.43293106428,4.52883316498763,421.690360030672,0.548907311249194,0.000790774199682791,0.622586879361585,0
"DTXSID8020462",106.12,1.29185647298618,12690.4803595475,0.0621116882991998,1.68908281163074,0.000955537760530716,0.566425708176603,0
"DTXSID8020913",128.18,4.01673376094933,0.0927580855348331,1360.95117525727,0.601323669677246,0.000930909403624797,1.2543754329075,0
