"dtxsid","molwt","vapor","solub","kow","decay.air","decay.sur","diffus.air","conc.out"
"DTXSID2021781",278.35,0.00625225947896362,0.0314443580149113,25463.4882778919,1.00101389715279,0.000756925037373278,0.891070200998618,0
"DTXSID3020205",312.37,0.000555148351309123,0.01289693916472,11459.2549740868,0.668709583985505,0.000702247994257956,0.461726114377912,0
"DTXSID7021360",92.14,2126.00501903293,4.75406273524615,646.938100029927,0.539134455747299,0.000642047677105304,1.23828754047389,0
"DTXSID8020462",106.12,2.36706356177709,7156.39470701938,0.100703590048532,1.40239177169336,0.000643031346833658,0.687553218371388,0
"DTXSID8020913",128.18,13.4305701417558,0.251291309267205,2314.86909927175,1.5051527489651,0.00172207374017894,0.845990355815344,0
