"dtxsid","molwt","vapor","solub","kow","decay.air","decay.sur","diffus.air","conc.out"
"DTXSID2021781",278.35,0.00307416147862373,0.04067550072763,34533.4448253009,0.745459307610459,0.000737113931950163,0.512921219905766,0
"DTXSID3020205",312.37,9.58124008958091e-05,0.00721026087085442,9177.10249009163,0.619135475473726,0.00140342635562482,0.51355816978874,0
"DTXSID7021360",92.14,1427.739882762,4.83541613589761,400.718068090518,0.320308281131867,0.000874906456076753,0.657990355064327,0
"DTXSID8020462",106.12,1.0655477766629,9748.9591182306,0.118282561517963,1.37781299788419,0.00154577658743122,0.658322659537162,0
"DTXSID8020913",128.18,14.061187115203,0.111479333974755,1818.25461021519,0.934397957470113,0.00129406592504806,0.59777544904633,0
