"dtxsid","molwt","vapor","solub","kow","decay.air","decay.sur","diffus.air","conc.out"
"DTXSID2021781",278.35,0.00437307863232879,0.0296089859081588,43581.0210087364,0.943701320653141,0.00114563583188745,0.633313301631444,0
"DTXSID3020205",312.37,0.00131387485440528,0.0133888426783032,28726.2796772474,0.558914459979819,0.00167905115932505,0.416124127489635,0
"DTXSID7021360",92.14,1186.85631088427,5.60461242024622,604.113048635176,0.554923050269565,0.000676389428551568,0.970238791776271,0
"DTXSID8020462",106.12,0.533607356956394,7190.40660481502,0.0261515845222715,1.97352251260984,0.00110094302046168,0.621058037074629,0
"DTXSID8020913",128.18,7.64276798287406,0.112634256361625,1042.24426325941,0.741320760088078,0.000336341905219079,0.920132708657241,0
