"dtxsid","molwt","vapor","solub","kow","decay.air","decay.sur","diffus.air","conc.out"
"DTXSID2021781",278.35,0.0058848824942114,0.0532127016234486,43189.6720950944,0.483463934578697,0.000975954187356583,0.590346374908846,0
"DTXSID3020205",312.37,0.00190734731710825,0.00754832396419176,20161.162169566,0.960650520944859,0.000765454069235515,0.419293443845079,0
"DTXSID7021360",92.14,3082.4468611769,3.73624012928223,298.024041616376,0.402796536369623,0.000476307614222155,0.68949470844001,0
"DTXSID8020462",106.12,1.04710877738613,6363.00833588681,0.0951464448427995,0.977188444345944,0.00104462624910762,0.98759881651046,0
"DTXSID8020913",128.18,4.55415584321695,0.112763854298466,2045.54650456186,2.02604810229978,0.00114202859370597,0.526982214508484,0
