"dtxsid","molwt","vapor","solub","kow","decay.air","decay.sur","diffus.air","conc.out"
"DTXSID2021781",278.35,0.00704038836464589,0.040838431657866,27164.4651671701,0.775001535646983,0.000871928290615233,0.535553970464246,0
"DTXSID3020205",312.37,0.000393167683332603,0.00816303581289048,36593.8556896274,1.06582847091007,0.000819555551048788,0.737109679040916,0
"DTXSID7021360",92.14,1820.90289322191,5.00538062600219,415.310335489273,0.209586122647952,0.000766449872306608,1.18502488863824,0
"DTXSID8020462",106.12,0.999647244063207,5985.38053719285,0.109408785655723,4.8201258525429,0.00165413573454775,0.705418434116289,0
"DTXSID8020913",128.18,9.05369647583913,0.137417682757717,1993.74529133753,1.01781398092512,0.0020930899886702,0.704715357012837,0
