"dtxsid","molwt","vapor","solub","kow","decay.air","decay.sur","diffus.air","conc.out"
"DTXSID2021781",278.35,0.00924429693523886,0.0293671872992751,41417.3096677287,0.543060378364227,0.000943488592093537,0.554848086248424,0
"DTXSID3020205",312.37,0.00114832753848418,0.00900033844323682,10366.5120085217,0.679714613179616,0.00125573103867506,0.334734238797247,0
"DTXSID7021360",92.14,4435.75825372621,4.58838495781408,355.353766533246,0.318421632995237,0.00235439985087136,0.879626379145146,0
"DTXSID8020462",106.12,0.939703983275893,11363.2365631476,0.0793394370660822,0.714851894189528,0.000559102531933796,0.532074240398663,0
"DTXSID8020913",128.18,7.47104814990159,0.22584336685535,3216.8412245568,2.22781377225758,0.000677071698214598,0.683035133444353,0
