"dtxsid","molwt","vapor","solub","kow","decay.air","decay.sur","diffus.air","conc.out"
"DTXSID2021781",278.35,0.00494763404164484,0.0362362279633375,44296.8467141489,0.351315872410645,0.00145105403688838,1.11553910748651,0
"DTXSID3020205",312.37,0.000193021604837165,0.0154130311113644,23734.4730275848,0.417348996165182,0.000529361257228231,0.564440424341713,0
"DTXSID7021360",92.14,1845.39341774839,4.9048116485428,415.891263110511,0.331466863029987,0.00080467212278927,0.640036087103406,0
"DTXSID8020462",106.12,0.870037647487483,10209.4962270892,0.0806235096590617,2.55268721607688,0.00119651019115868,0.972614903757032,0
"DTXSID8020913",128.18,12.243470607234,0.135958866309242,2001.25486104487,0.543979957418995,0.000680462860925511,0.758574333930174,0
