"dtxsid","molwt","vapor","solub","kow","decay.air","decay.sur","diffus.air","conc.out"
"DTXSID2021781",278.35,0.00334571896214277,0.0301622227080998,34141.4616364513,0.649620824873526,0.000751793622628089,0.944870492982221,0
"DTXSID3020205",312.37,0.000238332470267343,0.0121450822735928,15648.7733271093,0.423926982501304,0.00102650449450453,0.423317313307515,0
"DTXSID7021360",92.14,5027.60298038751,2.82149527875282,801.075325805626,0.227502704895822,0.00142883891898684,0.89140811709946,0
"DTXSID8020462",106.12,0.591389151189139,6203.30120280304,0.0596098498189002,2.3538197280507,0.00121464607775107,1.00869870059484,0
"DTXSID8020913",128.18,2.16257626428809,0.128252060912935,4061.62203234018,1.68881486270313,0.000946635047382153,0.809652524004097,0
