"dtxsid","molwt","vapor","solub","kow","decay.air","decay.sur","diffus.air","conc.out"
"DTXSID2021781",278.35,0.00174590529372694,0.0329694432225704,20371.5967042076,0.609499094246193,0.00101044500523195,0.662347965334836,0
"DTXSID3020205",312.37,0.000391199527656809,0.00770771001177885,17177.198496772,0.309826664902699,0.001098685962246,0.563248426069025,0
"DTXSID7021360",92.14,5127.40819269628,3.80317194997288,310.013629872465,0.396415959178113,0.000599997197663309,0.940098267200424,0
"DTXSID8020462",106.12,1.68863861908392,10121.7190490504,0.0761237493890947,2.47461142109837,0.000819454559088836,0.731447591431026,0
"DTXSID8020913",128.18,2.82461011527117,0.160887695541841,2709.58053254354,1.2027956175655,0.00145791847420782,0.745647669504421,0
