"dtxsid","molwt","vapor","solub","kow","decay.air","decay.sur","diffus.air","conc.out"
"DTXSID2021781",278.35,0.00463821907332639,0.0517653357450894,19067.7952860485,0.844406022354431,0.000841851987188821,0.944173288492441,0
"DTXSID3020205",312.37,0.000737545851369784,0.00792491303217504,23764.2013306587,0.613204501605905,0.000870458685500904,0.578578830476458,0
"DTXSID7021360",92.14,19884.7401843135,5.27390445704946,292.900737175074,0.399498924787543,0.000899201814536623,1.06230434290292,0
"DTXSID8020462",106.12,2.03021857031814,7621.85114968873,0.118871088872198,2.73117080371997,0.00101349404669965,0.79035895564372,0
"DTXSID8020913",128.18,5.08611799221337,0.186462464418419,2053.08224515397,3.2454693370883,0.000684997713350046,0.619331353426702,0
