"dtxsid","molwt","vapor","solub","kow","decay.air","decay.sur","diffus.air","conc.out"
"DTXSID2021781",278.35,0.00284389980831562,0.0388346888133213,24682.0484838407,0.757007300676956,0.00125849406095497,0.594823877596088,0
"DTXSID3020205",312.37,0.000262960316141687,0.00842382941580664,11463.9265915929,0.504086152928951,0.00139919533983501,0.496947938388223,0
"DTXSID7021360",92.14,4536.04004380696,3.96588377959112,681.757620924994,0.73476136332392,0.00160358235915132,0.651389644277707,0
"DTXSID8020462",106.12,0.674227934017934,9684.50452073232,0.13506641957004,3.18721089089862,0.000661829766646051,1.23776167960562,0
"DTXSID8020913",128.18,2.16216065381093,0.162690259101362,2919.39445711052,1.61590606064756,0.00101063282656391,1.1150420267243,0
