"dtxsid","molwt","vapor","solub","kow","decay.air","decay.sur","diffus.air","conc.out"
"DTXSID2021781",278.35,0.00201960094989462,0.029597976922644,37536.3724273569,0.523137339001385,0.000799710477269244,0.840259065380776,0
"DTXSID3020205",312.37,0.000794311143097091,0.00719950525986065,18161.7834711992,0.439978112303387,0.00103879799802604,0.557696189452631,0
"DTXSID7021360",92.14,5529.21859367767,5.9776082039275,257.98079764292,0.593852778495829,0.00137530106227707,0.494270701418438,0
"DTXSID8020462",106.12,0.46010458337806,9974.48442994736,0.0887372903225501,1.63122472332624,0.0013463509219824,0.900366030759575,0
"DTXSID8020913",128.18,6.03529746771301,0.139259711276782,1934.11179254224,0.776364737512251,0.00037771802037871,0.506399272854944,0
