"dtxsid","molwt","vapor","solub","kow","decay.air","decay.sur","diffus.air","conc.out"
"DTXSID2021781",278.35,0.00405668024296762,0.0402904866559056,24517.2924406503,0.414825024189562,0.00104974381850826,0.438948881628814,0
"DTXSID3020205",312.37,0.00121327441523312,0.00604333489360799,35323.0277057267,0.639229647475976,0.000969434411312569,0.540005574309573,0
"DTXSID7021360",92.14,3537.97411911995,3.00929112531052,442.730078073538,0.458592437094658,0.000894186512102707,0.822397947836211,0
"DTXSID8020462",106.12,1.45927263634257,7484.84001696088,0.117126535275897,2.02178436279006,0.00174606391196629,0.997750074579647,0
"DTXSID8020913",128.18,8.44998875187237,0.131947170010069,2268.62907268449,2.00438082533565,0.00169560359108504,0.882382155218217,0
