"dtxsid","molwt","vapor","solub","kow","decay.air","decay.sur","diffus.air","conc.out"
"DTXSID2021781",278.35,0.0181974057888153,0.0395179558022256,40434.3971839518,0.347088666627955,0.00123943056902973,0.793273678210066,0
"DTXSID3020205",312.37,0.000691583372556015,0.0138850266687802,21615.8962720841,1.18620732516413,0.0010459590236826,0.739601737534261,0
"DTXSID7021360",92.14,6438.75183567834,4.83649000314575,372.414811822577,0.32265196827638,0.000889642682464233,0.902030954427216,0
"DTXSID8020462",106.12,0.717438475576914,6804.48426729775,0.0857384148698745,1.11572010085403,0.00105540042575863,0.838804733245653,0
"DTXSID8020913",128.18,11.6504458320733,0.198158550145141,2092.3838069261,1.42658181914867,0.000451933620170907,1.00977104536614,0
