"dtxsid","molwt","vapor","solub","kow","decay.air","decay.sur","diffus.air","conc.out"
"DTXSID2021781",278.35,0.00666894704828457,0.0461161223600092,28499.8561416628,0.391777131964937,0.00116778009777105,0.435927393609951,0
"DTXSID3020205",312.37,0.00132080942300054,0.0132231730664319,13238.5598175966,0.958113106602372,0.00111990683641028,0.4441425147016,0
"DTXSID7021360",92.14,2911.87532115716,4.25137248034669,689.068969059438,0.261397357783251,0.00107525808199491,1.30819802121029,0
"DTXSID8020462",106.12,0.788599459476166,9138.19706279664,0.0371563695564524,3.83422376494373,0.00174084161094458,0.47575863857231,0
"DTXSID8020913",128.18,3.40214667612814,0.108917522880409,3186.22429393606,1.2052999542952,0.00118576590750687,0.724975287139283,0
