"dtxsid","molwt","vapor","solub","kow","decay.air","decay.sur","diffus.air","conc.out"
"DTXSID2021781",278.35,0.00282337124833132,0.0380142987579568,50639.5729118799,0.885213215737126,0.00110483902168156,0.454723983447719,0
"DTXSID3020205",312.37,0.00143329633751947,0.00971017672318051,52821.9331917724,1.38615750484407,0.000906292240695534,0.635944771511361,0
"DTXSID7021360",92.14,1065.8774164166,4.2556076486537,249.775247353226,0.276782240238355,0.000722260658000164,0.471243403990628,0
"DTXSID8020462",106.12,0.832940339008896,6660.43944545056,0.0429249136583399,1.56796444810657,0.00153726326380647,0.817965156767519,0
"DTXSID8020913",128.18,11.0387346465383,0.0949058602265315,1598.57584277475,1.47810459154629,0.00141016490516504,1.03816561210987,0
