"dtxsid","molwt","vapor","solub","kow","decay.air","decay.sur","diffus.air","conc.out"
"DTXSID2021781",278.35,0.00189630975873574,0.0223421356539743,53944.089397474,1.32477010807527,0.00155167587888749,0.590843310055069,0
"DTXSID3020205",312.37,0.000931541366442214,0.012875435121417,23631.7587501865,1.19717782891635,0.000653964510093507,0.659178443292502,0
"DTXSID7021360",92.14,2764.48126703953,4.43554623861294,368.303427425361,0.319419333603095,0.000935022755032601,0.688251733031664,0
"DTXSID8020462",106.12,3.280924264485,10029.9142572753,0.118776297492277,1.82944600879801,0.000923381492142113,0.745668883661305,0
"DTXSID8020913",128.18,10.6859961575977,0.128290957173117,2507.51835184022,2.17477487179912,0.000718813335793004,0.635019358915485,0
