"dtxsid","molwt","vapor","solub","kow","decay.air","decay.sur","diffus.air","conc.out"
"DTXSID2021781",278.35,0.00895044291273987,0.0376107106530969,52607.9418982141,0.517682677360921,0.00228580605774125,0.568299518702792,0
"DTXSID3020205",312.37,0.000666443059695877,0.00921409580675024,11888.4586021024,0.671629271443669,0.000685772451700196,0.497051510567979,0
"DTXSID7021360",92.14,4545.1579749102,4.31924225380561,331.965473587285,0.906761522907134,0.000876851939184475,1.09935643745234,0
"DTXSID8020462",106.12,0.608139865201594,10746.1913603806,0.0804771811693128,2.00487655888065,0.0010763041804943,0.914947522974792,0
"DTXSID8020913",128.18,7.86442483228687,0.175671430502017,2870.55218873334,0.784049004039359,0.00074730917383059,0.767283983280581,0
