"dtxsid","molwt","vapor","solub","kow","decay.air","decay.sur","diffus.air","conc.out"
"DTXSID2021781",278.35,0.0072804784203045,0.0366983574655175,27686.2572077426,0.609107378147959,0.000545238401026563,0.472813121305167,0
"DTXSID3020205",312.37,0.000581809945040746,0.00662233158139943,18678.321886633,0.569120870712483,0.000716905908755378,0.472758150663692,0
"DTXSID7021360",92.14,1766.49816289342,3.67962569313378,627.685769184345,0.202293109930809,0.000980946093531692,0.865302301344746,0
"DTXSID8020462",106.12,1.51436205769809,6223.19882841867,0.135166644144581,1.39210218275993,0.000640788753931052,0.545410980792266,0
"DTXSID8020913",128.18,24.7133258535373,0.168843716455537,4494.16701212564,1.38715487578719,0.000913167522637505,0.879674265604327,0
