"dtxsid","molwt","vapor","solub","kow","decay.air","decay.sur","diffus.air","conc.out"
"DTXSID2021781",278.35,0.00691736001258853,0.0417099752558522,33953.9991858545,0.90361403217402,0.00159375624607928,0.792527754174593,0
"DTXSID3020205",312.37,0.000261610251999642,0.0111345252189281,39147.8620078953,0.55520313322636,0.000897665312340258,0.32297786854809,0
"DTXSID7021360",92.14,1612.90066265056,3.09361796661663,345.792764948152,0.248234047297722,0.00174537160655221,1.36331030044034,0
"DTXSID8020462",106.12,0.698786062822825,8998.16362916682,0.187938932951337,1.53793873766173,0.00124804446518475,0.543616526620432,0
"DTXSID8020913",128.18,7.62651119621091,0.251221992606039,2026.38569894871,0.925857940524148,0.00120854023106656,0.711770282040972,0
