"dtxsid","molwt","vapor","solub","kow","decay.air","decay.sur","diffus.air","conc.out"
"DTXSID2021781",278.35,0.0045905128919635,0.026450506451115,39545.0028433622,0.690971565614102,0.00149179632554479,0.674326487409428,0
"DTXSID3020205",312.37,0.00122633563778216,0.00688935005856544,20052.2007904664,1.1349614130322,0.000470456869486915,0.613950487303931,0
"DTXSID7021360",92.14,869.82317339337,4.43661372691578,322.218828504524,0.345430149994965,0.000736052866740097,0.985491204109634,0
"DTXSID8020462",106.12,0.425734910421403,6273.85755550776,0.0700936738777436,1.42332920991582,0.00128348812490009,0.886732032849644,0
"DTXSID8020913",128.18,6.02079604639375,0.140893822996453,1513.88799691643,1.81427479375813,0.000718003101011506,1.05074177687189,0
