"dtxsid","molwt","vapor","solub","kow","decay.air","decay.sur","diffus.air","conc.out"
"DTXSID2021781",278.35,0.00090080636504858,0.0375747662270718,27614.8657020616,0.607253993456072,0.00124436006905348,0.65076546212697,0
"DTXSID3020205",312.37,0.000444534427289547,0.0128565423022751,26492.8145623926,1.45934115521276,0.00148760445589321,0.558565435970199,0
"DTXSID7021360",92.14,1908.13009878741,3.63939300483124,257.962687154865,0.50189308707218,0.00211396649872848,0.602697646642678,0
"DTXSID8020462",106.12,0.864726637962891,6449.13973690352,0.0773028801788209,1.89345365264686,0.000521616762024018,1.22925997939484,0
"DTXSID8020913",128.18,7.32140054642212,0.141286232694737,3456.08508780772,1.06858350957751,0.00101597709018305,0.884211710537896,0
