"dtxsid","molwt","vapor","solub","kow","decay.air","decay.sur","diffus.air","conc.out"
"DTXSID2021781",278.35,0.00576890549879494,0.0402391784709939,33515.6779408817,0.530669185170798,0.0010619538034211,0.614337601087242,0
"DTXSID3020205",312.37,0.000953353173417249,0.00597799494052033,33891.4872641185,0.398861571199416,0.00119211140548353,0.473243337944194,0
"DTXSID7021360",92.14,3453.28641751067,5.77781678161203,310.851940304333,0.291958421017944,0.00136085152118881,1.25859350245838,0
"DTXSID8020462",106.12,0.82726503127407,9470.56968269765,0.154093751084514,2.6397047249348,0.00075730822315738,0.858626704410795,0
"DTXSID8020913",128.18,5.97419790655284,0.140924397374128,1861.02926121494,2.66967722877508,0.00147490767980225,0.814460069099691,0
