"dtxsid","molwt","vapor","solub","kow","decay.air","decay.sur","diffus.air","conc.out"
"DTXSID2021781",278.35,0.00382848955273214,0.0450110557311531,34643.972522329,1.01643285787404,0.000909738860741548,0.526018552620833,0
"DTXSID3020205",312.37,0.000380205498005704,0.00754140309290353,39056.8926997158,1.26676568133527,0.000946597371651303,0.457328567483449,0
"DTXSID7021360",92.14,3768.71734534105,5.38667387823586,337.743716008423,0.32211917288728,0.000984419471674069,1.18218348984857,0
"DTXSID8020462",106.12,0.534346714677437,9626.22488668976,0.109845125521853,2.89742973721745,0.00114269540481789,0.955783301031306,0
"DTXSID8020913",128.18,10.1840486314621,0.120813772043043,1494.94821187143,1.05479640845344,0.000525596489339749,0.856889820070869,0
