"dtxsid","molwt","vapor","solub","kow","decay.air","decay.sur","diffus.air","conc.out"
"DTXSID2021781",278.35,0.00319431206876718,0.0384660891912937,23624.7012488803,0.521066232777217,0.000970472616148629,0.502884851916788,0
"DTXSID3020205",312.37,0.000647807283236125,0.00908516183210763,51493.7677531721,0.585903503006775,0.00133699115634939,0.413707709849465,0
"DTXSID7021360",92.14,1924.3402858789,5.7301283484464,540.964993804568,0.207883459695522,0.000524296666025214,0.950170497398462,0
"DTXSID8020462",106.12,0.559601110873893,10737.7021382768,0.17763722418554,1.55197059877321,0.00145235824012121,0.781745615366286,0
"DTXSID8020913",128.18,2.26653275742851,0.11455060466884,2995.78088493005,0.697320060022355,0.00177460599597717,0.875717788994905,0
