"dtxsid","molwt","vapor","solub","kow","decay.air","decay.sur","diffus.air","conc.out"
"DTXSID2021781",278.35,0.00184238759398424,0.0345669440454374,51619.7894434489,0.757451722928114,0.000929590708299124,0.651045449162447,0
"DTXSID3020205",312.37,0.000280111276434704,0.00804654937045231,6266.02588682566,1.20903431534482,0.00183475252574511,0.367259915489838,0
"DTXSID7021360",92.14,4152.42330428527,2.47933735847065,256.607554692999,0.324727787729881,0.000937709677615126,0.552002375673107,0
"DTXSID8020462",106.12,0.946965448034337,8766.04273359994,0.0485484339912848,2.22928703321025,0.00142560548455133,0.737107663422262,0
"DTXSID8020913",128.18,3.79484745006738,0.128570692464511,1710.98744954824,0.754676975820277,0.00106343693899768,0.777027267255311,0
