"dtxsid","molwt","vapor","solub","kow","decay.air","decay.sur","diffus.air","conc.out"
"DTXSID2021781",278.35,0.00261123089559893,0.0226593264658358,28150.073003202,0.505081895134363,0.000532512241501519,0.500445887748495,0
"DTXSID3020205",312.37,0.00208132146333394,0.0119624688805593,19319.8158003555,1.11946044682973,0.00103108429527669,0.498568024925348,0
"DTXSID7021360",92.14,3437.99054645573,3.94884741683162,421.618910721942,0.17552388768116,0.000216694405421462,0.870924162519664,0
"DTXSID8020462",106.12,0.399938387372159,7709.61526520055,0.0617930580323035,2.98832073245263,0.000643545845089746,0.850762156895231,0
"DTXSID8020913",128.18,13.0613258295293,0.194983204496729,1933.03923072893,0.593549172624711,0.000751734418156334,0.65259462770263,0
