"dtxsid","molwt","vapor","solub","kow","decay.air","decay.sur","diffus.air","conc.out"
"DTXSID2021781",278.35,0.00440332411430074,0.0314071156996439,24881.1177552052,0.322859458247673,0.00110104577581561,0.554456733420953,0
"DTXSID3020205",312.37,0.000513457251049174,0.010800007130725,11865.7009355643,0.354766989203677,0.000756746518823295,0.461167484817139,0
"DTXSID7021360",92.14,4694.65743444497,5.32703290754809,714.112030398878,0.157495551083114,0.00167362343854157,0.983344276829066,0
"DTXSID8020462",106.12,0.757018674104661,6056.33642678486,0.0664170434520756,2.08643027830452,0.000638473662273306,0.798910099557006,0
"DTXSID8020913",128.18,14.0892521359027,0.107195289502784,1483.07030793283,1.45828547753946,0.00136745913198724,0.999542604474532,0
