"dtxsid","molwt","vapor","solub","kow","decay.air","decay.sur","diffus.air","conc.out"
"DTXSID2021781",278.35,0.00472804761022009,0.0343058524892326,33682.9395101598,0.933868034020286,0.000763947783826434,0.334955651393268,0
"DTXSID3020205",312.37,0.000251969334195411,0.012445349353367,18081.7201348019,0.855566393702257,0.00256541690461752,0.326342619569692,0
"DTXSID7021360",92.14,5306.44017214963,4.039658130442,300.912730031592,0.264395209879332,0.00127666279723292,0.760748835129711,0
"DTXSID8020462",106.12,0.429420123523746,5405.61218375948,0.0392967356632696,2.33080466472442,0.000956943965225873,0.717280199547186,0
"DTXSID8020913",128.18,17.5521836881893,0.142751363164418,3662.07938918455,0.962259901378951,0.0016526282140473,0.660888694245389,0
