"dtxsid","molwt","vapor","solub","kow","decay.air","decay.sur","diffus.air","conc.out"
"DTXSID2021781",278.35,0.00632441665894863,0.0309573402733823,37590.3418852821,0.212080137708998,0.00135574913699459,0.407637428820425,0
"DTXSID3020205",312.37,0.000625942422109216,0.00989433211965984,11527.3832263558,0.449982382754319,0.00121682221519114,0.520769344800048,0
"DTXSID7021360",92.14,3017.48563415905,3.45634004393794,414.349331953361,0.273753671398197,0.00110588622053423,0.661043239958785,0
"DTXSID8020462",106.12,0.436461954526251,8065.85912601746,0.0541549430388824,1.96248569002663,0.00131701216829631,0.818037651769857,0
"DTXSID8020913",128.18,4.02908541483059,0.0939421407452677,2537.3502970777,1.51909258350902,0.00112603103269954,0.560456117439206,0
