"dtxsid","molwt","vapor","solub","kow","decay.air","decay.sur","diffus.air","conc.out"
"DTXSID2021781",278.35,0.00521131282262035,0.0370284346553972,19077.8935114264,0.553290169338289,0.00170109241771047,0.380809797825431,0
"DTXSID3020205",312.37,0.000211373371530136,0.0124534426861264,33652.4738506229,1.1174903948482,0.000481974230655169,0.449220160513516,0
"DTXSID7021360",92.14,1254.80536248761,3.26449877728872,501.833949218948,0.376428190471567,0.000675784267969668,0.698272494965654,0
"DTXSID8020462",106.12,0.670484750737585,6853.10000429528,0.0703928192349983,4.38469836122287,0.000702999451547135,0.762693137598506,0
"DTXSID8020913",128.18,6.91286293378971,0.141880097763163,1545.69390183591,1.52923359227561,0.000990038127174585,0.750964009078736,0
