"dtxsid","molwt","vapor","solub","kow","decay.air","decay.sur","diffus.air","conc.out"
"DTXSID2021781",278.35,0.00279418583927362,0.0343096948558088,25469.1471545911,0.370864795077053,0.00173185458693716,0.605250959907552,0
"DTXSID3020205",312.37,0.00047051159532998,0.0108707787502566,25027.1464710609,1.48253502094537,0.00214623765456582,0.399850794406529,0
"DTXSID7021360",92.14,5352.72523183202,8.46412118191917,245.83130011477,0.309789719868399,0.00046127227774407,0.643926628164137,0
"DTXSID8020462",106.12,1.23984828706157,10202.4992472507,0.0787010712269384,2.13290439798603,0.000526132434855898,0.875999380534603,0
"DTXSID8020913",128.18,4.04516016675415,0.100249941845087,3726.48794767845,2.46606127994474,0.00110462467950274,0.530109550221377,0
