"dtxsid","molwt","vapor","solub","kow","decay.air","decay.sur","diffus.air","conc.out"
"DTXSID2021781",278.35,0.00348731058358785,0.0262589130203629,31010.9647470893,1.53626051084744,0.000552497807279013,0.682579029759148,0
"DTXSID3020205",312.37,0.00062752374845379,0.00874140627777482,23583.7015487361,0.949372796804993,0.00180064069919787,0.649362917920318,0
"DTXSID7021360",92.14,4224.26141704305,6.09637966732957,590.948571091651,0.393170605233814,0.00137031520670707,1.47861508036941,0
"DTXSID8020462",106.12,1.07074328687997,6147.85714919267,0.0533201874412525,1.85065914820036,0.0014320314684455,1.33870189099286,0
"DTXSID8020913",128.18,15.2009455588079,0.152894916988326,1929.11142858249,1.01131267058333,0.00118385203660185,0.556288237372742,0
