"dtxsid","molwt","vapor","solub","kow","decay.air","decay.sur","diffus.air","conc.out"
"DTXSID2021781",278.35,0.00512479997479989,0.0529493924616431,33904.3745936112,1.13905567891457,0.00157083934442047,0.722636114749955,0
"DTXSID3020205",312.37,0.00050141363467067,0.0135299884265545,22471.7634437749,0.407955843406048,0.000768916782332851,0.861819468719216,0
"DTXSID7021360",92.14,1607.79717352528,4.35492877837618,474.665032508579,0.422633409512764,0.0011685752691088,0.689401525713951,0
"DTXSID8020462",106.12,1.55422064439685,5189.46720926467,0.0544337381051101,2.12984096037706,0.00104117984047071,0.705460324665356,0
"DTXSID8020913",128.18,9.35026410702049,0.145585368972281,1655.32032244247,0.818831550822774,0.000804310753507236,1.07741076759983,0
