"dtxsid","molwt","vapor","solub","kow","decay.air","decay.sur","diffus.air","conc.out"
"DTXSID2021781",278.35,0.00312898432367156,0.0253025461512606,49469.2047570476,1.29698240086446,0.00106691754698498,0.634428375242237,0
"DTXSID3020205",312.37,0.000350363068948348,0.00771038319344128,21456.2627704065,0.845413500212911,0.00080958282659433,0.538801182346013,0
"DTXSID7021360",92.14,10032.4826846652,4.54065808535659,312.596280861431,0.367925316361796,0.000489187316367406,0.790168683999484,0
"DTXSID8020462",106.12,1.11050104446137,8146.50436277729,0.0396581409619954,1.66041325688278,0.00161634042768441,0.653833184529933,0
"DTXSID8020913",128.18,6.66329293107797,0.171442399435018,2995.85548330366,0.905337504273744,0.00127599842052751,0.567670601838507,0
