"dtxsid","molwt","vapor","solub","kow","decay.air","decay.sur","diffus.air","conc.out"
"DTXSID2021781",278.35,0.00355205279689513,0.0363437464279524,32198.4517746823,0.340650848049082,0.000744666222689357,0.625592584503068,0
"DTXSID3020205",312.37,0.00243105349376814,0.00769216735353682,18413.34870667,0.478858986288119,0.000626026747769701,0.662714227172165,0
"DTXSID7021360",92.14,2993.14387754891,4.17922659295816,332.516457261908,0.399864301276586,0.000412409586864272,0.546393737456568,0
"DTXSID8020462",106.12,2.17518120087149,9992.97390122593,0.0879757742923884,1.57609897968349,0.000810702020774409,0.614594143184328,0
"DTXSID8020913",128.18,6.90334830625634,0.206491930514779,2270.3307518548,1.68118651928373,0.000986775869804118,0.826445854391348,0
