"dtxsid","molwt","vapor","solub","kow","decay.air","decay.sur","diffus.air","conc.out"
"DTXSID2021781",278.35,0.0031766635391202,0.0302465634064875,25795.0629480569,0.884006247974167,0.00115417230891757,0.53991741035541,0
"DTXSID3020205",312.37,0.0010336582011051,0.0119481925326703,17219.5035117024,0.595631866087365,0.00144606012617861,0.580302634057058,0
"DTXSID7021360",92.14,1907.26630714578,4.75941977216116,365.420157473592,0.527876501529048,0.00343704933357886,0.499098246761714,0
"DTXSID8020462",106.12,0.855342490801543,6300.61654314402,0.0858073023767287,1.70687890856801,0.00082786467828079,0.633311723661733,0
"DTXSID8020913",128.18,2.17622715618723,0.198735278819386,2574.91843906815,2.05540039290669,0.000961897472773514,0.735477754232006,0
