"dtxsid","molwt","vapor","solub","kow","decay.air","decay.sur","diffus.air","conc.out"
"DTXSID2021781",278.35,0.00705716224256172,0.0346878515213416,29147.7447967157,1.00842401564375,0.000885570365616593,0.427964208955222,0
"DTXSID3020205",312.37,0.000173416362795455,0.0126930941647894,19539.9494951841,0.683803768013735,0.00244121233199227,0.719773560794649,0
"DTXSID7021360",92.14,968.165033513942,3.02691495425845,416.920390668139,0.627576758083177,0.00109674701313513,0.82211957114173,0
"DTXSID8020462",106.12,0.451811894472473,8813.63221139754,0.0635979060404097,0.948989472951755,0.00176193620885483,0.614417806175247,0
"DTXSID8020913",128.18,4.4990861484037,0.178806444978981,1935.50700071546,1.35413580449778,0.000901375501825207,0.781634572831569,0
