"dtxsid","molwt","vapor","solub","kow","decay.air","decay.sur","diffus.air","conc.out"
"DTXSID2021781",278.35,0.00813652139801631,0.0556847934789886,23265.9080850451,0.9946490297002,0.000925330549233791,0.547917254994119,0
"DTXSID3020205",312.37,0.000289090953624223,0.00676384889031786,8196.96979822173,0.545215016937362,0.00212965771863223,0.724685760549414,0
"DTXSID7021360",92.14,592.075602573377,5.02884593680086,585.430006637841,0.330235284571939,0.00101394376984223,1.18908265724073,0
"DTXSID8020462",106.12,0.48171519060404,5204.24238357007,0.163341994511462,2.7789095993706,0.000924130937664494,0.682820457403969,0
"DTXSID8020913",128.18,3.17749071665161,0.148452904389751,3069.51976447252,2.40517494715827,0.0012512155037332,0.431073191956833,0
