"dtxsid","molwt","vapor","solub","kow","decay.air","decay.sur","diffus.air","conc.out"
"DTXSID2021781",278.35,0.00125245490313669,0.03006849510362,57657.723359875,0.983968724545744,0.00141126552981207,0.783959613231776,0
"DTXSID3020205",312.37,0.0003509676487718,0.010153096555858,9499.4785892804,0.738615289390337,0.000898066294086437,0.417729258580173,0
"DTXSID7021360",92.14,2384.0917259367,5.10465594319107,262.984831798569,0.54063273505896,0.00251909667390287,0.856148938127069,0
"DTXSID8020462",106.12,0.789531032559872,7618.57146682389,0.129664752216019,2.42342100551687,0.000738261585716278,0.994196687037422,0
"DTXSID8020913",128.18,10.0386463956824,0.13692785248345,5296.83486678046,3.05740007809716,0.000946218859173331,0.86412064403314,0
