"dtxsid","molwt","vapor","solub","kow","decay.air","decay.sur","diffus.air","conc.out"
"DTXSID2021781",278.35,0.00529737802112311,0.0584665982672785,19428.1522892757,0.419377724795764,0.00228111156908554,0.512917325055984,0
"DTXSID3020205",312.37,0.00107481781606377,0.00889850930264231,25099.2153030813,0.816414526850008,0.00193645920004269,0.487918448881907,0
"DTXSID7021360",92.14,6394.64291035984,3.27152172283104,328.897887439312,0.2985109612287,0.00175757696394662,0.808326344188659,0
"DTXSID8020462",106.12,1.93457631033564,7297.84657359456,0.0473285392855155,1.20495884918964,0.00060760014892216,0.754154704481815,0
"DTXSID8020913",128.18,28.2727663270479,0.0864548962193202,2821.86746216804,1.84930830415421,0.000786726165338956,0.801104165430174,0
