"dtxsid","molwt","vapor","solub","kow","decay.air","decay.sur","diffus.air","conc.out"
"DTXSID2021781",278.35,0.00691784478622973,0.0407298780493647,19698.9981202214,0.817328411142406,0.00114313231471411,0.770639600569712,0
"DTXSID3020205",312.37,0.00100795642273223,0.0110108756412338,13101.5361917534,1.24181678957638,0.000722834007143438,0.619265066219752,0
"DTXSID7021360",92.14,14457.0882278533,4.81534569213292,276.50848038343,0.393144377366679,0.00139491813177255,1.18461017269241,0
"DTXSID8020462",106.12,1.87729886984231,6257.48076023922,0.156788183739925,3.18612614818145,0.000652054629007048,0.943481264075833,0
"DTXSID8020913",128.18,3.20553621705635,0.0731738553314517,4962.26734113234,1.38693791200281,0.000706739670833414,0.664765455502469,0
