"dtxsid","molwt","vapor","solub","kow","decay.air","decay.sur","diffus.air","conc.out"
"DTXSID2021781",278.35,0.00541706360467896,0.0387828767945787,31409.7645152358,0.485461658977362,0.000875081408111216,0.550166356309503,0
"DTXSID3020205",312.37,0.00058052181446483,0.0157302283972441,35447.671078433,0.451291307169486,0.000730570175771641,0.319178432692288,0
"DTXSID7021360",92.14,4635.17123395537,4.3932495231618,350.539858305356,0.376417673567236,0.000545940420993113,0.587174535932267,0
"DTXSID8020462",106.12,0.711378504012152,6999.60929062644,0.119091042689293,3.15125937556111,0.00230126615109719,0.841738375383394,0
"DTXSID8020913",128.18,10.892766235374,0.168566372247906,1789.21407233386,1.03565837601746,0.00085343782251946,0.560009366379437,0
