"dtxsid","molwt","vapor","solub","kow","decay.air","decay.sur","diffus.air","conc.out"
"DTXSID2021781",278.35,0.0062855237944519,0.0727389426215551,44558.1403950326,0.737999045339771,0.00106607397377701,0.731551507160265,0
"DTXSID3020205",312.37,0.000763950839286657,0.00862329229224862,9955.71222303946,1.08953518790431,0.000954424448912094,0.579221789978318,0
"DTXSID7021360",92.14,11016.9119455223,5.18651003893768,326.976071645179,0.351063011455163,0.000851348823131529,1.4804419784678,0
"DTXSID8020462",106.12,1.31271574835392,8902.67605019358,0.0765649149109054,3.17280823357523,0.000670509112668481,0.97043193712246,0
"DTXSID8020913",128.18,3.17122042189893,0.217429296399381,2845.27225372365,1.31909663032212,0.000955673631428004,0.729800806055801,0
