"dtxsid","molwt","vapor","solub","kow","decay.air","decay.sur","diffus.air","conc.out"
"DTXSID2021781",278.35,0.00270332454776945,0.045562799742354,26293.8747699745,0.985133366093882,0.00116014482742126,0.379493353379532,0
"DTXSID3020205",312.37,0.000866234682541476,0.00814485200711574,28155.6775835867,0.826897609956834,0.000497561611478973,0.457507044797568,0
"DTXSID7021360",92.14,11735.7184635677,6.02779426482667,318.166777114344,0.379028495277949,0.000942752176322878,0.857709263502712,0
"DTXSID8020462",106.12,0.517690977662371,6739.54980416041,0.11133755546702,1.71810236856725,0.00168195068739147,0.950024441974553,0
"DTXSID8020913",128.18,8.13066687643644,0.176690501818096,1783.55900801955,1.02642617911434,0.000896406568798892,0.46322021197121,0
