"dtxsid","molwt","vapor","solub","kow","decay.air","decay.sur","diffus.air","conc.out"
"DTXSID2021781",278.35,0.00110878171287856,0.0461291700827773,27217.6708151507,0.640169664302368,0.000963315481179527,0.559429765013668,0
"DTXSID3020205",312.37,0.000431253414554419,0.00762249455904054,26133.2264223224,0.625312424368672,0.000874927635061435,0.397885019774542,0
"DTXSID7021360",92.14,3506.71052736573,3.91597255665179,253.44084947142,0.549412214869384,0.000788064537251487,1.04127746516438,0
"DTXSID8020462",106.12,1.60863680764614,5014.33867615596,0.0527619719460611,3.25032400372546,0.00149304946490706,0.738948212291238,0
"DTXSID8020913",128.18,3.4272714802788,0.0994613450966741,2400.10725541219,1.17788553048466,0.000883115838191953,0.809421605558034,0
