"dtxsid","molwt","vapor","solub","kow","decay.air","decay.sur","diffus.air","conc.out"
"DTXSID2021781",278.35,0.00210570449716937,0.0239378025858312,16655.9534148059,0.829805339671132,0.000786274416793383,0.515565234759874,0
"DTXSID3020205",312.37,0.000235695887765362,0.0117546802873625,9914.5872813244,1.26579727907017,0.000683464677303857,0.579012292326319,0
"DTXSID7021360",92.14,1852.57604283646,6.9672425132685,181.404336047506,0.231235401361902,0.000551864156223516,0.705586265100767,0
"DTXSID8020462",106.12,0.281133929173179,8868.48101195551,0.0723921957125358,2.33038729721032,0.000861637446218387,0.785120569732878,0
"DTXSID8020913",128.18,4.45449512723615,0.173474021539282,2052.20357493945,2.14903451075572,0.000812830019761577,0.527032476468318,0
