"dtxsid","molwt","vapor","solub","kow","decay.air","decay.sur","diffus.air","conc.out"
"DTXSID2021781",278.35,0.00839422339793031,0.042029314299894,27984.124403472,0.853462856885683,0.00102848166902358,0.79315459823151,0
"DTXSID3020205",312.37,0.000279325071248744,0.00664770254098627,24873.793510307,1.000623732962,0.00140242349155226,0.703139331155071,0
"DTXSID7021360",92.14,10618.9414326326,3.07019641575087,141.187811136879,0.50655987651022,0.000546628321660131,0.814815418605294,0
"DTXSID8020462",106.12,0.417282374458161,7997.45786593058,0.133424198732905,1.5224784687437,0.00173372543124293,0.740447479186141,0
"DTXSID8020913",128.18,1.77109122886932,0.137411632926409,1671.68921632421,1.03060097608332,0.00065453558573955,1.05427351921908,0
