"dtxsid","molwt","vapor","solub","kow","decay.air","decay.sur","diffus.air","conc.out"
"DTXSID2021781",278.35,0.00665389103816097,0.0392010957963104,20383.0668663255,0.776278009824549,0.000852009767384478,0.607518613425532,0
"DTXSID3020205",312.37,0.000542836526182154,0.00832033399427275,17294.6801747098,0.436762063639563,0.00125433948641854,0.515014269683291,0
"DTXSID7021360",92.14,2131.79278913763,4.92795933424004,437.531380124278,0.519942990311249,0.00056152004853575,0.902125905392066,0
"DTXSID8020462",106.12,1.9839650535198,5038.06895310384,0.067111243679335,4.60621430516042,0.000325089764460003,0.752253613605533,0
"DTXSID8020913",128.18,12.8145650064089,0.12473716180816,2410.50391663896,1.61599109945138,0.00116965666896992,0.911204080844495,0
