"dtxsid","molwt","vapor","solub","kow","decay.air","decay.sur","diffus.air","conc.out"
"DTXSID2021781",278.35,0.00241151815646623,0.0410217835811527,23882.3123533896,0.663311683436491,0.000448882506358465,0.952726045173314,0
"DTXSID3020205",312.37,0.000213092569869886,0.00732795942306396,26727.7201343807,0.54680652370964,0.000577753859219602,0.574254852708675,0
"DTXSID7021360",92.14,1807.64084580428,4.64687611197207,318.922714822958,0.315101848959256,0.000659088251889868,1.0251997969892,0
"DTXSID8020462",106.12,2.91760618559349,8710.27262488835,0.0901833660718263,1.37629379694599,0.000517923428937824,0.76402572420503,0
"DTXSID8020913",128.18,3.5237528627489,0.221894257404383,1433.68801464105,1.06599444549075,0.0010159817352579,1.11889591584793,0
