"dtxsid","molwt","vapor","solub","kow","decay.air","decay.sur","diffus.air","conc.out"
"DTXSID2021781",278.35,0.00200842145672891,0.0369530051880335,37912.8380405797,0.41429957056031,0.00255818193545131,0.235166219845913,0
"DTXSID3020205",312.37,0.000448864282240825,0.00771327300087956,20197.60766373,0.907035454721124,0.00099613710630879,0.444682260355758,0
"DTXSID7021360",92.14,3600.72578268009,5.67230583453481,342.200921450813,0.702240303133089,0.000322876361388091,1.0063443576677,0
"DTXSID8020462",106.12,1.12336682578221,10304.432954408,0.211013222336233,4.80248191948181,0.000861606198680887,0.479638498380489,0
"DTXSID8020913",128.18,30.4642474548861,0.131046854753795,3365.96158576835,0.990194479781817,0.00103569469972397,0.564003226645459,0
