"dtxsid","molwt","vapor","solub","kow","decay.air","decay.sur","diffus.air","conc.out"
"DTXSID2021781",278.35,0.00173106696448443,0.0369860354146718,21644.551594585,0.899416429048062,0.00108545611341029,0.500721613293826,0
"DTXSID3020205",312.37,0.000318229320242299,0.00858693267989263,12722.2387318251,1.62709288477668,0.000776128127535254,0.343941050577757,0
"DTXSID7021360",92.14,2795.42414585353,3.703272548605,231.463461161026,0.556893027765181,0.00196223145843561,0.492894027689488,0
"DTXSID8020462",106.12,0.72650680372933,7298.03637755683,0.0328396680926697,2.24408526745249,0.00113621726206123,0.907796540138127,0
"DTXSID8020913",128.18,11.8590457553852,0.112262574250541,4861.69745007147,1.36394831272361,0.000380940937207872,0.663307367305379,0
