"dtxsid","molwt","vapor","solub","kow","decay.air","decay.sur","diffus.air","conc.out"
"DTXSID2021781",278.35,0.00372991895982907,0.024114981593586,25319.2292701742,0.659589205543796,0.00137121841578914,0.741169707601044,0
"DTXSID3020205",312.37,0.000404767545494545,0.0101612576573754,27582.7550093534,0.505060601109481,0.000933354902693131,0.556158927302751,0
"DTXSID7021360",92.14,3046.88443201695,4.02379234655897,319.253776672664,0.347648717384971,0.000570317493874197,1.12205486421561,0
"DTXSID8020462",106.12,0.455395328611079,6827.40587855911,0.127571060751721,2.465078430278,0.00153978419639131,0.840175619775529,0
"DTXSID8020913",128.18,6.8166019648111,0.216922049620226,2010.43872355947,2.49569303140193,0.000604334212884098,0.699912460621609,0
