"dtxsid","molwt","vapor","solub","kow","decay.air","decay.sur","diffus.air","conc.out"
"DTXSID2021781",278.35,0.00308240742307168,0.0292036027395873,54808.1999237655,0.934647816510471,0.000909700749236788,0.553396528211342,0
"DTXSID3020205",312.37,0.000527740706768145,0.00987512403289923,22415.6643663905,0.733392303721533,0.000857131359238492,0.355116827917194,0
"DTXSID7021360",92.14,3975.74446773973,5.27906517742589,327.20349171079,0.449999949543036,0.000804733237952227,1.17283742200975,0
"DTXSID8020462",106.12,0.957214658225913,8698.60560623026,0.10087651650422,1.96270807186202,0.00232823958154718,0.760008480035405,0
"DTXSID8020913",128.18,15.6027622386792,0.167051077239948,2089.85551794954,1.60429395754226,0.000891943341162098,0.847839287114214,0
