"dtxsid","molwt","vapor","solub","kow","decay.air","decay.sur","diffus.air","conc.out"
"DTXSID2021781",278.35,0.000639021879025126,0.037913995842423,34834.2980984731,0.812416798579647,0.000516755926665497,0.74587050660194,0
"DTXSID3020205",312.37,0.00214108047853318,0.00975095158994674,34087.8719794876,1.29041875678557,0.000484040609804745,0.618481796981395,0
"DTXSID7021360",92.14,5685.98944058298,5.66334327147811,297.528175806739,0.349995909140349,0.000441243307703965,0.857974558736859,0
"DTXSID8020462",106.12,1.32961989069796,7874.68726433777,0.105022150121338,1.16292699043699,0.000742088605265514,0.735117463528768,0
"DTXSID8020913",128.18,9.55167920191676,0.161421558239225,1188.85477583001,1.51521398217535,0.00103905620967529,0.718236698525249,0
