"dtxsid","molwt","vapor","solub","kow","decay.air","decay.sur","diffus.air","conc.out"
"DTXSID2021781",278.35,0.0090590263486993,0.0514007047811935,21542.4741434854,0.914279361089851,0.000485985321888952,0.664668388599178,0
"DTXSID3020205",312.37,0.000529721281045214,0.0109291084695242,13027.6281018257,1.49898999021398,0.000885613608197194,1.01710150138191,0
"DTXSID7021360",92.14,1157.42185902883,4.02657351192757,248.264700491206,0.475787292344377,0.0012772020982473,0.770776941354782,0
"DTXSID8020462",106.12,0.898545898394408,8083.72699467763,0.121091544151767,1.36935775061835,0.00149899464368539,0.831986638421869,0
"DTXSID8020913",128.18,4.57251677885149,0.0995172198969138,3320.4597904496,2.49515865193884,0.00140587512143643,0.755726768128357,0
