"dtxsid","molwt","vapor","solub","kow","decay.air","decay.sur","diffus.air","conc.out"
"DTXSID2021781",278.35,0.00142847193887361,0.0440599842168226,56486.7727303833,0.990427806455763,0.00148531342619431,0.580710123190191,0
"DTXSID3020205",312.37,0.000163215116766707,0.00801739678358067,11560.1785114696,0.536633014652979,0.00120002122954221,0.55441840127625,0
"DTXSID7021360",92.14,2817.12044927414,3.94320961797712,311.797872039507,0.404384174078455,0.0010119259190117,0.632246097645447,0
"DTXSID8020462",106.12,0.627298589470755,10332.8873861236,0.133598165841261,1.64379880481293,0.0014967171396538,0.590509551140954,0
"DTXSID8020913",128.18,14.1571056178702,0.181991976195229,1206.1936155739,1.62711941609801,0.0011543059764103,0.791602193023207,0
