"dtxsid","molwt","vapor","solub","kow","decay.air","decay.sur","diffus.air","conc.out"
"DTXSID2021781",278.35,0.00358064067146341,0.0245564292533849,32603.8951867537,0.622463059495344,0.00153226090156218,0.475196921294859,0
"DTXSID3020205",312.37,0.000423736113411917,0.0131785574021737,17197.0959986789,0.802395536557903,0.000529018795264492,0.565037553748699,0
"DTXSID7021360",92.14,1286.16262726023,5.13375228337652,274.128879027773,0.408139195211495,0.000772905290374299,0.423117323203265,0
"DTXSID8020462",106.12,1.66962182114887,8775.40785229952,0.132665248271538,1.78327550154993,0.000890412316893381,0.705916586669703,0
"DTXSID8020913",128.18,10.0533975248201,0.131061695088386,2899.92720968307,1.20791138537762,0.000961080970547339,0.765156904428522,0
