"dtxsid","molwt","vapor","solub","kow","decay.air","decay.sur","diffus.air","conc.out"
"DTXSID2021781",278.35,0.00199080928039452,0.0232425658781725,22868.644885207,0.60418586897355,0.000391984788660043,0.456887299894358,0
"DTXSID3020205",312.37,0.000113903357077763,0.0100020221100916,11975.7989192085,0.372125320642125,0.00112176706490897,0.555933527165462,0
"DTXSID7021360",92.14,1180.65395854304,5.92887184854121,976.822362349625,0.813605404323134,0.000723801805254715,0.724285336856265,0
"DTXSID8020462",106.12,1.62551871631728,4620.59665328962,0.0855139926860888,2.07587264618536,0.000997966568087632,0.863325084384738,0
"DTXSID8020913",128.18,22.2547432622107,0.118938410372741,2200.18455442162,1.36751579491339,0.000965930743349763,0.813466100958238,0
