"dtxsid","molwt","vapor","solub","kow","decay.air","decay.sur","diffus.air","conc.out"
"DTXSID2021781",278.35,0.016654127784989,0.0256740067035387,27952.0384276681,0.576396849293134,0.00145143223442507,0.541479386033582,0
"DTXSID3020205",312.37,0.00127271249185444,0.0103064430941718,21311.2746009658,0.688752592117514,0.00197667558442279,0.531572006298593,0
"DTXSID7021360",92.14,1745.90348868792,3.58005576252615,522.540231443488,0.759238290028515,0.000575146611389838,0.575940648661004,0
"DTXSID8020462",106.12,0.311168949638426,6619.79632114978,0.126911973500545,1.79634248023153,0.000709614117194749,0.575437902789485,0
"DTXSID8020913",128.18,6.84254471174947,0.169799216465851,1127.10755754107,2.43483776200804,0.00145397506647806,0.54313039464218,0
