"dtxsid","molwt","vapor","solub","kow","decay.air","decay.sur","diffus.air","conc.out"
"DTXSID2021781",278.35,0.00208834829274177,0.0336993585889215,35906.7661388378,0.397501043706352,0.000635428296543097,0.319686186683743,0
"DTXSID3020205",312.37,0.00588508939397982,0.00946730494176744,13279.0081582292,0.489365775113941,0.000957902036685944,0.749529294118236,0
"DTXSID7021360",92.14,2385.2143744861,4.62128291121608,678.155637427337,0.2716884479549,0.000928171972401049,1.0124204008834,0
"DTXSID8020462",106.12,0.334544186655965,10606.2646719793,0.0742386386326094,1.79772756443462,0.00111973842406579,0.986516560088113,0
"DTXSID8020913",128.18,10.7727645555444,0.255178463293485,4434.15758978995,1.12911154447308,0.00108435967636345,0.723824087274094,0
