"dtxsid","molwt","vapor","solub","kow","decay.air","decay.sur","diffus.air","conc.out"
"DTXSID2021781",278.35,0.00548155936252477,0.0304226743475127,18166.8091195955,0.716521370476403,0.000669341417981206,0.448316944721521,0
"DTXSID3020205",312.37,0.000339147174548345,0.00897182371856429,32133.3718237442,0.275379662846653,0.00176279536388248,0.548006707591741,0
"DTXSID7021360",92.14,2031.93576818807,4.53561338839458,488.189505212228,0.406813512855743,0.00120454350229653,0.901896654946658,0
"DTXSID8020462",106.12,1.16614566334132,7878.68404555734,0.0653637421838295,3.7097180490602,0.000798863425443458,1.2027881456995,0
"DTXSID8020913",128.18,13.663734101834,0.142505301878631,1341.35634947881,1.37648127778613,0.000757986441858652,0.556689560791403,0
