"dtxsid","molwt","vapor","solub","kow","decay.air","decay.sur","diffus.air","conc.out"
"DTXSID2021781",278.35,0.0125686030686313,0.0208625603171226,41426.6967377743,0.382057372868202,0.000763897052185984,0.410017928679387,0
"DTXSID3020205",312.37,0.000519482610061721,0.0061097905229957,19347.8754916665,0.553359795746802,0.000923440904429414,0.398834509174899,0
"DTXSID7021360",92.14,3326.74059286102,3.34126320656752,276.53674983493,0.486705629081459,0.00109777488559762,1.1497154883312,0
"DTXSID8020462",106.12,0.168615508992413,10250.7874418429,0.133681486744814,1.36608160360962,0.00137674516903952,1.10069777187439,0
"DTXSID8020913",128.18,3.71589001724638,0.19257198692073,2589.66990977669,1.62598838790113,0.000787255317739143,1.08250495542741,0
