"dtxsid","molwt","vapor","solub","kow","decay.air","decay.sur","diffus.air","conc.out"
"DTXSID2021781",278.35,0.00350774116529844,0.0464049038896165,21248.0447820699,0.871945506300501,0.00140316034818192,0.609349928408005,0
"DTXSID3020205",312.37,0.000574487194148477,0.00617540557450959,9314.10965956928,0.470266849057491,0.000786418856096996,0.415640061933947,0
"DTXSID7021360",92.14,3903.5308283207,4.92486250192745,685.809954584346,0.402284605758389,0.00132335439033884,1.41030935134073,0
"DTXSID8020462",106.12,0.897897889898074,9831.90577348943,0.0439360740441404,1.44888836009245,0.00104204716495846,0.795414665293572,0
"DTXSID8020913",128.18,12.2087719974021,0.125200270120702,4276.97463724576,1.58866705388906,0.000566136647821238,0.654093141850399,0
