"dtxsid","molwt","vapor","solub","kow","decay.air","decay.sur","diffus.air","conc.out"
"DTXSID2021781",278.35,0.00173526429369458,0.0676388700107345,37187.8295078629,0.494506611899385,0.000651295359184471,0.449919225109091,0
"DTXSID3020205",312.37,0.000715066480211882,0.00833183554843983,26591.7278783549,0.90326064068501,0.00184773416834705,0.454076543617996,0
"DTXSID7021360",92.14,4158.73512030882,5.98028468408931,620.996746325863,0.442836811801995,0.00127413248309643,0.543922363120606,0
"DTXSID8020462",106.12,0.326513115993051,8961.28393513466,0.0500610516331677,2.48568324000167,0.00123298028191619,0.578923247035988,0
"DTXSID8020913",128.18,4.05712206131806,0.110497998356448,1691.64465733111,1.62215101400673,0.000323199161742553,0.668984365506339,0
