"dtxsid","molwt","vapor","solub","kow","decay.air","decay.sur","diffus.air","conc.out"
"DTXSID2021781",278.35,0.00143493117019911,0.0408707419760306,18584.2113790954,0.964955847363308,0.000707935431084868,0.588795341125971,0
"DTXSID3020205",312.37,0.000229699740008087,0.0120928379736337,25104.1293667179,0.479795553397536,0.00137786401811018,0.832472452711887,0
"DTXSID7021360",92.14,3771.75298699433,7.33871110477122,336.713784055845,0.555691192232941,0.000877506733692907,1.16877954328613,0
"DTXSID8020462",106.12,0.919475655303592,9696.25937398967,0.128066835374391,1.8055561528139,0.00178031187812431,0.652593823898879,0
"DTXSID8020913",128.18,3.65344891279978,0.195063982236795,2283.25458151703,0.793402388693153,0.00161713336810128,0.743631006258513,0
