"dtxsid","molwt","vapor","solub","kow","decay.air","decay.sur","diffus.air","conc.out"
"DTXSID2021781",278.35,0.00204334707792244,0.029768199290148,20743.7312189664,0.401234803978612,0.00038011449728463,0.404772656617301,0
"DTXSID3020205",312.37,0.000477374731861494,0.0112395665688064,21999.3079767493,0.592044706295677,0.00111300598810764,0.689465283218095,0
"DTXSID7021360",92.14,3937.79165043265,3.84232908314132,156.819163660667,0.299521258220215,0.000710629983632888,1.01871298343023,0
"DTXSID8020462",106.12,1.31774307435122,15537.548263138,0.0724746782084664,1.30535953510776,0.00131276369221148,0.788753371204462,0
"DTXSID8020913",128.18,2.63124482773826,0.140101081639299,3404.58110928311,0.848018339159286,0.00063559053038293,0.569651670689784,0
