"dtxsid","molwt","vapor","solub","kow","decay.air","decay.sur","diffus.air","conc.out"
"DTXSID2021781",278.35,0.00525402256687618,0.0596575134617372,34183.3397977493,0.944404952202236,0.00117857313320446,0.500366676014856,0
"DTXSID3020205",312.37,0.00106840472515883,0.00962454184368742,14309.709836723,0.629218400555124,0.000666595501527598,0.570755747750003,0
"DTXSID7021360",92.14,2547.04459966663,4.74604256297849,595.380132082575,0.505645484410409,0.00118184211657324,0.837793460166375,0
"DTXSID8020462",106.12,0.714132599505168,6729.4779543851,0.129029036463685,2.05916420805787,0.00110877345462928,0.944829581520154,0
"DTXSID8020913",128.18,2.69651885273594,0.118897999900723,2328.12227983625,2.53235264856925,0.00211747219240747,0.707074062122333,0
