"dtxsid","molwt","vapor","solub","kow","decay.air","decay.sur","diffus.air","conc.out"
"DTXSID2021781",278.35,0.00142141330918414,0.030115638229923,29630.4202129085,0.419345462467501,0.00153670220291093,0.567407023234713,0
"DTXSID3020205",312.37,0.00177608074253223,0.00834204866960877,12205.6740652611,0.430103038192437,0.00148349913517061,0.744452572593363,0
"DTXSID7021360",92.14,1929.43029514215,4.45353073187079,563.45772582001,0.404142026797042,0.00143604742335694,1.0220918479756,0
"DTXSID8020462",106.12,0.309100772489876,4727.09529418516,0.0787876103213958,0.72812972768732,0.00144700026927299,0.571985800112294,0
"DTXSID8020913",128.18,6.42732921827566,0.107005959790085,1522.10839287768,1.3242707003476,0.000828697641540281,0.720245963257855,0
