"dtxsid","molwt","vapor","solub","kow","decay.air","decay.sur","diffus.air","conc.out"
"DTXSID2021781",278.35,0.000269334337277364,0.043632549766665,17584.143229504,0.589206681272602,0.00126052536560828,0.632948729699015,0
"DTXSID3020205",312.37,0.000808960269436673,0.0100272363675986,29862.1725683949,0.409928207962364,0.00119383167520568,0.559564008009938,0
"DTXSID7021360",92.14,1308.0925422356,4.04216852178811,492.4712183155,0.471209490458237,0.000904550865946197,0.887762077171453,0
"DTXSID8020462",106.12,1.34321456331038,6683.2397659036,0.0747078200563082,1.69771070895447,0.000726908287344234,0.850985289755488,0
"DTXSID8020913",128.18,5.32964201012908,0.0991229271339379,1607.38079479124,2.06725751132874,0.00194152910673818,0.691965608807421,0
