"dtxsid","molwt","vapor","solub","kow","decay.air","decay.sur","diffus.air","conc.out"
"DTXSID2021781",278.35,0.00967369149440231,0.0301400394925264,22685.3454485476,0.551787194145475,0.000719148032609272,0.582947212266724,0
"DTXSID3020205",312.37,0.00183970934683429,0.00499063270811449,9058.06952143924,0.66231977871947,0.000681138248678617,0.447723462714929,0
"DTXSID7021360",92.14,5107.40012321333,3.89121143096229,622.535989820718,0.211356771559425,0.00064002220126491,1.05864092409408,0
"DTXSID8020462",106.12,1.34530702542554,7525.07058049007,0.0517235994300465,1.35402931603272,0.00107642403115504,0.784728568446088,0
"DTXSID8020913",128.18,9.23907956271644,0.156364478707344,4627.46571136911,2.06507235927336,0.000685991105800618,0.799345864249958,0
