"dtxsid","molwt","vapor","solub","kow","decay.air","decay.sur","diffus.air","conc.out"
"DTXSID2021781",278.35,0.00586157066859312,0.0441002402973794,22768.9909012995,1.28181776896007,0.00109206120745526,0.372788571527445,0
"DTXSID3020205",312.37,0.000409502197789957,0.0112649204503842,24502.7006422799,0.551235480744173,0.000813207473623809,0.370833808524874,0
"DTXSID7021360",92.14,3701.33963706047,6.210696066657,271.842389476161,0.565370683115138,0.00044892117979812,1.39498690180126,0
"DTXSID8020462",106.12,0.337234680547785,8544.77530542696,0.105505559307398,1.97226059351522,0.00156525078211463,1.56135355171372,0
"DTXSID8020913",128.18,6.77181185556718,0.162977167989236,1697.16870254251,0.794012196520108,0.00155661356717787,0.553435448884103,0
