"dtxsid","molwt","vapor","solub","kow","decay.air","decay.sur","diffus.air","conc.out"
"DTXSID2021781",278.35,0.00230187432526374,0.0458861382501879,27872.3564616344,0.522050627057961,0.00103134523662189,0.717859066684716,0
"DTXSID3020205",312.37,0.0013621242445345,0.0145717179577508,6699.79392954734,0.341635012007546,0.00165658493071211,0.39019032922557,0
"DTXSID7021360",92.14,4168.98648858858,5.43563297939036,474.776803301897,0.231281205046196,0.000766998078102701,0.943274180728073,0
"DTXSID8020462",106.12,0.494746351943211,7967.10723552651,0.134660761225796,2.75647756023764,0.000764999998220835,1.19344054234103,0
"DTXSID8020913",128.18,2.64777915678568,0.119993416136768,2395.74687347489,2.22511159981323,0.000423760919927373,0.967728014034739,0
