"dtxsid","molwt","vapor","solub","kow","decay.air","decay.sur","diffus.air","conc.out"
"DTXSID2021781",278.35,0.00176381900707977,0.0497939137723178,73820.4620755349,0.720193837882482,0.000622821402062523,0.490208398827363,0
"DTXSID3020205",312.37,0.00148094414213849,0.0096480186918413,22797.6122630496,0.304871009933759,0.00101975200217062,0.430247516611938,0
"DTXSID7021360",92.14,1555.68514569009,4.7051878393402,312.009344110579,0.247101060682502,0.00175363564089406,0.962227273006509,0
"DTXSID8020462",106.12,1.81456976651381,7639.63874265645,0.0577728966485497,2.11203907620026,0.00116232264321978,0.834260309974827,0
"DTXSID8020913",128.18,3.74909554203371,0.133310430857899,3460.22063752474,1.72572972508937,0.00143814567991592,0.903549441251727,0
