"dtxsid","molwt","vapor","solub","kow","decay.air","decay.sur","diffus.air","conc.out"
"DTXSID2021781",278.35,0.00408030788362647,0.028675069730322,51261.8227701077,0.625154300771993,0.00146625383386431,0.7418529695215,0
"DTXSID3020205",312.37,0.00150580768639285,0.00806167951704079,20170.0565163821,0.60942920524052,0.000724633040387853,0.480651559639117,0
"DTXSID7021360",92.14,1538.05982090142,3.77728396330615,248.67521396187,0.130883712505825,0.0011077041296126,1.15564549088977,0
"DTXSID8020462",106.12,0.706887514477687,7915.48755378784,0.0856839321794951,1.95041918894737,0.00146281616177584,0.73754710956311,0
"DTXSID8020913",128.18,10.9503929268769,0.13391443975465,1580.18132541566,0.938900356349802,0.000544372050853242,0.861863329627957,0
