"dtxsid","molwt","vapor","solub","kow","decay.air","decay.sur","diffus.air","conc.out"
"DTXSID2021781",278.35,0.0025392407333075,0.0323461916399729,36991.2508209151,0.521464420980488,0.00072179609123866,0.541434551687157,0
"DTXSID3020205",312.37,0.000755763952258559,0.00945556406385397,11326.7888267375,0.562334858142837,0.000672897435650206,0.53041060750794,0
"DTXSID7021360",92.14,1555.77555824427,4.14918095187871,415.171673634257,0.409223007267693,0.000618307186340015,1.10967588840248,0
"DTXSID8020462",106.12,0.702397121179416,6241.72621220272,0.0872171884056842,1.90211782160072,0.00125839852402473,1.08661728461105,0
"DTXSID8020913",128.18,39.4471586049286,0.325562644039652,576.805300437585,1.86034362094583,0.000487515700258667,0.763576575019762,0
