"dtxsid","molwt","vapor","solub","kow","decay.air","decay.sur","diffus.air","conc.out"
"DTXSID2021781",278.35,0.000605604818928547,0.0339872702073271,21792.5543087843,0.716438976229158,0.00092398620857216,0.695208707157179,0
"DTXSID3020205",312.37,0.00108811754874539,0.0109335808372546,17050.8142178382,0.818472165209918,0.000759884845531233,0.756209048440763,0
"DTXSID7021360",92.14,3235.72748814591,6.73753802052644,409.425872548342,0.394596692144497,0.000558742646161398,1.36975083020179,0
"DTXSID8020462",106.12,0.590269520421648,7147.10899163405,0.082805955757505,1.55079018175191,0.00136742776930089,0.529279477700059,0
"DTXSID8020913",128.18,2.99516306956818,0.144445604425743,2819.93993709874,0.965175111202531,0.00103969759786201,0.450281282866312,0
