"dtxsid","molwt","vapor","solub","kow","decay.air","decay.sur","diffus.air","conc.out"
"DTXSID2021781",278.35,0.00282215066966764,0.0341182450336378,27121.107268821,0.647139259623547,0.000675260896133461,0.573044854902679,0
"DTXSID3020205",312.37,0.000163665108866039,0.0115537350431797,7458.56730534961,0.774893733773342,0.000771677346137689,0.397790846312703,0
"DTXSID7021360",92.14,2477.41344964455,4.77489709089665,491.935253724178,0.274101288464492,0.00086118706409018,0.840561392954462,0
"DTXSID8020462",106.12,0.151648155875904,7152.07033082587,0.100126093406866,1.37687581128684,0.00147065029801271,0.524249783411639,0
"DTXSID8020913",128.18,5.94798292688133,0.100034261717246,2016.1675026132,2.02461874584622,0.00104494730473755,0.346950168795346,0
