"dtxsid","molwt","vapor","solub","kow","decay.air","decay.sur","diffus.air","conc.out"
"DTXSID2021781",278.35,0.00344118830026146,0.0342780346367119,45817.2274206894,0.487929633421025,0.00103944025446011,0.348348836619012,0
"DTXSID3020205",312.37,0.00177775506204332,0.00937430424843339,16932.9944571199,0.568957548473921,0.00104422970422348,0.676681595932125,0
"DTXSID7021360",92.14,1014.78444295179,3.87542607700141,615.527726513082,0.280692863144092,0.00104904531546076,0.771837716235025,0
"DTXSID8020462",106.12,0.728451676221074,7536.40482434753,0.0297389879588361,2.76038574503185,0.000724631838625956,0.613996724302303,0
"DTXSID8020913",128.18,8.60569498247028,0.108611662620938,2376.34315122972,1.80749030045584,0.000677321085063031,0.797311047785337,0
