"dtxsid","molwt","vapor","solub","kow","decay.air","decay.sur","diffus.air","conc.out"
"DTXSID2021781",278.35,0.0108240580978684,0.0232492679514378,17764.2289412578,0.359955708156312,0.0017305770432079,0.674438661004385,0
"DTXSID3020205",312.37,0.0017452717133044,0.012971834379021,39980.8295886545,0.537218738429877,0.000883678682186373,0.455749288016322,0
"DTXSID7021360",92.14,1585.31435015316,4.65593008724245,608.712674385373,0.627425412030944,0.00151819200376942,0.601534165742222,0
"DTXSID8020462",106.12,0.391080649113046,10617.4356500352,0.0793892306766891,1.57927205659106,0.000584046832432487,0.856304318263568,0
"DTXSID8020913",128.18,6.29842020059323,0.139466265602747,2015.40087949147,2.72041498480973,0.000551493000461713,1.0255329586134,0
