"dtxsid","molwt","vapor","solub","kow","decay.air","decay.sur","diffus.air","conc.out"
"DTXSID2021781",278.35,0.0129061536928475,0.0336764544005769,31075.4925636962,0.502273849892893,0.00133627100041467,0.469899655527137,0
"DTXSID3020205",312.37,0.000725757794094888,0.0121461580487817,16894.0031760672,0.320986238850209,0.000840205670298044,0.596056467199222,0
"DTXSID7021360",92.14,1535.74822793754,4.26100417195116,281.179330862107,0.617878185267011,0.0017010230731299,0.538697656964976,0
"DTXSID8020462",106.12,1.4021582159655,9142.0024831165,0.0481328682933824,2.78739008702696,0.00106436867851468,0.770245801445241,0
"DTXSID8020913",128.18,5.83994590836427,0.116623688569763,4469.26631325849,1.66218418851821,0.000799411327885498,1.11025180960411,0
