"dtxsid","molwt","vapor","solub","kow","decay.air","decay.sur","diffus.air","conc.out"
"DTXSID2021781",278.35,0.00405492685909604,0.0398150475196056,70759.2432367796,0.342560187967702,0.000618241109930625,0.555478774393332,0
"DTXSID3020205",312.37,0.00114288553946328,0.00657618221602328,64280.2591089524,0.750620490146623,0.000835299961915869,0.58678093408176,0
"DTXSID7021360",92.14,986.904905030858,7.64832989676904,179.332843439113,0.348937504828283,0.00104083311140537,1.126192446405,0
"DTXSID8020462",106.12,0.487469878578006,5114.72721724592,0.0782271521165616,2.3470599381642,0.00068468695978579,0.37956997493259,0
"DTXSID8020913",128.18,7.20209424601958,0.207521140835966,2309.94549458356,1.44687949773602,0.00136505763169283,0.768491353182605,0
