"dtxsid","molwt","vapor","solub","kow","decay.air","decay.sur","diffus.air","conc.out"
"DTXSID2021781",278.35,0.00474692306709241,0.0415291519351068,42426.716838704,1.40097522133022,0.00085069689529053,0.552091833159521,0
"DTXSID3020205",312.37,0.00100814510376848,0.0176822684889462,15121.2131067738,0.811785220787629,0.00074812851501214,0.519930317213249,0
"DTXSID7021360",92.14,1376.54618425192,7.49922548131786,514.314244095723,0.444512342833803,0.000632332679144377,1.0363636281259,0
"DTXSID8020462",106.12,0.430447572517059,11279.5051753702,0.121639695581854,1.60198406478203,0.00122303831547811,0.95244116460683,0
"DTXSID8020913",128.18,8.20366064794081,0.191647209807072,1917.72683175795,1.17046433624126,0.00201117175482473,0.685156283005669,0
