"dtxsid","molwt","vapor","solub","kow","decay.air","decay.sur","diffus.air","conc.out"
"DTXSID2021781",278.35,0.00168647457762426,0.0318938052188748,17799.5413713665,0.635478691911923,0.000637094875655613,0.534442542617423,0
"DTXSID3020205",312.37,0.000787693548965999,0.0100008451014164,24689.684960541,0.59532305702347,0.00210312074264987,0.381754217022077,0
"DTXSID7021360",92.14,1022.53566430144,6.5919154666196,331.901066143532,0.271569109896911,0.00140707873647597,0.963733839819481,0
"DTXSID8020462",106.12,0.83200176946619,5819.81524996867,0.145196038738745,1.11322451762882,0.00118045066636868,0.707384709425166,0
"DTXSID8020913",128.18,23.4791153564676,0.134821382618919,2417.87371745913,2.75579865103345,0.00109985839591324,1.34676428884602,0
