"dtxsid","molwt","vapor","solub","kow","decay.air","decay.sur","diffus.air","conc.out"
"DTXSID2021781",278.35,0.00324521550951985,0.0195878107577915,55043.392683277,0.226542615683803,0.000908699546341349,0.376197143784881,0
"DTXSID3020205",312.37,0.000327867757084227,0.0137226047591067,14014.7393069503,0.597918659859571,0.00119109827398688,0.671044039188479,0
"DTXSID7021360",92.14,1335.44550112303,3.91268601176205,474.248492339495,0.450297399090319,0.000675311034516506,1.55336416575158,0
"DTXSID8020462",106.12,1.44510987796811,7370.57681949597,0.135415483896245,1.27375088061581,0.00152201074477028,0.705355961699819,0
"DTXSID8020913",128.18,21.0299813077491,0.121818342147471,1574.65729936695,2.30288898090662,0.00085486646421936,1.01882215383804,0
