"dtxsid","molwt","vapor","solub","kow","decay.air","decay.sur","diffus.air","conc.out"
"DTXSID2021781",278.35,0.00124375141268895,0.0359148403081798,25617.0830945044,0.549199145782512,0.000844825230802581,0.521584652875062,0
"DTXSID3020205",312.37,0.000250919040455445,0.0100872538351679,40176.323483189,0.898133627071277,0.00113497049230507,0.658022055114982,0
"DTXSID7021360",92.14,5007.66946844864,4.29784620093558,463.238454263289,0.154320308313443,0.00170708946701629,1.10480832237176,0
"DTXSID8020462",106.12,1.37382322256581,8203.76109071767,0.141507245868518,4.0506943000472,0.00150272512197403,0.648113313504165,0
"DTXSID8020913",128.18,6.99747867462674,0.124701384074183,2513.58023260485,1.08505485973201,0.000632623660368915,0.610646051491109,0
