"dtxsid","molwt","vapor","solub","kow","decay.air","decay.sur","diffus.air","conc.out"
"DTXSID2021781",278.35,0.0031555209486566,0.0215467468829203,43019.7351505282,0.853695787734349,0.00100905912860852,0.521367792654366,0
"DTXSID3020205",312.37,0.000386828739392328,0.00935391314863812,9134.60393903247,0.752912634495393,0.00104031285959722,0.675789166927803,0
"DTXSID7021360",92.14,2086.12257283436,3.54050848356048,325.134786580917,0.282780615009281,0.00107280247526649,0.851398836397021,0
"DTXSID8020462",106.12,0.302053409623526,9232.00572208661,0.102301109275832,1.11022227880413,0.0013883870731035,1.12337042904781,0
"DTXSID8020913",128.18,3.38591065593529,0.128954511416759,4979.09943109726,1.85071416317485,0.00131768200761725,0.732162079595894,0
