"dtxsid","molwt","vapor","solub","kow","decay.air","decay.sur","diffus.air","conc.out"
"DTXSID2021781",278.35,0.00411953933198755,0.0221946123339307,67158.7512893953,0.406423820211145,0.00057574347013321,0.595932482938632,0
"DTXSID3020205",312.37,0.000625492086521094,0.00813884724207099,30022.1622359389,1.24414886785051,0.000524604756309808,0.748245377431064,0
"DTXSID7021360",92.14,1972.52880932056,4.10601937171536,510.408013465698,0.415596189518972,0.000451508819733018,0.557872411294511,0
"DTXSID8020462",106.12,0.398516947755736,9120.67237021229,0.068074178366953,0.523423904403332,0.00134463831112356,0.708572093529793,0
"DTXSID8020913",128.18,19.948720520092,0.164735580292467,1659.73558442319,1.64832269940267,0.00116722202918667,0.675119247649429,0
