"dtxsid","molwt","vapor","solub","kow","decay.air","decay.sur","diffus.air","conc.out"
"DTXSID2021781",278.35,0.00119859489640004,0.0282340866201842,23545.4866858648,0.447492529144584,0.0009178188712685,0.710643827445548,0
"DTXSID3020205",312.37,0.000343573577149368,0.00934435834988836,18685.7043588219,0.552461559405044,0.000624136502198644,0.478714626744137,0
"DTXSID7021360",92.14,899.665482621698,4.22892532850009,461.746242000553,0.250519537706584,0.00146943330727054,0.912982624289019,0
"DTXSID8020462",106.12,0.407972442737631,10529.0821402008,0.0686167174938286,2.09275290798761,0.00057131180912168,0.602438908554767,0
"DTXSID8020913",128.18,1.49122303685684,0.16556913045818,2408.28175618744,1.33432144966835,0.00116367523201463,0.602237137122519,0
