"dtxsid","molwt","vapor","solub","kow","decay.air","decay.sur","diffus.air","conc.out"
"DTXSID2021781",278.35,0.00234855954675348,0.0414223755673088,22816.9537604654,0.853686864146271,0.00138332104408459,0.336119017605831,0
"DTXSID3020205",312.37,0.000161694520955439,0.00948408296775899,17782.8103871073,0.99006896036816,0.00145236973119227,0.663842060043691,0
"DTXSID7021360",92.14,4240.91705577465,5.48116560113616,429.045983982038,0.276455632817141,0.0015341858583156,0.897553298667396,0
"DTXSID8020462",106.12,0.653514524172838,6079.38647419242,0.0476613700520476,0.83171359275556,0.000794614211073027,0.735413964012729,0
"DTXSID8020913",128.18,2.7411537159587,0.129912519816031,1799.03656538498,1.30798751757893,0.00132363674116869,0.770825715498768,0
