"dtxsid","molwt","vapor","solub","kow","decay.air","decay.sur","diffus.air","conc.out"
"DTXSID2021781",278.35,0.0226947782717567,0.0246707136317876,49136.178268373,0.784683707754623,0.000730937171835134,0.489624274457077,0
"DTXSID3020205",312.37,0.00104432925428912,0.00729034656738016,10935.2807701236,0.563708891268957,0.00170353029615897,0.222694289984461,0
"DTXSID7021360",92.14,1969.30882672553,3.78403039514755,321.91118304588,0.212730622422304,0.00109817409885619,0.761346087999276,0
"DTXSID8020462",106.12,0.27955179302994,5404.92294943719,0.0753084655614249,2.8264750767148,0.000746593335767498,1.41347515287146,0
"DTXSID8020913",128.18,8.20178838100814,0.104366810283438,2683.47855931803,1.57536494122443,0.000693944354319276,0.778547151527612,0
