"dtxsid","molwt","vapor","solub","kow","decay.air","decay.sur","diffus.air","conc.out"
"DTXSID2021781",278.35,0.00363208760941421,0.0466116378993264,28762.9925893107,0.682350528448018,0.00134511311165543,0.434906224750169,0
"DTXSID3020205",312.37,0.000476127869994267,0.0112869720927507,16871.4451462084,0.424299463710836,0.000933957267571106,0.518509889831595,0
"DTXSID7021360",92.14,873.695251069714,5.03955226708226,312.082268677838,0.45265507958074,0.000592699660373772,0.948377999686537,0
"DTXSID8020462",106.12,1.55912924892417,8008.33177850887,0.0481924608057938,1.25964203357124,0.0012408347010473,1.28266052426923,0
"DTXSID8020913",128.18,7.54186346207862,0.129306787911567,1012.47657031238,1.7198325425474,0.000947215477171032,0.590869428415167,0
