"dtxsid","molwt","vapor","solub","kow","decay.air","decay.sur","diffus.air","conc.out"
"DTXSID2021781",278.35,0.00308060566031546,0.0321042173298756,31226.3719556076,0.563975233086831,0.00135647029382444,0.665816649180404,0
"DTXSID3020205",312.37,0.000185490826928374,0.0106980204180633,7951.62562425123,0.785809010112812,0.000999811309927587,0.56830888961268,0
"DTXSID7021360",92.14,1457.10702239513,5.31305551112116,429.934674385778,0.580732102847535,0.000736818128191602,0.514488224876516,0
"DTXSID8020462",106.12,1.17227559073899,14274.1396223029,0.0998616182858792,2.48876347294677,0.00109249020139936,1.08598217942943,0
"DTXSID8020913",128.18,14.553086289419,0.0641776222260827,1718.56904544837,3.25728421930477,0.00091540172619783,0.672718405642487,0
