"dtxsid","molwt","vapor","solub","kow","decay.air","decay.sur","diffus.air","conc.out"
"DTXSID2021781",278.35,0.00123396047331009,0.0615846348152214,47546.1014332928,0.379542464158563,0.00127614532625797,0.499785907522301,0
"DTXSID3020205",312.37,0.000806824754897035,0.00677447662944531,22937.1330473801,0.414373111834455,0.000828034058065265,0.526251530502235,0
"DTXSID7021360",92.14,2487.40633492426,5.48045076269476,371.628733439794,0.352399949932116,0.00174626427294368,1.07555885347788,0
"DTXSID8020462",106.12,3.73117081813551,8130.73231193486,0.0978798472886357,1.45675088925737,0.000430373556724268,1.26222319761719,0
"DTXSID8020913",128.18,11.0939810394798,0.108097899328788,2238.18061336483,1.48536667328348,0.00221426969336991,0.790920367350974,0
