"dtxsid","molwt","vapor","solub","kow","decay.air","decay.sur","diffus.air","conc.out"
"DTXSID2021781",278.35,0.0140540191232936,0.0451370173163578,15754.4328853673,0.587976702787654,0.000512851652268076,0.606237468181137,0
"DTXSID3020205",312.37,0.000233696567596731,0.00888098597583449,21701.9221070014,0.791334530012164,0.00113962995752645,0.411375871455035,0
"DTXSID7021360",92.14,2267.47957529088,5.31545071388135,238.744320769437,0.282406878494554,0.000714011832751541,1.14126614054332,0
"DTXSID8020462",106.12,0.712886186887837,10327.1287327302,0.0634118236101314,1.95412746570128,0.000944027067136425,0.741072148198114,0
"DTXSID8020913",128.18,11.0422354171135,0.103824584931527,3269.94683762744,0.882311709278609,0.00102683590810767,0.772453280852669,0
