"dtxsid","molwt","vapor","solub","kow","decay.air","decay.sur","diffus.air","conc.out"
"DTXSID2021781",278.35,0.00257963838504776,0.0325124771503026,37245.8726194058,0.248653259304777,0.000851404402889632,0.721250150503672,0
"DTXSID3020205",312.37,0.000894534452525793,0.00769776510493282,9256.8955815947,0.369155930465399,0.001056608301269,0.368218508260466,0
"DTXSID7021360",92.14,3787.16050492826,4.49761584129672,373.385532255316,0.596371007670153,0.00133551472285356,1.18871946570572,0
"DTXSID8020462",106.12,3.7859539420073,8555.44994133827,0.0494786653645984,0.664815008757063,0.000818936928307277,0.595230692381699,0
"DTXSID8020913",128.18,18.5736504695217,0.181549800122467,2302.8711612308,1.99681580839144,0.000798767009529385,0.846863394131148,0
