"dtxsid","molwt","vapor","solub","kow","decay.air","decay.sur","diffus.air","conc.out"
"DTXSID2021781",278.35,0.00263376326154173,0.0350243533064084,29645.409737132,0.408326838675403,0.000707072290998642,0.667317741177157,0
"DTXSID3020205",312.37,0.000410057713665132,0.0134588942047261,35172.6673319615,0.500177257578422,0.000927811759158452,0.512627957914416,0
"DTXSID7021360",92.14,11277.1318095515,5.10638028878551,370.170549699067,0.474052666517459,0.00117820394175242,1.31493704992095,0
"DTXSID8020462",106.12,1.76599667139715,8883.39804962683,0.0507900570765226,1.85104012780277,0.000648887782881746,0.880818114888111,0
"DTXSID8020913",128.18,8.24232988635935,0.130774915919229,2601.65770757259,2.80311213503064,0.00155416542223066,0.78593019716702,0
