"dtxsid","molwt","vapor","solub","kow","decay.air","decay.sur","diffus.air","conc.out"
"DTXSID2021781",278.35,0.00260342223624638,0.0338092993081207,17624.423308476,0.386447281038909,0.00113316025574561,0.406590486035373,0
"DTXSID3020205",312.37,0.000585444199138975,0.00704921294006551,27729.4827243501,0.552194256453064,0.00111826401928702,0.47746325099796,0
"DTXSID7021360",92.14,4416.81367346249,4.34567090443658,407.338782476003,0.530692125571878,0.00110369445725653,1.00414139755363,0
"DTXSID8020462",106.12,1.49757807970208,9743.27132187429,0.100965937892369,2.83068855343686,0.000597653445117737,1.38163878599251,0
"DTXSID8020913",128.18,2.53904590185965,0.0892419967109859,2136.67367886606,1.19006516421068,0.000990840829250371,0.870584901084561,0
