"dtxsid","molwt","vapor","solub","kow","decay.air","decay.sur","diffus.air","conc.out"
"DTXSID2021781",278.35,0.00903851911452733,0.0750605491367632,28069.916928428,0.633528423974467,0.00153148092055227,0.444321566071457,0
"DTXSID3020205",312.37,0.000621624234115072,0.00834937706679723,23440.067095829,0.578186346923756,0.000944487268226874,0.484257376699393,0
"DTXSID7021360",92.14,2241.35600955709,4.08832871120631,347.892372424421,0.192902933616755,0.000773367508354113,0.830729001848018,0
"DTXSID8020462",106.12,2.23647640390065,5687.89991039553,0.0888006208381322,1.43505260254593,0.00102166240164438,1.33008556753975,0
"DTXSID8020913",128.18,4.1011217352192,0.134368889896894,3540.36358146,1.61662048166431,0.000846163144766924,0.848009544969433,0
