"dtxsid","molwt","vapor","solub","kow","decay.air","decay.sur","diffus.air","conc.out"
"DTXSID2021781",278.35,0.00276896593936827,0.0258108967801014,23933.2884136607,0.535036959423642,0.000987646167354561,0.641034821473128,0
"DTXSID3020205",312.37,0.000102935977372262,0.00796553084713003,14780.8719616315,0.604145552438169,0.000682262031002843,0.484807086627341,0
"DTXSID7021360",92.14,4394.78580389389,4.85941000071511,289.897773990952,0.316542632610319,0.00154386287549852,0.666933918469146,0
"DTXSID8020462",106.12,0.546989506353091,9443.26611026143,0.0657677012066118,1.80202514974649,0.00121535771500185,1.03360963197171,0
"DTXSID8020913",128.18,1.84817731189243,0.0899428249558852,1839.84944141414,1.26168253150441,0.00089801457966373,0.807384492801649,0
