"dtxsid","molwt","vapor","solub","kow","decay.air","decay.sur","diffus.air","conc.out"
"DTXSID2021781",278.35,0.0129091510182587,0.0364891990775332,68476.1797794709,0.476559329985684,0.0009806963199582,0.748576948247268,0
"DTXSID3020205",312.37,0.000533849340904211,0.0131995697278509,44749.8302899928,0.43705877007863,0.00164478110513913,0.608122296780101,0
"DTXSID7021360",92.14,1895.59368485676,2.69199308997963,933.259715762343,0.306554882469898,0.000807917247556478,1.26694521505516,0
"DTXSID8020462",106.12,1.15251700859626,5595.5277232001,0.0991126213286325,1.3102422412957,0.000920633758849183,0.971596220076328,0
"DTXSID8020913",128.18,7.97650295631163,0.113458432983208,2873.06104711985,1.17928985167149,0.000683122108239188,0.651892301556504,0
