"dtxsid","molwt","vapor","solub","kow","decay.air","decay.sur","diffus.air","conc.out"
"DTXSID2021781",278.35,0.00701948779428064,0.0313300089414423,63608.5665500733,0.369224412255675,0.0013181198182546,0.64580429140576,0
"DTXSID3020205",312.37,0.000309864887076444,0.0108579097740394,36046.7323834027,0.99046475323479,0.000653573421229582,0.587306280173417,0
"DTXSID7021360",92.14,4032.8504805952,3.31619585026708,675.063347530363,0.284880117013916,0.00104377507645431,1.07570963931366,0
"DTXSID8020462",106.12,3.10320902541485,9794.64298644312,0.116052214920342,2.2129840409783,0.00167952440575727,0.951890266084831,0
"DTXSID8020913",128.18,7.10738732419518,0.109784658015422,3185.99814046878,0.753408369619413,0.000533182425037006,0.811285876294535,0
