"dtxsid","molwt","vapor","solub","kow","decay.air","decay.sur","diffus.air","conc.out"
"DTXSID2021781",278.35,0.00563105934444992,0.0329028177287626,37828.5156908752,0.964426783773199,0.000732475756209837,0.78220118172851,0
"DTXSID3020205",312.37,0.00103420316161089,0.00697284359701685,13340.4406397724,0.846984628661834,0.00117548524945428,0.58832064382397,0
"DTXSID7021360",92.14,4055.44563241064,4.31575488751642,474.852196770821,0.186753206968681,0.000578651616847753,0.765862898905704,0
"DTXSID8020462",106.12,1.05287855317333,8555.52569666768,0.0898419746814225,3.2702815026479,0.00038681181197653,0.583234041518934,0
"DTXSID8020913",128.18,8.25753891340261,0.188554663222537,1334.97582945963,1.09998566720612,0.000490221705514069,0.674460789396279,0
