"dtxsid","molwt","vapor","solub","kow","decay.air","decay.sur","diffus.air","conc.out"
"DTXSID2021781",278.35,0.0023918515569697,0.0418602779906757,34851.249559437,0.988321457361217,0.00120045543481942,0.430740662777414,0
"DTXSID3020205",312.37,0.000555743269035208,0.00579086605008913,10804.1158400532,0.607017801362949,0.000685976126777259,0.496329194739566,0
"DTXSID7021360",92.14,1206.57625203424,4.87347258660692,426.176763201693,0.384695458855695,0.0012070743395764,0.675852077393555,0
"DTXSID8020462",106.12,0.456970807314342,6564.39932256547,0.0584228278779618,3.02597800676514,0.000898067550750485,0.764158263305181,0
"DTXSID8020913",128.18,15.8611840865933,0.171560464409706,2822.65429528056,0.588727580592426,0.00110998900150729,1.02140200055499,0
