"dtxsid","molwt","vapor","solub","kow","decay.air","decay.sur","diffus.air","conc.out"
"DTXSID2021781",278.35,0.00465111037593684,0.0408260020482404,52693.898593938,0.502589701303592,0.000907264340549196,0.617268390952357,0
"DTXSID3020205",312.37,0.00139579847242985,0.00902093914140455,21157.0477280868,0.527837070901148,0.00100337945220904,0.70539941346049,0
"DTXSID7021360",92.14,3847.42174326983,5.22580202664348,288.026321294215,0.167943968089607,0.0011099124665381,0.928896597614529,0
"DTXSID8020462",106.12,1.52826639085196,8387.51899273855,0.0653278708423651,1.53923273313317,0.000676591005351743,1.01478413692772,0
"DTXSID8020913",128.18,8.75309614573616,0.177427469749799,4448.62443845436,0.785305333677046,0.000674742802105018,0.722844038845992,0
