"dtxsid","molwt","vapor","solub","kow","decay.air","decay.sur","diffus.air","conc.out"
"DTXSID2021781",278.35,0.00101457940535372,0.0451508269545742,25733.6228581522,0.545968815805973,0.00109110911790235,0.588448314424971,0
"DTXSID3020205",312.37,0.000527255965080707,0.009636667772957,15991.5240072804,0.988644427900003,0.00162143418537155,0.464063770396031,0
"DTXSID7021360",92.14,4408.49605114303,2.96005107464884,316.028132723539,0.159806377351433,0.000691631566444948,1.34015922737955,0
"DTXSID8020462",106.12,0.316977108844195,12289.3785939181,0.192464347655199,9.31703290857268,0.00074745586286467,0.894261385681237,0
"DTXSID8020913",128.18,6.06976052570783,0.137210664514321,4721.61336983961,1.03424547729287,0.000887831668360499,0.552327913345882,0
