"dtxsid","molwt","vapor","solub","kow","decay.air","decay.sur","diffus.air","conc.out"
"DTXSID2021781",278.35,0.00353537179492222,0.0348062552519074,44194.8954611206,0.66899007649252,0.000649641265243083,0.357153889454389,0
"DTXSID3020205",312.37,0.000575209700811924,0.0068981427843038,19096.5547746371,0.510506004397182,0.00172691373903138,0.591033031415701,0
"DTXSID7021360",92.14,1188.60708834452,4.79629130221486,237.790095764402,0.59450089653823,0.0012066610833762,0.497364053082306,0
"DTXSID8020462",106.12,0.193489989849996,6445.87517243402,0.0790678045015043,1.48704101124536,0.000701287009791104,0.886658128935255,0
"DTXSID8020913",128.18,9.42939099938409,0.155229612425733,1460.86547131574,2.40083898415566,0.000420349638029361,0.466854058256747,0
