"dtxsid","molwt","vapor","solub","kow","decay.air","decay.sur","diffus.air","conc.out"
"DTXSID2021781",278.35,0.00467851503138891,0.0255777769330993,25100.1354472922,0.384044024820958,0.00130678264762724,0.357461844013725,0
"DTXSID3020205",312.37,0.000323442810070378,0.0188847004399721,18466.8294523325,0.357977854506323,0.0010672822895831,0.598568643441764,0
"DTXSID7021360",92.14,1540.02339476784,4.76158576471464,428.077830865881,0.227792926564615,0.00088560420589299,1.13348134560425,0
"DTXSID8020462",106.12,1.02326564234182,7102.09986605808,0.0654973293948531,2.69885917404516,0.00150558676668286,0.80691868355086,0
"DTXSID8020913",128.18,9.54407398604214,0.189700277877884,2167.9030144011,2.10422445064796,0.00141943948817194,0.931200383157904,0
