"dtxsid","molwt","vapor","solub","kow","decay.air","decay.sur","diffus.air","conc.out"
"DTXSID2021781",278.35,0.00524778358481969,0.0456013329479292,51838.3443496016,0.422753429951658,0.00157727796779842,0.41113168117008,0
"DTXSID3020205",312.37,0.00030628874920969,0.00699191621510701,29294.1721764375,0.720533043880394,0.000742334586805265,0.549686683649801,0
"DTXSID7021360",92.14,2310.62722044263,5.06798383837863,541.929342742114,0.280415375409251,0.00110002876578323,1.076938781514,0
"DTXSID8020462",106.12,1.29101311443673,8466.67829399525,0.124474250244956,1.16195969101155,0.000638656197804114,0.673881005666543,0
"DTXSID8020913",128.18,26.1966592276659,0.0988076410152836,3221.39742400945,1.99923292898439,0.00165713486320769,1.0065426916754,0
