"dtxsid","molwt","vapor","solub","kow","decay.air","decay.sur","diffus.air","conc.out"
"DTXSID2021781",278.35,0.00118719030281012,0.0442742343060269,23336.5682918004,0.405479098417383,0.00114960885335976,0.491504246684811,0
"DTXSID3020205",312.37,0.000414579957995256,0.010843868845169,12929.2459224372,0.44540808913111,0.00129081719572434,0.308612560677046,0
"DTXSID7021360",92.14,984.077547153697,7.07288855741621,204.402276884198,0.581220916941661,0.00148793756004469,0.691376086012675,0
"DTXSID8020462",106.12,0.515691808372681,5936.99590220769,0.0614330420029715,3.03061468023405,0.000747496869395156,1.08632139797763,0
"DTXSID8020913",128.18,2.17278773853732,0.12907580125807,1552.65840786116,1.52600774983383,0.000602581698404174,0.957170872113188,0
