"dtxsid","molwt","vapor","solub","kow","decay.air","decay.sur","diffus.air","conc.out"
"DTXSID2021781",278.35,0.00325697192151319,0.0553889597513022,17511.0259793958,0.410118667415326,0.000983794271860381,0.517211305507339,0
"DTXSID3020205",312.37,0.000621852989107715,0.00748462451564506,32409.9635002413,1.15652985936498,0.000612034193336458,0.93482738465404,0
"DTXSID7021360",92.14,3696.99483395132,3.67984775734896,500.32768124794,0.297090417511007,0.00130130048612324,0.919728839712285,0
"DTXSID8020462",106.12,0.999514762842805,9835.5763920175,0.0604001005189802,1.72757952565366,0.000624437051739459,0.622229888900245,0
"DTXSID8020913",128.18,11.7831746002706,0.173022810087366,1144.1950544973,1.86741870638091,0.000922421427299702,0.723096732790172,0
