"dtxsid","molwt","vapor","solub","kow","decay.air","decay.sur","diffus.air","conc.out"
"DTXSID2021781",278.35,0.00106266133960031,0.02926237304554,33668.2174481748,1.66878810099223,0.0013821137834439,0.634393698111728,0
"DTXSID3020205",312.37,0.000746249191948585,0.0136132515268644,14726.3669264021,0.817731458093601,0.00103935550972274,0.524458586781599,0
"DTXSID7021360",92.14,2522.83226321096,3.52592775613767,279.713878967849,0.298033907411912,0.000998855737920876,0.85294620423214,0
"DTXSID8020462",106.12,3.32929151710619,6306.02283097613,0.117719031386158,1.36132778594789,0.00132633823217763,0.986396327828555,0
"DTXSID8020913",128.18,2.55611676726935,0.197883611239779,2285.84340274264,1.17042087253944,0.00126339563748127,0.633460512247938,0
