"dtxsid","molwt","vapor","solub","kow","decay.air","decay.sur","diffus.air","conc.out"
"DTXSID2021781",278.35,0.00373610178259122,0.0382066301346261,35655.6787326494,0.426067044702405,0.000861564853992314,0.572736711891141,0
"DTXSID3020205",312.37,0.000593620598157156,0.0121237596743666,52030.8372530525,1.01835197760376,0.000917017355048613,0.58995269105464,0
"DTXSID7021360",92.14,1269.57157283153,6.73931085519677,360.743655552627,0.401991604447968,0.000974113951431715,0.845342565293634,0
"DTXSID8020462",106.12,0.202360740842392,5496.4836905428,0.0865491609050944,1.13101170277729,0.000860157390033814,0.85037490224898,0
"DTXSID8020913",128.18,9.47669245806386,0.109477560364774,4424.13814266458,2.03266006487531,0.00103852925405259,0.74602220021297,0
