"dtxsid","molwt","vapor","solub","kow","decay.air","decay.sur","diffus.air","conc.out"
"DTXSID2021781",278.35,0.00131703070558664,0.0329915912021364,43332.8469737466,0.529068321999965,0.00127970007226021,0.586738766062847,0
"DTXSID3020205",312.37,0.000221080274594211,0.010303641806612,17740.2157177355,0.376899433197946,0.00106612545381233,0.407902873577279,0
"DTXSID7021360",92.14,1635.39217948791,4.58515974657238,838.815123920415,0.256866036805557,0.000899526916775497,1.16004329449487,0
"DTXSID8020462",106.12,0.402994660345828,7347.64165293303,0.0494408020081326,2.81186818804019,0.00139454404236743,0.766447814436982,0
"DTXSID8020913",128.18,5.09051691452622,0.115208245108931,2899.22844775665,2.46294787142765,0.000511346090706933,0.765431449387144,0
