"dtxsid","molwt","vapor","solub","kow","decay.air","decay.sur","diffus.air","conc.out"
"DTXSID2021781",278.35,0.00348692077679557,0.0436479457854871,22750.6010073024,0.411605450847972,0.000650409881734404,0.552865150793519,0
"DTXSID3020205",312.37,0.000278352183485078,0.0115756702983859,15037.4379456188,0.401961048689962,0.00215061666921952,0.650013342474811,0
"DTXSID7021360",92.14,4028.82662912169,6.65357798380217,315.952222371697,0.244103829305789,0.00139996137106347,0.507494142516146,0
"DTXSID8020462",106.12,0.498579927566867,10113.9305696867,0.0707171330567433,1.52228753554005,0.00126195528860471,0.69238987781484,0
"DTXSID8020913",128.18,13.3203609552299,0.212240794606155,2093.27598310235,1.16273631723362,0.00122750082978415,0.819980377133969,0
