"dtxsid","molwt","vapor","solub","kow","decay.air","decay.sur","diffus.air","conc.out"
"DTXSID2021781",278.35,0.0055189551510119,0.0332782528960416,24083.3785240247,0.751278527720944,0.00143867777823214,0.72822079251787,0
"DTXSID3020205",312.37,0.000226573845802797,0.00964712366009112,12202.8571839925,0.911817812771958,0.000951606856855259,0.541078366816049,0
"DTXSID7021360",92.14,13045.4799573953,5.43936248078267,844.329198599418,0.254244224974515,0.000576937857681767,1.13503852365092,0
"DTXSID8020462",106.12,0.519651915537032,8082.2806970752,0.119273512061893,2.13320366784937,0.00129372542088885,0.83030736067783,0
"DTXSID8020913",128.18,3.99883558397566,0.162387029651747,2847.63686798581,0.596516646053061,0.00138045871087555,0.626920464580389,0
