"dtxsid","molwt","vapor","solub","kow","decay.air","decay.sur","diffus.air","conc.out"
"DTXSID2021781",278.35,0.00309680192849817,0.0217027854708033,20842.4845020477,0.415688066328711,0.00148771152992948,0.533580387654036,0
"DTXSID3020205",312.37,0.000534139901018423,0.010845507237503,13987.2887671929,0.664865759151948,0.00130825316058045,0.463192326902062,0
"DTXSID7021360",92.14,7316.54866118931,2.62454413203406,297.55722926465,0.534759934096544,0.00117694316034898,0.972456705873354,0
"DTXSID8020462",106.12,1.66231386688272,8514.53822005949,0.125260147864589,2.63085940247907,0.000699579912080292,0.825578189367086,0
"DTXSID8020913",128.18,5.48717466919919,0.19550292845705,3826.76164647976,0.892212583827531,0.000727759384158055,0.453759447963979,0
