"dtxsid","molwt","vapor","solub","kow","decay.air","decay.sur","diffus.air","conc.out"
"DTXSID2021781",278.35,0.00320699012741027,0.0290976595820718,38255.0518504942,0.610427016650268,0.000975098906031889,0.475099011580066,0
"DTXSID3020205",312.37,0.00138952162290765,0.00851102014529383,30255.0745213973,0.657256605890648,0.00146129122727847,0.641193518820834,0
"DTXSID7021360",92.14,4585.70628093707,5.93317436361457,640.196524105968,0.317839519297439,0.00114321160830062,0.60305256777479,0
"DTXSID8020462",106.12,0.353874332160367,10655.2925899644,0.0345552057396692,1.08436370294899,0.000804368360084009,0.673388819461317,0
"DTXSID8020913",128.18,14.7796902736485,0.0820063541533354,1606.40945100727,1.11739583931416,0.000594436206816155,0.999244013306047,0
