"dtxsid","molwt","vapor","solub","kow","decay.air","decay.sur","diffus.air","conc.out"
"DTXSID2021781",278.35,0.000415747467042814,0.0735099468240757,31047.3967250428,0.461433651581694,0.00105428257036546,0.618789948022714,0
"DTXSID3020205",312.37,0.000739361186114323,0.00955995871045695,35764.6593792229,1.08535930395485,0.000806456127598318,0.626933006323093,0
"DTXSID7021360",92.14,2890.92518056957,3.31906795712477,357.572377157583,0.28968990748254,0.000500464454748212,0.59223039534435,0
"DTXSID8020462",106.12,0.325728772010131,10388.0320368361,0.122517947229625,2.34159152749047,0.00149201227153644,0.610629439708598,0
"DTXSID8020913",128.18,28.2781266717873,0.133504876608081,1860.59258437149,0.764330304938281,0.000889560211365793,0.627195712264317,0
