"dtxsid","molwt","vapor","solub","kow","decay.air","decay.sur","diffus.air","conc.out"
"DTXSID2021781",278.35,0.00111799597305045,0.0229476290613345,49313.5300134685,1.00854604320541,0.00202459495258571,0.861720805504002,0
"DTXSID3020205",312.37,0.000289014997012852,0.00630293988276157,19950.2382213334,1.21411558151215,0.000883419927542446,0.510180853047718,0
"DTXSID7021360",92.14,9694.4128031257,3.95035532701024,247.828164965499,0.338363096765229,0.00140825452731366,0.989906349310428,0
"DTXSID8020462",106.12,0.232455978507625,10467.3395763973,0.13964708229829,0.881100892064915,0.000910998946693281,0.662109097515884,0
"DTXSID8020913",128.18,15.1707535232129,0.0929429911687212,2413.65160255553,1.38813939260418,0.00080274681427231,1.12126025463953,0
