"dtxsid","molwt","vapor","solub","kow","decay.air","decay.sur","diffus.air","conc.out"
"DTXSID2021781",278.35,0.00421737914080795,0.034789299666257,21820.6682492957,0.299526967049629,0.00126576664247155,0.624050415532794,0
"DTXSID3020205",312.37,0.00103048163147158,0.00841558014465468,22421.9638567513,1.46291547471294,0.000715045505665535,0.40379242087867,0
"DTXSID7021360",92.14,1643.20682505777,3.00142912154436,170.412976335248,0.349134242147102,0.00122081277766112,1.21408249966088,0
"DTXSID8020462",106.12,0.572294351251665,7762.5931046742,0.0601464235866154,2.24454008763467,0.00217841395834595,0.733675821416763,0
"DTXSID8020913",128.18,11.7441800902562,0.10863194000345,2733.77655055784,0.786942202591642,0.00228166754401004,0.806579579454086,0
