"dtxsid","molwt","vapor","solub","kow","decay.air","decay.sur","diffus.air","conc.out"
"DTXSID2021781",278.35,0.00290245927510898,0.0282782574122712,37199.3152975991,0.965511739765233,0.00313845013014257,0.756796294081232,0
"DTXSID3020205",312.37,0.00115210244458506,0.00846449806648119,18876.1438268863,0.529294640774172,0.00127109236058236,0.702781198673658,0
"DTXSID7021360",92.14,4877.7934512777,3.92949208121492,295.982206164846,0.524016757144078,0.000948642833275176,0.79457109489738,0
"DTXSID8020462",106.12,0.382510405774318,6785.52867567823,0.102800234414152,1.04060816056208,0.00175157518401805,0.73521911670123,0
"DTXSID8020913",128.18,2.95469759591839,0.111511113567999,2332.69024517426,1.56162539067413,0.00149657579774302,0.525855279052654,0
