"dtxsid","molwt","vapor","solub","kow","decay.air","decay.sur","diffus.air","conc.out"
"DTXSID2021781",278.35,0.0015285555911938,0.0407360741407918,59669.2577250281,0.587576676333713,0.000806269060515946,0.580883091421883,0
"DTXSID3020205",312.37,0.000738494445953217,0.0158219937364599,14389.9562534624,1.15409513134571,0.000419108135458792,0.635763790404062,0
"DTXSID7021360",92.14,1553.28732937743,6.18482293105392,395.525502112388,0.529598483998023,0.00128886465166534,0.525844530614488,0
"DTXSID8020462",106.12,1.02017369112659,9158.90140471593,0.0643651722994132,1.48893078924014,0.000456603641425007,0.643638149518795,0
"DTXSID8020913",128.18,4.26048937015368,0.149142500624649,2442.86067247477,0.92858472142248,0.000755435524488133,1.15231945272444,0
