"dtxsid","molwt","vapor","solub","kow","decay.air","decay.sur","diffus.air","conc.out"
"DTXSID2021781",278.35,0.0021045305466318,0.0340332999674343,46713.1840466211,0.504854354056567,0.00054368872305127,0.524048200521371,0
"DTXSID3020205",312.37,0.00115911748174303,0.0116744249683177,28453.7502335197,1.66233570790126,0.00118054592091366,0.581946819429258,0
"DTXSID7021360",92.14,5078.38536338185,2.97259341454735,554.480927907164,0.222094709815715,0.000761953330673109,0.72854205395157,0
"DTXSID8020462",106.12,0.585086229195773,15753.8259918557,0.0875646940357089,0.935808961204846,0.00122170915361902,0.796629311069149,0
"DTXSID8020913",128.18,5.11206362411212,0.118140571000065,2444.81705138888,0.902644957051248,0.0012974527927652,0.766551667096418,0
