"dtxsid","molwt","vapor","solub","kow","decay.air","decay.sur","diffus.air","conc.out"
"DTXSID2021781",278.35,0.00619777868085269,0.0302763643044065,28796.8978002098,0.690189431914249,0.000634295362872696,0.735602556260441,0
"DTXSID3020205",312.37,0.000766437148396578,0.0122950266527557,26047.6513971523,1.3151338906126,0.0019327097714897,0.422396332004024,0
"DTXSID7021360",92.14,1696.02138863344,3.90513189075673,216.344706173112,0.30533878100427,0.00134050514598998,0.747842555290403,0
"DTXSID8020462",106.12,0.203217919957176,10325.2237534467,0.0560891792897407,1.8096823786861,0.00088889073213882,0.884971528513356,0
"DTXSID8020913",128.18,8.75596172521425,0.117940101166421,2355.71556066686,1.90473009610644,0.000762130616768764,0.915546045652196,0
