"dtxsid","molwt","vapor","solub","kow","decay.air","decay.sur","diffus.air","conc.out"
"DTXSID2021781",278.35,0.0122027778650049,0.0415202007883128,23476.6933206479,0.447333585070078,0.00142714979623999,0.813539148917555,0
"DTXSID3020205",312.37,0.00140613578472541,0.0084251357254419,9230.34362739208,0.670095696777266,0.000690874959199721,0.471256833338919,0
"DTXSID7021360",92.14,3830.33345274777,3.39365949315204,603.222039858791,0.698025157869819,0.0010543495485085,0.918101794122136,0
"DTXSID8020462",106.12,0.862411205527763,7965.00804472504,0.106190009062716,2.04264344829519,0.000515364744621157,0.505111214423087,0
"DTXSID8020913",128.18,5.33225383442903,0.119988123975748,2449.12308122669,0.695198210255425,0.00126013660119656,0.780024472126555,0
