"dtxsid","molwt","vapor","solub","kow","decay.air","decay.sur","diffus.air","conc.out"
"DTXSID2021781",278.35,0.00424802734285989,0.0417314614457414,25564.1493200329,0.606947613712901,0.00104926418149286,0.555905132429464,0
"DTXSID3020205",312.37,0.00163649164841023,0.00629082463379067,23933.4808154543,0.973942805351197,0.00127123176056339,0.492491764249819,0
"DTXSID7021360",92.14,4149.56876070278,6.51907839895094,175.059754620738,0.175330008372057,0.0016769608012589,1.05292142292842,0
"DTXSID8020462",106.12,2.65497289091258,6982.63546934148,0.122944942704121,2.54752595120024,0.00104848949547003,0.898673416204717,0
"DTXSID8020913",128.18,11.1312309173372,0.106075377142701,1682.59031697003,4.59239712643263,0.00124904524454001,0.45095522418858,0
