"dtxsid","molwt","vapor","solub","kow","decay.air","decay.sur","diffus.air","conc.out"
"DTXSID2021781",278.35,0.00834512188021569,0.0293060977424026,25143.882544135,0.231014749517368,0.000864842538223052,0.679297939408369,0
"DTXSID3020205",312.37,0.000451791472174617,0.00780918709761336,25237.9789783517,0.791397912624982,0.000772622626413347,0.603385484113914,0
"DTXSID7021360",92.14,3568.1195297115,5.95196795738293,623.697968501683,0.268157915669641,0.00311229185516906,0.77397002022617,0
"DTXSID8020462",106.12,0.224199092368,8591.26682956956,0.0627005199076909,1.92221710129431,0.000952149353001443,0.931376443751779,0
"DTXSID8020913",128.18,1.78204555239426,0.155301943444073,2842.3059548353,1.5964676749545,0.000697340824719072,1.05860514815859,0
