"dtxsid","molwt","vapor","solub","kow","decay.air","decay.sur","diffus.air","conc.out"
"DTXSID2021781",278.35,0.00271227046544567,0.0508381334437654,38382.6643169665,0.456967922602578,0.000688982516996407,0.313533873412362,0
"DTXSID3020205",312.37,0.00257135963059799,0.0110149272099953,16384.5879487145,0.661783890825268,0.00133510843908102,0.657087024596357,0
"DTXSID7021360",92.14,3463.37064894006,4.98808768704275,722.916098821531,0.440271978882101,0.000850627038388963,0.935578538809394,0
"DTXSID8020462",106.12,0.401321485900579,7638.49086623651,0.0887445184805388,3.16595648198962,0.00240833161052281,0.769229288534172,0
"DTXSID8020913",128.18,12.6678757802144,0.124185314124434,1678.74054078754,0.80994573837703,0.00110809544888569,0.642638135260278,0
