"dtxsid","molwt","vapor","solub","kow","decay.air","decay.sur","diffus.air","conc.out"
"DTXSID2021781",278.35,0.00215337978269694,0.0392642266225164,36912.298253344,0.678497960523693,0.000624778962982105,0.402075104715154,0
"DTXSID3020205",312.37,0.000556400721877919,0.00723579915205457,27351.8060729091,0.619940354809362,0.00114173122890216,0.487124693427553,0
"DTXSID7021360",92.14,4225.7259010118,6.77608102621564,682.895284189351,0.298379037110835,0.000637290163482501,1.00935144461028,0
"DTXSID8020462",106.12,1.73123499888498,7147.84398355827,0.0599220136607905,1.71119062170906,0.00153094499888893,0.480737864387485,0
"DTXSID8020913",128.18,3.22643960781075,0.100010540379531,2004.26161609569,1.10087924826189,0.00101827622984293,0.744959727773021,0
