"dtxsid","molwt","vapor","solub","kow","decay.air","decay.sur","diffus.air","conc.out"
"DTXSID2021781",278.35,0.00960207078097734,0.0586645251667411,40626.3323766208,0.808200669561778,0.00178074195536178,0.709817084610108,0
"DTXSID3020205",312.37,0.000344669801296927,0.00993259075074527,18761.9041222692,0.378863608192046,0.0010964470732184,0.586420137812276,0
"DTXSID7021360",92.14,3140.81289313072,4.41145906120231,254.831019902483,0.398305883122929,0.000767478742375739,0.886060307496793,0
"DTXSID8020462",106.12,1.40580745732643,10862.5004640103,0.0394169016108834,1.43775654102581,0.000660717047873283,0.745152088403488,0
"DTXSID8020913",128.18,3.36653979777646,0.165123883192944,3002.35619406102,1.72814964814495,0.000302669806813379,0.716365725704113,0
