"dtxsid","molwt","vapor","solub","kow","decay.air","decay.sur","diffus.air","conc.out"
"DTXSID2021781",278.35,0.000750520265036522,0.0527925988284819,23182.6400442194,0.939065348168226,0.00218964467585931,0.445008278504035,0
"DTXSID3020205",312.37,0.000853015897197921,0.00896484729973928,18285.5370239515,0.536590333649954,0.00173604414303581,0.790116607299866,0
"DTXSID7021360",92.14,8109.31608238645,6.06642353868763,447.533147898407,0.837167486322093,0.00153020420883497,0.688341454018769,0
"DTXSID8020462",106.12,0.927868147572346,3596.33513474267,0.0963759404228245,2.19585737196856,0.00124465577779682,1.17105892875171,0
"DTXSID8020913",128.18,14.5812902181388,0.134590798505875,3526.08186961541,1.19913199732933,0.000368614955477234,0.7625160277251,0
