"dtxsid","molwt","vapor","solub","kow","decay.air","decay.sur","diffus.air","conc.out"
"DTXSID2021781",278.35,0.00305887474841949,0.0530158707557094,52351.0829882032,0.426536461040101,0.000756772202531657,0.451688669859072,0
"DTXSID3020205",312.37,0.000721700221380828,0.0094819572875538,44770.4871932905,0.739425115836065,0.00192635926585548,0.431748442712629,0
"DTXSID7021360",92.14,1870.1977742011,3.48689580975129,218.360055926672,0.346207058391828,0.00116678457764536,1.01199390866304,0
"DTXSID8020462",106.12,0.640147715305468,6495.71065960374,0.0555562030399443,1.55371717188544,0.000889003400167439,0.948720502095359,0
"DTXSID8020913",128.18,2.23484056056928,0.182747121598224,1799.94629087943,0.922092082784213,0.00112945877172581,0.900713253057644,0
