"dtxsid","molwt","vapor","solub","kow","decay.air","decay.sur","diffus.air","conc.out"
"DTXSID2021781",278.35,0.00156037686985544,0.0286546647523962,25393.4843673113,0.49048963148628,0.00122169990501542,0.681196365255963,0
"DTXSID3020205",312.37,0.000271627243748922,0.0112822192948867,19307.2386552092,0.953707380033368,0.0005272785452249,0.853101751167937,0
"DTXSID7021360",92.14,7635.5818052467,3.55487319556049,463.246984285943,0.285450972148585,0.00092632983352679,1.26186969420248,0
"DTXSID8020462",106.12,1.84551791015276,9431.60832901415,0.0886887805954073,1.97501029870363,0.00112548829486813,0.563764727935923,0
"DTXSID8020913",128.18,10.2603919790252,0.105194533706553,3064.52099978838,3.31669243832215,0.00442463871884691,0.502852463347439,0
