"dtxsid","molwt","vapor","solub","kow","decay.air","decay.sur","diffus.air","conc.out"
"DTXSID2021781",278.35,0.00423614709002317,0.0414314478329835,21277.5049412253,0.624201009445883,0.00195174008589521,0.532237333632327,0
"DTXSID3020205",312.37,0.000549114162596607,0.00722494966531947,15777.7694735683,0.62601900921993,0.000675659517465299,0.59930210771375,0
"DTXSID7021360",92.14,2601.79335298632,5.64622834690554,362.376678491662,0.263391629170649,0.000886452692419749,0.624697272879038,0
"DTXSID8020462",106.12,0.459601836413496,6943.96689710623,0.0916450257592308,1.20482081558362,0.00130536779722561,0.723190596169502,0
"DTXSID8020913",128.18,4.15447769820675,0.200187111785701,2977.54862180348,2.4836545036472,0.00183334554026881,0.8667513136878,0
