"dtxsid","molwt","vapor","solub","kow","decay.air","decay.sur","diffus.air","conc.out"
"DTXSID2021781",278.35,0.00246279562524682,0.0309995670103908,25743.0221391688,0.939954112942641,0.00217728466074981,0.470056697943514,0
"DTXSID3020205",312.37,0.000500884363660315,0.0126634771222134,21088.6419941947,0.599038997817517,0.000883125522503337,0.466144100859389,0
"DTXSID7021360",92.14,10685.5915315948,3.27504117267899,559.137370041304,0.640429590187068,0.00138039739867631,1.20330467069609,0
"DTXSID8020462",106.12,0.190983351437193,8637.98344549147,0.0915045340920319,1.07523080302212,0.0014243377155544,1.24859685163859,0
"DTXSID8020913",128.18,8.63079531424546,0.181413869486789,3574.20670114557,1.61061008388544,0.000824096572451455,0.794964960709792,0
