"dtxsid","molwt","vapor","solub","kow","decay.air","decay.sur","diffus.air","conc.out"
"DTXSID2021781",278.35,0.00384567191511646,0.0408767663162099,18966.519158246,0.308244884160851,0.00100639281592906,0.501465866641842,0
"DTXSID3020205",312.37,0.00087471362705602,0.0114919147897727,15378.9230516581,0.593343436981573,0.000762789274543012,0.407932002247467,0
"DTXSID7021360",92.14,4303.35651319884,3.73508257320516,369.902570380094,0.171184245894532,0.00321461617364075,1.12909721312554,0
"DTXSID8020462",106.12,1.4426605519789,11198.9761832188,0.123428910136518,0.95978416940014,0.000533644133817918,0.884800103610456,0
"DTXSID8020913",128.18,13.7217371425591,0.125864755742683,6605.16183391994,1.82115471020782,0.000749301319334494,0.888531856270886,0
