"dtxsid","molwt","vapor","solub","kow","decay.air","decay.sur","diffus.air","conc.out"
"DTXSID2021781",278.35,0.0015554786276549,0.0558665435655207,79269.9453478841,0.737070120256031,0.0011181342288165,0.646230420698437,0
"DTXSID3020205",312.37,0.00062678618478681,0.00783263119948429,16515.1436220919,0.738960633304723,0.000631348754543488,0.491528710230025,0
"DTXSID7021360",92.14,1577.30087032648,4.58034906065945,469.520430252718,0.19328355620672,0.00116680149932521,0.77489280585174,0
"DTXSID8020462",106.12,0.862726476853407,5843.29662736689,0.132092456685728,1.95483586566491,0.000616524010749588,0.497422927967766,0
"DTXSID8020913",128.18,4.32057194163413,0.128473816940748,1669.47089075262,0.606274671844373,0.000821531543120542,0.815271590740605,0
