"dtxsid","molwt","vapor","solub","kow","decay.air","decay.sur","diffus.air","conc.out"
"DTXSID2021781",278.35,0.00122187831817732,0.0357788235375234,24982.5187405203,0.5663500408677,0.00167378053462777,0.575631701621799,0
"DTXSID3020205",312.37,0.00210245645396856,0.00790948658637142,31938.1690056643,1.38752189757534,0.000878364961340288,0.460396467540392,0
"DTXSID7021360",92.14,6364.8853603924,3.25319166935489,409.367041088133,0.369163565840868,0.00156696840332376,1.51840000520189,0
"DTXSID8020462",106.12,1.23107430494363,11512.6402644159,0.0456051595687338,5.01694690961957,0.000891098762267973,0.896066251630959,0
"DTXSID8020913",128.18,10.2494874061002,0.162814029361805,2790.37388171836,1.45844580141932,0.00160878873499977,0.675597809520972,0
