"dtxsid","molwt","vapor","solub","kow","decay.air","decay.sur","diffus.air","conc.out"
"DTXSID2021781",278.35,0.00297832450610586,0.028189610775725,39851.4931401207,0.552116432573171,0.00162584951286698,0.574863554390251,0
"DTXSID3020205",312.37,0.000665916408602946,0.00794807624330256,35332.0397850305,0.724729763721502,0.000601465468522013,0.420496514545429,0
"DTXSID7021360",92.14,1371.11547041792,4.75286541595945,254.481197790009,0.322008757190212,0.000832165048191016,0.736937134700405,0
"DTXSID8020462",106.12,0.476627575515292,11781.9819639079,0.0807886137519156,1.61232564500861,0.00127845619657321,1.14571045650227,0
"DTXSID8020913",128.18,13.7700369853706,0.114578484738995,2888.40533519167,0.897927256297858,0.00119563900784677,0.855422073231107,0
