"dtxsid","molwt","vapor","solub","kow","decay.air","decay.sur","diffus.air","conc.out"
"DTXSID2021781",278.35,0.00195100910924938,0.0302714166742992,29631.8335276575,0.652983686818375,0.000475117725863591,0.659957618891187,0
"DTXSID3020205",312.37,0.000467219596596991,0.00977395223390313,12407.7355380732,0.637795481337749,0.00143502015190784,0.439460987150797,0
"DTXSID7021360",92.14,5079.04763750372,5.71010837918246,575.237337052301,0.550235254775727,0.0011008903653391,0.549979841300257,0
"DTXSID8020462",106.12,1.97058867214724,8066.21288081348,0.0713267234177602,1.24491996993626,0.000790743980811313,0.81714262124392,0
"DTXSID8020913",128.18,5.47023593429121,0.166740887555423,1229.18026651856,1.481866009255,0.00120621610777805,1.09593277721998,0
