"dtxsid","molwt","vapor","solub","kow","decay.air","decay.sur","diffus.air","conc.out"
"DTXSID2021781",278.35,0.00347831558041878,0.024609676008718,12803.6636341007,0.468938689520478,0.00144290658291116,0.722058798209505,0
"DTXSID3020205",312.37,0.00152295618734254,0.0101066654073326,40354.5087516864,0.419601261787352,0.00114889149885328,0.508835712744964,0
"DTXSID7021360",92.14,3947.33728134397,3.39256427400301,691.463311713223,0.388046142369596,0.000951129834342315,0.829369691871864,0
"DTXSID8020462",106.12,0.214942256143419,5556.46564267198,0.114887877096988,3.1284312062608,0.000745802212331324,0.547876384057433,0
"DTXSID8020913",128.18,12.6883303470715,0.150199729502367,3066.3516110087,1.11654355642172,0.00115537876346,0.814776526092529,0
