"dtxsid","molwt","vapor","solub","kow","decay.air","decay.sur","diffus.air","conc.out"
"DTXSID2021781",278.35,0.00339058544926472,0.0336600330501513,45020.6076771991,0.561678382515589,0.00123652904353276,0.897597971334918,0
"DTXSID3020205",312.37,0.00283480871458783,0.00901004937905565,18619.4092350512,0.638784069994418,0.000895291673692629,0.389932402396105,0
"DTXSID7021360",92.14,2240.94670504765,3.98754093385952,185.4932136265,0.289226295499237,0.000573717302719334,0.683552399024913,0
"DTXSID8020462",106.12,1.40005366210811,7832.25059341194,0.0749269675357352,3.10951912106411,0.00107364779151051,0.731883686600799,0
"DTXSID8020913",128.18,3.74169205749135,0.124267520644825,1111.04232424264,1.78259824665419,0.000665608781374499,0.655826847033432,0
