"dtxsid","molwt","vapor","solub","kow","decay.air","decay.sur","diffus.air","conc.out"
"DTXSID2021781",278.35,0.00317616466866452,0.0448388001086649,30079.9860801718,0.555556950411327,0.000466344056913171,0.518063082572176,0
"DTXSID3020205",312.37,0.000481790030058785,0.00708239971617034,24284.9550590985,1.3052839259496,0.000601607683351127,0.596876485884955,0
"DTXSID7021360",92.14,365.055928283589,5.52554445882802,684.858346790905,0.780987053548043,0.000690126138996516,0.981183448755953,0
"DTXSID8020462",106.12,1.80824119325328,8575.04971977335,0.0706885571990487,1.46049643542087,0.00100938628805995,1.37707237674737,0
"DTXSID8020913",128.18,7.54945186594433,0.114299231242511,2568.19874562826,1.08869837834686,0.00060304072415232,0.736889225123189,0
