"dtxsid","molwt","vapor","solub","kow","decay.air","decay.sur","diffus.air","conc.out"
"DTXSID2021781",278.35,0.00602673017107155,0.0272838187950054,28912.4424510936,0.842441757333426,0.000834647017863965,0.542889883471309,0
"DTXSID3020205",312.37,0.000439840013468199,0.0103276665190068,9318.15865647574,0.875396810009358,0.0013756499610726,0.526287537067478,0
"DTXSID7021360",92.14,8183.4659139661,3.30055878279934,481.839852632697,0.366282305569414,0.000751550445579143,0.925273101559535,0
"DTXSID8020462",106.12,0.697699249738147,9570.40956745001,0.0587432692916989,1.28768866093006,0.00116645410717688,0.880430702636435,0
"DTXSID8020913",128.18,2.25299799437024,0.113934643783892,3456.80261376701,2.42406444934744,0.0021614218994739,0.794694378190666,0
