"dtxsid","molwt","vapor","solub","kow","decay.air","decay.sur","diffus.air","conc.out"
"DTXSID2021781",278.35,0.002794879096585,0.0364897273142356,27230.1319969724,0.519201639842935,0.00112251144367021,0.709456669407846,0
"DTXSID3020205",312.37,0.000911202250948768,0.0102221890466232,47384.2656252473,0.429816346299444,0.0013346146281069,0.461630439390262,0
"DTXSID7021360",92.14,1034.71912233399,5.83783609251449,464.0751347958,0.628104159529969,0.00172770594704395,1.09854129357179,0
"DTXSID8020462",106.12,0.620509601364726,11453.3618378568,0.0652996088750955,2.47186166021561,0.000620668351556723,0.704617546855628,0
"DTXSID8020913",128.18,10.9149590050975,0.101044357465735,4212.28116249976,1.40370069813487,0.000814275895836921,0.976876622451039,0
