"dtxsid","molwt","vapor","solub","kow","decay.air","decay.sur","diffus.air","conc.out"
"DTXSID2021781",278.35,0.000869222706306161,0.0355139269588167,46729.1139579621,0.788641801337688,0.000540830270889083,0.592948033421449,0
"DTXSID3020205",312.37,0.00120033529950074,0.0172743013443462,23090.725851023,0.467405209154702,0.00130495945579477,0.771594902678171,0
"DTXSID7021360",92.14,3557.5146958451,4.89309311242223,380.720764744865,0.456606352108739,0.000924959180289703,0.667131647022666,0
"DTXSID8020462",106.12,0.668722120614933,4325.25308812503,0.0635902916599739,1.45187530114819,0.000676478948802084,0.784038134180037,0
"DTXSID8020913",128.18,3.93690471573943,0.152149463511195,1283.26410421249,1.83545424575872,0.00206993325314937,0.949877552977775,0
