"dtxsid","molwt","vapor","solub","kow","decay.air","decay.sur","diffus.air","conc.out"
"DTXSID2021781",278.35,0.00256032562367993,0.0378760604940678,31588.0605774271,0.572802407591004,0.00101312916224958,0.404480808661247,0
"DTXSID3020205",312.37,0.000670777171724931,0.00881336708517494,23742.8834962289,0.344612372395646,0.000738267230543008,0.463083081611831,0
"DTXSID7021360",92.14,901.181281116472,2.75760927482997,585.880286511954,0.235404603433968,0.0018871987257575,1.07459944495122,0
"DTXSID8020462",106.12,0.474521886430989,7458.3955615947,0.103441991459468,3.85505018604863,0.000926162228565889,0.46262947728876,0
"DTXSID8020913",128.18,11.029765841346,0.0722565392459732,3775.40958668648,0.649228875545011,0.00114682746116051,1.36253750192514,0
