"dtxsid","molwt","vapor","solub","kow","decay.air","decay.sur","diffus.air","conc.out"
"DTXSID2021781",278.35,0.00687097739855689,0.0574882776622978,19212.9843214318,0.289156271438004,0.000818188609652546,0.495542931970172,0
"DTXSID3020205",312.37,0.000615307148033403,0.00857147999380925,18583.2976122123,0.918959347448269,0.00132628856045222,0.307124093372843,0
"DTXSID7021360",92.14,3860.3353133051,4.97343386479872,523.365155930746,0.538308813673413,0.000714471552366055,0.645750240833988,0
"DTXSID8020462",106.12,0.541969684803435,8922.92013077789,0.127186131238089,2.40240924860497,0.000994430071992138,0.993171713252619,0
"DTXSID8020913",128.18,6.63448708804512,0.198526600428077,1594.10977456831,1.86677188954421,0.000817649064060366,0.637387035115346,0
