"dtxsid","molwt","vapor","solub","kow","decay.air","decay.sur","diffus.air","conc.out"
"DTXSID2021781",278.35,0.00367560030347916,0.0301896072570037,61331.1760895809,1.02762241599487,0.00108837705563577,0.391305510071066,0
"DTXSID3020205",312.37,0.00127363087719397,0.0101164794935017,10150.3495807178,1.31193105225497,0.000851968994633912,0.474714005736602,0
"DTXSID7021360",92.14,5892.60737833334,3.00629899365259,266.858034775676,0.32384505163045,0.00060822132260564,0.751809775070589,0
"DTXSID8020462",106.12,0.353368565644093,5324.86188537207,0.0651119084788969,2.69492455508318,0.00184511076133048,0.843369614758723,0
"DTXSID8020913",128.18,3.1330765838441,0.141292386053336,2090.42610860396,0.977170166905756,0.000553513521770337,1.04506058731318,0
