"dtxsid","molwt","vapor","solub","kow","decay.air","decay.sur","diffus.air","conc.out"
"DTXSID2021781",278.35,0.000785828939050097,0.0751892008303493,24066.171116349,0.547912964624778,0.000443600773998046,0.516501983053485,0
"DTXSID3020205",312.37,0.000284596878305278,0.00592421317687643,23232.8458665161,1.27128832444087,0.00108886833671107,0.458235256746694,0
"DTXSID7021360",92.14,1185.50897953311,5.93289873620821,759.866653636755,0.360785328398139,0.00217838908230453,0.871659571146481,0
"DTXSID8020462",106.12,0.446050862914612,10008.375387536,0.0665720403268999,3.03072057660825,0.00079258149942422,0.901437467546578,0
"DTXSID8020913",128.18,2.89173376392077,0.183308094011933,2881.1221148746,0.875101862205054,0.00119881453535062,0.812410573991295,0
