"dtxsid","molwt","vapor","solub","kow","decay.air","decay.sur","diffus.air","conc.out"
"DTXSID2021781",278.35,0.0239436262368535,0.0326829692380928,23392.5794567401,0.477373589196609,0.00101182671657235,0.666240824308039,0
"DTXSID3020205",312.37,0.000318931594264033,0.00741125471869649,19302.3569288532,1.08004348724367,0.0011135147872264,0.748140783849923,0
"DTXSID7021360",92.14,1248.1072480793,13.6468094130397,497.025039489973,0.442716095144045,0.00123338114213181,1.04836978513505,0
"DTXSID8020462",106.12,0.525987985578472,8741.49276948692,0.126400520289927,1.72363878949064,0.00132717222652848,1.15597502489929,0
"DTXSID8020913",128.18,4.27469650182962,0.135895159535975,1350.09712528257,0.949543080196345,0.000563664931135735,0.42985113636751,0
