"dtxsid","molwt","vapor","solub","kow","decay.air","decay.sur","diffus.air","conc.out"
"DTXSID2021781",278.35,0.0045558795990878,0.0249611545748315,15991.8655088505,0.587535167743999,0.0020690703857121,0.471537512035941,0
"DTXSID3020205",312.37,0.000467860013351963,0.0102022668612829,7100.79123299603,0.771546695564267,0.000906398701814014,0.479007903667853,0
"DTXSID7021360",92.14,1603.27232273544,5.03479954855701,859.275660344855,0.830116248507937,0.00150913726358368,0.91921175592514,0
"DTXSID8020462",106.12,1.6418870975146,10931.7964825279,0.0715581368359494,2.84180301382481,0.00130248594745782,0.91630978786232,0
"DTXSID8020913",128.18,10.3806712089967,0.194053083992177,1977.43340331863,1.02793613543615,0.000988534340707519,0.611778653084933,0
