"dtxsid","molwt","vapor","solub","kow","decay.air","decay.sur","diffus.air","conc.out"
"DTXSID2021781",278.35,0.00215078639562614,0.0224792851992133,52515.0884597204,0.627080860345294,0.000652188858593508,0.915109772998805,0
"DTXSID3020205",312.37,0.000392911556641635,0.00754282090028134,19119.6982294963,0.772751036991075,0.00089522318984329,0.635384815752217,0
"DTXSID7021360",92.14,3312.29634132604,3.45726142230078,1033.63853971621,0.214589646426885,0.00115513044218279,1.16645178098641,0
"DTXSID8020462",106.12,0.855959582981841,10428.0842042136,0.0655070664515212,1.64071619862873,0.00117003448986304,0.910293135393404,0
"DTXSID8020913",128.18,15.2997103678896,0.172092600902378,3548.65999312472,2.08512927721987,0.00087066460482193,0.623786809236657,0
