"dtxsid","molwt","vapor","solub","kow","decay.air","decay.sur","diffus.air","conc.out"
"DTXSID2021781",278.35,0.00160100556139549,0.0408138617897294,48183.8563360349,0.371422980713228,0.000416876886147317,0.612905038638294,0
"DTXSID3020205",312.37,0.000151524503013732,0.00523745896468459,36606.4113112762,0.452745733858732,0.000957281149283214,0.61382888192507,0
"DTXSID7021360",92.14,1266.48624132908,6.33025918708297,145.753795976661,0.364987932922396,0.00167671861709308,0.494247924411218,0
"DTXSID8020462",106.12,3.20103447842075,11976.1412408067,0.0901848644297325,1.53264151381452,0.00155575971204877,0.548314802198307,0
"DTXSID8020913",128.18,2.61037509615096,0.177841353630232,2836.77500062928,1.53874649622323,0.00111743962503164,0.816234523913231,0
