"dtxsid","molwt","vapor","solub","kow","decay.air","decay.sur","diffus.air","conc.out"
"DTXSID2021781",278.35,0.000565978274128004,0.0402220839063657,25647.2358240062,0.526592079333737,0.000552598672634819,0.602994189963109,0
"DTXSID3020205",312.37,0.000902096597671345,0.00852823895156655,20951.5366219931,0.853830885287198,0.00118969101510706,0.60334154115676,0
"DTXSID7021360",92.14,1363.69128456171,5.36895138798103,552.06830556035,0.681570751390428,0.000770254167967124,0.831411350953782,0
"DTXSID8020462",106.12,1.58202307898084,7935.9758812955,0.0934841502669545,2.80947710519108,0.00100137948320573,0.811574244643413,0
"DTXSID8020913",128.18,4.7088424738981,0.183669183435488,3685.16972315433,0.769519561472708,0.000520813867883477,0.60737835358876,0
