"dtxsid","molwt","vapor","solub","kow","decay.air","decay.sur","diffus.air","conc.out"
"DTXSID2021781",278.35,0.00612904931881246,0.043816233035179,38079.163410885,0.617583206936486,0.00123713515124794,0.3494319647097,0
"DTXSID3020205",312.37,0.000183377338518002,0.0131464624089005,16637.568789333,0.608491586355889,0.00173951428447498,0.317151841982199,0
"DTXSID7021360",92.14,3102.74501940462,4.61296401228132,802.806277769905,0.331682419744459,0.000630596092338502,0.72450970353054,0
"DTXSID8020462",106.12,1.2305794870545,7814.07441399902,0.0400105042183621,2.80086883167353,0.0013993184140644,0.671053193178964,0
"DTXSID8020913",128.18,4.47147260507279,0.092900174582031,2822.26606874861,2.04410962721471,0.000715146625679964,0.839011289492715,0
