"dtxsid","molwt","vapor","solub","kow","decay.air","decay.sur","diffus.air","conc.out"
"DTXSID2021781",278.35,0.00206257009403392,0.0353674049310659,40416.4691102911,0.400784289421138,0.00040140073921582,0.635651933503279,0
"DTXSID3020205",312.37,0.000322852171106349,0.00961351737035381,12133.9471091755,0.417178692181018,0.00140405650393026,0.488824152644995,0
"DTXSID7021360",92.14,1467.15431721896,4.29510189819055,405.505495697464,0.512447290700825,0.00109121749588164,0.636391341686248,0
"DTXSID8020462",106.12,0.299157918470755,9595.65377605638,0.0924257701029566,1.36705757750641,0.000649400514990329,1.01196278351718,0
"DTXSID8020913",128.18,2.4377417972426,0.151835891686496,828.12197150745,2.15830611057051,0.00118678335658326,0.626958956131657,0
