"dtxsid","molwt","vapor","solub","kow","decay.air","decay.sur","diffus.air","conc.out"
"DTXSID2021781",278.35,0.00201741686857133,0.0298816394982473,13206.0010258297,0.783303744909211,0.00191028876780992,0.538651168710555,0
"DTXSID3020205",312.37,0.000494255790356872,0.00912884711737478,21088.668083929,0.680423307615479,0.000921679512388086,0.556395138086673,0
"DTXSID7021360",92.14,3747.57940730583,3.7891531116431,218.938796446306,0.425135133305966,0.00166550118391578,1.07841649709737,0
"DTXSID8020462",106.12,1.31301978899649,4828.4497262707,0.0496025170572327,1.51511056011601,0.00170368910380133,1.18234533110504,0
"DTXSID8020913",128.18,1.81073840294406,0.175890525590614,2688.93087667002,1.27875128160076,0.00144890058725153,0.775043846327583,0
