"dtxsid","molwt","vapor","solub","kow","decay.air","decay.sur","diffus.air","conc.out"
"DTXSID2021781",278.35,0.00380685241775689,0.0439811799774637,46078.4134025179,0.537087895823456,0.0009273045658487,0.30517020503152,0
"DTXSID3020205",312.37,0.00050787055747531,0.0103607741486607,25961.4592570989,0.684768948793928,0.000965735922482438,0.587069963964265,0
"DTXSID7021360",92.14,3695.26794400252,3.88282385384444,475.623653850426,0.57822836765491,0.00100542449026718,1.02179475741088,0
"DTXSID8020462",106.12,0.695606321836375,10274.6597657776,0.0626068315871754,3.74494357690664,0.000778506513037284,0.762200485952461,0
"DTXSID8020913",128.18,9.83462614960419,0.135449143171856,1585.85777586278,1.1715941298202,0.00114293866404219,0.942680499165675,0
