"household","dtxsid","total.used","dir.derm.exp","dir.derm.max","dir.derm.abs","dir.inhal.exp","dir.inhal.max","dir.inhal.mass","dir.inhal.abs","dir.ingest.exp","dir.ingest.abs","dir.release","ind.derm.exp","ind.derm.pr.exp","ind.derm.ar.exp","ind.derm.max","ind.derm.abs","ind.inhal.exp","ind.inhal.pr.exp","ind.inhal.ar.exp","ind.inhal.amb.in","ind.inhal.amb.out","ind.inhal.max","ind.inhal.mass","ind.inhal.abs","ind.ingest.exp","ind.ingest.abs","out.sur","out.air","drain","waste","food.ing","food.abs"
309,"DTXSID2021781",0,0,0,0,0,0,0,0,0,0,0,0,0,0,0,0,0,0,0,0,0,0,0,0,0,0,0,0,0,0,0,0
309,"DTXSID3020205",12362.473770332,0.169985387407366,0.000332231282964175,0.0650659124125137,0.000572472661163217,0.0306223781030264,0.0171741643010426,0.00274786628816682,9.58446114046176e-10,9.57986832419002e-10,33.9628400283846,17.4670808847277,17.4670808847277,0,0.00266151186617205,6.68460594133069,0.0146572804243112,0.0146572804243112,0,0,0,0.028222956653709,0.380217495566097,0.0608347992905755,0.00370799782513864,0.00370622097482882,0,0.713143428496855,0.000332304691743012,5.03000185167824,0,0
309,"DTXSID7021360",19880.863701132,0.273088787103462,0.000533754289665458,0.000182239313222675,0.0568912224826675,3.04321546712634,1.70673667448002,0.273077867916804,0,0,54.6177574206923,0.061153604594875,0.061153604594875,0,1.06081316498975e-05,4.08094023493521e-05,0.0100421609343826,0.0100421609343826,0,0,0,0.134832836990143,0.255402803609059,0.0408644485774495,3.90400090077784e-09,3.90280402779768e-09,0,31.9681547639652,0,0.554932169621374,0,0
309,"DTXSID8020462",0,0,0,0,0,0,0,0,0,0,0,0,0,0,0,0,0,0,0,0,0,0,0,0,0,0,0,0,0,0,0,0
309,"DTXSID8020913",0,0,0,0,0,0,0,0,0,0,0,0,0,0,0,0,0,0,0,0,0,0,0,0,0,0,0,0,0,0,0,0
