"household","dtxsid","total.used","dir.derm.exp","dir.derm.max","dir.derm.abs","dir.inhal.exp","dir.inhal.max","dir.inhal.mass","dir.inhal.abs","dir.ingest.exp","dir.ingest.abs","dir.release","ind.derm.exp","ind.derm.pr.exp","ind.derm.ar.exp","ind.derm.max","ind.derm.abs","ind.inhal.exp","ind.inhal.pr.exp","ind.inhal.ar.exp","ind.inhal.amb.in","ind.inhal.amb.out","ind.inhal.max","ind.inhal.mass","ind.inhal.abs","ind.ingest.exp","ind.ingest.abs","out.sur","out.air","drain","waste","food.ing","food.abs"
88,"DTXSID2021781",0,0,0,0,0,0,0,0,0,0,0,0,0,0,0,0,0,0,0,0,0,0,0,0,0,0,0,0,0,0,0,0
88,"DTXSID3020205",0,0,0,0,0,0,0,0,0,0,0,0,0,0,0,0,0,0,0,0,0,0,0,0,0,0,0,0,0,0,0,0
88,"DTXSID7021360",214017.234,0.375044052197802,0.000707055709608078,0.000250846231813854,0.226268119218141,13.2260043474745,11.2276461103605,1.79642337765768,0,0,587.959434065934,0.102120732239942,0.102120732239942,0,1.53381446042754e-05,6.83028807362728e-05,0.0727545641325097,0.0727545641325097,0,0,0,0.534388458114057,1.85092421302472,0.296147874083955,4.66502892106091e-08,4.66359873515441e-08,6.49630577414767e-08,542.249761880136,0,5.9282757584648,0,0
88,"DTXSID8020462",364.18337956,0.0101047296650976,1.98474596593278e-05,3.388122359006e-06,2.66369459494418e-09,1.1097493073325e-06,9.14141724745593e-08,1.46262675959295e-08,7.71425452675387e-06,6.16226805405106e-06,1.00050379,6.73088726791272e-08,6.73088726791272e-08,0,8.20663346715332e-12,1.03991704542585e-08,1.6413011489199e-10,1.6413011489199e-10,0,0,0,1.11416387302536e-09,3.93404075213774e-09,6.29446520342039e-10,4.67138046815065e-09,3.73157231555802e-09,0,3.75038564923885e-07,0.00990429138813058,0.010005045164033,0,0
88,"DTXSID8020913",0,0,0,0,0,0,0,0,0,0,0,0,0,0,0,0,0,0,0,0,0,0,0,0,0,0,0,0,0,0,0,0
