"household","dtxsid","total.used","dir.derm.exp","dir.derm.max","dir.derm.abs","dir.inhal.exp","dir.inhal.max","dir.inhal.mass","dir.inhal.abs","dir.ingest.exp","dir.ingest.abs","dir.release","ind.derm.exp","ind.derm.pr.exp","ind.derm.ar.exp","ind.derm.max","ind.derm.abs","ind.inhal.exp","ind.inhal.pr.exp","ind.inhal.ar.exp","ind.inhal.amb.in","ind.inhal.amb.out","ind.inhal.max","ind.inhal.mass","ind.inhal.abs","ind.ingest.exp","ind.ingest.abs","out.sur","out.air","drain","waste","food.ing","food.abs"
368,"DTXSID2021781",125213.20442708,0,0,0,0,0,0,0,0,0,0,48.731799737671,48.731799737671,0,0.00970864716604654,18.377365346229,0.0842244775110513,0.0842244775110513,0,0,0,0.218176768829031,2.12634594413,0.340215351060801,0.013461465872759,0.0134533160859362,0,35.6491213484902,0,42.5283473374834,0,0
368,"DTXSID3020205",0,0,0,0,0,0,0,0,0,0,0,0,0,0,0,0,0,0,0,0,0,0,0,0,0,0,0,0,0,0,0,0
368,"DTXSID7021360",834511.541100632,6.78103962748264,0.0126979343191964,0.00456947134203612,1.41033421189894,121.879689439745,71.0808442797066,11.372935084753,0,0,1356.20792549653,0.60476975516992,0.60476975516992,0,0.000117803839290641,0.000407530098916611,0.439968625538339,0.439968625538339,0,0,0,3.43632489743153,10.016076694206,1.60257227107297,6.88009726881889e-08,6.8779879961186e-08,11.8948138210907,2011.35747061416,0,23.2385694196711,0,0
368,"DTXSID8020462",0,0,0,0,0,0,0,0,0,0,0,0,0,0,0,0,0,0,0,0,0,0,0,0,0,0,0,0,0,0,0,0
368,"DTXSID8020913",3430.35617328,0,0,0,0,0,0,0,0,0,0,0.17982575012522,0.17982575012522,0,3.67655672332696e-05,0.000794959194093639,0.00226536979984514,0.00226536979984514,0,0,0,0.00471009316419748,0.048512543779187,0.00776200700466993,1.45914430016833e-07,1.45872482244663e-07,0,6.30745745583154,0,0.985460125608098,0,0
