"household","dtxsid","total.used","dir.derm.exp","dir.derm.max","dir.derm.abs","dir.inhal.exp","dir.inhal.max","dir.inhal.mass","dir.inhal.abs","dir.ingest.exp","dir.ingest.abs","dir.release","ind.derm.exp","ind.derm.pr.exp","ind.derm.ar.exp","ind.derm.max","ind.derm.abs","ind.inhal.exp","ind.inhal.pr.exp","ind.inhal.ar.exp","ind.inhal.amb.in","ind.inhal.amb.out","ind.inhal.max","ind.inhal.mass","ind.inhal.abs","ind.ingest.exp","ind.ingest.abs","out.sur","out.air","drain","waste","food.ing","food.abs"
874,"DTXSID2021781",0,0,0,0,0,0,0,0,0,0,0,0,0,0,0,0,0,0,0,0,0,0,0,0,0,0,0,0,0,0,0,0
874,"DTXSID3020205",0,0,0,0,0,0,0,0,0,0,0,0,0,0,0,0,0,0,0,0,0,0,0,0,0,0,0,0,0,0,0,0
874,"DTXSID7021360",1206295,8.1395989010989,0.0135579728984954,0.00544693238348919,1.65742432891401,241.984288110734,83.534186177266,13.3654697883626,0,0,1627.91978021978,0.337505945687243,0.337505945687243,0,5.70514848644846e-05,0.00022585534531088,0.325033473536176,0.325033473536176,0,0,0,3.53454947490437,7.86055772456261,1.25768923593002,2.65322428450408e-08,2.65241086961583e-08,0,2124.96143389551,0,37.3034363746497,0,0
874,"DTXSID8020462",54012.078268902,1.49777818441624,0.00222312036058114,0.0067432998102293,0.000722505074796451,0.0363086853942226,0.036410926105611,0.00582574817689776,0.000132775353114374,0.00010606304394345,148.384830409071,10.4621942552556,10.4621942552556,0,0.0011959901014203,1.25050920406558,0.0120352154800829,0.0120352154800829,0,0,0,0.0132208775980981,0.255850942125585,0.0409361507400937,0.0966188150288983,0.0771806316745148,0,75.533943870579,1.46724606283759,19.3722750283684,0,0
874,"DTXSID8020913",4506.900689256,0,0,0,0,0,0,0,0,0,0,0.356223127204911,0.356223127204911,0,4.17893159699442e-05,0.00155608029225037,0.00197299129128157,0.00197299129128157,0,0,0,0.00310533034664177,0.0447760247933935,0.00716416396694295,1.98744038642119e-07,1.98686903308402e-07,0,8.86051917329334,0,1.39020374271938,0,0
