"household","dtxsid","total.used","dir.derm.exp","dir.derm.max","dir.derm.abs","dir.inhal.exp","dir.inhal.max","dir.inhal.mass","dir.inhal.abs","dir.ingest.exp","dir.ingest.abs","dir.release","ind.derm.exp","ind.derm.pr.exp","ind.derm.ar.exp","ind.derm.max","ind.derm.abs","ind.inhal.exp","ind.inhal.pr.exp","ind.inhal.ar.exp","ind.inhal.amb.in","ind.inhal.amb.out","ind.inhal.max","ind.inhal.mass","ind.inhal.abs","ind.ingest.exp","ind.ingest.abs","out.sur","out.air","drain","waste","food.ing","food.abs"
771,"DTXSID2021781",0,0,0,0,0,0,0,0,0,0,0,0,0,0,0,0,0,0,0,0,0,0,0,0,0,0,0,0,0,0,0,0
771,"DTXSID3020205",0,0,0,0,0,0,0,0,0,0,0,0,0,0,0,0,0,0,0,0,0,0,0,0,0,0,0,0,0,0,0,0
771,"DTXSID7021360",1456317.7482243,0.340666895604396,0.000574093919278198,0.000227907159934047,0.000709247892592628,0.0925189750279359,0.0297884114888904,0.00476614583822246,0,0,681.333791208791,0.139574417566831,0.139574417566831,0,3.01642629337017e-05,9.3375685495663e-05,0.0436599955435564,0.0436599955435564,0,0,0,2.10820721135149,1.10056042079673,0.176089667327476,1.84351940595699e-08,1.84295422715159e-08,9.91092903847667,2718.94221250523,0,40.8199871443948,0,0
771,"DTXSID8020462",65271.980378096,0,0,0,0.00111207877059688,0.0733742694002068,0.010008708935372,0.00160139342965951,0.0300261268061159,0.0239853431543532,179.122744645319,0.0767822217055251,0.0767822217055251,0,1.45760392478024e-05,0.00774204595010126,0.00010345136275783,0.00010345136275783,0,0,0,0.000402339280699502,0.00216070932543668,0.000345713492069869,0.00100531202897158,0.000803059087433518,0,1.73560980719066,174.71601788155,1.83584136651268,0,0
771,"DTXSID8020913",0,0,0,0,0,0,0,0,0,0,0,0,0,0,0,0,0,0,0,0,0,0,0,0,0,0,0,0,0,0,0,0
