"household","dtxsid","total.used","dir.derm.exp","dir.derm.max","dir.derm.abs","dir.inhal.exp","dir.inhal.max","dir.inhal.mass","dir.inhal.abs","dir.ingest.exp","dir.ingest.abs","dir.release","ind.derm.exp","ind.derm.pr.exp","ind.derm.ar.exp","ind.derm.max","ind.derm.abs","ind.inhal.exp","ind.inhal.pr.exp","ind.inhal.ar.exp","ind.inhal.amb.in","ind.inhal.amb.out","ind.inhal.max","ind.inhal.mass","ind.inhal.abs","ind.ingest.exp","ind.ingest.abs","out.sur","out.air","drain","waste","food.ing","food.abs"
402,"DTXSID2021781",241310.903382864,0,0,0,0,0,0,0,0,0,0,92.2069361470453,92.2069361470453,0,0.00989436033500934,34.5307344007655,0.0978913405986463,0.0978913405986463,0,0,0,0.134331784659691,2.5489293643964,0.407828698303424,0.00719093856469212,0.00718658505543004,0,42.8015960036755,0,111.414918712862,0,0
402,"DTXSID3020205",163609.557172897,0.224767318613616,0.00040080287136803,0.0863921778543448,0.00028828132572674,0.00699981556558259,0.0121078043387854,0.00193724869420567,1.23805659009905e-10,1.23746332080942e-10,449.476805420047,0,0,0,0,0,0,0,0,0,0,0,0,0,0,0,444.519418305567,0.462562362428738,5.61308716801146e-05,4.49476805420047,0,0
402,"DTXSID7021360",543536.034436025,0.125188920928606,0.000223236215350508,8.38413773639625e-05,0.00026063558239842,0.0063285597951897,0.0109466944607337,0.00175147111371738,0,0,250.377841857212,0,0,0,0,0,0,0,0,0,0,0,0,0,0,0,3.54270473957973e-08,247.874063403212,0,19.5797047329923,0,0
402,"DTXSID8020462",64012.28840349,0,0,0,0.00101048096401626,0.076186846860224,0.00909432867614637,0.00145509258818342,0.0272829860284391,0.021794079082962,175.857935174423,0.0861384055484848,0.0861384055484848,0,9.37143044759362e-06,0.0112624744090436,0.000173722723945904,0.000173722723945904,0,0,0,0.000429966756121114,0.00411526636915095,0.000658442619064152,0.000355525362259119,0.000283999260674667,0,1.80386077826798,171.606920383238,1.79651421249236,0,0
402,"DTXSID8020913",0,0,0,0,0,0,0,0,0,0,0,0,0,0,0,0,0,0,0,0,0,0,0,0,0,0,0,0,0,0,0,0
