"household","dtxsid","total.used","dir.derm.exp","dir.derm.max","dir.derm.abs","dir.inhal.exp","dir.inhal.max","dir.inhal.mass","dir.inhal.abs","dir.ingest.exp","dir.ingest.abs","dir.release","ind.derm.exp","ind.derm.pr.exp","ind.derm.ar.exp","ind.derm.max","ind.derm.abs","ind.inhal.exp","ind.inhal.pr.exp","ind.inhal.ar.exp","ind.inhal.amb.in","ind.inhal.amb.out","ind.inhal.max","ind.inhal.mass","ind.inhal.abs","ind.ingest.exp","ind.ingest.abs","out.sur","out.air","drain","waste","food.ing","food.abs"
227,"DTXSID2021781",0,0,0,0,0,0,0,0,0,0,0,0,0,0,0,0,0,0,0,0,0,0,0,0,0,0,0,0,0,0,0,0
227,"DTXSID3020205",15524.808943488,0.213712152162998,0.000364078224784517,0.0821338152962593,0.00071806773172273,0.0357624910612524,0.021541990377615,0.00344671846041841,1.88240613421196e-09,1.88150409648688e-09,42.6505740205714,7.5311113091968,7.5311113091968,0,0.00134131636474247,2.89410976677359,0.00618374069379592,0.00618374069379592,0,0,0,0.016092981227493,0.15906788259532,0.0254508612152511,0.000976550759999631,0.000976082802734744,0,2.20318328085623,0.000891547528509239,5.08133586044942,0,0
227,"DTXSID7021360",7156.932340272,0.0983095101685715,0.000167486312230936,6.58358991284505e-05,0.0204806922957667,1.02003240431308,0.614420768873002,0.0983073230196803,0,0,19.6619020337143,0.00338830051094417,0.00338830051094417,0,7.21924255958756e-07,2.26907652738489e-06,0.00218105697956295,0.00218105697956295,0,0,0,0.0286178458794136,0.0545062029653042,0.00872099247444867,1.32042877868808e-10,1.32002396691483e-10,0,12.6504454593346,0,0.196937824614012,0,0
227,"DTXSID8020462",0,0,0,0,0,0,0,0,0,0,0,0,0,0,0,0,0,0,0,0,0,0,0,0,0,0,0,0,0,0,0,0
227,"DTXSID8020913",0,0,0,0,0,0,0,0,0,0,0,0,0,0,0,0,0,0,0,0,0,0,0,0,0,0,0,0,0,0,0,0
