"household","dtxsid","total.used","dir.derm.exp","dir.derm.max","dir.derm.abs","dir.inhal.exp","dir.inhal.max","dir.inhal.mass","dir.inhal.abs","dir.ingest.exp","dir.ingest.abs","dir.release","ind.derm.exp","ind.derm.pr.exp","ind.derm.ar.exp","ind.derm.max","ind.derm.abs","ind.inhal.exp","ind.inhal.pr.exp","ind.inhal.ar.exp","ind.inhal.amb.in","ind.inhal.amb.out","ind.inhal.max","ind.inhal.mass","ind.inhal.abs","ind.ingest.exp","ind.ingest.abs","out.sur","out.air","drain","waste","food.ing","food.abs"
376,"DTXSID2021781",0,0,0,0,0,0,0,0,0,0,0,0,0,0,0,0,0,0,0,0,0,0,0,0,0,0,0,0,0,0,0,0
376,"DTXSID3020205",0,0,0,0,0,0,0,0,0,0,0,0,0,0,0,0,0,0,0,0,0,0,0,0,0,0,0,0,0,0,0,0
376,"DTXSID7021360",1601623.616,0.824361208791209,0.00128182342755058,0.000552511567425012,3.42433591708979,79.2077589049352,172.416844472504,27.5866951156007,0,0,4400.06487912088,0.11326142259498,0.11326142259498,0,2.0979219614304e-05,7.5911176059792e-05,0.145934297434132,0.145934297434132,0,0,0,2.00700180757128,3.71577864837908,0.594524583740652,3.12458702370207e-08,3.12362910031069e-08,8.82487946220643e-07,3305.62966369293,0,44.2635244120867,0,0
376,"DTXSID8020462",3196684.57754974,88.6947355471627,0.146746886564736,0.0414827391323176,3.27029448242193e-05,0.0108297572040133,0.00112680963694235,0.000180289541910777,0.0471433059419655,0.0376588155292272,8782.100487774,6.48450312862421e-05,6.48450312862421e-05,0,8.72463760442082e-09,1.1408894802599e-05,3.75567948883079e-07,3.75567948883079e-07,0,0,0,3.55136290148032e-06,8.71501987577658e-06,1.39440318012425e-06,3.08860026726939e-06,2.467222554392e-06,0,0.00485344373897033,86.9340995631565,87.8210520535832,0,0
376,"DTXSID8020913",10001.64036564,0.137385169857692,0.00020662105557469,0.000601741877731472,0.00245990414026987,0.0872048735103054,0.123979168669601,0.0198366669871362,0,0,27.4770339715385,0.149086905988641,0.149086905988641,0,2.15514552026164e-05,0.000652993761609062,0.0017573251632254,0.0017573251632254,0,0,0,0.00299800025745675,0.0360205467915447,0.00576328748664716,2.9222304068127e-07,2.92139031817089e-07,0,21.0995145531776,0,2.89686473102063,0,0
