"household","dtxsid","total.used","dir.derm.exp","dir.derm.max","dir.derm.abs","dir.inhal.exp","dir.inhal.max","dir.inhal.mass","dir.inhal.abs","dir.ingest.exp","dir.ingest.abs","dir.release","ind.derm.exp","ind.derm.pr.exp","ind.derm.ar.exp","ind.derm.max","ind.derm.abs","ind.inhal.exp","ind.inhal.pr.exp","ind.inhal.ar.exp","ind.inhal.amb.in","ind.inhal.amb.out","ind.inhal.max","ind.inhal.mass","ind.inhal.abs","ind.ingest.exp","ind.ingest.abs","out.sur","out.air","drain","waste","food.ing","food.abs"
15,"DTXSID2021781",0,0,0,0,0,0,0,0,0,0,0,0,0,0,0,0,0,0,0,0,0,0,0,0,0,0,0,0,0,0,0,0
15,"DTXSID3020205",0,0,0,0,0,0,0,0,0,0,0,0,0,0,0,0,0,0,0,0,0,0,0,0,0,0,0,0,0,0,0,0
15,"DTXSID7021360",288978.722529,0,0,0,0.20852070460055,23.2209275867908,6.25562113801649,1.00089938208264,0,0,199.565714285714,0.0437348903395853,0.0437348903395853,0,8.41473334085109e-06,2.92276673716702e-05,0.0943087978830658,0.0943087978830658,0,0,0,0.71342327581768,2.41080998355419,0.38572959736867,3.59686198230363e-09,3.59575927074454e-09,0,638.860692754403,0,8.11377238046153,0,0
15,"DTXSID8020462",2555309.86102574,70.8977933565482,0.141736180474735,0.038993457072181,3.25450541041258e-05,0.00774382781493939,0.0011553134039922,0.000184850144638753,0.0050884867914064,0.00406476341808483,7020.082035785,0.000246199495575846,0.000246199495575846,0,2.65349863987485e-08,2.08902832494108e-05,8.15581625409618e-07,8.15581625409618e-07,0,0,0,5.64238444928151e-06,2.03274886737173e-05,3.25239818779476e-06,1.69085034303201e-06,1.35067789336112e-06,0,0.00546383993496112,69.4890379330333,70.2008403686765,0,0
15,"DTXSID8020913",6570.122674608,0,0,0,0,0,0,0,0,0,0,0.375561703257053,0.375561703257053,0,4.1704364569322e-05,0.00163677155886997,0.00268278254267549,0.00268278254267549,0,0,0,0.0038748408857184,0.0659968494613521,0.0105594959138163,2.18996011622666e-07,2.18933054211253e-07,0,11.830690294737,0,1.85684808245577,0,0
