"household","dtxsid","total.used","dir.derm.exp","dir.derm.max","dir.derm.abs","dir.inhal.exp","dir.inhal.max","dir.inhal.mass","dir.inhal.abs","dir.ingest.exp","dir.ingest.abs","dir.release","ind.derm.exp","ind.derm.pr.exp","ind.derm.ar.exp","ind.derm.max","ind.derm.abs","ind.inhal.exp","ind.inhal.pr.exp","ind.inhal.ar.exp","ind.inhal.amb.in","ind.inhal.amb.out","ind.inhal.max","ind.inhal.mass","ind.inhal.abs","ind.ingest.exp","ind.ingest.abs","out.sur","out.air","drain","waste","food.ing","food.abs"
901,"DTXSID2021781",87538.379606876,0,0,0,0.0100245122246474,1.92393677242333,0.300735366739421,0.0481176586783074,0,0,240.490053865044,29.3999537465477,29.3999537465477,0,0.00711350794367159,11.0251483878364,0.0146133749383988,0.0146133749383988,0,0,0,0.0449102908197769,0.336056649866675,0.053769063978668,0.00724609560336696,0.00724170870115115,0,20.3670831412551,0,55.941792947547,0,0
901,"DTXSID3020205",0,0,0,0,0,0,0,0,0,0,0,0,0,0,0,0,0,0,0,0,0,0,0,0,0,0,0,0,0,0,0,0
901,"DTXSID7021360",1044612.1,12.2973942994506,0.0223918366865628,0.00824666301896984,2.47689078831242,326.784159279588,124.831309042041,19.9730094467265,0,0,2869.81346153846,0.599581872845809,0.599581872845809,0,0.000140850241121775,0.000402081045343781,0.66071708924814,0.66071708924814,0,0,0,5.70293012556302,15.5268301899582,2.4842928303933,6.09058487649465e-08,6.08871764934556e-08,5.36279193321396e-06,2361.98296766604,0,33.027209529196,0,0
901,"DTXSID8020462",49353.621873,0,0,0,0.000729285976019956,0.0620119164729104,0.00656357378417961,0.00105017180546874,0.0196907213525388,0.0157292584437229,135.586873277473,0.118468900316073,0.118468900316073,0,2.86666354203361e-05,0.0415313717233371,0.000243744520747106,0.000243744520747106,0,0,0,0.000869390551130895,0.00478500133500843,0.000765600213601349,0.00413764187905028,0.00330521352153317,0,0.816198350617591,132.356658313095,1.47751711619344,0,0
901,"DTXSID8020913",0,0,0,0,0,0,0,0,0,0,0,0,0,0,0,0,0,0,0,0,0,0,0,0,0,0,0,0,0,0,0,0
