"household","dtxsid","total.used","dir.derm.exp","dir.derm.max","dir.derm.abs","dir.inhal.exp","dir.inhal.max","dir.inhal.mass","dir.inhal.abs","dir.ingest.exp","dir.ingest.abs","dir.release","ind.derm.exp","ind.derm.pr.exp","ind.derm.ar.exp","ind.derm.max","ind.derm.abs","ind.inhal.exp","ind.inhal.pr.exp","ind.inhal.ar.exp","ind.inhal.amb.in","ind.inhal.amb.out","ind.inhal.max","ind.inhal.mass","ind.inhal.abs","ind.ingest.exp","ind.ingest.abs","out.sur","out.air","drain","waste","food.ing","food.abs"
544,"DTXSID2021781",0,0,0,0,0,0,0,0,0,0,0,0,0,0,0,0,0,0,0,0,0,0,0,0,0,0,0,0,0,0,0,0
544,"DTXSID3020205",0,0,0,0,0,0,0,0,0,0,0,0,0,0,0,0,0,0,0,0,0,0,0,0,0,0,0,0,0,0,0,0
544,"DTXSID7021360",3449.479333,0.00125795787087912,2.17602362814642e-06,8.43153118771761e-07,5.23973455966556e-06,0.000712821706747134,0.000210899316026539,3.37438905642462e-05,0,0,0.251591574175824,0.00133186703136506,0.00133186703136506,0,3.40385995222047e-07,8.92691022661801e-07,0.00169551757609619,0.00169551757609619,0,0,0,0.0168063313606856,0.0347517726094239,0.00556028361750782,1.69557930496215e-10,1.69505948104116e-10,0,6.8685917465443,0,0.095433840713822,0,0
544,"DTXSID8020462",3411419.32179703,0,0,0,0,0,0,0,0,0,0,0.000161041831416977,0.000161041831416977,0,3.93821317712266e-08,3.73732890859157e-05,8.42126167088013e-07,8.42126167088013e-07,0,0,0,9.90911411621009e-06,1.64764339187435e-05,2.63622942699895e-06,4.66884530110951e-06,3.729547184184e-06,0,0.00603699942224457,92.7736637545275,93.7203574251505,0,0
544,"DTXSID8020913",961.429716632,0,0,0,0,0,0,0,0,0,0,0.0471503457058141,0.0471503457058141,0,1.16172355440929e-05,0.000206530058061312,0.000337426454906126,0.000337426454906126,0,0,0,0.000716120830777652,0.00629550741646266,0.00100728118663403,4.26499695286027e-08,4.26377084300627e-08,0,1.79012892415315,0,0.2883169391988,0,0
