"household","dtxsid","total.used","dir.derm.exp","dir.derm.max","dir.derm.abs","dir.inhal.exp","dir.inhal.max","dir.inhal.mass","dir.inhal.abs","dir.ingest.exp","dir.ingest.abs","dir.release","ind.derm.exp","ind.derm.pr.exp","ind.derm.ar.exp","ind.derm.max","ind.derm.abs","ind.inhal.exp","ind.inhal.pr.exp","ind.inhal.ar.exp","ind.inhal.amb.in","ind.inhal.amb.out","ind.inhal.max","ind.inhal.mass","ind.inhal.abs","ind.ingest.exp","ind.ingest.abs","out.sur","out.air","drain","waste","food.ing","food.abs"
952,"DTXSID2021781",0,0,0,0,0,0,0,0,0,0,0,0,0,0,0,0,0,0,0,0,0,0,0,0,0,0,0,0,0,0,0,0
952,"DTXSID3020205",0,0,0,0,0,0,0,0,0,0,0,0,0,0,0,0,0,0,0,0,0,0,0,0,0,0,0,0,0,0,0,0
952,"DTXSID7021360",34381.6,0.472274725274725,0.000756626995297045,0.000314794485973778,0.0820297703781752,25.4520295937454,2.46089311134525,0.393742897815241,0,0,94.4549450549451,0.145079365332327,0.145079365332327,0,1.72016701707213e-05,9.67025713285608e-05,0.0374762676019273,0.0374762676019273,0,0,0,0.187269234541696,0.930478183964196,0.148876509434271,1.24638640508232e-08,1.24600429292379e-08,0,73.3948049746002,0,2.56134062820138,0,0
952,"DTXSID8020462",81095.03149748,2.24995395717497,0.00356894440912124,0.0016589316158292,1.38139841704581e-06,0.000305775068281729,4.88405774726881e-05,7.8144923956301e-06,0.000233668007854599,0.000186657686113717,222.78854807,1.98139112072633e-05,1.98139112072633e-05,0,1.74919856952761e-09,2.27741031792673e-06,1.03576912754957e-07,1.03576912754957e-07,0,0,0,5.69046523205148e-07,2.53297115540923e-06,4.05275384865478e-07,1.9305772719085e-07,1.54217554104543e-07,0,0.000203750177320469,2.20519824442493,2.22788696923175,0,0
952,"DTXSID8020913",0,0,0,0,0,0,0,0,0,0,0,0,0,0,0,0,0,0,0,0,0,0,0,0,0,0,0,0,0,0,0,0
