"household","dtxsid","total.used","dir.derm.exp","dir.derm.max","dir.derm.abs","dir.inhal.exp","dir.inhal.max","dir.inhal.mass","dir.inhal.abs","dir.ingest.exp","dir.ingest.abs","dir.release","ind.derm.exp","ind.derm.pr.exp","ind.derm.ar.exp","ind.derm.max","ind.derm.abs","ind.inhal.exp","ind.inhal.pr.exp","ind.inhal.ar.exp","ind.inhal.amb.in","ind.inhal.amb.out","ind.inhal.max","ind.inhal.mass","ind.inhal.abs","ind.ingest.exp","ind.ingest.abs","out.sur","out.air","drain","waste","food.ing","food.abs"
882,"DTXSID2021781",0,0,0,0,0,0,0,0,0,0,0,0,0,0,0,0,0,0,0,0,0,0,0,0,0,0,0,0,0,0,0,0
882,"DTXSID3020205",0,0,0,0,0,0,0,0,0,0,0,0,0,0,0,0,0,0,0,0,0,0,0,0,0,0,0,0,0,0,0,0
882,"DTXSID7021360",1459055.32197101,18.0273595050963,0.0353617952394138,0.0120678920494937,3.60311173857283,560.821031558448,182.133213834275,29.141314213484,0,0,4008.3937416786,1.8510787718839,1.8510787718839,0,0.000345535485473219,0.00123915087076329,0.569853079265284,0.569853079265284,0,0,0,6.33017295099945,14.1190996654364,2.25905594646983,4.67270271420986e-08,4.67127017570255e-08,14.7052540626829,2882.67464988681,0,50.5980034205151,0,0
882,"DTXSID8020462",70110.608253504,1.94529176806455,0.00377803299708503,0.000903316848236608,6.8767211766907e-07,0.000263954231121945,2.31538370439131e-05,3.70461392702609e-06,0.000123328354793022,9.85166328468957e-05,192.611561136,4.64502300397992e-06,4.64502300397992e-06,0,6.77945974980792e-10,1.03026789025595e-06,1.79882945286827e-08,1.79882945286827e-08,0,0,0,1.45739480072865e-07,4.10685740009007e-07,6.57097184014411e-08,2.55520267562296e-08,2.04113615450577e-08,0,7.71664788891811e-05,1.90668945639354,1.92611622613404,0,0
882,"DTXSID8020913",0,0,0,0,0,0,0,0,0,0,0,0,0,0,0,0,0,0,0,0,0,0,0,0,0,0,0,0,0,0,0,0
