"household","dtxsid","total.used","dir.derm.exp","dir.derm.max","dir.derm.abs","dir.inhal.exp","dir.inhal.max","dir.inhal.mass","dir.inhal.abs","dir.ingest.exp","dir.ingest.abs","dir.release","ind.derm.exp","ind.derm.pr.exp","ind.derm.ar.exp","ind.derm.max","ind.derm.abs","ind.inhal.exp","ind.inhal.pr.exp","ind.inhal.ar.exp","ind.inhal.amb.in","ind.inhal.amb.out","ind.inhal.max","ind.inhal.mass","ind.inhal.abs","ind.ingest.exp","ind.ingest.abs","out.sur","out.air","drain","waste","food.ing","food.abs"
5,"DTXSID2021781",0,0,0,0,0,0,0,0,0,0,0,0,0,0,0,0,0,0,0,0,0,0,0,0,0,0,0,0,0,0,0,0
5,"DTXSID3020205",0,0,0,0,0,0,0,0,0,0,0,0,0,0,0,0,0,0,0,0,0,0,0,0,0,0,0,0,0,0,0,0
5,"DTXSID7021360",111478.1209792,0.00139605740659341,2.6807959251968e-06,9.31808654380571e-07,5.8149645927759e-06,0.000941165450556064,0.000203523760747157,3.25638017195451e-05,0,0,0.279211481318681,0.0846589130524614,0.0846589130524614,0,2.19897637984092e-05,5.65061926810766e-05,0.10138344800399,0.10138344800399,0,0,0,0.835479743850832,2.15711437817949,0.345138300508718,2.04278707771617e-08,2.04216080822503e-08,0,227.577542411368,0,3.44328889462176,0,0
5,"DTXSID8020462",7.483568855,0.000207627390370193,3.94751856990425e-07,2.2328956087261e-07,1.70839236014026e-10,2.49860242928227e-08,4.79177410806286e-09,7.66683857290057e-10,3.32806472034736e-07,2.65851053227314e-07,0.0205592550961538,2.22769874013117e-09,2.22769874013117e-09,0,6.13962504388564e-13,1.00838645522049e-09,7.83840863819582e-12,7.83840863819582e-12,0,0,0,7.05992139523424e-11,1.4595232927727e-10,2.33523726843632e-11,2.39764722158581e-10,1.91527837553472e-10,0,2.10318972245833e-08,0.000203495693608881,0.000205592639288017,0,0
5,"DTXSID8020913",0,0,0,0,0,0,0,0,0,0,0,0,0,0,0,0,0,0,0,0,0,0,0,0,0,0,0,0,0,0,0,0
