"household","dtxsid","total.used","dir.derm.exp","dir.derm.max","dir.derm.abs","dir.inhal.exp","dir.inhal.max","dir.inhal.mass","dir.inhal.abs","dir.ingest.exp","dir.ingest.abs","dir.release","ind.derm.exp","ind.derm.pr.exp","ind.derm.ar.exp","ind.derm.max","ind.derm.abs","ind.inhal.exp","ind.inhal.pr.exp","ind.inhal.ar.exp","ind.inhal.amb.in","ind.inhal.amb.out","ind.inhal.max","ind.inhal.mass","ind.inhal.abs","ind.ingest.exp","ind.ingest.abs","out.sur","out.air","drain","waste","food.ing","food.abs"
366,"DTXSID2021781",0,0,0,0,0,0,0,0,0,0,0,0,0,0,0,0,0,0,0,0,0,0,0,0,0,0,0,0,0,0,0,0
366,"DTXSID3020205",0,0,0,0,0,0,0,0,0,0,0,0,0,0,0,0,0,0,0,0,0,0,0,0,0,0,0,0,0,0,0,0
366,"DTXSID7021360",132111.36,0,0,0,0,0,0,0,0,0,0,0.244431856400461,0.244431856400461,0,5.12516281987768e-05,0.000163931268440257,0.131088681995514,0.131088681995514,0,0,0,0.771897512451189,2.06258832709516,0.330014132335226,1.14807680833366e-08,1.14772483553807e-08,0,305.999269938335,0,5.15623758261289,0,0
366,"DTXSID8020462",2228137.64665221,61.8187949190038,0.10171290412981,0.0538467962229387,4.25952154557128e-05,0.00966849708173115,0.00116507777534714,0.000186412444055542,0.00765676467103929,0.00611634425155358,6121.25727102255,0.000279251208907599,0.000279251208907599,0,5.65544472506145e-08,6.47310829159639e-05,2.9169510688745e-06,2.9169510688745e-06,0,0,0,1.57542418069674e-05,4.82998388965832e-05,7.72797422345332e-06,2.98162651179393e-06,2.38177023314669e-06,0,0.00710883496769867,60.5889872122592,61.2126680518886,0,0
366,"DTXSID8020913",2973.645,0,0,0,0.00118410791540033,0.0271389867446001,0.0472459058244733,0.00755934493191574,0,0,8.1693543956044,0.117985223192339,0.117985223192339,0,2.44542608901709e-05,0.000517343723013126,0.00172599109361646,0.00172599109361646,0,0,0,0.00359589345389135,0.0270462624138733,0.00432740198621974,3.93918925905675e-08,3.93805681305017e-08,0,4.50752322172981,0,0.834726316533258,0,0
