"household","dtxsid","total.used","dir.derm.exp","dir.derm.max","dir.derm.abs","dir.inhal.exp","dir.inhal.max","dir.inhal.mass","dir.inhal.abs","dir.ingest.exp","dir.ingest.abs","dir.release","ind.derm.exp","ind.derm.pr.exp","ind.derm.ar.exp","ind.derm.max","ind.derm.abs","ind.inhal.exp","ind.inhal.pr.exp","ind.inhal.ar.exp","ind.inhal.amb.in","ind.inhal.amb.out","ind.inhal.max","ind.inhal.mass","ind.inhal.abs","ind.ingest.exp","ind.ingest.abs","out.sur","out.air","drain","waste","food.ing","food.abs"
698,"DTXSID2021781",0,0,0,0,0,0,0,0,0,0,0,0,0,0,0,0,0,0,0,0,0,0,0,0,0,0,0,0,0,0,0,0
698,"DTXSID3020205",0,0,0,0,0,0,0,0,0,0,0,0,0,0,0,0,0,0,0,0,0,0,0,0,0,0,0,0,0,0,0,0
698,"DTXSID7021360",1143046.43314372,4.10046928571429,0.00788523421747714,0.00275357120037338,3.24025804668853,256.341202644787,150.048696183895,24.0077913894233,0,0,3140.23745369154,1.48625960705071,1.48625960705071,0,0.000416452791793955,0.000998061692007307,2.69681524022575,2.69681524022575,0,0,0,23.3878065609353,64.2579654655889,10.2812744744942,1.22226987281292e-07,1.22189515420439e-07,0,2283.2568265925,0,37.2599315152379,0,0
698,"DTXSID8020462",1251787.22708208,30.5865085888356,0.058235754659126,0.00913869125562875,0.00182457069859473,0.233889656318444,0.0159148708107567,0.00254637932972107,0.0495095517425291,0.0395490099549199,3438.97589857714,1.39998387282242,1.39998387282242,0,0.000316384796107005,0.134296109115136,0.00254925832549444,0.00254925832549444,0,0,0,0.00688145091750097,0.0478246943411725,0.00765195109458761,0.0108169388558988,0.00864074117896365,0,2.54830330720997,431.079508932804,34.4873765039248,0,0
698,"DTXSID8020913",0,0,0,0,0,0,0,0,0,0,0,0,0,0,0,0,0,0,0,0,0,0,0,0,0,0,0,0,0,0,0,0
