"household","dtxsid","total.used","dir.derm.exp","dir.derm.max","dir.derm.abs","dir.inhal.exp","dir.inhal.max","dir.inhal.mass","dir.inhal.abs","dir.ingest.exp","dir.ingest.abs","dir.release","ind.derm.exp","ind.derm.pr.exp","ind.derm.ar.exp","ind.derm.max","ind.derm.abs","ind.inhal.exp","ind.inhal.pr.exp","ind.inhal.ar.exp","ind.inhal.amb.in","ind.inhal.amb.out","ind.inhal.max","ind.inhal.mass","ind.inhal.abs","ind.ingest.exp","ind.ingest.abs","out.sur","out.air","drain","waste","food.ing","food.abs"
599,"DTXSID2021781",225345.874346658,0,0,0,0.013318374084495,2.90758924828272,0.299663416901138,0.0479461467041821,0,0,319.526230906286,167.088967627228,167.088967627228,0,0.022572229821625,62.7075241620893,0.0875676310961961,0.0875676310961961,0,0,0,0.157693685007428,1.69099270699716,0.270558833119545,0.0160962714224191,0.0160865264821597,0,33.9304410843692,0,82.2495608301349,0,0
599,"DTXSID3020205",0,0,0,0,0,0,0,0,0,0,0,0,0,0,0,0,0,0,0,0,0,0,0,0,0,0,0,0,0,0,0,0
599,"DTXSID7021360",791421.48,0,0,0,0,0,0,0,0,0,0,0.457315708300357,0.457315708300357,0,0.000103614341339325,0.000306839886581091,0.266641526691071,0.266641526691071,0,0,0,5.18497958641599,5.08418527435814,0.813469643897303,1.81527835457999e-08,1.81472183380315e-08,0,1696.92837881041,0,21.9105538270494,0,0
599,"DTXSID8020462",524.16,0.00360505429076402,7.04631099104901e-06,0.000223695315515673,2.19599751851951e-06,9.54262726134077e-05,4.93958080160488e-05,7.9033292825678e-06,3.5951420521276e-07,2.87185611270256e-07,0.36,0.117689740609189,0.117689740609189,0,1.61016559841055e-05,0.0307235877000493,0.000325927498525628,0.000325927498525628,0,0,0,0.000417721238861659,0.00562973957892396,0.000900758332627833,0.00119545867536421,0.00095495122433236,0,0.937806088116155,0.0140157156694618,0.0258354716274483,0,0
599,"DTXSID8020913",0,0,0,0,0,0,0,0,0,0,0,0,0,0,0,0,0,0,0,0,0,0,0,0,0,0,0,0,0,0,0,0
