"household","dtxsid","total.used","dir.derm.exp","dir.derm.max","dir.derm.abs","dir.inhal.exp","dir.inhal.max","dir.inhal.mass","dir.inhal.abs","dir.ingest.exp","dir.ingest.abs","dir.release","ind.derm.exp","ind.derm.pr.exp","ind.derm.ar.exp","ind.derm.max","ind.derm.abs","ind.inhal.exp","ind.inhal.pr.exp","ind.inhal.ar.exp","ind.inhal.amb.in","ind.inhal.amb.out","ind.inhal.max","ind.inhal.mass","ind.inhal.abs","ind.ingest.exp","ind.ingest.abs","out.sur","out.air","drain","waste","food.ing","food.abs"
733,"DTXSID2021781",153734.73175872,0,0,0,0.0176061488582443,2.923530253214,0.28609991894647,0.0457759870314353,0,0,422.348164172308,64.9299305695568,64.9299305695568,0,0.0132404296640909,24.0616263716844,0.0718226323795264,0.0718226323795264,0,0,0,0.147134856271762,1.00620769235418,0.160993230776669,0.0764091558925756,0.0763628965670518,0,16.5405660103097,0,71.823882591709,0,0
733,"DTXSID3020205",0,0,0,0,0,0,0,0,0,0,0,0,0,0,0,0,0,0,0,0,0,0,0,0,0,0,0,0,0,0,0,0
733,"DTXSID7021360",1519663,0,0,0,0,0,0,0,0,0,0,0.92610027475417,0.92610027475417,0,0.000225555202804591,0.00061528763959059,0.669011170915752,0.669011170915752,0,0,0,6.82575026363589,9.28020093657415,1.48483214985186,4.50323277957505e-07,4.50185219648242e-07,0,3162.85037876752,0,45.2858367281674,0,0
733,"DTXSID8020462",162805.589689575,0,0,0,0,0,0,0,0,0,0,4.64437361358303e-06,4.64437361358303e-06,0,9.65654794172232e-10,5.68119188209191e-07,3.54681977351007e-08,3.54681977351007e-08,0,0,0,2.88412506934221e-07,4.4564448359263e-07,7.13031173748207e-08,2.73474532169102e-07,2.18455764887933e-07,0,0.00016405731854358,4.42768322892583,4.47268298691352,0,0
733,"DTXSID8020913",0,0,0,0,0,0,0,0,0,0,0,0,0,0,0,0,0,0,0,0,0,0,0,0,0,0,0,0,0,0,0,0
