"household","dtxsid","total.used","dir.derm.exp","dir.derm.max","dir.derm.abs","dir.inhal.exp","dir.inhal.max","dir.inhal.mass","dir.inhal.abs","dir.ingest.exp","dir.ingest.abs","dir.release","ind.derm.exp","ind.derm.pr.exp","ind.derm.ar.exp","ind.derm.max","ind.derm.abs","ind.inhal.exp","ind.inhal.pr.exp","ind.inhal.ar.exp","ind.inhal.amb.in","ind.inhal.amb.out","ind.inhal.max","ind.inhal.mass","ind.inhal.abs","ind.ingest.exp","ind.ingest.abs","out.sur","out.air","drain","waste","food.ing","food.abs"
824,"DTXSID2021781",114775.38018695,0,0,0,0,0,0,0,0,0,0,31.3551958579349,31.3551958579349,0,0.0037550330399686,11.7083225353431,0.0328995410176462,0.0328995410176462,0,0,0,0.0496252331883938,0.854106756061414,0.136657080969826,0.00700153085761802,0.00699729201881233,0,26.6374878577951,0,50.3558105093624,0,0
824,"DTXSID3020205",0,0,0,0,0,0,0,0,0,0,0,0,0,0,0,0,0,0,0,0,0,0,0,0,0,0,0,0,0,0,0,0
824,"DTXSID7021360",1339747.6466048,0,0,0,0,0,0,0,0,0,0,0.224846580860685,0.224846580860685,0,4.04736148162514e-05,0.000150230923343242,0.122655889645442,0.122655889645442,0,0,0,1.88274461041662,2.89111945018504,0.462579112029607,2.07053916187863e-08,2.06990438426454e-08,5.48279020491878,2656.97847944932,0,39.3208536945496,0,0
824,"DTXSID8020462",16874.625,0,0,0,0,0,0,0,0,0,0,2.56910795789282e-05,2.56910795789282e-05,0,3.11926933541718e-09,3.43071133489279e-06,6.0492374447418e-08,6.0492374447418e-08,0,0,0,5.54504647033448e-07,1.42779602169172e-06,2.28447363470675e-07,3.10985051692864e-07,2.48419758861749e-07,0,0.000863820873757764,0.457337954282251,0.463602223131809,0,0
824,"DTXSID8020913",2166.145127965,0.02975474076875,5.88659546417968e-05,0.000129629228016421,0.000387863075137338,0.0215604257169568,0.0116358922541201,0.00186174276065922,0,0,5.95094815375,0.0716080245310791,0.0716080245310791,0,8.97259532399191e-06,0.000311966652516214,0.000419599184945024,0.000419599184945024,0,0,0,0.000617948902456194,0.00979838598551176,0.00156774175768188,4.67466833788692e-08,4.6733244548838e-08,0,4.45484784320456,0,0.655195078269537,0,0
