"household","dtxsid","total.used","dir.derm.exp","dir.derm.max","dir.derm.abs","dir.inhal.exp","dir.inhal.max","dir.inhal.mass","dir.inhal.abs","dir.ingest.exp","dir.ingest.abs","dir.release","ind.derm.exp","ind.derm.pr.exp","ind.derm.ar.exp","ind.derm.max","ind.derm.abs","ind.inhal.exp","ind.inhal.pr.exp","ind.inhal.ar.exp","ind.inhal.amb.in","ind.inhal.amb.out","ind.inhal.max","ind.inhal.mass","ind.inhal.abs","ind.ingest.exp","ind.ingest.abs","out.sur","out.air","drain","waste","food.ing","food.abs"
493,"DTXSID2021781",0,0,0,0,0,0,0,0,0,0,0,0,0,0,0,0,0,0,0,0,0,0,0,0,0,0,0,0,0,0,0,0
493,"DTXSID3020205",0,0,0,0,0,0,0,0,0,0,0,0,0,0,0,0,0,0,0,0,0,0,0,0,0,0,0,0,0,0,0,0
493,"DTXSID7021360",1070041.56612562,10.2288751732495,0.0185890609001723,0.00683969317989353,1.98913889516527,279.311180129351,100.24391543696,16.0390264699137,0,0,2939.67463221324,0.834001280331457,0.834001280331457,0,0.000135082930669415,0.000557667480320146,0.483321799959239,0.483321799959239,0,0,0,4.21594317737876,12.2153049031908,1.95444878451053,2.66710635476386e-07,2.66628868396605e-07,18.290301882688,2463.22102626173,0,33.3433849608493,0,0
493,"DTXSID8020462",0,0,0,0,0,0,0,0,0,0,0,0,0,0,0,0,0,0,0,0,0,0,0,0,0,0,0,0,0,0,0,0
493,"DTXSID8020913",3342.789157368,0.0459174334803297,8.34463176926522e-05,0.000200309835354321,0.00060010281101703,0.033228795195898,0.0180030843305109,0.00288049349288174,0,0,9.18348669606593,0.325040563374801,0.325040563374801,0,3.66026766992639e-05,0.00141795107148038,0.00222151712931626,0.00222151712931626,0,0,0,0.00311658115037159,0.0507006627194895,0.00811210603511832,7.37300922973648e-07,7.3708896222971e-07,0,6.45330088795732,0,0.984651530456757,0,0
