"household","dtxsid","total.used","dir.derm.exp","dir.derm.max","dir.derm.abs","dir.inhal.exp","dir.inhal.max","dir.inhal.mass","dir.inhal.abs","dir.ingest.exp","dir.ingest.abs","dir.release","ind.derm.exp","ind.derm.pr.exp","ind.derm.ar.exp","ind.derm.max","ind.derm.abs","ind.inhal.exp","ind.inhal.pr.exp","ind.inhal.ar.exp","ind.inhal.amb.in","ind.inhal.amb.out","ind.inhal.max","ind.inhal.mass","ind.inhal.abs","ind.ingest.exp","ind.ingest.abs","out.sur","out.air","drain","waste","food.ing","food.abs"
635,"DTXSID2021781",125178.963189432,0,0,0,0,0,0,0,0,0,0,31.4274489672395,31.4274489672395,0,0.00638424593456949,11.7977033995869,0.0168808170681829,0.0168808170681829,0,0,0,0.0375890172233729,0.249129930601788,0.0398607888962862,0.0095036356745131,0.00949788202141758,0,26.7386573859319,0,53.0735411383812,0,0
635,"DTXSID3020205",0,0,0,0,0,0,0,0,0,0,0,0,0,0,0,0,0,0,0,0,0,0,0,0,0,0,0,0,0,0,0,0
635,"DTXSID7021360",681049.72,0,0,0,0,0,0,0,0,0,0,0.437384660952684,0.437384660952684,0,9.38397764885581e-05,0.000293586421099701,0.394703815029004,0.394703815029004,0,0,0,2.70743356155986,6.1954607089813,0.991273713437009,5.45072226204877e-08,5.44905120142056e-08,0,1481.39506324708,0,21.2053700586272,0,0
635,"DTXSID8020462",12516,0.0701232833378626,0.000153607256181812,0.00423035109986366,4.09778385634259e-05,0.00185580559920635,0.000768048907989719,0.000122887825278355,2.73708163344237e-05,2.1864239315149e-05,7,1.8142095433581,1.8142095433581,0,0.000370585120823134,0.590474237380586,0.0041474622691609,0.0041474622691609,0,0,0,0.00489133981780887,0.050826347358217,0.00813221557731472,0.0721024905904532,0.0575966054583932,0,16.9603388564741,0.334908566591345,1.28977189402927,0,0
635,"DTXSID8020913",0,0,0,0,0,0,0,0,0,0,0,0,0,0,0,0,0,0,0,0,0,0,0,0,0,0,0,0,0,0,0,0
