"household","dtxsid","total.used","dir.derm.exp","dir.derm.max","dir.derm.abs","dir.inhal.exp","dir.inhal.max","dir.inhal.mass","dir.inhal.abs","dir.ingest.exp","dir.ingest.abs","dir.release","ind.derm.exp","ind.derm.pr.exp","ind.derm.ar.exp","ind.derm.max","ind.derm.abs","ind.inhal.exp","ind.inhal.pr.exp","ind.inhal.ar.exp","ind.inhal.amb.in","ind.inhal.amb.out","ind.inhal.max","ind.inhal.mass","ind.inhal.abs","ind.ingest.exp","ind.ingest.abs","out.sur","out.air","drain","waste","food.ing","food.abs"
84,"DTXSID2021781",0,0,0,0,0,0,0,0,0,0,0,0,0,0,0,0,0,0,0,0,0,0,0,0,0,0,0,0,0,0,0,0
84,"DTXSID3020205",22159.573401438,0,0,0,0,0,0,0,0,0,0,12.8213943104614,12.8213943104614,0,0.00161051256869885,4.90613943999925,0.0228903160402902,0.0228903160402902,0,0,0,0.0361424953930474,0.596371776291045,0.0954194842065671,0.000566651155844535,0.000566379620010561,0,1.19446176844075,0.000758500871279195,9.89005634382162,0,0
84,"DTXSID7021360",108180.259634208,0.125423258930769,0.000247772856365879,8.36776119301598e-05,0.000261124127747581,0.0333912391400868,0.0109672133653984,0.00175475413846375,0,0,250.846517861538,0.00883072863802997,0.00883072863802997,0,1.54380377456019e-06,5.89152506837426e-06,0.00538693106402722,0.00538693106402722,0,0,0,0.062262792565372,0.135875818756072,0.0217401310009715,1.17351767737803e-10,1.17315790502257e-10,3.35205519592168,277.144351872255,0,2.97803067535354,0,0
84,"DTXSID8020462",4067473.2341698,112.85795588748,0.220742814353611,0.0272948880696998,2.22738337852249e-05,0.011920001194768,0.00077930549776865,0.000124688879642984,0.00117797431059514,0.000940984438288658,11174.37701695,0.000182108530207185,0.000182108530207185,0,2.2972355382829e-08,1.3958751884916e-05,6.21002686665376e-07,6.21002686665376e-07,0,0,0,4.8125408635102e-06,1.4722097510819e-05,2.35553560173104e-06,1.82868843309205e-07,1.46078513134019e-07,0,0.00361097392904859,110.620019793535,111.743817613361,0,0
84,"DTXSID8020913",0,0,0,0,0,0,0,0,0,0,0,0,0,0,0,0,0,0,0,0,0,0,0,0,0,0,0,0,0,0,0,0
