"household","dtxsid","total.used","dir.derm.exp","dir.derm.max","dir.derm.abs","dir.inhal.exp","dir.inhal.max","dir.inhal.mass","dir.inhal.abs","dir.ingest.exp","dir.ingest.abs","dir.release","ind.derm.exp","ind.derm.pr.exp","ind.derm.ar.exp","ind.derm.max","ind.derm.abs","ind.inhal.exp","ind.inhal.pr.exp","ind.inhal.ar.exp","ind.inhal.amb.in","ind.inhal.amb.out","ind.inhal.max","ind.inhal.mass","ind.inhal.abs","ind.ingest.exp","ind.ingest.abs","out.sur","out.air","drain","waste","food.ing","food.abs"
225,"DTXSID2021781",0,0,0,0,0,0,0,0,0,0,0,0,0,0,0,0,0,0,0,0,0,0,0,0,0,0,0,0,0,0,0,0
225,"DTXSID3020205",0,0,0,0,0,0,0,0,0,0,0,0,0,0,0,0,0,0,0,0,0,0,0,0,0,0,0,0,0,0,0,0
225,"DTXSID7021360",530500,0.522307142857143,0.00109975243723493,0.00035146495197846,0.423980304841885,59.2210830291088,12.9854689015749,2.07767502425199,0,0,1457.41758241758,0.0554503627377111,0.0554503627377111,0,1.10563002009129e-05,3.7313023341877e-05,0.013091190447647,0.013091190447647,0,0,0,0.217503203841277,0.338232461616013,0.0541171938585621,1.31444770516069e-09,1.31404472704103e-09,8.80512093967159e-07,1158.42807404499,0,15.7729756764024,0,0
225,"DTXSID8020462",248507.80013696,6.8951640597645,0.0143744868305666,0.00247023332191812,1.89195848967465e-06,0.000678838466839615,6.43390796244107e-05,1.02942527399057e-05,0.00037374911266198,0.00029855667961166,682.71373664,1.19126822190275e-05,1.19126822190275e-05,0,1.52176884169779e-09,2.4446948354305e-06,2.01408757982242e-08,2.01408757982242e-08,0,0,0,2.71223559146246e-07,5.02700768965181e-07,8.04321230344289e-08,5.66420224486956e-08,4.52465399270817e-08,0,0.000186654294044266,6.75839102509579,6.8271383530957,0,0
225,"DTXSID8020913",0,0,0,0,0,0,0,0,0,0,0,0,0,0,0,0,0,0,0,0,0,0,0,0,0,0,0,0,0,0,0,0
