"household","dtxsid","total.used","dir.derm.exp","dir.derm.max","dir.derm.abs","dir.inhal.exp","dir.inhal.max","dir.inhal.mass","dir.inhal.abs","dir.ingest.exp","dir.ingest.abs","dir.release","ind.derm.exp","ind.derm.pr.exp","ind.derm.ar.exp","ind.derm.max","ind.derm.abs","ind.inhal.exp","ind.inhal.pr.exp","ind.inhal.ar.exp","ind.inhal.amb.in","ind.inhal.amb.out","ind.inhal.max","ind.inhal.mass","ind.inhal.abs","ind.ingest.exp","ind.ingest.abs","out.sur","out.air","drain","waste","food.ing","food.abs"
647,"DTXSID2021781",0,0,0,0,0,0,0,0,0,0,0,0,0,0,0,0,0,0,0,0,0,0,0,0,0,0,0,0,0,0,0,0
647,"DTXSID3020205",3630.7236688,0,0,0,0,0,0,0,0,0,0,2.6508535227435,2.6508535227435,0,0.000335234328752281,1.01074210903852,0.000913489658800627,0.000913489658800627,0,0,0,0.00159407457024712,0.0236821967601302,0.00378915148162084,0.00119355634445463,0.00119298439941571,0,0.11532978569576,0.00083145963415229,1.50627270517892,0,0
647,"DTXSID7021360",7328.357169984,0,0,0,0,0,0,0,0,0,0,0.00912016045820282,0.00912016045820282,0,1.62002479494873e-06,6.06805791507988e-06,0.00571598177091459,0.00571598177091459,0,0,0,0.0485468061241674,0.143866996155526,0.0230187193848842,1.23577184930509e-09,1.23539299131461e-09,0,15.0095347969396,0,0.20633527754326,0,0
647,"DTXSID8020462",4510.2238272,0,0,0,7.29379957142994e-05,0.00527077401659011,0.000656441961428694,0.000105030713828591,0.00196932588428608,0.00157312854309703,12.3907248,0.0104968283188502,0.0104968283188502,0,1.34793987929667e-06,0.00341841255489307,4.53136271800974e-05,4.53136271800974e-05,0,0,0,9.57146798015708e-05,0.000989348461107597,0.000158295753777216,0.000457872203884615,0.000365755530239603,0,0.119418123442164,12.0895492864155,0.125627978128147,0,0
647,"DTXSID8020913",0,0,0,0,0,0,0,0,0,0,0,0,0,0,0,0,0,0,0,0,0,0,0,0,0,0,0,0,0,0,0,0
