"household","dtxsid","total.used","dir.derm.exp","dir.derm.max","dir.derm.abs","dir.inhal.exp","dir.inhal.max","dir.inhal.mass","dir.inhal.abs","dir.ingest.exp","dir.ingest.abs","dir.release","ind.derm.exp","ind.derm.pr.exp","ind.derm.ar.exp","ind.derm.max","ind.derm.abs","ind.inhal.exp","ind.inhal.pr.exp","ind.inhal.ar.exp","ind.inhal.amb.in","ind.inhal.amb.out","ind.inhal.max","ind.inhal.mass","ind.inhal.abs","ind.ingest.exp","ind.ingest.abs","out.sur","out.air","drain","waste","food.ing","food.abs"
27,"DTXSID2021781",0,0,0,0,0,0,0,0,0,0,0,0,0,0,0,0,0,0,0,0,0,0,0,0,0,0,0,0,0,0,0,0
27,"DTXSID3020205",0,0,0,0,0,0,0,0,0,0,0,0,0,0,0,0,0,0,0,0,0,0,0,0,0,0,0,0,0,0,0,0
27,"DTXSID7021360",256945.738241925,0.352947442640007,0.000579657455776752,0.000237199407786618,0.000734813006733793,0.0831340925280218,0.0308621462828193,0.00493794340525109,0,0,705.894885280014,0,0,0,0,0,0,0,0,0,0,0,0,0,0,0,5.38425216879229,693.451684258421,0,7.05894885280014,0,0
27,"DTXSID8020462",658.35,0.0105179263571544,1.710430317517e-05,0.000627622892821484,6.19288213832553e-06,0.000278305275401303,0.000185742595220128,2.97188152352205e-05,2.66001010938759e-07,2.12485798383808e-07,1.05,0.0689537683393999,0.0689537683393999,0,1.3235293537628e-05,0.0143995612389256,0.000652820774775503,0.000652820774775503,0,0,0,0.00101237037989256,0.0130046821780616,0.00208074914848986,0.000177570890893676,0.000141846425275255,0,1.3778290540562,0.0176145223425795,0.0301962333451492,0,0
27,"DTXSID8020913",490.61711736,0.00673924611758242,1.10680905608817e-05,2.96556070991606e-05,2.80184096418035e-05,0.00281062416469502,0.00117677320495575,0.000188283712792919,0,0,1.34784922351648,0,0,0,0,0,0,0,0,0,0,0,0,0,0,0,0,0,0,0.0134784922351648,0,0
