"household","dtxsid","total.used","dir.derm.exp","dir.derm.max","dir.derm.abs","dir.inhal.exp","dir.inhal.max","dir.inhal.mass","dir.inhal.abs","dir.ingest.exp","dir.ingest.abs","dir.release","ind.derm.exp","ind.derm.pr.exp","ind.derm.ar.exp","ind.derm.max","ind.derm.abs","ind.inhal.exp","ind.inhal.pr.exp","ind.inhal.ar.exp","ind.inhal.amb.in","ind.inhal.amb.out","ind.inhal.max","ind.inhal.mass","ind.inhal.abs","ind.ingest.exp","ind.ingest.abs","out.sur","out.air","drain","waste","food.ing","food.abs"
122,"DTXSID2021781",0,0,0,0,0,0,0,0,0,0,0,0,0,0,0,0,0,0,0,0,0,0,0,0,0,0,0,0,0,0,0,0
122,"DTXSID3020205",3988.8,0.0827764405797903,0.000172717378038332,0.0212321646626984,0.000129171606616027,0.0107098371969614,0.00273592459579285,0.000437747935326857,7.95046309280158e-06,7.94665327859029e-06,10.9582417582418,2.47570572143042,2.47570572143042,0,0.000507065899222521,0.939867492374496,0.00115303957868925,0.00115303957868925,0,0,0,0.00277865773536905,0.0197164394380851,0.00315463031009362,0.00416349850868181,0.00416150338517744,0,0.187728006589687,0.0543242734719524,1.84770777221494,0,0
122,"DTXSID7021360",1195669.66,16.4240337912088,0.0344982978905606,0.0108985114298153,3.3779261369203,427.81971389552,113.400614201429,18.1440982722286,0,0,3284.80675824176,2.60094142422441,2.60094142422441,0,0.000649706381466794,0.00172590825298018,0.971469016862317,0.971469016862317,0,0,0,7.48504764643176,14.7041886285418,2.35267018056669,1.31854666507793e-06,1.31814243031554e-06,0,2638.81961481091,0,38.0393251802853,0,0
122,"DTXSID8020462",0,0,0,0,0,0,0,0,0,0,0,0,0,0,0,0,0,0,0,0,0,0,0,0,0,0,0,0,0,0,0,0
122,"DTXSID8020913",0,0,0,0,0,0,0,0,0,0,0,0,0,0,0,0,0,0,0,0,0,0,0,0,0,0,0,0,0,0,0,0
