"household","dtxsid","total.used","dir.derm.exp","dir.derm.max","dir.derm.abs","dir.inhal.exp","dir.inhal.max","dir.inhal.mass","dir.inhal.abs","dir.ingest.exp","dir.ingest.abs","dir.release","ind.derm.exp","ind.derm.pr.exp","ind.derm.ar.exp","ind.derm.max","ind.derm.abs","ind.inhal.exp","ind.inhal.pr.exp","ind.inhal.ar.exp","ind.inhal.amb.in","ind.inhal.amb.out","ind.inhal.max","ind.inhal.mass","ind.inhal.abs","ind.ingest.exp","ind.ingest.abs","out.sur","out.air","drain","waste","food.ing","food.abs"
517,"DTXSID2021781",212126.34464406,0,0,0,0.0121492304568339,1.39334914446009,0.364476913705018,0.0583163061928029,0,0,291.382341544038,85.5718818906573,85.5718818906573,0,0.0109510693068227,32.0068564546171,0.0473767443601604,0.0473767443601604,0,0,0,0.0786910680598778,1.21825928255622,0.194921485208995,0.00228043613075163,0.00227905551823109,0,33.5921196702343,0,73.3037229140586,0,0
517,"DTXSID3020205",3720.096,0.0782385706162894,0.000154098916090663,0.0196920829307536,0.000116949053242328,0.0114886004296247,0.00371529265832591,0.000594446825332146,1.4942452853935e-07,1.49352925201821e-07,10.220043956044,1.34581411035662,1.34581411035662,0,0.000172185824890033,0.516614527197831,0.000683495134232184,0.000683495134232184,0,0,0,0.00109102582035477,0.0177716385366334,0.00284346216586134,4.91905042037495e-05,4.91669324092781e-05,0,0.121129140371178,0.0526803280935469,1.27601983716305,0,0
517,"DTXSID7021360",1465573.40804315,0,0,0,0.0571389108409146,24.3576174099814,2.09128413677747,0.334605461884396,0,0,44.863336886,0.33325488036604,0.33325488036604,0,7.3561367094522e-05,0.000222944492410512,0.271224976585491,0.271224976585491,0,0,0,3.31493605338629,6.09218593702668,0.974749749924269,3.66098055590203e-09,3.65985818712713e-09,0,2154.00777426812,0,65.7408583742979,0,0
517,"DTXSID8020462",0,0,0,0,0,0,0,0,0,0,0,0,0,0,0,0,0,0,0,0,0,0,0,0,0,0,0,0,0,0,0,0
517,"DTXSID8020913",0,0,0,0,0,0,0,0,0,0,0,0,0,0,0,0,0,0,0,0,0,0,0,0,0,0,0,0,0,0,0,0
