"household","dtxsid","total.used","dir.derm.exp","dir.derm.max","dir.derm.abs","dir.inhal.exp","dir.inhal.max","dir.inhal.mass","dir.inhal.abs","dir.ingest.exp","dir.ingest.abs","dir.release","ind.derm.exp","ind.derm.pr.exp","ind.derm.ar.exp","ind.derm.max","ind.derm.abs","ind.inhal.exp","ind.inhal.pr.exp","ind.inhal.ar.exp","ind.inhal.amb.in","ind.inhal.amb.out","ind.inhal.max","ind.inhal.mass","ind.inhal.abs","ind.ingest.exp","ind.ingest.abs","out.sur","out.air","drain","waste","food.ing","food.abs"
780,"DTXSID2021781",0,0,0,0,0,0,0,0,0,0,0,0,0,0,0,0,0,0,0,0,0,0,0,0,0,0,0,0,0,0,0,0
780,"DTXSID3020205",19512.455403,0.271547659515523,0.000619518850896308,0.103967984659796,0.000900690721921221,0.0416102687305094,0.0180136021150198,0.00288217633840317,1.61282848094954e-07,1.61205562321844e-07,53.6056467115385,7.1952051106344,7.1952051106344,0,0.00123443161920538,2.75460695689152,0.00773912705798101,0.00773912705798101,0,0,0,0.0144965003443861,0.134573222443418,0.0215317155909469,0.00681376857662526,0.00681050345960595,0,0.401858903851466,0.0068318268593176,8.53162870571133,0,0
780,"DTXSID7021360",22672.8318885,0.311439998468407,0.00071071131798927,0.000208030918224383,0.0648824733040829,2.9977463842487,1.29764946608166,0.207623914573065,0,0,62.2879996936813,0.00518334911729748,0.00518334911729748,0,1.32045402619561e-06,3.46229313606347e-06,0.00378017187510642,0.00378017187510642,0,0,0,0.0533743643237138,0.0652961275549285,0.0104473804087886,1.47699011358307e-09,1.476537303862e-09,0,38.0821013233159,0,0.626700426636044,0,0
780,"DTXSID8020462",1853.488682185,0,0,0,0,0,0,0,0,0,0,0.00312769145306448,0.00312769145306448,0,5.43127108322502e-07,0.000376273794331478,4.33826679593609e-06,4.33826679593609e-06,0,0,0,1.1194907353402e-05,6.41923123410792e-05,1.02707699745727e-05,0.000105572048938278,8.43326159795272e-05,0,0.0481751351967541,4.96001558186761,0.0521181544507541,0,0
780,"DTXSID8020913",0,0,0,0,0,0,0,0,0,0,0,0,0,0,0,0,0,0,0,0,0,0,0,0,0,0,0,0,0,0,0,0
