"household","dtxsid","total.used","dir.derm.exp","dir.derm.max","dir.derm.abs","dir.inhal.exp","dir.inhal.max","dir.inhal.mass","dir.inhal.abs","dir.ingest.exp","dir.ingest.abs","dir.release","ind.derm.exp","ind.derm.pr.exp","ind.derm.ar.exp","ind.derm.max","ind.derm.abs","ind.inhal.exp","ind.inhal.pr.exp","ind.inhal.ar.exp","ind.inhal.amb.in","ind.inhal.amb.out","ind.inhal.max","ind.inhal.mass","ind.inhal.abs","ind.ingest.exp","ind.ingest.abs","out.sur","out.air","drain","waste","food.ing","food.abs"
184,"DTXSID2021781",0,0,0,0,0,0,0,0,0,0,0,0,0,0,0,0,0,0,0,0,0,0,0,0,0,0,0,0,0,0,0,0
184,"DTXSID3020205",0,0,0,0,0,0,0,0,0,0,0,0,0,0,0,0,0,0,0,0,0,0,0,0,0,0,0,0,0,0,0,0
184,"DTXSID7021360",1431650.13301654,19.6655238051723,0.0369371154042136,0.0131086511164147,3.88346281851693,670.35211252774,117.97588761374,18.8761420181984,0,0,3933.10476103446,0.660903643486624,0.660903643486624,0,0.000172593180729681,0.000440545335731018,0.851280639869833,0.851280639869833,0,0,0,6.33454201352592,19.6248154155756,3.1399704664921,3.78516017699182e-08,3.7839997377254e-08,0,3274.94168658216,0,60.4557416067858,0,0
184,"DTXSID8020462",355044.208588069,0,0,0,0,0,0,0,0,0,0,0.280645525680401,0.280645525680401,0,5.19120381747104e-05,0.0628874426513944,0.00155852144519066,0.00155852144519066,0,0,0,0.0043405736649465,0.033463244780527,0.00535411916488432,0.00355376587794533,0.00283880417288414,0,7.64137339715526,951.720397105409,9.89502964234668,0,0
184,"DTXSID8020913",1480.927755072,0.020342414218022,3.82084967080189e-05,8.82653055555177e-05,0.000263725375761,0.0147808563070035,0.00791176127282999,0.0012658818036528,0,0,4.0684828436044,0.0379198565030707,0.0379198565030707,0,7.30740657825709e-06,0.000164533389511329,0.000530675352791749,0.000530675352791749,0,0,0,0.00101460235311307,0.0113183764613507,0.00181094023381611,1.53697292651032e-08,1.53653107445946e-08,0,2.49067070366797,0,0.441384509153705,0,0
