"household","dtxsid","total.used","dir.derm.exp","dir.derm.max","dir.derm.abs","dir.inhal.exp","dir.inhal.max","dir.inhal.mass","dir.inhal.abs","dir.ingest.exp","dir.ingest.abs","dir.release","ind.derm.exp","ind.derm.pr.exp","ind.derm.ar.exp","ind.derm.max","ind.derm.abs","ind.inhal.exp","ind.inhal.pr.exp","ind.inhal.ar.exp","ind.inhal.amb.in","ind.inhal.amb.out","ind.inhal.max","ind.inhal.mass","ind.inhal.abs","ind.ingest.exp","ind.ingest.abs","out.sur","out.air","drain","waste","food.ing","food.abs"
375,"DTXSID2021781",0,0,0,0,0,0,0,0,0,0,0,0,0,0,0,0,0,0,0,0,0,0,0,0,0,0,0,0,0,0,0,0
375,"DTXSID3020205",0,0,0,0,0,0,0,0,0,0,0,0,0,0,0,0,0,0,0,0,0,0,0,0,0,0,0,0,0,0,0,0
375,"DTXSID7021360",777981.2979752,0,0,0,0.17584089366789,7.19942244695237,8.49311516415909,1.35889842626545,0,0,167.136131868132,0.0995483371259758,0.0995483371259758,0,2.53896318086649e-05,6.67579422340189e-05,0.0838572415710703,0.0838572415710703,0,0,0,1.25521932141015,2.01724415311433,0.322759064498293,2.19265934701573e-09,2.19198713028376e-09,0,1453.71472269455,0,22.4737717378846,0,0
375,"DTXSID8020462",11403,0.156132406202501,0.000282700021290122,0.00844165241424868,8.45381078480478e-05,0.00413180183966855,0.00243020428854593,0.000388832686167349,2.93990905584334e-06,2.34844567207484e-06,15.5769230769231,0.409983797081227,0.409983797081227,0,9.90036817677371e-05,0.0363663097333462,0.00129261092882082,0.00129261092882082,0,0,0,0.00190277910434749,0.023056042722193,0.00368896683555088,0.000785594945552685,0.000627545619555852,0,22.3339404743233,0.305473238271394,0.678152964545886,0,0
375,"DTXSID8020913",2842.301147712,0.0390425981828571,7.13937673362412e-05,0.000171170998405934,0.000685028943099168,0.0249599371995345,0.0196945821141011,0.00315113313825617,0,0,7.80851963657143,0.0262417733338592,0.0262417733338592,0,6.34302016572522e-06,0.000115049459934879,0.000388888393101243,0.000388888393101243,0,0,0,0.000899226244587993,0.00748247376947913,0.00119719580311666,4.10838680543739e-09,4.10720571818179e-09,0,5.60290270690162,0,0.816270833655816,0,0
