"household","dtxsid","total.used","dir.derm.exp","dir.derm.max","dir.derm.abs","dir.inhal.exp","dir.inhal.max","dir.inhal.mass","dir.inhal.abs","dir.ingest.exp","dir.ingest.abs","dir.release","ind.derm.exp","ind.derm.pr.exp","ind.derm.ar.exp","ind.derm.max","ind.derm.abs","ind.inhal.exp","ind.inhal.pr.exp","ind.inhal.ar.exp","ind.inhal.amb.in","ind.inhal.amb.out","ind.inhal.max","ind.inhal.mass","ind.inhal.abs","ind.ingest.exp","ind.ingest.abs","out.sur","out.air","drain","waste","food.ing","food.abs"
728,"DTXSID2021781",0,0,0,0,0,0,0,0,0,0,0,0,0,0,0,0,0,0,0,0,0,0,0,0,0,0,0,0,0,0,0,0
728,"DTXSID3020205",0,0,0,0,0,0,0,0,0,0,0,0,0,0,0,0,0,0,0,0,0,0,0,0,0,0,0,0,0,0,0,0
728,"DTXSID7021360",740413.8593968,10.1705200466593,0.0180687577530705,0.00678472940074379,2.10108306843518,206.518463292663,105.894510780507,16.9431217248811,0,0,2034.10400933187,0.590215842369993,0.590215842369993,0,0.000102803003494269,0.000393731551699995,0.387417754452189,0.387417754452189,0,0,0,3.54091515160628,8.43390580291771,1.34942492846683,2.04263548585584e-08,2.04200926283913e-08,0,1404.96456813011,0,22.0584325875877,0,0
728,"DTXSID8020462",3330.6,0.0922781107557587,0.00018178548795907,0.00119341266407197,9.63181796298432e-07,0.000212736548498504,1.94160645617109e-05,3.10657032987374e-06,7.63616409814356e-06,6.09988818936244e-06,9.15,1.07033746098118e-05,1.07033746098118e-05,0,1.3404050809826e-09,2.62560177729387e-06,4.33706660235297e-08,4.33706660235297e-08,0,0,0,3.3231932302291e-07,1.04240956095403e-06,1.66785529752645e-07,8.95881845069292e-08,7.1564453245982e-08,0,0.000158619983846268,0.0903192738200021,0.0915003732771187,0,0
728,"DTXSID8020913",0,0,0,0,0,0,0,0,0,0,0,0,0,0,0,0,0,0,0,0,0,0,0,0,0,0,0,0,0,0,0,0
