"household","dtxsid","total.used","dir.derm.exp","dir.derm.max","dir.derm.abs","dir.inhal.exp","dir.inhal.max","dir.inhal.mass","dir.inhal.abs","dir.ingest.exp","dir.ingest.abs","dir.release","ind.derm.exp","ind.derm.pr.exp","ind.derm.ar.exp","ind.derm.max","ind.derm.abs","ind.inhal.exp","ind.inhal.pr.exp","ind.inhal.ar.exp","ind.inhal.amb.in","ind.inhal.amb.out","ind.inhal.max","ind.inhal.mass","ind.inhal.abs","ind.ingest.exp","ind.ingest.abs","out.sur","out.air","drain","waste","food.ing","food.abs"
112,"DTXSID2021781",0,0,0,0,0,0,0,0,0,0,0,0,0,0,0,0,0,0,0,0,0,0,0,0,0,0,0,0,0,0,0,0
112,"DTXSID3020205",0,0,0,0,0,0,0,0,0,0,0,0,0,0,0,0,0,0,0,0,0,0,0,0,0,0,0,0,0,0,0,0
112,"DTXSID7021360",202699.38378704,0.278433219487692,0.000449522971244934,0.000186675195771087,0.000579680300608169,0.0932357458813542,0.0243465726255431,0.0038954516200869,0,0,556.866438975385,0,0,0,0,0,0,0,0,0,0,0,0,0,0,0,17.9794088445638,533.318365741067,0,5.56866438975385,0,0
112,"DTXSID8020462",9172.8,0.126351185174743,0.00020198513594576,0.00671779488452257,6.44434921645689e-05,0.00334326432222886,0.00193251163734836,0.000309201861975737,5.47940280576911e-06,4.37703328923957e-06,12.6,2.16809127337609,2.16809127337609,0,0.000238121060559989,0.677646452537267,0.00236389186868548,0.00236389186868548,0,0,0,0.00255823829900826,0.0504780816190417,0.00807649305904667,0.00956370609421641,0.00763963910424958,0,12.5479166849972,0.245951660090178,1.89628945075234,0,0
112,"DTXSID8020913",3009.435997232,0.0413384065553846,6.67397495726223e-05,0.000181162220125317,0.000567568120090008,0.0292090380232876,0.0170270436027002,0.00272432697643204,0,0,8.26768131107692,0.148808188346322,0.148808188346322,0,1.68599758318328e-05,0.000652139771378447,0.00116796049778141,0.00116796049778141,0,0,0,0.00164812679212254,0.0252253252597024,0.00403605204155239,1.52142669831947e-08,1.52098931552939e-08,0,6.01143075877121,0,0.969946393508102,0,0
