"household","dtxsid","total.used","dir.derm.exp","dir.derm.max","dir.derm.abs","dir.inhal.exp","dir.inhal.max","dir.inhal.mass","dir.inhal.abs","dir.ingest.exp","dir.ingest.abs","dir.release","ind.derm.exp","ind.derm.pr.exp","ind.derm.ar.exp","ind.derm.max","ind.derm.abs","ind.inhal.exp","ind.inhal.pr.exp","ind.inhal.ar.exp","ind.inhal.amb.in","ind.inhal.amb.out","ind.inhal.max","ind.inhal.mass","ind.inhal.abs","ind.ingest.exp","ind.ingest.abs","out.sur","out.air","drain","waste","food.ing","food.abs"
282,"DTXSID2021781",0,0,0,0,0,0,0,0,0,0,0,0,0,0,0,0,0,0,0,0,0,0,0,0,0,0,0,0,0,0,0,0
282,"DTXSID3020205",6003.39112144,0.0825177258685621,0.000159015551032382,0.0318438508091985,0.000277507779715485,0.0135603267356688,0.00832522855592238,0.00133203656894758,3.35094305639473e-10,3.34933730458777e-10,16.4928327512088,5.10319053348349,5.10319053348349,0,0.000593008441532109,1.96888915407879,0.00320245968628657,0.00320245968628657,0,0,0,0.00496789619505272,0.0835157910684414,0.0133625265709506,0.00119172615266757,0.00119115508464557,0,0.175670069698034,0.000103973512535148,4.03911132778086,0,0
282,"DTXSID7021360",13727.878298016,0.188569756840879,0.000363387443359475,0.000126730306239615,0.0347857347328342,1.70776789750305,1.04467345077911,0.167147752124658,0,0,37.7139513681758,0.0083995627927289,0.0083995627927289,0,1.35914287430452e-06,5.6450149168234e-06,0.00719178686726304,0.00719178686726304,0,0,0,0.0715167177497846,0.186334650600213,0.0298135440960341,5.892591186573e-10,5.89078465953739e-10,0,23.5078486576598,0,0.387145676183261,0,0
282,"DTXSID8020462",1852716.55909496,0,0,0,0,0,0,0,0,0,0,0.705254560615953,0.705254560615953,0,8.30996700569182e-05,0.139599029470079,0.00166168530106823,0.00166168530106823,0,0,0,0.0042425667974973,0.0376826411409716,0.00602922258255546,0.00958417733813186,0.00765599185641369,0,5.35631317010969,572.550979522344,51.2126953562121,0,0
282,"DTXSID8020913",0,0,0,0,0,0,0,0,0,0,0,0,0,0,0,0,0,0,0,0,0,0,0,0,0,0,0,0,0,0,0,0
