"household","dtxsid","total.used","dir.derm.exp","dir.derm.max","dir.derm.abs","dir.inhal.exp","dir.inhal.max","dir.inhal.mass","dir.inhal.abs","dir.ingest.exp","dir.ingest.abs","dir.release","ind.derm.exp","ind.derm.pr.exp","ind.derm.ar.exp","ind.derm.max","ind.derm.abs","ind.inhal.exp","ind.inhal.pr.exp","ind.inhal.ar.exp","ind.inhal.amb.in","ind.inhal.amb.out","ind.inhal.max","ind.inhal.mass","ind.inhal.abs","ind.ingest.exp","ind.ingest.abs","out.sur","out.air","drain","waste","food.ing","food.abs"
249,"DTXSID2021781",0,0,0,0,0,0,0,0,0,0,0,0,0,0,0,0,0,0,0,0,0,0,0,0,0,0,0,0,0,0,0,0
249,"DTXSID3020205",0,0,0,0,0,0,0,0,0,0,0,0,0,0,0,0,0,0,0,0,0,0,0,0,0,0,0,0,0,0,0,0
249,"DTXSID7021360",292686.86,0.206279532967033,0.000426282526698847,0.000137766980461661,0.402137730359905,60.469880011608,12.0692854549468,1.93108567279149,0,0,804.08478021978,0.0419461831333374,0.0419461831333374,0,1.0529449807616e-05,2.80144064457543e-05,0.0289214285642599,0.0289214285642599,0,0,0,0.374629312201591,0.709313574914152,0.113490171986264,2.27685608012193e-09,2.27615805069231e-09,1.36887907641582e-06,655.117749008485,0,9.1327921677378,0,0
249,"DTXSID8020462",26939.090445208,0.74741488302124,0.00152926293762411,0.000786529349701229,5.94301384148165e-07,0.000143469786188108,1.38292068854437e-05,2.21267310167099e-06,0.000232606208224435,0.000185809503840489,74.0084902340879,1.10324690649721e-06,1.10324690649721e-06,0,1.87740911598012e-10,4.63341106698595e-07,7.25560465778258e-09,7.25560465778258e-09,0,0,0,7.34975674214815e-08,1.66800257704189e-07,2.66880412326703e-08,2.47677303118266e-08,1.97848531886782e-08,0,6.24388674104555e-05,0.732546485357437,0.740085839591748,0,0
249,"DTXSID8020913",0,0,0,0,0,0,0,0,0,0,0,0,0,0,0,0,0,0,0,0,0,0,0,0,0,0,0,0,0,0,0,0
