"household","dtxsid","total.used","dir.derm.exp","dir.derm.max","dir.derm.abs","dir.inhal.exp","dir.inhal.max","dir.inhal.mass","dir.inhal.abs","dir.ingest.exp","dir.ingest.abs","dir.release","ind.derm.exp","ind.derm.pr.exp","ind.derm.ar.exp","ind.derm.max","ind.derm.abs","ind.inhal.exp","ind.inhal.pr.exp","ind.inhal.ar.exp","ind.inhal.amb.in","ind.inhal.amb.out","ind.inhal.max","ind.inhal.mass","ind.inhal.abs","ind.ingest.exp","ind.ingest.abs","out.sur","out.air","drain","waste","food.ing","food.abs"
535,"DTXSID2021781",0,0,0,0,0,0,0,0,0,0,0,0,0,0,0,0,0,0,0,0,0,0,0,0,0,0,0,0,0,0,0,0
535,"DTXSID3020205",0,0,0,0,0,0,0,0,0,0,0,0,0,0,0,0,0,0,0,0,0,0,0,0,0,0,0,0,0,0,0,0
535,"DTXSID7021360",131730.72,1.80948791208791,0.00345679699248086,0.00121929892575261,0.350711450798593,73.0120701387846,7.89100764296833,1.26256122287493,0,0,361.897582417582,0.0438842101322119,0.0438842101322119,0,1.17036224150173e-05,2.95707776204755e-05,0.0218119745244828,0.0218119745244828,0,0,0,0.278768098910817,0.406228321478282,0.0649965314365251,4.60230415109582e-09,4.6008931950984e-09,0,218.937820829321,0,6.16916985547921,0,0
535,"DTXSID8020462",3552808.90916479,0,0,0,0,0,0,0,0,0,0,9.01312672255047e-05,9.01312672255047e-05,0,1.75191699872115e-08,1.75496480090665e-05,2.92466857782295e-07,2.92466857782295e-07,0,0,0,4.38561126244328e-06,5.06185399278154e-06,8.09896638845047e-07,1.79643788540462e-06,1.43502288574009e-06,0,0.00377968061248823,96.6214190899463,97.604692768104,0,0
535,"DTXSID8020913",5321.982882944,0,0,0,0,0,0,0,0,0,0,0.105214995862617,0.105214995862617,0,2.16160326909414e-05,0.00046509820169618,0.00105631010976591,0.00105631010976591,0,0,0,0.00185993155717949,0.0155170822547029,0.00248273316075247,7.87001843321252e-08,7.8677559445733e-08,0,11.0195914232386,0,1.58071023385412,0,0
