"household","dtxsid","total.used","dir.derm.exp","dir.derm.max","dir.derm.abs","dir.inhal.exp","dir.inhal.max","dir.inhal.mass","dir.inhal.abs","dir.ingest.exp","dir.ingest.abs","dir.release","ind.derm.exp","ind.derm.pr.exp","ind.derm.ar.exp","ind.derm.max","ind.derm.abs","ind.inhal.exp","ind.inhal.pr.exp","ind.inhal.ar.exp","ind.inhal.amb.in","ind.inhal.amb.out","ind.inhal.max","ind.inhal.mass","ind.inhal.abs","ind.ingest.exp","ind.ingest.abs","out.sur","out.air","drain","waste","food.ing","food.abs"
826,"DTXSID2021781",169520.58948825,0,0,0,0.0194142384383028,3.13906392894184,0.582427153149083,0.0931883445038534,0,0,465.7159051875,64.6461748123955,64.6461748123955,0,0.0151668949705958,24.104274101406,0.0265869825477149,0.0265869825477149,0,0,0,0.0903601542385856,0.665784364155553,0.106525498264889,0.00931523720191649,0.00930959760827065,0,13.5834585384754,0,72.6586537900781,0,0
826,"DTXSID3020205",0,0,0,0,0,0,0,0,0,0,0,0,0,0,0,0,0,0,0,0,0,0,0,0,0,0,0,0,0,0,0,0
826,"DTXSID7021360",33.5552616,0.000460923923076923,8.40560896551805e-07,3.07562464460898e-07,1.91987559101955e-06,0.000310039346312454,8.06347748228212e-05,1.29015639716514e-05,0,0,0.0921847846153846,0,0,0,0,0,0,0,0,0,0,0,0,0,0,0,0,0,0,0.000921847846153846,0,0
826,"DTXSID8020462",1613695.64065382,44.7722891595676,0.0808403482695716,0.0324926423138664,2.54074117532838e-05,0.00519443543687351,0.000866689774965561,0.00013867036399449,0.0101998233783505,0.0081477796128437,4433.229782016,0.000128440160526913,0.000128440160526913,0,3.02353244710746e-08,4.00113735212066e-05,1.13564883692956e-06,1.13564883692956e-06,0,0,0,1.0115529471208e-05,2.54823340415841e-05,4.07717344665345e-06,2.34390674188735e-06,1.87234963367034e-06,0,0.00377454041203286,43.8825075431231,44.3323443102466,0,0
826,"DTXSID8020913",0,0,0,0,0,0,0,0,0,0,0,0,0,0,0,0,0,0,0,0,0,0,0,0,0,0,0,0,0,0,0,0
