"household","dtxsid","total.used","dir.derm.exp","dir.derm.max","dir.derm.abs","dir.inhal.exp","dir.inhal.max","dir.inhal.mass","dir.inhal.abs","dir.ingest.exp","dir.ingest.abs","dir.release","ind.derm.exp","ind.derm.pr.exp","ind.derm.ar.exp","ind.derm.max","ind.derm.abs","ind.inhal.exp","ind.inhal.pr.exp","ind.inhal.ar.exp","ind.inhal.amb.in","ind.inhal.amb.out","ind.inhal.max","ind.inhal.mass","ind.inhal.abs","ind.ingest.exp","ind.ingest.abs","out.sur","out.air","drain","waste","food.ing","food.abs"
556,"DTXSID2021781",0,0,0,0,0,0,0,0,0,0,0,0,0,0,0,0,0,0,0,0,0,0,0,0,0,0,0,0,0,0,0,0
556,"DTXSID3020205",3630.48,0.0731250782903071,0.000143539470301498,0.0204074289907426,0.000124012078987263,0.0103551986107278,0.00394047007583803,0.000630475212134084,2.07920545183359e-06,2.0782091090563e-06,9.97384615384615,4.90028361683468,4.90028361683468,0,0.000502042857773069,1.89202299177099,0.00558563953759168,0.00558563953759168,0,0,0,0.00710981229488594,0.145835737907455,0.0233337180651928,0.00302197295272722,0.00302052484142012,0,0.226558285870359,0.0451437040115012,1.34299973990509,0,0
556,"DTXSID7021360",1431267.55,16.1919340659341,0.0319830882411024,0.0108927517069712,4.08341674613114,374.936539797542,205.804204005009,32.9286726408015,0,0,3932.05370879121,3.49937549873798,3.49937549873798,0,0.000479966431673149,0.0023541240481281,1.50739794715109,1.50739794715109,0,0,0,13.1809822792261,38.8071266226054,6.20914025961686,6.48454519747812e-07,6.48255719154966e-07,0,2988.7617219099,0,41.5280986820639,0,0
556,"DTXSID8020462",0,0,0,0,0,0,0,0,0,0,0,0,0,0,0,0,0,0,0,0,0,0,0,0,0,0,0,0,0,0,0,0
556,"DTXSID8020913",0,0,0,0,0,0,0,0,0,0,0,0,0,0,0,0,0,0,0,0,0,0,0,0,0,0,0,0,0,0,0,0
