"household","dtxsid","total.used","dir.derm.exp","dir.derm.max","dir.derm.abs","dir.inhal.exp","dir.inhal.max","dir.inhal.mass","dir.inhal.abs","dir.ingest.exp","dir.ingest.abs","dir.release","ind.derm.exp","ind.derm.pr.exp","ind.derm.ar.exp","ind.derm.max","ind.derm.abs","ind.inhal.exp","ind.inhal.pr.exp","ind.inhal.ar.exp","ind.inhal.amb.in","ind.inhal.amb.out","ind.inhal.max","ind.inhal.mass","ind.inhal.abs","ind.ingest.exp","ind.ingest.abs","out.sur","out.air","drain","waste","food.ing","food.abs"
274,"DTXSID2021781",0,0,0,0,0,0,0,0,0,0,0,0,0,0,0,0,0,0,0,0,0,0,0,0,0,0,0,0,0,0,0,0
274,"DTXSID3020205",0,0,0,0,0,0,0,0,0,0,0,0,0,0,0,0,0,0,0,0,0,0,0,0,0,0,0,0,0,0,0,0
274,"DTXSID7021360",240831.781561456,3.30812886760242,0.00546490270848246,0.00221041954160705,0.658475675404556,112.947184351032,29.0382425355132,4.64611880568212,0,0,661.625773520484,0.189276236379144,0.189276236379144,0,3.48212948396855e-05,0.000126470244122108,0.362153118226323,0.362153118226323,0,0,0,2.04802341911855,6.9041453920787,1.10466326273259,1.18275065296954e-08,1.18238805000535e-08,0,556.44640759242,0,9.52095338749255,0,0
274,"DTXSID8020462",1003747.24968929,27.8499156825209,0.0455515046555567,0.0181090299202457,1.30231210350659e-05,0.00486483337756062,0.000368402577496524,5.89444123994438e-05,0.00708752883130717,0.0056616296944649,2757.54738925629,0.000126076338552568,0.000126076338552568,0,2.25934617018771e-08,4.14075046468995e-05,6.67720490317423e-07,6.67720490317423e-07,0,0,0,4.83877331542515e-06,1.30817903538193e-05,2.09308645661109e-06,2.54691893926635e-06,2.03451897539385e-06,0,0.0011791082421339,27.2971704879943,27.5755158103942,0,0
274,"DTXSID8020913",0,0,0,0,0,0,0,0,0,0,0,0,0,0,0,0,0,0,0,0,0,0,0,0,0,0,0,0,0,0,0,0
