"household","dtxsid","total.used","dir.derm.exp","dir.derm.max","dir.derm.abs","dir.inhal.exp","dir.inhal.max","dir.inhal.mass","dir.inhal.abs","dir.ingest.exp","dir.ingest.abs","dir.release","ind.derm.exp","ind.derm.pr.exp","ind.derm.ar.exp","ind.derm.max","ind.derm.abs","ind.inhal.exp","ind.inhal.pr.exp","ind.inhal.ar.exp","ind.inhal.amb.in","ind.inhal.amb.out","ind.inhal.max","ind.inhal.mass","ind.inhal.abs","ind.ingest.exp","ind.ingest.abs","out.sur","out.air","drain","waste","food.ing","food.abs"
616,"DTXSID2021781",0,0,0,0,0,0,0,0,0,0,0,0,0,0,0,0,0,0,0,0,0,0,0,0,0,0,0,0,0,0,0,0
616,"DTXSID3020205",0,0,0,0,0,0,0,0,0,0,0,0,0,0,0,0,0,0,0,0,0,0,0,0,0,0,0,0,0,0,0,0
616,"DTXSID7021360",3260431.716,28.7219795879121,0.0517288599634269,0.0192429990372744,7.6361851318408,958.797795158615,384.850948471462,61.5761517554339,0,0,8957.22998901099,4.5167285879544,4.5167285879544,0,0.000650678944596078,0.00302609308876176,1.70161813209612,1.70161813209612,0,0,0,16.9420157779558,43.1843210241684,6.90949136386694,1.03597643264161e-06,1.0356588271308e-06,7.60871354122083e-06,7142.80661188257,0,109.2291394694,0,0
616,"DTXSID8020462",3298268.56780512,91.5146485185059,0.164358993885749,0.0448785551803582,3.21240714089309e-05,0.011673650764572,0.00103882293868888,0.000166211670190221,0.0874447723391205,0.0698522618368777,9061.17738408,0.000629566263445861,0.000629566263445861,0,5.99957586921255e-08,0.000208759165891602,1.10553656784925e-06,1.10553656784925e-06,0,0,0,7.43218918979994e-06,2.73025766487472e-05,4.36841226379955e-06,4.70050337739869e-05,3.75483615429678e-05,0,0.00342668056366192,89.6993607492644,90.61188929656,0,0
616,"DTXSID8020913",0,0,0,0,0,0,0,0,0,0,0,0,0,0,0,0,0,0,0,0,0,0,0,0,0,0,0,0,0,0,0,0
