"household","dtxsid","total.used","dir.derm.exp","dir.derm.max","dir.derm.abs","dir.inhal.exp","dir.inhal.max","dir.inhal.mass","dir.inhal.abs","dir.ingest.exp","dir.ingest.abs","dir.release","ind.derm.exp","ind.derm.pr.exp","ind.derm.ar.exp","ind.derm.max","ind.derm.abs","ind.inhal.exp","ind.inhal.pr.exp","ind.inhal.ar.exp","ind.inhal.amb.in","ind.inhal.amb.out","ind.inhal.max","ind.inhal.mass","ind.inhal.abs","ind.ingest.exp","ind.ingest.abs","out.sur","out.air","drain","waste","food.ing","food.abs"
409,"DTXSID2021781",0,0,0,0,0,0,0,0,0,0,0,0,0,0,0,0,0,0,0,0,0,0,0,0,0,0,0,0,0,0,0,0
409,"DTXSID3020205",0,0,0,0,0,0,0,0,0,0,0,0,0,0,0,0,0,0,0,0,0,0,0,0,0,0,0,0,0,0,0,0
409,"DTXSID7021360",66200.930791732,0.00103485896703297,1.78208334217404e-06,6.93541000468421e-07,4.31046748555305e-06,0.000594490295871698,0.000181039634393228,2.89663415029165e-05,0,0,0.206971793406593,0.0885219989566058,0.0885219989566058,0,1.21140533051967e-05,5.93255854599631e-05,0.0347654468253157,0.0347654468253157,0,0,0,0.342810885828331,0.899940068194189,0.14399041091107,3.11828575099428e-08,3.11732975942188e-08,0,134.755359596287,0,2.03160629510647,0,0
409,"DTXSID8020462",1165759.54255124,32.3440382553367,0.0551467664121865,0.0217425692058547,1.76298776469776e-05,0.00648541225905878,0.000617533305395999,9.88053288633599e-05,0.012443824065755,0.00994032271617321,3202.63610591,0.000162194651931862,0.000162194651931862,0,1.4839550014735e-08,1.70735241979188e-05,8.9433354471607e-07,8.9433354471607e-07,0,0,0,6.10753304107391e-06,2.21926505208539e-05,3.55082408333663e-06,5.90239507965801e-06,4.7149261818653e-06,0,0.00350417722874444,31.7010767618212,32.0264122593112,0,0
409,"DTXSID8020913",0,0,0,0,0,0,0,0,0,0,0,0,0,0,0,0,0,0,0,0,0,0,0,0,0,0,0,0,0,0,0,0
