"household","dtxsid","total.used","dir.derm.exp","dir.derm.max","dir.derm.abs","dir.inhal.exp","dir.inhal.max","dir.inhal.mass","dir.inhal.abs","dir.ingest.exp","dir.ingest.abs","dir.release","ind.derm.exp","ind.derm.pr.exp","ind.derm.ar.exp","ind.derm.max","ind.derm.abs","ind.inhal.exp","ind.inhal.pr.exp","ind.inhal.ar.exp","ind.inhal.amb.in","ind.inhal.amb.out","ind.inhal.max","ind.inhal.mass","ind.inhal.abs","ind.ingest.exp","ind.ingest.abs","out.sur","out.air","drain","waste","food.ing","food.abs"
96,"DTXSID2021781",0,0,0,0,0,0,0,0,0,0,0,0,0,0,0,0,0,0,0,0,0,0,0,0,0,0,0,0,0,0,0,0
96,"DTXSID3020205",15902.461935576,0.224396268825229,0.000511487840813871,0.0852780482782931,0.000731940083149706,0.0439018965124556,0.0219576612501234,0.00351322580001975,1.72673948377495e-07,1.72591204057476e-07,43.6880822405934,4.81154346213511,4.81154346213511,0,0.00125121318628078,1.83263674973189,0.0021517481674934,0.0021517481674934,0,0,0,0.00632683578947681,0.0553308547755935,0.00885293676409497,0.00308575079322585,0.00308427211996025,0,0.796990271063901,0.0115613706785079,7.57123303006715,0,0
96,"DTXSID7021360",648310.204230784,1.34484496737033,0.0027572396372298,0.000894114688831593,0.280171594009883,5.45220279626237,13.6029362366836,2.17646979786938,0,0,268.968993474066,0.0266804978503097,0.0266804978503097,0,5.94532319812987e-06,1.77384166981739e-05,0.0253849440031479,0.0253849440031479,0,0,0,0.318831462969827,0.661704589850017,0.105872734376003,5.15092617426892e-09,5.14934702392612e-09,28.5024267071002,1644.32110925987,0,17.8340728518954,0,0
96,"DTXSID8020462",0,0,0,0,0,0,0,0,0,0,0,0,0,0,0,0,0,0,0,0,0,0,0,0,0,0,0,0,0,0,0,0
96,"DTXSID8020913",5720.402,0.0222366758241758,4.56413134203736e-05,9.6051351166794e-05,0.0023138938928106,0.0460317835850804,0.116620252197654,0.0186592403516247,0,0,15.7153901098901,0.203940255733797,0.203940255733797,0,5.14924602350014e-05,0.00088091900739717,0.00121343863098148,0.00121343863098148,0,0,0,0.00336667165978361,0.0264118814849297,0.00422590103758875,2.78115357685135e-07,2.78035404525877e-07,0,10.992978226515,0,1.63429899014469,0,0
