"household","dtxsid","total.used","dir.derm.exp","dir.derm.max","dir.derm.abs","dir.inhal.exp","dir.inhal.max","dir.inhal.mass","dir.inhal.abs","dir.ingest.exp","dir.ingest.abs","dir.release","ind.derm.exp","ind.derm.pr.exp","ind.derm.ar.exp","ind.derm.max","ind.derm.abs","ind.inhal.exp","ind.inhal.pr.exp","ind.inhal.ar.exp","ind.inhal.amb.in","ind.inhal.amb.out","ind.inhal.max","ind.inhal.mass","ind.inhal.abs","ind.ingest.exp","ind.ingest.abs","out.sur","out.air","drain","waste","food.ing","food.abs"
100,"DTXSID2021781",0,0,0,0,0,0,0,0,0,0,0,0,0,0,0,0,0,0,0,0,0,0,0,0,0,0,0,0,0,0,0,0
100,"DTXSID3020205",0,0,0,0,0,0,0,0,0,0,0,0,0,0,0,0,0,0,0,0,0,0,0,0,0,0,0,0,0,0,0,0
100,"DTXSID7021360",1816367.99358753,24.8584327659169,0.0410661576954845,0.0166802011957309,5.15147518922172,534.598856584936,259.634349536775,41.541495925884,0,0,4990.0219604053,4.40983929438121,4.40983929438121,0,0.000545410763408115,0.00295903626117277,1.15676723237669,1.15676723237669,0,0,0,10.2497582785493,29.7537456448589,4.76059930317742,1.62721578630555e-07,1.62671692099865e-07,0,3781.73587082795,0,57.21264948129,0,0
100,"DTXSID8020462",206132.505234264,0,0,0,0.00277309071557501,0.283269534683125,0.0249578164401751,0.00399325063042801,0.0748734493205252,0.0598100909484295,566.298091302923,1.25181552202763,1.25181552202763,0,0.000122268280297764,0.160254290109031,0.0012755454760927,0.0012755454760927,0,0,0,0.00315372713856885,0.0297151257554105,0.00475442012086568,0.00579609840686754,0.00463001472493619,0,3.94569535060575,553.06597600238,6.62841278073794,0,0
100,"DTXSID8020913",17501.28,0.240402197802198,0.000397307495869586,0.00105505227012338,0.000999477798613067,0.129521960943378,0.0419780675417488,0.00671649080667981,0,0,48.0804395604396,0,0,0,0,0,0,0,0,0,0,0,0,0,0,0,0,0,0,0.480804395604396,0,0
