"household","dtxsid","total.used","dir.derm.exp","dir.derm.max","dir.derm.abs","dir.inhal.exp","dir.inhal.max","dir.inhal.mass","dir.inhal.abs","dir.ingest.exp","dir.ingest.abs","dir.release","ind.derm.exp","ind.derm.pr.exp","ind.derm.ar.exp","ind.derm.max","ind.derm.abs","ind.inhal.exp","ind.inhal.pr.exp","ind.inhal.ar.exp","ind.inhal.amb.in","ind.inhal.amb.out","ind.inhal.max","ind.inhal.mass","ind.inhal.abs","ind.ingest.exp","ind.ingest.abs","out.sur","out.air","drain","waste","food.ing","food.abs"
997,"DTXSID2021781",0,0,0,0,0,0,0,0,0,0,0,0,0,0,0,0,0,0,0,0,0,0,0,0,0,0,0,0,0,0,0,0
997,"DTXSID3020205",0,0,0,0,0,0,0,0,0,0,0,0,0,0,0,0,0,0,0,0,0,0,0,0,0,0,0,0,0,0,0,0
997,"DTXSID7021360",375645.2,0.0370846153846154,6.21553228803792e-05,2.48012756440544e-05,0.0077259098675899,0.190593267479776,0.245683933789359,0.0393094294062974,0,0,7.41692307692308,0.24567331146312,0.24567331146312,0,5.05796985108871e-05,0.000164299744788307,0.149475864386043,0.149475864386043,0,0,0,1.65300906256357,3.78795690984955,0.606073105575929,7.52871494173382e-07,7.52640681842185e-07,0,759.268238847825,0,11.0279382978171,0,0
997,"DTXSID8020462",5503.68,0.0505307625167121,8.38591534799678e-05,0.00264801802391183,2.63010082017358e-05,0.00133769615657423,0.000788901669353275,0.000126224267096524,0.000188805813160482,0.00015082105818818,5.04,0.40093807163939,0.40093807163939,0,8.50399884165658e-05,0.0505707486213524,0.00167660224271301,0.00167660224271301,0,0,0,0.00260768660283392,0.0324046780792254,0.00518474849267606,0.152410389076891,0.1217478200203,0,9.91259089955498,0.1475144405385,0.2979328632888,0,0
997,"DTXSID8020913",991.125345705,0,0,0,0,0,0,0,0,0,0,0.0367098860976625,0.0367098860976625,0,7.84667082727097e-06,0.000160184807236023,0.000363613969151149,0.000363613969151149,0,0,0,0.000790756204565943,0.00733242695333084,0.00117318831253293,7.98038431046151e-07,7.97809009361917e-07,0,1.93203057892155,0,0.294746419815603,0,0
