"household","dtxsid","total.used","dir.derm.exp","dir.derm.max","dir.derm.abs","dir.inhal.exp","dir.inhal.max","dir.inhal.mass","dir.inhal.abs","dir.ingest.exp","dir.ingest.abs","dir.release","ind.derm.exp","ind.derm.pr.exp","ind.derm.ar.exp","ind.derm.max","ind.derm.abs","ind.inhal.exp","ind.inhal.pr.exp","ind.inhal.ar.exp","ind.inhal.amb.in","ind.inhal.amb.out","ind.inhal.max","ind.inhal.mass","ind.inhal.abs","ind.ingest.exp","ind.ingest.abs","out.sur","out.air","drain","waste","food.ing","food.abs"
801,"DTXSID2021781",152031.270311208,0,0,0,0,0,0,0,0,0,0,22.5383049271708,22.5383049271708,0,0.00486611887757783,8.40021577010674,0.0138210378866477,0.0138210378866477,0,0,0,0.0378353484785875,0.347420721444596,0.0555873154311353,0.00128137428331644,0.00128059851882333,0,13.5216259146327,0,54.3718936159519,0,0
801,"DTXSID3020205",0,0,0,0,0,0,0,0,0,0,0,0,0,0,0,0,0,0,0,0,0,0,0,0,0,0,0,0,0,0,0,0
801,"DTXSID7021360",6444.1720975,0.0868869230769231,0.000184225933867282,5.79524120557515e-05,0.0181013215733828,0.387079047604266,0.575622026033574,0.0920995241653719,0,0,17.3773846153846,0.00102713071986832,0.00102713071986832,0,2.93178817539332e-07,6.85082394494521e-07,0.00297722528119891,0.00297722528119891,0,0,0,0.0176924199794583,0.0720703942547617,0.0115312630807619,2.40854160161341e-11,2.40780320056335e-11,0,13.813768504335,0,0.178219082468839,0,0
801,"DTXSID8020462",9087.955487028,0,0,0,0,0,0,0,0,0,0,1.06568567336793e-05,1.06568567336793e-05,0,2.30450782041956e-09,2.52942980414056e-06,1.00550838379813e-07,1.00550838379813e-07,0,0,0,6.61776914839273e-07,2.14946516853832e-06,3.43914426966132e-07,5.84877885252294e-08,4.67209669490614e-08,0,0.000546425448250895,0.246214280626076,0.249673716892964,0,0
801,"DTXSID8020913",0,0,0,0,0,0,0,0,0,0,0,0,0,0,0,0,0,0,0,0,0,0,0,0,0,0,0,0,0,0,0,0
