"household","dtxsid","total.used","dir.derm.exp","dir.derm.max","dir.derm.abs","dir.inhal.exp","dir.inhal.max","dir.inhal.mass","dir.inhal.abs","dir.ingest.exp","dir.ingest.abs","dir.release","ind.derm.exp","ind.derm.pr.exp","ind.derm.ar.exp","ind.derm.max","ind.derm.abs","ind.inhal.exp","ind.inhal.pr.exp","ind.inhal.ar.exp","ind.inhal.amb.in","ind.inhal.amb.out","ind.inhal.max","ind.inhal.mass","ind.inhal.abs","ind.ingest.exp","ind.ingest.abs","out.sur","out.air","drain","waste","food.ing","food.abs"
107,"DTXSID2021781",0,0,0,0,0,0,0,0,0,0,0,0,0,0,0,0,0,0,0,0,0,0,0,0,0,0,0,0,0,0,0,0
107,"DTXSID3020205",0,0,0,0,0,0,0,0,0,0,0,0,0,0,0,0,0,0,0,0,0,0,0,0,0,0,0,0,0,0,0,0
107,"DTXSID7021360",2245519.224,0,0,0,0,0,0,0,0,0,0,0.30390086782712,0.30390086782712,0,7.0443582864434e-05,0.000203215493414508,0.314438827474136,0.314438827474136,0,0,0,3.72893655897487,6.32353716877691,1.01176594700431,1.39182224857768e-07,1.39139554928e-07,0,4677.56283828433,0,71.1385007186623,0,0
107,"DTXSID8020462",1160133.08295229,0.662286480704128,0.0011750198178884,0.000110687067421044,8.72787434632393e-08,4.27198522765112e-05,3.43477531780428e-06,5.49564050848686e-07,0.000417937274235746,0.00033385487926127,65.5740900337582,2.04361387726677e-05,2.04361387726677e-05,0,4.7532403787294e-09,2.64720095993214e-06,2.02721796427914e-07,2.02721796427914e-07,0,0,0,2.02465061348902e-06,4.8274494994658e-06,7.72391919914527e-07,1.19246349853164e-06,9.52558629889489e-07,0,0.00332228258858171,31.547043673089,31.8718416068075,0,0
107,"DTXSID8020913",54304.07546996,0.718773626373626,0.00128799071641747,0.00313577515607538,0.00298835724498162,0.361525198082293,0.125511004289228,0.0200817606862765,0,0,143.754725274725,0.0316707523843606,0.0316707523843606,0,7.37602137484875e-06,0.000138168725405832,0.000220495291186307,0.000220495291186307,0,0,0,0.000532739657994013,0.00468724791537088,0.000749959666459342,1.02885750030186e-07,1.02856172228996e-07,0,3.60537345438739,0,2.08077262037504,0,0
