"household","dtxsid","total.used","dir.derm.exp","dir.derm.max","dir.derm.abs","dir.inhal.exp","dir.inhal.max","dir.inhal.mass","dir.inhal.abs","dir.ingest.exp","dir.ingest.abs","dir.release","ind.derm.exp","ind.derm.pr.exp","ind.derm.ar.exp","ind.derm.max","ind.derm.abs","ind.inhal.exp","ind.inhal.pr.exp","ind.inhal.ar.exp","ind.inhal.amb.in","ind.inhal.amb.out","ind.inhal.max","ind.inhal.mass","ind.inhal.abs","ind.ingest.exp","ind.ingest.abs","out.sur","out.air","drain","waste","food.ing","food.abs"
789,"DTXSID2021781",0,0,0,0,0,0,0,0,0,0,0,0,0,0,0,0,0,0,0,0,0,0,0,0,0,0,0,0,0,0,0,0
789,"DTXSID3020205",0,0,0,0,0,0,0,0,0,0,0,0,0,0,0,0,0,0,0,0,0,0,0,0,0,0,0,0,0,0,0,0
789,"DTXSID7021360",971684.3739709,2.04888357142857,0.0039772982615767,0.00136773891794754,0.909348999378091,32.7929892667685,36.3132079027558,5.81011326444093,0,0,868.403087912088,1.19741143501403,1.19741143501403,0,0.000303138575177412,0.000799335677042419,1.42168142718667,1.42168142718667,0,0,0,9.28412808830149,30.1292182743076,4.82067492388921,3.53553295448778e-07,3.53444904493673e-07,0,2134.46994910402,0,28.5794749909692,0,0
789,"DTXSID8020462",7794.212402592,0.215889333554178,0.000414942729853262,0.00314659731572497,2.57344929638777e-06,0.000496660366934641,4.9184818480137e-05,7.86957095682192e-06,0.000135115767073079,0.000107932603486886,21.4126714356923,3.95626869957968e-05,3.95626869957968e-05,0,9.32980865604833e-09,8.61137493897339e-06,1.74365204266247e-07,1.74365204266247e-07,0,0,0,1.3705457874777e-06,3.53009188140019e-06,5.6481470102403e-07,2.5051250806623e-06,2.00113338267869e-06,0,0.000311266289855499,0.211250424729332,0.214129938341981,0,0
789,"DTXSID8020913",0,0,0,0,0,0,0,0,0,0,0,0,0,0,0,0,0,0,0,0,0,0,0,0,0,0,0,0,0,0,0,0
