"household","dtxsid","total.used","dir.derm.exp","dir.derm.max","dir.derm.abs","dir.inhal.exp","dir.inhal.max","dir.inhal.mass","dir.inhal.abs","dir.ingest.exp","dir.ingest.abs","dir.release","ind.derm.exp","ind.derm.pr.exp","ind.derm.ar.exp","ind.derm.max","ind.derm.abs","ind.inhal.exp","ind.inhal.pr.exp","ind.inhal.ar.exp","ind.inhal.amb.in","ind.inhal.amb.out","ind.inhal.max","ind.inhal.mass","ind.inhal.abs","ind.ingest.exp","ind.ingest.abs","out.sur","out.air","drain","waste","food.ing","food.abs"
614,"DTXSID2021781",0,0,0,0,0,0,0,0,0,0,0,0,0,0,0,0,0,0,0,0,0,0,0,0,0,0,0,0,0,0,0,0
614,"DTXSID3020205",24230.248574976,0.187723124155599,0.000364221289740629,0.0718827803097682,0.000630794568502629,0.036195492660983,0.0141928434969659,0.00227085495951454,1.1996934675154e-08,1.19911858160393e-08,37.4437220423736,22.0382843784723,22.0382843784723,0,0.00472134231676253,8.43242971937311,0.0172064744693897,0.0172064744693897,0,0,0,0.0476922304267829,0.332210239938635,0.0531536383901816,0.0183046413818758,0.0182958699075534,0,1.13626462823822,0.00174106772738482,15.1910830345399,0,0
614,"DTXSID7021360",483404.854204467,1.64989895235231,0.00319033729562991,0.00110143319720523,0.302724394697812,75.9810504447812,6.81129888070076,1.08980782091212,0,0,329.979790470462,0.230544484678755,0.230544484678755,0,6.42174050126526e-05,0.000153905961945015,0.118122138535109,0.118122138535109,0,0,0,1.25257637059051,2.0286813124057,0.324589009984913,5.76169085880577e-08,5.75992446266904e-08,61.6415136136443,1158.37864275906,0,17.3137784649448,0,0
614,"DTXSID8020462",0,0,0,0,0,0,0,0,0,0,0,0,0,0,0,0,0,0,0,0,0,0,0,0,0,0,0,0,0,0,0,0
614,"DTXSID8020913",0,0,0,0,0,0,0,0,0,0,0,0,0,0,0,0,0,0,0,0,0,0,0,0,0,0,0,0,0,0,0,0
