"household","dtxsid","total.used","dir.derm.exp","dir.derm.max","dir.derm.abs","dir.inhal.exp","dir.inhal.max","dir.inhal.mass","dir.inhal.abs","dir.ingest.exp","dir.ingest.abs","dir.release","ind.derm.exp","ind.derm.pr.exp","ind.derm.ar.exp","ind.derm.max","ind.derm.abs","ind.inhal.exp","ind.inhal.pr.exp","ind.inhal.ar.exp","ind.inhal.amb.in","ind.inhal.amb.out","ind.inhal.max","ind.inhal.mass","ind.inhal.abs","ind.ingest.exp","ind.ingest.abs","out.sur","out.air","drain","waste","food.ing","food.abs"
484,"DTXSID2021781",64459.43279904,0,0,0,0.00738286798888424,1.00021920255841,0.221486039666527,0.0354377663466444,0,0,177.086353843516,33.239563023564,33.239563023564,0,0.00432502594941804,12.3623648508348,0.0140077854567996,0.0140077854567996,0,0,0,0.0276452196641988,0.355795504537786,0.0569272807260457,0.00350542611778381,0.00350330387672529,0,10.4402489713183,0,24.5212522885693,0,0
484,"DTXSID3020205",0,0,0,0,0,0,0,0,0,0,0,0,0,0,0,0,0,0,0,0,0,0,0,0,0,0,0,0,0,0,0,0
484,"DTXSID7021360",0,0,0,0,0,0,0,0,0,0,0,0,0,0,0,0,0,0,0,0,0,0,0,0,0,0,0,0,0,0,0,0
484,"DTXSID8020462",946163.272810392,0,0,0,0,0,0,0,0,0,0,0.000200886398944992,0.000200886398944992,0,2.61770342769601e-08,6.12836254383809e-05,4.25631016140779e-07,4.25631016140779e-07,0,0,0,4.20085812643048e-06,9.91517853876511e-06,1.58642856620242e-06,2.63415131005149e-06,2.10420156752302e-06,0,0.00252044811469046,25.7288250519955,25.9935305540938,0,0
484,"DTXSID8020913",4124.976209215,0,0,0,0,0,0,0,0,0,0,0.205734822999545,0.205734822999545,0,2.78418204655037e-05,0.000890903855142016,0.00161706635315316,0.00161706635315316,0,0,0,0.00243435445679098,0.0335449074614276,0.00536718519382842,6.33015582390789e-08,6.32833601805132e-08,0,9.07709469472701,0,1.21213639031185,0,0
