"household","dtxsid","total.used","dir.derm.exp","dir.derm.max","dir.derm.abs","dir.inhal.exp","dir.inhal.max","dir.inhal.mass","dir.inhal.abs","dir.ingest.exp","dir.ingest.abs","dir.release","ind.derm.exp","ind.derm.pr.exp","ind.derm.ar.exp","ind.derm.max","ind.derm.abs","ind.inhal.exp","ind.inhal.pr.exp","ind.inhal.ar.exp","ind.inhal.amb.in","ind.inhal.amb.out","ind.inhal.max","ind.inhal.mass","ind.inhal.abs","ind.ingest.exp","ind.ingest.abs","out.sur","out.air","drain","waste","food.ing","food.abs"
130,"DTXSID2021781",0,0,0,0,0,0,0,0,0,0,0,0,0,0,0,0,0,0,0,0,0,0,0,0,0,0,0,0,0,0,0,0
130,"DTXSID3020205",4114.921162356,0.0566021164139168,9.67156171660118e-05,0.0216591530897249,0.000190521367386616,0.0122438488411179,0.00571563390146397,0.000914501424234235,8.85023306512699e-10,8.84599208654358e-10,11.304728468011,0.446087722054107,0.446087722054107,0,0.000114357052672662,0.170618488098815,0.000349245437636093,0.000349245437636093,0,0,0,0.00132590740924367,0.00891065303968415,0.00142570448634946,0.000218469974047712,0.000218365284546968,0,0.234224666670852,0.000152332025731859,1.87067814381572,0,0
130,"DTXSID7021360",871481.945814098,1.15295857453286,0.00173843969853198,0.000769201915226389,0.39671352876047,17.8278070382761,19.3667308528911,3.09867693646258,0,0,2394.18116981895,0.0278916729992514,0.0278916729992514,0,5.23400638275111e-06,1.8608062424007e-05,0.0285682365123023,0.0285682365123023,0,0,0,0.280304467722211,0.739938412627146,0.118390146020343,4.10915796331798e-09,4.10789819410622e-09,17.7853474304559,2253.47232561595,0,23.9872957592198,0,0
130,"DTXSID8020462",0,0,0,0,0,0,0,0,0,0,0,0,0,0,0,0,0,0,0,0,0,0,0,0,0,0,0,0,0,0,0,0
130,"DTXSID8020913",0,0,0,0,0,0,0,0,0,0,0,0,0,0,0,0,0,0,0,0,0,0,0,0,0,0,0,0,0,0,0,0
