"household","dtxsid","total.used","dir.derm.exp","dir.derm.max","dir.derm.abs","dir.inhal.exp","dir.inhal.max","dir.inhal.mass","dir.inhal.abs","dir.ingest.exp","dir.ingest.abs","dir.release","ind.derm.exp","ind.derm.pr.exp","ind.derm.ar.exp","ind.derm.max","ind.derm.abs","ind.inhal.exp","ind.inhal.pr.exp","ind.inhal.ar.exp","ind.inhal.amb.in","ind.inhal.amb.out","ind.inhal.max","ind.inhal.mass","ind.inhal.abs","ind.ingest.exp","ind.ingest.abs","out.sur","out.air","drain","waste","food.ing","food.abs"
886,"DTXSID2021781",0,0,0,0,0,0,0,0,0,0,0,0,0,0,0,0,0,0,0,0,0,0,0,0,0,0,0,0,0,0,0,0
886,"DTXSID3020205",11196.515756943,0.154697994328507,0.000286005059887205,0.0595256407151368,0.000517312154815618,0.0218297627275115,0.0155192833710095,0.00248308533936152,2.45433935203703e-08,2.45316324734557e-08,30.7596586729203,4.70508173927246,4.70508173927246,0,0.00103394889689795,1.80974823687762,0.00357254928444386,0.00357254928444386,0,0,0,0.0108194388106635,0.0917545515229288,0.0146807282436686,0.00289119554743284,0.00288981010387369,0,0.350254486214646,0.0017464783416992,4.66189698468966,0,0
886,"DTXSID7021360",8821.664904606,0.12117671572261,0.000224056598883956,8.12481039824505e-05,0.0252449262517929,1.06534284214699,0.757347787553788,0.121175646008606,0,0,24.235343144522,0.00898496265395055,0.00898496265395055,0,2.13855757060782e-06,6.02435080627659e-06,0.00680684598555569,0.00680684598555569,0,0,0,0.0547868779844918,0.163075453763769,0.0260920726022031,1.65979928111259e-09,1.65929042648818e-09,0,18.5884866362602,0,0.250445523366294,0,0
886,"DTXSID8020462",0,0,0,0,0,0,0,0,0,0,0,0,0,0,0,0,0,0,0,0,0,0,0,0,0,0,0,0,0,0,0,0
886,"DTXSID8020913",0,0,0,0,0,0,0,0,0,0,0,0,0,0,0,0,0,0,0,0,0,0,0,0,0,0,0,0,0,0,0,0
