"household","dtxsid","total.used","dir.derm.exp","dir.derm.max","dir.derm.abs","dir.inhal.exp","dir.inhal.max","dir.inhal.mass","dir.inhal.abs","dir.ingest.exp","dir.ingest.abs","dir.release","ind.derm.exp","ind.derm.pr.exp","ind.derm.ar.exp","ind.derm.max","ind.derm.abs","ind.inhal.exp","ind.inhal.pr.exp","ind.inhal.ar.exp","ind.inhal.amb.in","ind.inhal.amb.out","ind.inhal.max","ind.inhal.mass","ind.inhal.abs","ind.ingest.exp","ind.ingest.abs","out.sur","out.air","drain","waste","food.ing","food.abs"
944,"DTXSID2021781",12978.16982718,0,0,0,0,0,0,0,0,0,0,2.49722317963846,2.49722317963846,0,0.00074068542360721,0.939557836257492,0.00489418424592986,0.00489418424592986,0,0,0,0.0106906879005102,0.05256889867989,0.00841102378878241,0.00264186272171327,0.00264026329575174,0,1.18763437641677,0,13.7461921315675,0,0
944,"DTXSID3020205",15170.767052385,0,0,0,0,0,0,0,0,0,0,5.05945221783869,5.05945221783869,0,0.00149300316578323,1.95265604322882,0.00952642742895457,0.00952642742895457,0,0,0,0.0200102386810057,0.102760739987816,0.0164417183980506,0.00733756980925708,0.0073340536898299,0,0.922296013371744,0.0123145183405744,24.6177975762146,0,0
944,"DTXSID7021360",14278.327075194,0,0,0,0,0,0,0,0,0,0,0.00778524072957678,0.00778524072957678,0,2.87372043268471e-06,5.23923449823368e-06,0.00444077227089938,0.00444077227089938,0,0,0,0.0452219469705897,0.0401908968172929,0.00643054349076687,3.39531715554724e-09,3.39427623279496e-09,0,28.2302183167676,0,0.44510009863919,0,0
944,"DTXSID8020462",1343852.19949053,0,0,0,0,0,0,0,0,0,0,1.3232664179529e-05,1.3232664179529e-05,0,3.97509365543424e-09,9.43693319498659e-07,2.05600244683061e-07,2.05600244683061e-07,0,0,0,1.67041974415538e-06,1.8374674818969e-06,2.93994797103503e-07,4.02230144880984e-07,3.21307776866862e-07,0,0.00130027762926955,36.5478241759937,36.9190701203784,0,0
944,"DTXSID8020913",0,0,0,0,0,0,0,0,0,0,0,0,0,0,0,0,0,0,0,0,0,0,0,0,0,0,0,0,0,0,0,0
