"household","dtxsid","total.used","dir.derm.exp","dir.derm.max","dir.derm.abs","dir.inhal.exp","dir.inhal.max","dir.inhal.mass","dir.inhal.abs","dir.ingest.exp","dir.ingest.abs","dir.release","ind.derm.exp","ind.derm.pr.exp","ind.derm.ar.exp","ind.derm.max","ind.derm.abs","ind.inhal.exp","ind.inhal.pr.exp","ind.inhal.ar.exp","ind.inhal.amb.in","ind.inhal.amb.out","ind.inhal.max","ind.inhal.mass","ind.inhal.abs","ind.ingest.exp","ind.ingest.abs","out.sur","out.air","drain","waste","food.ing","food.abs"
560,"DTXSID2021781",0,0,0,0,0,0,0,0,0,0,0,0,0,0,0,0,0,0,0,0,0,0,0,0,0,0,0,0,0,0,0,0
560,"DTXSID3020205",0,0,0,0,0,0,0,0,0,0,0,0,0,0,0,0,0,0,0,0,0,0,0,0,0,0,0,0,0,0,0,0
560,"DTXSID7021360",959485.95,0,0,0,0,0,0,0,0,0,0,0.591010154874612,0.591010154874612,0,0.000119217005590196,0.000394945859759602,0.205489205519428,0.205489205519428,0,0,0,2.93634615044262,3.95684563520854,0.633095301633367,3.59695288879861e-08,3.59585014936977e-08,0,1186.8795980345,0,48.8637037433196,0,0
560,"DTXSID8020462",3689155.60011908,0,0,0,0,0,0,0,0,0,0,0.000285915703042015,0.000285915703042015,0,5.41145565178402e-08,8.94789826055742e-05,8.5310305122574e-07,8.5310305122574e-07,0,0,0,6.8459449900657e-06,1.47149231738486e-05,2.35438770781577e-06,5.35981062960172e-06,4.28150117474232e-06,0,0.00373517390711259,100.330056325182,101.350553775249,0,0
560,"DTXSID8020913",7305.691281864,0.0550957110246154,0.000106664611650077,0.000240095680526781,0.000765008249524235,0.0387264247808092,0.0181689459262006,0.00290703134819209,0,0,11.0191422049231,0.445323312641798,0.445323312641798,0,8.63875812432676e-05,0.0019406257875735,0.00356560018265505,0.00356560018265505,0,0,0,0.0059272752502988,0.0557889669110278,0.00892623470576445,1.92157571077502e-07,1.92102329234653e-07,0,14.7595125353879,0,2.27090764007442,0,0
