"household","dtxsid","total.used","dir.derm.exp","dir.derm.max","dir.derm.abs","dir.inhal.exp","dir.inhal.max","dir.inhal.mass","dir.inhal.abs","dir.ingest.exp","dir.ingest.abs","dir.release","ind.derm.exp","ind.derm.pr.exp","ind.derm.ar.exp","ind.derm.max","ind.derm.abs","ind.inhal.exp","ind.inhal.pr.exp","ind.inhal.ar.exp","ind.inhal.amb.in","ind.inhal.amb.out","ind.inhal.max","ind.inhal.mass","ind.inhal.abs","ind.ingest.exp","ind.ingest.abs","out.sur","out.air","drain","waste","food.ing","food.abs"
765,"DTXSID2021781",0,0,0,0,0,0,0,0,0,0,0,0,0,0,0,0,0,0,0,0,0,0,0,0,0,0,0,0,0,0,0,0
765,"DTXSID3020205",0,0,0,0,0,0,0,0,0,0,0,0,0,0,0,0,0,0,0,0,0,0,0,0,0,0,0,0,0,0,0,0
765,"DTXSID7021360",2845.668,0.0390888461538462,7.90001130463996e-05,2.61572077032343e-05,0.00814345511980534,0.199506199130962,0.25896187280981,0.0414338996495696,0,0,7.81776923076923,0.00093801320804765,0.00093801320804765,0,1.43723936680813e-07,6.27693244077365e-07,0.0011846148229058,0.0011846148229058,0,0,0,0.0132829058585919,0.0240067346496175,0.00384107754393879,6.34444606424312e-11,6.34250100934653e-11,0,5.31948395539159,0,0.0787407807895506,0,0
765,"DTXSID8020462",119427.030492,3.31362066967355,0.00663065563267516,0.00125495910574371,1.02376003903983e-06,0.000379715399687244,3.59277939993205e-05,5.74844703989127e-06,0.000226587889759511,0.000181001976232101,328.096237615385,1.20811427587665e-05,1.20811427587665e-05,0,1.34552476329005e-09,1.17916292663709e-06,3.84494962873582e-08,3.84494962873582e-08,0,0,0,3.54611412974624e-07,9.61809576192303e-07,1.53889532190769e-07,7.83883089648186e-08,6.26178162089048e-08,0,0.000172000668220108,3.24785899368757,3.28096411782903,0,0
765,"DTXSID8020913",0,0,0,0,0,0,0,0,0,0,0,0,0,0,0,0,0,0,0,0,0,0,0,0,0,0,0,0,0,0,0,0
