"household","dtxsid","total.used","dir.derm.exp","dir.derm.max","dir.derm.abs","dir.inhal.exp","dir.inhal.max","dir.inhal.mass","dir.inhal.abs","dir.ingest.exp","dir.ingest.abs","dir.release","ind.derm.exp","ind.derm.pr.exp","ind.derm.ar.exp","ind.derm.max","ind.derm.abs","ind.inhal.exp","ind.inhal.pr.exp","ind.inhal.ar.exp","ind.inhal.amb.in","ind.inhal.amb.out","ind.inhal.max","ind.inhal.mass","ind.inhal.abs","ind.ingest.exp","ind.ingest.abs","out.sur","out.air","drain","waste","food.ing","food.abs"
721,"DTXSID2021781",27546.892472736,0.0380774946315191,6.30597840370061e-05,0.0142307449092433,4.96572298409932e-05,0.00499459541407812,0.00208550856245461,0.000333681369992738,9.19955140269542e-10,9.1939818470834e-10,75.678276024,0,0,0,0,0,0,0,0,0,0,0,0,0,0,0,74.8434095284832,0.0776163693561608,0.000462692261419443,0.75678276024,0,0
721,"DTXSID3020205",0,0,0,0,0,0,0,0,0,0,0,0,0,0,0,0,0,0,0,0,0,0,0,0,0,0,0,0,0,0,0,0
721,"DTXSID7021360",711378.24,0,0,0,2.05612414831096,45.9933013369753,103.628657074873,16.5805851319796,0,0,1954.33582417582,0.11577165525115,0.11577165525115,0,1.62855218464249e-05,7.74143148548118e-05,0.124552233329829,0.124552233329829,0,0,0,1.31485780389907,3.2668111504427,0.522689784070832,6.95687608882959e-09,6.95474327758578e-09,0,1397.88968347016,0,19.72159714661,0,0
721,"DTXSID8020462",1013606.5253314,28.1225513309824,0.0461180681426822,0.0191485769765494,1.55053058880706e-05,0.00368122111516265,0.000541373206108898,8.66197129774236e-05,0.00319727627673784,0.00255403466294593,2784.63331135,5.3622218339244e-05,5.3622218339244e-05,0,4.28979869616726e-09,9.28299642582843e-06,2.02767253068689e-07,2.02767253068689e-07,0,0,0,1.6518073224584e-06,5.1776256050708e-06,8.28420096811328e-07,5.48671498613485e-07,4.38287437411912e-07,0,0.00226368097138091,27.5635116205689,27.8463790703816,0,0
721,"DTXSID8020913",0,0,0,0,0,0,0,0,0,0,0,0,0,0,0,0,0,0,0,0,0,0,0,0,0,0,0,0,0,0,0,0
