"household","dtxsid","total.used","dir.derm.exp","dir.derm.max","dir.derm.abs","dir.inhal.exp","dir.inhal.max","dir.inhal.mass","dir.inhal.abs","dir.ingest.exp","dir.ingest.abs","dir.release","ind.derm.exp","ind.derm.pr.exp","ind.derm.ar.exp","ind.derm.max","ind.derm.abs","ind.inhal.exp","ind.inhal.pr.exp","ind.inhal.ar.exp","ind.inhal.amb.in","ind.inhal.amb.out","ind.inhal.max","ind.inhal.mass","ind.inhal.abs","ind.ingest.exp","ind.ingest.abs","out.sur","out.air","drain","waste","food.ing","food.abs"
458,"DTXSID2021781",0,0,0,0,0,0,0,0,0,0,0,0,0,0,0,0,0,0,0,0,0,0,0,0,0,0,0,0,0,0,0,0
458,"DTXSID3020205",0,0,0,0,0,0,0,0,0,0,0,0,0,0,0,0,0,0,0,0,0,0,0,0,0,0,0,0,0,0,0,0
458,"DTXSID7021360",973077.22,12.2480596153846,0.0272418393691157,0.00819468637250309,2.72496934554148,372.950797081915,137.33845501529,21.9741528024465,0,0,2673.28906593407,1.84135332855858,1.84135332855858,0,0.00046683619000894,0.00123197535519021,1.44977235493999,1.44977235493999,0,0,0,9.23629005108808,36.1932412402002,5.79091859843203,6.62880110576299e-07,6.62676887443519e-07,0,2202.86816462619,0,34.6472392887894,0,0
458,"DTXSID8020462",2170348.70350763,60.2178544576282,0.132609084769017,0.0288345390706276,2.32876724374403e-05,0.0086057392515801,0.000812382325564703,0.000129981172090352,0.0270828183008189,0.0216341819484965,5962.49643820777,0.000295515576904359,0.000295515576904359,0,7.33771700138949e-08,3.51198073799798e-05,2.41232747280003e-06,2.41232747280003e-06,0,0,0,1.59680326716244e-05,5.13590741797654e-05,8.21745186876246e-06,1.24284313432504e-05,9.92802676692426e-06,0,0.00412246375172192,59.0221932233794,59.6250814222733,0,0
458,"DTXSID8020913",0,0,0,0,0,0,0,0,0,0,0,0,0,0,0,0,0,0,0,0,0,0,0,0,0,0,0,0,0,0,0,0
