"household","dtxsid","total.used","dir.derm.exp","dir.derm.max","dir.derm.abs","dir.inhal.exp","dir.inhal.max","dir.inhal.mass","dir.inhal.abs","dir.ingest.exp","dir.ingest.abs","dir.release","ind.derm.exp","ind.derm.pr.exp","ind.derm.ar.exp","ind.derm.max","ind.derm.abs","ind.inhal.exp","ind.inhal.pr.exp","ind.inhal.ar.exp","ind.inhal.amb.in","ind.inhal.amb.out","ind.inhal.max","ind.inhal.mass","ind.inhal.abs","ind.ingest.exp","ind.ingest.abs","out.sur","out.air","drain","waste","food.ing","food.abs"
577,"DTXSID2021781",75868.8396804,0,0,0,0.00868859074902163,1.48982742064672,0.228075507161818,0.0364920811458908,0,0,208.430878242857,15.55204897342,15.55204897342,0,0.0034566817504226,5.79130984428733,0.00487802651336894,0.00487802651336894,0,0,0,0.0165793628713217,0.104539774238456,0.016726363878153,0.000841482642711864,0.000840973195656244,0,10.5591898222561,0,33.918443976414,0,0
577,"DTXSID3020205",0,0,0,0,0,0,0,0,0,0,0,0,0,0,0,0,0,0,0,0,0,0,0,0,0,0,0,0,0,0,0,0
577,"DTXSID7021360",1760892.5704788,0.00380646262087912,6.64923312708555e-06,2.5369672994024e-06,1.58549755717892e-05,0.00220911125528558,0.000582670352263255,9.32272563621207e-05,0,0,0.761292524175824,0.549407713528966,0.549407713528966,0,9.73703271953716e-05,0.00036617445404106,0.540088095530633,0.540088095530633,0,0,0,5.92294887088861,11.1891669652587,1.7902667144414,1.22625894101946e-08,1.22588299945836e-08,0,3600.62253405104,0,50.4693444736471,0,0
577,"DTXSID8020462",25289.088171368,0,0,0,0,0,0,0,0,0,0,0.0179415988235992,0.0179415988235992,0,3.9790161824566e-06,0.00748783235309378,7.01593894864443e-05,7.01593894864443e-05,0,0,0,0.000227985459992715,0.00123327151409057,0.000197323442254491,0.000164923096623154,0.000131743167945963,0,0.654456028004452,67.8306818700938,0.708140556472103,0,0
577,"DTXSID8020913",0,0,0,0,0,0,0,0,0,0,0,0,0,0,0,0,0,0,0,0,0,0,0,0,0,0,0,0,0,0,0,0
