"household","dtxsid","total.used","dir.derm.exp","dir.derm.max","dir.derm.abs","dir.inhal.exp","dir.inhal.max","dir.inhal.mass","dir.inhal.abs","dir.ingest.exp","dir.ingest.abs","dir.release","ind.derm.exp","ind.derm.pr.exp","ind.derm.ar.exp","ind.derm.max","ind.derm.abs","ind.inhal.exp","ind.inhal.pr.exp","ind.inhal.ar.exp","ind.inhal.amb.in","ind.inhal.amb.out","ind.inhal.max","ind.inhal.mass","ind.inhal.abs","ind.ingest.exp","ind.ingest.abs","out.sur","out.air","drain","waste","food.ing","food.abs"
681,"DTXSID2021781",0,0,0,0,0,0,0,0,0,0,0,0,0,0,0,0,0,0,0,0,0,0,0,0,0,0,0,0,0,0,0,0
681,"DTXSID3020205",0,0,0,0,0,0,0,0,0,0,0,0,0,0,0,0,0,0,0,0,0,0,0,0,0,0,0,0,0,0,0,0
681,"DTXSID7021360",3261.244,0.0447973076923077,0.000118140400666943,2.99855098891267e-05,0.00933270996601517,0.200685457561477,0.296780176919282,0.0474848283070852,0,0,8.95946153846154,0.00323876974131291,0.00323876974131291,0,8.31625272776006e-07,2.16790102575697e-06,0.00481473065588823,0.00481473065588823,0,0,0,0.025719571781748,0.118609202416115,0.0189774723865785,1.09388582870495e-09,1.09355046956313e-09,0,7.33434770221325,0,0.0928091352289884,0,0
681,"DTXSID8020462",1728018.86412355,47.9456044717296,0.125191298220713,0.022673282354797,1.73408566189851e-05,0.00655470977421339,0.000585528059208044,9.3684489473287e-05,0.0396022170501862,0.0316348749126184,4747.304571768,0.000123179275968782,0.000123179275968782,0,2.34739401624926e-08,2.66059251065894e-05,1.63528080885181e-06,1.63528080885181e-06,0,0,0,8.22956764798619e-06,3.6876818011746e-05,5.90029088187936e-06,8.82962244410487e-06,7.05324151905257e-06,0,0.00226621187363099,46.9940996014916,47.4731007826365,0,0
681,"DTXSID8020913",0,0,0,0,0,0,0,0,0,0,0,0,0,0,0,0,0,0,0,0,0,0,0,0,0,0,0,0,0,0,0,0
