"household","dtxsid","total.used","dir.derm.exp","dir.derm.max","dir.derm.abs","dir.inhal.exp","dir.inhal.max","dir.inhal.mass","dir.inhal.abs","dir.ingest.exp","dir.ingest.abs","dir.release","ind.derm.exp","ind.derm.pr.exp","ind.derm.ar.exp","ind.derm.max","ind.derm.abs","ind.inhal.exp","ind.inhal.pr.exp","ind.inhal.ar.exp","ind.inhal.amb.in","ind.inhal.amb.out","ind.inhal.max","ind.inhal.mass","ind.inhal.abs","ind.ingest.exp","ind.ingest.abs","out.sur","out.air","drain","waste","food.ing","food.abs"
235,"DTXSID2021781",0,0,0,0,0,0,0,0,0,0,0,0,0,0,0,0,0,0,0,0,0,0,0,0,0,0,0,0,0,0,0,0
235,"DTXSID3020205",0,0,0,0,0,0,0,0,0,0,0,0,0,0,0,0,0,0,0,0,0,0,0,0,0,0,0,0,0,0,0,0
235,"DTXSID7021360",831214.489112806,6.61521186813187,0.0128298681622899,0.00444374871396458,2.36663625192009,215.743014642187,118.969783689589,19.0351653903343,0,0,2283.55628877144,0.438980665184097,0.438980665184097,0,9.2635426770244e-05,0.000294883939660797,0.513485140013154,0.513485140013154,0,0,0,4.23743957389786,12.9410188250379,2.07056301200607,6.48684546992247e-09,6.48485675878568e-09,0,1735.99792003486,0,25.7707506345145,0,0
235,"DTXSID8020462",618556.834151196,0,0,0,0,0,0,0,0,0,0,7.07678168644289e-05,7.07678168644289e-05,0,8.66381327675303e-09,1.48793610062734e-05,1.84324815563608e-07,1.84324815563608e-07,0,0,0,1.35314017328212e-06,4.23289254182453e-06,6.77262806691925e-07,2.15277150861369e-07,1.71966779799573e-07,0,0.000622397668651566,16.8219971470593,16.9933625611755,0,0
235,"DTXSID8020913",2053.076,0,0,0,0.000786817633254141,0.0190933316237671,0.0396556087160087,0.0063448973945614,0,0,5.64031868131868,0.0462809022760976,0.0462809022760976,0,6.12606167459726e-06,0.000203496978879522,0.000953127143880904,0.000953127143880904,0,0,0,0.00183002178593078,0.02142434100272,0.0034278945604352,4.86697276946583e-09,4.86557360240012e-09,0,3.12019441543806,0,0.578879021800675,0,0
