"household","dtxsid","total.used","dir.derm.exp","dir.derm.max","dir.derm.abs","dir.inhal.exp","dir.inhal.max","dir.inhal.mass","dir.inhal.abs","dir.ingest.exp","dir.ingest.abs","dir.release","ind.derm.exp","ind.derm.pr.exp","ind.derm.ar.exp","ind.derm.max","ind.derm.abs","ind.inhal.exp","ind.inhal.pr.exp","ind.inhal.ar.exp","ind.inhal.amb.in","ind.inhal.amb.out","ind.inhal.max","ind.inhal.mass","ind.inhal.abs","ind.ingest.exp","ind.ingest.abs","out.sur","out.air","drain","waste","food.ing","food.abs"
714,"DTXSID2021781",0,0,0,0,0,0,0,0,0,0,0,0,0,0,0,0,0,0,0,0,0,0,0,0,0,0,0,0,0,0,0,0
714,"DTXSID3020205",0,0,0,0,0,0,0,0,0,0,0,0,0,0,0,0,0,0,0,0,0,0,0,0,0,0,0,0,0,0,0,0
714,"DTXSID7021360",1079714.38,0.0435557692307692,8.23801540843904e-05,2.92077281729776e-05,0.00907405774020939,0.198141557424279,0.288555036138659,0.0461688057821854,0,0,8.71115384615385,0.514487839094029,0.514487839094029,0,8.28530616566661e-05,0.00034500638533766,0.250118846068108,0.250118846068108,0,0,0,2.65003912123176,6.41861156726685,1.0269778507627,8.3823751435402e-08,8.37980530849819e-08,0,2161.0913606069,0,31.6072705482727,0,0
714,"DTXSID8020462",556542.79653126,15.4415840477347,0.0289166280962758,0.00978914063093363,7.4923437753529e-06,0.00153737683163015,0.000253645651373001,4.05833042196802e-05,0.0108663110645009,0.00868018047705413,1528.96372673423,3.27645894023384e-05,3.27645894023384e-05,0,3.76560537538377e-09,1.11663355650058e-05,1.31887025647602e-07,1.31887025647602e-07,0,0,0,1.0786564389344e-06,3.19764177705214e-06,5.11622684328343e-07,1.78435745299067e-06,1.42537284600062e-06,0,0.00109852518364149,15.1348975684763,15.2896529679422,0,0
714,"DTXSID8020913",0,0,0,0,0,0,0,0,0,0,0,0,0,0,0,0,0,0,0,0,0,0,0,0,0,0,0,0,0,0,0,0
