"household","dtxsid","total.used","dir.derm.exp","dir.derm.max","dir.derm.abs","dir.inhal.exp","dir.inhal.max","dir.inhal.mass","dir.inhal.abs","dir.ingest.exp","dir.ingest.abs","dir.release","ind.derm.exp","ind.derm.pr.exp","ind.derm.ar.exp","ind.derm.max","ind.derm.abs","ind.inhal.exp","ind.inhal.pr.exp","ind.inhal.ar.exp","ind.inhal.amb.in","ind.inhal.amb.out","ind.inhal.max","ind.inhal.mass","ind.inhal.abs","ind.ingest.exp","ind.ingest.abs","out.sur","out.air","drain","waste","food.ing","food.abs"
464,"DTXSID2021781",0,0,0,0,0,0,0,0,0,0,0,0,0,0,0,0,0,0,0,0,0,0,0,0,0,0,0,0,0,0,0,0
464,"DTXSID3020205",0,0,0,0,0,0,0,0,0,0,0,0,0,0,0,0,0,0,0,0,0,0,0,0,0,0,0,0,0,0,0,0
464,"DTXSID7021360",1516669.5,0,0,0,0,0,0,0,0,0,0,0.296196761688607,0.296196761688607,0,7.22575492074015e-05,0.000197412195669883,0.542382767681373,0.542382767681373,0,0,0,6.6388679893197,12.5271310531688,2.00434096850702,2.9495783606689e-08,2.9486740907334e-08,0,2834.45948049477,0,41.7788282373048,0,0
464,"DTXSID8020462",124489.5888236,0,0,0,0,0,0,0,0,0,0,5.48954288252282e-06,5.48954288252282e-06,0,1.19225236447614e-09,5.60761355461786e-07,2.87057424824309e-08,2.87057424824309e-08,0,0,0,3.11301423297378e-07,5.80184873687881e-07,9.28295797900609e-08,5.51055397290498e-08,4.40191733233434e-08,0,0.000185136058329377,3.38554121819267,3.4200448232166,0,0
464,"DTXSID8020913",1473.820769904,0.0202447907953846,3.86221749676115e-05,8.78212132923196e-05,0.000295652467509123,0.0139112388319546,0.0088695740252737,0.00141913184404379,0,0,4.04895815907692,0.0466530803181149,0.0466530803181149,0,1.05989921330999e-05,0.000202379331504377,0.000625894444452879,0.000625894444452879,0,0,0,0.00122576612715825,0.0124140463490156,0.0019862474158425,3.28753688959551e-08,3.28659178191542e-08,0,3.16736237528294,0,0.426998645536606,0,0
