"household","dtxsid","total.used","dir.derm.exp","dir.derm.max","dir.derm.abs","dir.inhal.exp","dir.inhal.max","dir.inhal.mass","dir.inhal.abs","dir.ingest.exp","dir.ingest.abs","dir.release","ind.derm.exp","ind.derm.pr.exp","ind.derm.ar.exp","ind.derm.max","ind.derm.abs","ind.inhal.exp","ind.inhal.pr.exp","ind.inhal.ar.exp","ind.inhal.amb.in","ind.inhal.amb.out","ind.inhal.max","ind.inhal.mass","ind.inhal.abs","ind.ingest.exp","ind.ingest.abs","out.sur","out.air","drain","waste","food.ing","food.abs"
380,"DTXSID2021781",72551.483004,0,0,0,0.00830843212960294,1.5254548344547,0.249252963888088,0.0398804742220941,0,0,199.317261,26.6863933020899,26.6863933020899,0,0.00297455489071815,9.98112933120557,0.0277512083286512,0.0277512083286512,0,0,0,0.0429359222095639,0.723978538751874,0.1158365662003,0.00366556674046036,0.00366334754770662,0,7.57411972943763,0,45.5034938590397,0,0
380,"DTXSID3020205",0,0,0,0,0,0,0,0,0,0,0,0,0,0,0,0,0,0,0,0,0,0,0,0,0,0,0,0,0,0,0,0
380,"DTXSID7021360",200174.393565828,0,0,0,0,0,0,0,0,0,0,0.0295164557272599,0.0295164557272599,0,4.85639496507589e-06,1.97472477034836e-05,0.00837915742206381,0.00837915742206381,0,0,0,0.145510876182929,0.192668701384456,0.030826992221513,1.67145159955993e-09,1.67093917261435e-09,0,146.775007508231,0,5.69008738783586,0,0
380,"DTXSID8020462",0,0,0,0,0,0,0,0,0,0,0,0,0,0,0,0,0,0,0,0,0,0,0,0,0,0,0,0,0,0,0,0
380,"DTXSID8020913",1305.406306643,0,0,0,0,0,0,0,0,0,0,0.0556792601740675,0.0556792601740675,0,6.70060093567744e-06,0.000243119637143653,0.000236955484345055,0.000236955484345055,0,0,0,0.000368481539375035,0.00561884158491106,0.000899014653585769,2.23730806608585e-08,2.2366648802884e-08,0,2.67425473919491,0,0.422054431199317,0,0
