"household","dtxsid","total.used","dir.derm.exp","dir.derm.max","dir.derm.abs","dir.inhal.exp","dir.inhal.max","dir.inhal.mass","dir.inhal.abs","dir.ingest.exp","dir.ingest.abs","dir.release","ind.derm.exp","ind.derm.pr.exp","ind.derm.ar.exp","ind.derm.max","ind.derm.abs","ind.inhal.exp","ind.inhal.pr.exp","ind.inhal.ar.exp","ind.inhal.amb.in","ind.inhal.amb.out","ind.inhal.max","ind.inhal.mass","ind.inhal.abs","ind.ingest.exp","ind.ingest.abs","out.sur","out.air","drain","waste","food.ing","food.abs"
972,"DTXSID2021781",0,0,0,0,0,0,0,0,0,0,0,0,0,0,0,0,0,0,0,0,0,0,0,0,0,0,0,0,0,0,0,0
972,"DTXSID3020205",8758.464,0,0,0,0,0,0,0,0,0,0,1.88186772616851,1.88186772616851,0,0.000192726860375591,0.724932835196376,0.00148076314375945,0.00148076314375945,0,0,0,0.00219220822667674,0.0386151154040437,0.006178418464647,0.000246740380293478,0.000246622143783684,0,0.279532581072175,0.0897446497305774,3.09497152364595,0,0
972,"DTXSID7021360",1245996.5684916,0,0,0,0.389020570120403,58.7570401692238,11.6706171036121,1.86729873657793,0,0,379.285714285714,0.350303538226404,0.350303538226404,0,4.83518154356339e-05,0.000235086995598949,0.18015433485182,0.18015433485182,0,0,0,1.717518915843,4.65910552815086,0.745456884504137,1.37993007110679e-08,1.37950701766531e-08,0,2507.61158867605,0,35.4175139261244,0,0
972,"DTXSID8020462",1733850.77379114,48.1072281796261,0.0823390531242812,0.0218464504046842,1.72100764305942e-05,0.00607334650520163,0.000593587608643609,9.49740173829774e-05,0.00334475321039022,0.00267184156104654,4763.326301624,8.18310491853622e-05,8.18310491853622e-05,0,8.39456811692221e-09,1.3361367949109e-05,1.9681167843371e-07,1.9681167843371e-07,0,0,0,1.64191672995122e-06,4.82965707583015e-06,7.72745132132824e-07,5.15834779976431e-07,4.12056949222132e-07,0,0.00262664797776749,47.1523347152766,47.6332847416414,0,0
972,"DTXSID8020913",0,0,0,0,0,0,0,0,0,0,0,0,0,0,0,0,0,0,0,0,0,0,0,0,0,0,0,0,0,0,0,0
