"household","dtxsid","total.used","dir.derm.exp","dir.derm.max","dir.derm.abs","dir.inhal.exp","dir.inhal.max","dir.inhal.mass","dir.inhal.abs","dir.ingest.exp","dir.ingest.abs","dir.release","ind.derm.exp","ind.derm.pr.exp","ind.derm.ar.exp","ind.derm.max","ind.derm.abs","ind.inhal.exp","ind.inhal.pr.exp","ind.inhal.ar.exp","ind.inhal.amb.in","ind.inhal.amb.out","ind.inhal.max","ind.inhal.mass","ind.inhal.abs","ind.ingest.exp","ind.ingest.abs","out.sur","out.air","drain","waste","food.ing","food.abs"
825,"DTXSID2021781",0,0,0,0,0,0,0,0,0,0,0,0,0,0,0,0,0,0,0,0,0,0,0,0,0,0,0,0,0,0,0,0
825,"DTXSID3020205",0,0,0,0,0,0,0,0,0,0,0,0,0,0,0,0,0,0,0,0,0,0,0,0,0,0,0,0,0,0,0,0
825,"DTXSID7021360",40550.24772351,0.557008897300962,0.00110807950587495,0.000375657230008089,0.116040800120956,5.81678393755617,3.48122400362867,0.556995840580587,0,0,111.401779460192,0.0607690309240131,0.0607690309240131,0,1.44404575194997e-05,4.09837707853178e-05,0.0884303606289611,0.0884303606289611,0,0,0,0.406365538250074,2.09785090138844,0.33565614422215,2.27005278115046e-09,2.26935683744902e-09,0,90.0665269191825,0,1.13134270772956,0,0
825,"DTXSID8020462",762.3,0.0209901987302256,4.13463076510147e-05,0.00118992970400273,1.15632341208032e-05,0.00055496622935381,0.000346785016991591,5.54856027186545e-05,2.01949469406098e-06,1.61320417875482e-06,2.09423076923077,0.138001743434449,0.138001743434449,0,3.02408096218208e-05,0.0370907736627083,0.000715284327503868,0.000715284327503868,0,0,0,0.00113678759177654,0.014730956608664,0.00235695305738624,0.0013512047317158,0.00107936362792513,0,0.979904912605729,0.0204193224220217,0.0485526001127775,0,0
825,"DTXSID8020913",0,0,0,0,0,0,0,0,0,0,0,0,0,0,0,0,0,0,0,0,0,0,0,0,0,0,0,0,0,0,0,0
