"household","dtxsid","total.used","dir.derm.exp","dir.derm.max","dir.derm.abs","dir.inhal.exp","dir.inhal.max","dir.inhal.mass","dir.inhal.abs","dir.ingest.exp","dir.ingest.abs","dir.release","ind.derm.exp","ind.derm.pr.exp","ind.derm.ar.exp","ind.derm.max","ind.derm.abs","ind.inhal.exp","ind.inhal.pr.exp","ind.inhal.ar.exp","ind.inhal.amb.in","ind.inhal.amb.out","ind.inhal.max","ind.inhal.mass","ind.inhal.abs","ind.ingest.exp","ind.ingest.abs","out.sur","out.air","drain","waste","food.ing","food.abs"
358,"DTXSID2021781",0,0,0,0,0,0,0,0,0,0,0,0,0,0,0,0,0,0,0,0,0,0,0,0,0,0,0,0,0,0,0,0
358,"DTXSID3020205",5060.664,0,0,0,0,0,0,0,0,0,0,15.2146117464942,15.2146117464942,0,0.00170050864444869,5.78758430155512,0.00445540098739301,0.00445540098739301,0,0,0,0.00654219646435598,0.115090039888642,0.0184144063821826,0.028036919641376,0.0280234845177054,0,0.426492823024399,0.0491108901783461,1.88555266382058,0,0
358,"DTXSID7021360",290131.486435914,0,0,0,0,0,0,0,0,0,0,0.19901379457375,0.19901379457375,0,4.14373723366278e-05,0.00013230477554678,0.29003047288602,0.29003047288602,0,0,0,2.72614432970186,7.53882109635901,1.20621137541744,1.10533647543178e-07,1.10499760579648e-07,1.09735734880375e-05,692.69260405219,0,7.99378061829676,0,0
358,"DTXSID8020462",25989.6,0.178863327718283,0.000343314685916822,0.0103198353576163,9.93995233964317e-05,0.00474073172679361,0.0029807334063259,0.000476917345012143,0.000331542313141602,0.000264841223186655,17.85,11.2916213437129,11.2916213437129,0,0.00127340426499234,3.87741811600564,0.0529970296249302,0.0529970296249302,0,0,0,0.0553862991064908,1.20513333214792,0.192821333143667,2.13055544405527,1.70192125561237,0,54.1545812952456,0.695821132871375,1.00089675076859,0,0
358,"DTXSID8020913",0,0,0,0,0,0,0,0,0,0,0,0,0,0,0,0,0,0,0,0,0,0,0,0,0,0,0,0,0,0,0,0
