"household","dtxsid","total.used","dir.derm.exp","dir.derm.max","dir.derm.abs","dir.inhal.exp","dir.inhal.max","dir.inhal.mass","dir.inhal.abs","dir.ingest.exp","dir.ingest.abs","dir.release","ind.derm.exp","ind.derm.pr.exp","ind.derm.ar.exp","ind.derm.max","ind.derm.abs","ind.inhal.exp","ind.inhal.pr.exp","ind.inhal.ar.exp","ind.inhal.amb.in","ind.inhal.amb.out","ind.inhal.max","ind.inhal.mass","ind.inhal.abs","ind.ingest.exp","ind.ingest.abs","out.sur","out.air","drain","waste","food.ing","food.abs"
3,"DTXSID2021781",0,0,0,0,0,0,0,0,0,0,0,0,0,0,0,0,0,0,0,0,0,0,0,0,0,0,0,0,0,0,0,0
3,"DTXSID3020205",0,0,0,0,0,0,0,0,0,0,0,0,0,0,0,0,0,0,0,0,0,0,0,0,0,0,0,0,0,0,0,0
3,"DTXSID7021360",628370.06,0,0,0,0,0,0,0,0,0,0,1.04002763301268,1.04002763301268,0,0.000265872171626094,0.000695511521185298,0.998505969570492,0.998505969570492,0,0,0,5.5414295450553,22.4524133004105,3.59238612806568,1.51198120839323e-08,1.51151767124229e-08,0,1418.30093432918,0,18.6707981190041,0,0
3,"DTXSID8020462",1280547.00492698,35.5296727358088,0.0676704024061157,0.0172257907401453,1.38833115330779e-05,0.004099071054391,0.000483479585225213,7.73567336360341e-05,0.000851618074371849,0.000680285935050995,3517.98627727191,0.000181443534541209,0.000181443534541209,0,4.12793486994691e-08,2.7768442046074e-05,1.09106301965503e-06,1.09106301965503e-06,0,0,0,6.44653992053853e-06,2.36591776783013e-05,3.7854684285282e-06,3.97031352654739e-07,3.17154899729567e-07,0,0.00180647983515047,34.8242037959897,35.1798934445397,0,0
3,"DTXSID8020913",1428.01052745,0,0,0,0,0,0,0,0,0,0,0.0836757159751528,0.0836757159751528,0,1.93618055483985e-05,0.000365099593661949,0.00120135468781917,0.00120135468781917,0,0,0,0.00244370925024431,0.0242171248927748,0.00387473998284397,8.62922777865518e-09,8.62674703099491e-09,0,2.04114773684047,0,0.411780425885457,0,0
