"household","dtxsid","total.used","dir.derm.exp","dir.derm.max","dir.derm.abs","dir.inhal.exp","dir.inhal.max","dir.inhal.mass","dir.inhal.abs","dir.ingest.exp","dir.ingest.abs","dir.release","ind.derm.exp","ind.derm.pr.exp","ind.derm.ar.exp","ind.derm.max","ind.derm.abs","ind.inhal.exp","ind.inhal.pr.exp","ind.inhal.ar.exp","ind.inhal.amb.in","ind.inhal.amb.out","ind.inhal.max","ind.inhal.mass","ind.inhal.abs","ind.ingest.exp","ind.ingest.abs","out.sur","out.air","drain","waste","food.ing","food.abs"
37,"DTXSID2021781",0,0,0,0,0,0,0,0,0,0,0,0,0,0,0,0,0,0,0,0,0,0,0,0,0,0,0,0,0,0,0,0
37,"DTXSID3020205",0,0,0,0,0,0,0,0,0,0,0,0,0,0,0,0,0,0,0,0,0,0,0,0,0,0,0,0,0,0,0,0
37,"DTXSID7021360",16830.299635506,0.231185434553654,0.000388674691837228,0.000155681404104388,0.0481632575661144,1.92765476792586,2.42742818133216,0.388388509013146,0,0,46.2370869107308,0.00423790523933462,0.00423790523933462,0,7.56664889008753e-07,2.85382586201442e-06,0.00354489741736426,0.00354489741736426,0,0,0,0.0433041540407597,0.091841148676033,0.0146945837881653,4.24014315807779e-10,4.23884323194896e-10,0,32.5270450117515,0,0.463641218554869,0,0
37,"DTXSID8020462",801594.732035196,0,0,0,0,0,0,0,0,0,0,6.79021857062577e-05,6.79021857062577e-05,0,6.56985312999106e-09,1.02794587166626e-05,1.19717208740865e-07,1.19717208740865e-07,0,0,0,9.60610144713854e-07,2.99729715289894e-06,4.7956754446383e-07,1.00451059347986e-06,8.02418888136112e-07,0,0.00107852932365141,21.7995977218721,22.021844460986,0,0
37,"DTXSID8020913",4526.193856548,0.062172992535,0.000104526778517836,0.000274531878680518,0.00101854435096109,0.0407655539449114,0.0513346352884389,0.00821354164615022,0,0,12.434598507,0.296939208737567,0.296939208737567,0,3.00043184874671e-05,0.00131116771617374,0.0014039248660315,0.0014039248660315,0,0,0,0.00201864000008102,0.034562714924709,0.00553003438795344,2.11801882593219e-07,2.11740993364408e-07,0,9.33421506398028,0,1.3188949387642,0,0
