"household","dtxsid","total.used","dir.derm.exp","dir.derm.max","dir.derm.abs","dir.inhal.exp","dir.inhal.max","dir.inhal.mass","dir.inhal.abs","dir.ingest.exp","dir.ingest.abs","dir.release","ind.derm.exp","ind.derm.pr.exp","ind.derm.ar.exp","ind.derm.max","ind.derm.abs","ind.inhal.exp","ind.inhal.pr.exp","ind.inhal.ar.exp","ind.inhal.amb.in","ind.inhal.amb.out","ind.inhal.max","ind.inhal.mass","ind.inhal.abs","ind.ingest.exp","ind.ingest.abs","out.sur","out.air","drain","waste","food.ing","food.abs"
689,"DTXSID2021781",0,0,0,0,0,0,0,0,0,0,0,0,0,0,0,0,0,0,0,0,0,0,0,0,0,0,0,0,0,0,0,0
689,"DTXSID3020205",17968.9217575,0.247630878341278,0.000466545806828268,0.0946545174985259,0.000832216754598159,0.0305035620094486,0.0197650901507849,0.00316241442412559,3.37971397925451e-08,3.37809444059393e-08,49.3651696634615,9.10440650612981,9.10440650612981,0,0.00100212472727072,3.47723997356208,0.00203957730115048,0.00203957730115048,0,0,0,0.0032407987382092,0.0417090069186064,0.00667344110697702,0.0082376328985971,0.00823368547433789,0,0.76100117833743,0.00156270534064795,6.49844649034503,0,0
689,"DTXSID7021360",1149242.3210825,0.654693036847528,0.00123354471998822,0.000436397753049016,0.136393433274305,4.99940294036043,3.23934404026476,0.518295046442361,0,0,130.938607369506,0.945205830650922,0.945205830650922,0,0.000134353395064236,0.000630044257506136,0.647094812290359,0.647094812290359,0,0,0,4.68003358366445,11.8943903171324,1.90310245074118,2.57409661020827e-07,2.5733074539659e-07,0,2391.30822974229,0,34.1152846238303,0,0
689,"DTXSID8020462",0,0,0,0,0,0,0,0,0,0,0,0,0,0,0,0,0,0,0,0,0,0,0,0,0,0,0,0,0,0,0,0
689,"DTXSID8020913",0,0,0,0,0,0,0,0,0,0,0,0,0,0,0,0,0,0,0,0,0,0,0,0,0,0,0,0,0,0,0,0
