"household","dtxsid","total.used","dir.derm.exp","dir.derm.max","dir.derm.abs","dir.inhal.exp","dir.inhal.max","dir.inhal.mass","dir.inhal.abs","dir.ingest.exp","dir.ingest.abs","dir.release","ind.derm.exp","ind.derm.pr.exp","ind.derm.ar.exp","ind.derm.max","ind.derm.abs","ind.inhal.exp","ind.inhal.pr.exp","ind.inhal.ar.exp","ind.inhal.amb.in","ind.inhal.amb.out","ind.inhal.max","ind.inhal.mass","ind.inhal.abs","ind.ingest.exp","ind.ingest.abs","out.sur","out.air","drain","waste","food.ing","food.abs"
80,"DTXSID2021781",0,0,0,0,0,0,0,0,0,0,0,0,0,0,0,0,0,0,0,0,0,0,0,0,0,0,0,0,0,0,0,0
80,"DTXSID3020205",0,0,0,0,0,0,0,0,0,0,0,0,0,0,0,0,0,0,0,0,0,0,0,0,0,0,0,0,0,0,0,0
80,"DTXSID7021360",1375696.799856,0,0,0,3.97555117837176,92.4278100173614,200.367779389937,32.0588447023898,0,0,3778.74171428571,0.597742277190371,0.597742277190371,0,0.000140641950003483,0.00040172061342045,0.367928781630818,0.367928781630818,0,0,0,5.42452494684072,9.31194890249805,1.48991182439969,8.56578477945731e-09,8.56315871542277e-09,0,2233.1436786784,0,38.1652964631183,0,0
80,"DTXSID8020462",991017.950991432,0,0,0,0,0,0,0,0,0,0,6.15580123062235e-05,6.15580123062235e-05,0,1.1445720168658e-08,1.05394218901817e-05,1.22134682520982e-07,1.22134682520982e-07,0,0,0,1.27657640822909e-06,2.86077057813691e-06,4.57723292501905e-07,1.47805656468182e-07,1.18069487064901e-07,0,0.000835481334178141,26.9517760982162,27.225790873475,0,0
80,"DTXSID8020913",1529.764315287,0,0,0,0,0,0,0,0,0,0,0.0769731842242087,0.0769731842242087,0,1.47515233805123e-05,0.000338724187133834,0.000507324699980067,0.000507324699980067,0,0,0,0.00107849481829513,0.0110188060351109,0.00176300896561774,7.85249680752647e-09,7.85023935603925e-09,0,3.25000510199812,0,0.457422018827473,0,0
