"household","dtxsid","total.used","dir.derm.exp","dir.derm.max","dir.derm.abs","dir.inhal.exp","dir.inhal.max","dir.inhal.mass","dir.inhal.abs","dir.ingest.exp","dir.ingest.abs","dir.release","ind.derm.exp","ind.derm.pr.exp","ind.derm.ar.exp","ind.derm.max","ind.derm.abs","ind.inhal.exp","ind.inhal.pr.exp","ind.inhal.ar.exp","ind.inhal.amb.in","ind.inhal.amb.out","ind.inhal.max","ind.inhal.mass","ind.inhal.abs","ind.ingest.exp","ind.ingest.abs","out.sur","out.air","drain","waste","food.ing","food.abs"
408,"DTXSID2021781",0,0,0,0,0,0,0,0,0,0,0,0,0,0,0,0,0,0,0,0,0,0,0,0,0,0,0,0,0,0,0,0
408,"DTXSID3020205",0,0,0,0,0,0,0,0,0,0,0,0,0,0,0,0,0,0,0,0,0,0,0,0,0,0,0,0,0,0,0,0
408,"DTXSID7021360",137166.4,0,0,0,0.376027241131392,70.7538517220965,11.2808172339418,1.80493075743068,0,0,376.830769230769,0.13719957292291,0.13719957292291,0,3.30640675467459e-05,9.16292895545754e-05,0.0988123365075033,0.0988123365075033,0,0,0,0.94972908508032,2.13067469535256,0.34090795125641,1.68042306601208e-09,1.6799078886302e-09,0,306.517554452198,0,5.85344848613617,0,0
408,"DTXSID8020462",382905.89638956,0,0,0,0,0,0,0,0,0,0,5.55886741233069e-06,5.55886741233069e-06,0,1.10116873648887e-09,7.91717217533013e-07,1.19640580809677e-07,1.19640580809677e-07,0,0,0,1.05815567257568e-06,2.92937203710912e-06,4.6869952593746e-07,9.5496098446998e-09,7.62837879804931e-09,0,0.000413028546097294,10.4134901374407,10.5193964081517,0,0
408,"DTXSID8020913",2672.243839188,0,0,0,0,0,0,0,0,0,0,0.169260872711619,0.169260872711619,0,3.36622098202856e-05,0.000736840352589776,0.00135732665461137,0.00135732665461137,0,0,0,0.00280182290440141,0.0303048917766451,0.00484878268426322,1.46918415118685e-08,1.4687617871887e-08,0,4.73899371240319,0,0.867418255167909,0,0
