"household","dtxsid","total.used","dir.derm.exp","dir.derm.max","dir.derm.abs","dir.inhal.exp","dir.inhal.max","dir.inhal.mass","dir.inhal.abs","dir.ingest.exp","dir.ingest.abs","dir.release","ind.derm.exp","ind.derm.pr.exp","ind.derm.ar.exp","ind.derm.max","ind.derm.abs","ind.inhal.exp","ind.inhal.pr.exp","ind.inhal.ar.exp","ind.inhal.amb.in","ind.inhal.amb.out","ind.inhal.max","ind.inhal.mass","ind.inhal.abs","ind.ingest.exp","ind.ingest.abs","out.sur","out.air","drain","waste","food.ing","food.abs"
847,"DTXSID2021781",0,0,0,0,0,0,0,0,0,0,0,0,0,0,0,0,0,0,0,0,0,0,0,0,0,0,0,0,0,0,0,0
847,"DTXSID3020205",0,0,0,0,0,0,0,0,0,0,0,0,0,0,0,0,0,0,0,0,0,0,0,0,0,0,0,0,0,0,0,0
847,"DTXSID7021360",34992.58,0.480667307692308,0.000834319253410731,0.000322797534853173,0.0969419470671128,15.5816948070814,4.88587413218248,0.781739861149198,0,0,96.1334615384615,0.00882135779312214,0.00882135779312214,0,2.27270886912992e-06,5.92407753390369e-06,0.00368220178531405,0.00368220178531405,0,0,0,0.0710522180573618,0.0894742262002151,0.0143158761920344,6.66250239616446e-09,6.66045983282986e-09,0,41.3568608120473,0,1.27568252408458,0,0
847,"DTXSID8020462",1015802.2404979,28.1838204540047,0.0483866437364401,0.0153288822793624,1.25544279483964e-05,0.00436342869487441,0.000433543001964781,6.9366880314365e-05,0.0173527508184473,0.0138616507463649,2790.66549587334,1.46707744822781e-05,1.46707744822781e-05,0,3.1103571218706e-09,1.1726719535536e-06,1.21261667429635e-07,1.21261667429635e-07,0,0,0,1.71077206687243e-06,2.87371259805538e-06,4.5979401568886e-07,8.67409964223541e-07,6.92900745465751e-07,0,0.00146992289444671,27.6238981272385,27.9066682999201,0,0
847,"DTXSID8020913",0,0,0,0,0,0,0,0,0,0,0,0,0,0,0,0,0,0,0,0,0,0,0,0,0,0,0,0,0,0,0,0
