"household","dtxsid","total.used","dir.derm.exp","dir.derm.max","dir.derm.abs","dir.inhal.exp","dir.inhal.max","dir.inhal.mass","dir.inhal.abs","dir.ingest.exp","dir.ingest.abs","dir.release","ind.derm.exp","ind.derm.pr.exp","ind.derm.ar.exp","ind.derm.max","ind.derm.abs","ind.inhal.exp","ind.inhal.pr.exp","ind.inhal.ar.exp","ind.inhal.amb.in","ind.inhal.amb.out","ind.inhal.max","ind.inhal.mass","ind.inhal.abs","ind.ingest.exp","ind.ingest.abs","out.sur","out.air","drain","waste","food.ing","food.abs"
340,"DTXSID2021781",207086.3929386,0,0,0,0,0,0,0,0,0,0,114.143305460762,114.143305460762,0,0.0260670461577523,42.5584285566323,0.0426054168327434,0.0426054168327434,0,0,0,0.0906508588356317,0.584776680787534,0.0935642689260055,0.114473617402278,0.114404313242725,0,55.9475230005366,0,90.875065524547,0,0
340,"DTXSID3020205",0,0,0,0,0,0,0,0,0,0,0,0,0,0,0,0,0,0,0,0,0,0,0,0,0,0,0,0,0,0,0,0
340,"DTXSID7021360",550076.9991882,1.24347222072857,0.00332680779763275,0.000830317228361996,0.25905497220198,8.3925208659554,4.20964329828218,0.673542927725149,0,0,248.694444145714,0.0362440275942741,0.0362440275942741,0,1.08136959009342e-05,2.42016086687013e-05,0.0134025738817053,0.0134025738817053,0,0,0,0.223009689608165,0.187647607961658,0.0300236172738653,1.50034052753742e-08,1.49988055913985e-08,18.5883680721784,1016.95950993956,0,15.1303219837661,0,0
340,"DTXSID8020462",238551.340133316,0,0,0,0,0,0,0,0,0,0,8.09323625107364e-06,8.09323625107364e-06,0,1.89495420005258e-09,2.52048638053748e-06,3.96851611505906e-08,3.96851611505906e-08,0,0,0,4.49231453249105e-07,4.92254456175006e-07,7.8760712988001e-08,1.02768776350982e-06,8.20933176712359e-07,0,0.000409876225634974,6.48715765030619,6.55361042897574,0,0
340,"DTXSID8020913",0,0,0,0,0,0,0,0,0,0,0,0,0,0,0,0,0,0,0,0,0,0,0,0,0,0,0,0,0,0,0,0
