"household","dtxsid","total.used","dir.derm.exp","dir.derm.max","dir.derm.abs","dir.inhal.exp","dir.inhal.max","dir.inhal.mass","dir.inhal.abs","dir.ingest.exp","dir.ingest.abs","dir.release","ind.derm.exp","ind.derm.pr.exp","ind.derm.ar.exp","ind.derm.max","ind.derm.abs","ind.inhal.exp","ind.inhal.pr.exp","ind.inhal.ar.exp","ind.inhal.amb.in","ind.inhal.amb.out","ind.inhal.max","ind.inhal.mass","ind.inhal.abs","ind.ingest.exp","ind.ingest.abs","out.sur","out.air","drain","waste","food.ing","food.abs"
912,"DTXSID2021781",181765.243491975,0,0,0,0.00999002935358262,2.67142846223936,0.299700880607478,0.0479521408971966,0,0,239.690430978429,25.4892353267294,25.4892353267294,0,0.00575719793480402,9.58064503958236,0.0076959945571334,0.0076959945571334,0,0,0,0.0265226276996797,0.190219411950128,0.0304351059120204,0.00420559830616091,0.00420305216965679,0,14.0388838941951,0,84.8353695363282,0,0
912,"DTXSID3020205",0,0,0,0,0,0,0,0,0,0,0,0,0,0,0,0,0,0,0,0,0,0,0,0,0,0,0,0,0,0,0,0
912,"DTXSID7021360",1789994.4734879,0,0,0,4.97737487385177,116.278846301123,250.859693642129,40.1375509827407,0,0,4730.97032967033,0.332130733605342,0.332130733605342,0,9.01782394904274e-05,0.000223152818885849,0.596527451045127,0.596527451045127,0,0,0,5.15313015273978,13.021091123097,2.08337457969551,2.25767383309885e-08,2.2569816844858e-08,0,3917.17030289532,0,49.735898713337,0,0
912,"DTXSID8020462",19970.26142646,0,0,0,0,0,0,0,0,0,0,0.0211293906593659,0.0211293906593659,0,4.78250584751847e-06,0.00883502111008428,4.52011712631454e-05,4.52011712631454e-05,0,0,0,0.000146230241188092,0.000910119216070124,0.00014561907457122,0.000587892118261782,0.000469617486307835,0,0.377001785574324,53.5553731923934,0.574713683416934,0,0
912,"DTXSID8020913",0,0,0,0,0,0,0,0,0,0,0,0,0,0,0,0,0,0,0,0,0,0,0,0,0,0,0,0,0,0,0,0
