"household","dtxsid","total.used","dir.derm.exp","dir.derm.max","dir.derm.abs","dir.inhal.exp","dir.inhal.max","dir.inhal.mass","dir.inhal.abs","dir.ingest.exp","dir.ingest.abs","dir.release","ind.derm.exp","ind.derm.pr.exp","ind.derm.ar.exp","ind.derm.max","ind.derm.abs","ind.inhal.exp","ind.inhal.pr.exp","ind.inhal.ar.exp","ind.inhal.amb.in","ind.inhal.amb.out","ind.inhal.max","ind.inhal.mass","ind.inhal.abs","ind.ingest.exp","ind.ingest.abs","out.sur","out.air","drain","waste","food.ing","food.abs"
87,"DTXSID2021781",111789.161876,0,0,0,0.0128061884775482,1.30963080801572,0.384185654326445,0.0614697046922313,0,0,307.113082076923,52.5041543997216,52.5041543997216,0,0.00676254731572312,19.5716849870306,0.042401941413619,0.042401941413619,0,0,0,0.0784047277965046,1.07861674445158,0.172578679112253,0.0319620183331177,0.0319426680158266,0,14.1858315367882,0,38.6263277198227,0,0
87,"DTXSID3020205",20664.0314089,0,0,0,0,0,0,0,0,0,0,9.32409288957093,9.32409288957093,0,0.0011985567633953,3.56644851943072,0.00686116833189719,0.00686116833189719,0,0,0,0.0125021782010235,0.176957550095774,0.0283132080153239,0.00778362147019269,0.00777989160548591,0,0.95152082988565,0.00411522177699429,7.15434642702824,0,0
87,"DTXSID7021360",76914.9269013,0,0,0,0,0,0,0,0,0,0,0.0399821030530815,0.0399821030530815,0,6.40503359855632e-06,2.6683455960148e-05,0.062380148606743,0.062380148606743,0,0,0,0.403234657229818,1.24162542214411,0.198660067543057,1.004323996982e-08,1.0040160953483e-08,0,173.116827417001,0,2.14481684364154,0,0
87,"DTXSID8020462",0,0,0,0,0,0,0,0,0,0,0,0,0,0,0,0,0,0,0,0,0,0,0,0,0,0,0,0,0,0,0,0
87,"DTXSID8020913",0,0,0,0,0,0,0,0,0,0,0,0,0,0,0,0,0,0,0,0,0,0,0,0,0,0,0,0,0,0,0,0
