"household","dtxsid","total.used","dir.derm.exp","dir.derm.max","dir.derm.abs","dir.inhal.exp","dir.inhal.max","dir.inhal.mass","dir.inhal.abs","dir.ingest.exp","dir.ingest.abs","dir.release","ind.derm.exp","ind.derm.pr.exp","ind.derm.ar.exp","ind.derm.max","ind.derm.abs","ind.inhal.exp","ind.inhal.pr.exp","ind.inhal.ar.exp","ind.inhal.amb.in","ind.inhal.amb.out","ind.inhal.max","ind.inhal.mass","ind.inhal.abs","ind.ingest.exp","ind.ingest.abs","out.sur","out.air","drain","waste","food.ing","food.abs"
897,"DTXSID2021781",0,0,0,0,0,0,0,0,0,0,0,0,0,0,0,0,0,0,0,0,0,0,0,0,0,0,0,0,0,0,0,0
897,"DTXSID3020205",12608.143901766,0.173651225094122,0.000323587115757469,0.0663293971172373,0.000583892396310174,0.0319545548005418,0.0175167298773682,0.00280267678037892,3.37106274453221e-09,3.36944735149141e-09,34.6377579718846,7.43744706580287,7.43744706580287,0,0.00141920548886031,2.84037442377941,0.00868918451293053,0.00868918451293053,0,0,0,0.0221873887120311,0.224372234446163,0.0358995575113861,0.00180125260503405,0.00180038945559324,0,0.964914302614361,0.000897668396769137,6.24565904093458,0,0
897,"DTXSID7021360",20085.37931429,0.242913452119368,0.000452676149470803,0.00016181587374789,0.0506045053026766,2.76947733489869,1.5181351590803,0.242901625452847,0,0,48.5826904238736,0.00822432959536796,0.00822432959536796,0,1.83877865639469e-06,5.47860553122416e-06,0.00871699375394713,0.00871699375394713,0,0,0,0.123815537933798,0.21295815600831,0.0340733049613297,5.99176917827907e-10,5.98993224565147e-10,0,36.0303860730591,0,0.555783611692088,0,0
897,"DTXSID8020462",0,0,0,0,0,0,0,0,0,0,0,0,0,0,0,0,0,0,0,0,0,0,0,0,0,0,0,0,0,0,0,0
897,"DTXSID8020913",0,0,0,0,0,0,0,0,0,0,0,0,0,0,0,0,0,0,0,0,0,0,0,0,0,0,0,0,0,0,0,0
