"household","dtxsid","total.used","dir.derm.exp","dir.derm.max","dir.derm.abs","dir.inhal.exp","dir.inhal.max","dir.inhal.mass","dir.inhal.abs","dir.ingest.exp","dir.ingest.abs","dir.release","ind.derm.exp","ind.derm.pr.exp","ind.derm.ar.exp","ind.derm.max","ind.derm.abs","ind.inhal.exp","ind.inhal.pr.exp","ind.inhal.ar.exp","ind.inhal.amb.in","ind.inhal.amb.out","ind.inhal.max","ind.inhal.mass","ind.inhal.abs","ind.ingest.exp","ind.ingest.abs","out.sur","out.air","drain","waste","food.ing","food.abs"
994,"DTXSID2021781",0,0,0,0,0,0,0,0,0,0,0,0,0,0,0,0,0,0,0,0,0,0,0,0,0,0,0,0,0,0,0,0
994,"DTXSID3020205",3572.304,0.0703906105369035,0.000136209384915703,0.0204098237505129,0.000126544450742253,0.0100808362336612,0.00402122994536762,0.000643396791258819,4.38273094025796e-07,4.38063076188778e-07,9.81402197802198,2.78521621607,2.78521621607,0,0.000336635243660153,1.07361342834321,0.002462638682532,0.002462638682532,0,0,0,0.00378111080833416,0.0640186968052706,0.0102429914888433,0.000405880124245183,0.000405685628924925,0,0.179573666484667,0.041386854196717,1.68335102827884,0,0
994,"DTXSID7021360",21056.52,0.289237912087912,0.000563033812863905,0.000194217958342748,0.0600645486705504,5.77582304411302,3.02725325299574,0.484360520479318,0,0,57.8475824175824,0.0268867144587733,0.0268867144587733,0,4.25277921576189e-06,1.80539353294018e-05,0.015115008476753,0.015115008476753,0,0,0,0.135834820703412,0.383383249360555,0.0613413198976889,1.17708478680278e-09,1.17672392085719e-09,0,43.7140979106558,0,0.616645523203014,0,0
994,"DTXSID8020462",16111.26,0.447038294964151,0.000861593988634509,5.5859217703805e-05,4.16317573559255e-08,2.86234943913008e-05,1.56824132018185e-06,2.50918611229095e-07,3.12916663391831e-05,2.49962760719427e-05,44.2617032967033,0,0,0,0,0,0,0,0,0,0,0,0,0,0,0,0,0,0.438181334697702,0.442617032967033,0,0
994,"DTXSID8020913",0,0,0,0,0,0,0,0,0,0,0,0,0,0,0,0,0,0,0,0,0,0,0,0,0,0,0,0,0,0,0,0
