"household","dtxsid","total.used","dir.derm.exp","dir.derm.max","dir.derm.abs","dir.inhal.exp","dir.inhal.max","dir.inhal.mass","dir.inhal.abs","dir.ingest.exp","dir.ingest.abs","dir.release","ind.derm.exp","ind.derm.pr.exp","ind.derm.ar.exp","ind.derm.max","ind.derm.abs","ind.inhal.exp","ind.inhal.pr.exp","ind.inhal.ar.exp","ind.inhal.amb.in","ind.inhal.amb.out","ind.inhal.max","ind.inhal.mass","ind.inhal.abs","ind.ingest.exp","ind.ingest.abs","out.sur","out.air","drain","waste","food.ing","food.abs"
511,"DTXSID2021781",0,0,0,0,0,0,0,0,0,0,0,0,0,0,0,0,0,0,0,0,0,0,0,0,0,0,0,0,0,0,0,0
511,"DTXSID3020205",0,0,0,0,0,0,0,0,0,0,0,0,0,0,0,0,0,0,0,0,0,0,0,0,0,0,0,0,0,0,0,0
511,"DTXSID7021360",93821.35088226,0.23989177593717,0.000423159122852857,0.000161266761200569,0.207812358138367,14.5169365236092,10.4737428501737,1.67579885602779,0,0,257.750963962253,0.145611383077768,0.145611383077768,0,2.32474384779762e-05,9.78869543752002e-05,0.111547900558146,0.111547900558146,0,0,0,0.538097237341648,2.48404143874452,0.397446630199124,5.05140338888862e-09,5.04985474984327e-09,0,219.69631067433,0,2.95089160055625,0,0
511,"DTXSID8020462",3555106.89576078,98.6407850698423,0.189524668465559,0.0488987342544928,3.50940839847468e-05,0.0114200623005965,0.00114201845968391,0.000182722953549425,0.0149827964483886,0.0119684938569309,9766.777186156,0.000513441357517649,0.000513441357517649,0,6.27632736898111e-08,0.000178251183668581,2.56407543205711e-06,2.56407543205711e-06,0,0,0,1.20914282298851e-05,5.9647130439022e-05,9.54354087024352e-06,6.04993740798166e-06,4.83278531825961e-06,0,0.00374031492692101,96.6839806817091,97.6678431785171,0,0
511,"DTXSID8020913",0,0,0,0,0,0,0,0,0,0,0,0,0,0,0,0,0,0,0,0,0,0,0,0,0,0,0,0,0,0,0,0
