"household","dtxsid","total.used","dir.derm.exp","dir.derm.max","dir.derm.abs","dir.inhal.exp","dir.inhal.max","dir.inhal.mass","dir.inhal.abs","dir.ingest.exp","dir.ingest.abs","dir.release","ind.derm.exp","ind.derm.pr.exp","ind.derm.ar.exp","ind.derm.max","ind.derm.abs","ind.inhal.exp","ind.inhal.pr.exp","ind.inhal.ar.exp","ind.inhal.amb.in","ind.inhal.amb.out","ind.inhal.max","ind.inhal.mass","ind.inhal.abs","ind.ingest.exp","ind.ingest.abs","out.sur","out.air","drain","waste","food.ing","food.abs"
139,"DTXSID2021781",0,0,0,0,0,0,0,0,0,0,0,0,0,0,0,0,0,0,0,0,0,0,0,0,0,0,0,0,0,0,0,0
139,"DTXSID3020205",0,0,0,0,0,0,0,0,0,0,0,0,0,0,0,0,0,0,0,0,0,0,0,0,0,0,0,0,0,0,0,0
139,"DTXSID7021360",78742.192,0,0,0,0.176629836127317,8.53828473675975,8.90214374081677,1.42434299853068,0,0,167.887615384615,0.0250227497738429,0.0250227497738429,0,3.86047140988072e-06,1.67360908805937e-05,0.0195991993074843,0.0195991993074843,0,0,0,0.236943102907117,0.508700644450126,0.0813921031120202,2.32977010382191e-09,2.32905585222256e-09,0,144.969644143646,0,2.17072762373632,0,0
139,"DTXSID8020462",3215865.7252671,0,0,0,0,0,0,0,0,0,0,0.000494720473074937,0.000494720473074937,0,5.46432817646826e-08,6.28779616146187e-05,1.19454335552743e-06,1.19454335552743e-06,0,0,0,1.05925950302836e-05,2.8365126427955e-05,4.5384202284728e-06,5.75690046557834e-06,4.59870279187081e-06,0,0.00873673396517642,87.447368631795,88.348031969853,0,0
139,"DTXSID8020913",3231.220745725,0,0,0,0,0,0,0,0,0,0,0.127190099970821,0.127190099970821,0,1.47362001720459e-05,0.000555095249868774,0.00115075822895986,0.00115075822895986,0,0,0,0.00180266163596731,0.0258283193145096,0.00413253109032154,8.40127250155146e-08,8.39885728693016e-08,0,7.10634082551354,0,0.92997472834257,0,0
