"household","dtxsid","total.used","dir.derm.exp","dir.derm.max","dir.derm.abs","dir.inhal.exp","dir.inhal.max","dir.inhal.mass","dir.inhal.abs","dir.ingest.exp","dir.ingest.abs","dir.release","ind.derm.exp","ind.derm.pr.exp","ind.derm.ar.exp","ind.derm.max","ind.derm.abs","ind.inhal.exp","ind.inhal.pr.exp","ind.inhal.ar.exp","ind.inhal.amb.in","ind.inhal.amb.out","ind.inhal.max","ind.inhal.mass","ind.inhal.abs","ind.ingest.exp","ind.ingest.abs","out.sur","out.air","drain","waste","food.ing","food.abs"
198,"DTXSID2021781",0,0,0,0,0,0,0,0,0,0,0,0,0,0,0,0,0,0,0,0,0,0,0,0,0,0,0,0,0,0,0,0
198,"DTXSID3020205",7285.509967008,0,0,0,0,0,0,0,0,0,0,5.37522269371616,5.37522269371616,0,0.000607145375638057,2.08194492847904,0.00214058445188408,0.00214058445188408,0,0,0,0.00358680936670519,0.0555402603748973,0.00888644165998357,0.00246670748339895,0.00246552545197316,0,0.194255094433642,0.000419430779658397,3.27992683388384,0,0
198,"DTXSID7021360",346595.33837232,0.410906868131868,0.000720165957564174,0.000277154259173524,0.000855478570568114,0.0254485744131651,0.0359300999638608,0.00574881599421772,0,0,821.813736263736,0.0644751334011914,0.0644751334011914,0,1.03703678837681e-05,4.34880912304123e-05,0.0495569319022912,0.0495569319022912,0,0,0,0.359657377850029,1.24017515219074,0.198428024350519,8.88596860633951e-09,8.88324438162805e-09,7.49115271581424e-06,918.952604621501,0,9.55416034708375,0,0
198,"DTXSID8020462",29168.498846934,0,0,0,0,0,0,0,0,0,0,3.82439725420139e-06,3.82439725420139e-06,0,4.37058458635515e-10,1.10602185784261e-06,3.48563117211975e-08,3.48563117211975e-08,0,0,0,2.1220532818786e-07,8.12248422158128e-07,1.29959747545301e-07,1.48637832040472e-07,1.18734242022973e-07,0,7.24545501713038e-05,0.793205344758086,0.801333196062866,0,0
198,"DTXSID8020913",0,0,0,0,0,0,0,0,0,0,0,0,0,0,0,0,0,0,0,0,0,0,0,0,0,0,0,0,0,0,0,0
