"household","dtxsid","total.used","dir.derm.exp","dir.derm.max","dir.derm.abs","dir.inhal.exp","dir.inhal.max","dir.inhal.mass","dir.inhal.abs","dir.ingest.exp","dir.ingest.abs","dir.release","ind.derm.exp","ind.derm.pr.exp","ind.derm.ar.exp","ind.derm.max","ind.derm.abs","ind.inhal.exp","ind.inhal.pr.exp","ind.inhal.ar.exp","ind.inhal.amb.in","ind.inhal.amb.out","ind.inhal.max","ind.inhal.mass","ind.inhal.abs","ind.ingest.exp","ind.ingest.abs","out.sur","out.air","drain","waste","food.ing","food.abs"
469,"DTXSID2021781",0,0,0,0,0,0,0,0,0,0,0,0,0,0,0,0,0,0,0,0,0,0,0,0,0,0,0,0,0,0,0,0
469,"DTXSID3020205",0,0,0,0,0,0,0,0,0,0,0,0,0,0,0,0,0,0,0,0,0,0,0,0,0,0,0,0,0,0,0,0
469,"DTXSID7021360",406899.06541196,0.558927287653791,0.00102713976693224,0.000375260079638719,0.00116365005744615,0.122016754002946,0.0488733024127383,0.00781972838603814,0,0,1117.85457530758,0,0,0,0,0,0,0,0,0,0,0,0,0,0,0,5.8068899010451,1100.86913965346,0,11.1785457530758,0,0
469,"DTXSID8020462",1605.43164517,0,0,0,2.15273851557971e-05,0.00221377095082109,0.000193746466402174,3.09994346243478e-05,0.000581239399206521,0.000464303189512904,4.41052649771978,0.0042231738765638,0.0042231738765638,0,4.13526530319405e-07,0.00166066646690301,7.46927961237942e-06,7.46927961237942e-06,0,0,0,1.59353056993406e-05,0.000178706210681344,2.85929937090151e-05,0.00014363010502397,0.000114733990785452,0,0.0453050437913649,4.30753709904238,0.0452446641975115,0,0
469,"DTXSID8020913",2206.632543192,0,0,0,0,0,0,0,0,0,0,0.124470929362176,0.124470929362176,0,1.31275703904547e-05,0.000546803751680908,0.00078942699190582,0.00078942699190582,0,0,0,0.00115299325798156,0.0188860151415702,0.00302176242265123,7.81775114077994e-08,7.81550367804648e-08,0,4.59237956658599,0,0.667030455101785,0,0
