"household","dtxsid","total.used","dir.derm.exp","dir.derm.max","dir.derm.abs","dir.inhal.exp","dir.inhal.max","dir.inhal.mass","dir.inhal.abs","dir.ingest.exp","dir.ingest.abs","dir.release","ind.derm.exp","ind.derm.pr.exp","ind.derm.ar.exp","ind.derm.max","ind.derm.abs","ind.inhal.exp","ind.inhal.pr.exp","ind.inhal.ar.exp","ind.inhal.amb.in","ind.inhal.amb.out","ind.inhal.max","ind.inhal.mass","ind.inhal.abs","ind.ingest.exp","ind.ingest.abs","out.sur","out.air","drain","waste","food.ing","food.abs"
223,"DTXSID2021781",0,0,0,0,0,0,0,0,0,0,0,0,0,0,0,0,0,0,0,0,0,0,0,0,0,0,0,0,0,0,0,0
223,"DTXSID3020205",0,0,0,0,0,0,0,0,0,0,0,0,0,0,0,0,0,0,0,0,0,0,0,0,0,0,0,0,0,0,0,0
223,"DTXSID7021360",543411.6,0,0,0,0.382714695404676,63.6973140756742,11.4814408621403,1.83703053794244,0,0,377.030769230769,0.062971008531801,0.062971008531801,0,9.70646890718888e-06,4.20041855596357e-05,0.0283430003609112,0.0283430003609112,0,0,0,0.354583569267507,0.72842661844423,0.116548258951077,3.30829664749969e-09,3.30728240314669e-09,1.11505199798797e-06,1209.33217439631,0,17.5855066705139,0,0
223,"DTXSID8020462",1107474.46206925,0,0,0,0,0,0,0,0,0,0,6.12964361366871e-05,6.12964361366871e-05,0,6.46669395453922e-09,6.81160593553462e-06,2.0441057770964e-07,2.0441057770964e-07,0,0,0,1.64783976335138e-06,4.83669386019281e-06,7.73871017630849e-07,3.52852026261955e-07,2.81863757761724e-07,0,0.00320498076189787,30.1151573881887,30.4251439827174,0,0
223,"DTXSID8020913",61149.817585888,0,0,0,0,0,0,0,0,0,0,0.0369606279723446,0.0369606279723446,0,4.06919273744265e-06,0.000160562162335362,0.000345730414953188,0.000345730414953188,0,0,0,0.00068258072461827,0.00795605467551334,0.00127296874808213,1.37490788593251e-08,1.37451262466365e-08,157.18171247553,7.97166141346831,0,2.17838673698417,0,0
