"household","dtxsid","total.used","dir.derm.exp","dir.derm.max","dir.derm.abs","dir.inhal.exp","dir.inhal.max","dir.inhal.mass","dir.inhal.abs","dir.ingest.exp","dir.ingest.abs","dir.release","ind.derm.exp","ind.derm.pr.exp","ind.derm.ar.exp","ind.derm.max","ind.derm.abs","ind.inhal.exp","ind.inhal.pr.exp","ind.inhal.ar.exp","ind.inhal.amb.in","ind.inhal.amb.out","ind.inhal.max","ind.inhal.mass","ind.inhal.abs","ind.ingest.exp","ind.ingest.abs","out.sur","out.air","drain","waste","food.ing","food.abs"
601,"DTXSID2021781",0,0,0,0,0,0,0,0,0,0,0,0,0,0,0,0,0,0,0,0,0,0,0,0,0,0,0,0,0,0,0,0
601,"DTXSID3020205",0,0,0,0,0,0,0,0,0,0,0,0,0,0,0,0,0,0,0,0,0,0,0,0,0,0,0,0,0,0,0,0
601,"DTXSID7021360",793013.339228074,10.7669096801631,0.0191950087614866,0.00721961250491136,2.18890377705831,320.714227064624,110.320750363739,17.6513200581982,0,0,2178.6080748024,0.396381890782785,0.396381890782785,0,8.22017440695958e-05,0.000265788728536394,0.233173330563959,0.233173330563959,0,0,0,2.9760367298982,6.0367725187222,0.965883602995553,5.83136339925666e-08,5.82957564319117e-08,0,1390.97886827389,0,26.8933641146395,0,0
601,"DTXSID8020462",383.735664,0.0106471039848599,1.8817989749855e-05,6.39663576015901e-06,4.66336203006771e-09,1.64091719440713e-06,1.52900874396258e-07,2.44641399034013e-08,5.9059865249227e-06,4.71779508492595e-06,1.05421885714286,2.03578947902618e-08,2.03578947902618e-08,0,4.63147853539504e-12,6.29346812197549e-09,7.89739418463269e-11,7.89739418463269e-11,0,0,0,8.70110825302043e-10,1.78489899533884e-09,2.85583839254215e-10,9.08144187841604e-10,7.25439885059553e-10,0,5.28825528096116e-07,0.0104357835336357,0.0105421952836691,0,0
601,"DTXSID8020913",0,0,0,0,0,0,0,0,0,0,0,0,0,0,0,0,0,0,0,0,0,0,0,0,0,0,0,0,0,0,0,0
