"household","dtxsid","total.used","dir.derm.exp","dir.derm.max","dir.derm.abs","dir.inhal.exp","dir.inhal.max","dir.inhal.mass","dir.inhal.abs","dir.ingest.exp","dir.ingest.abs","dir.release","ind.derm.exp","ind.derm.pr.exp","ind.derm.ar.exp","ind.derm.max","ind.derm.abs","ind.inhal.exp","ind.inhal.pr.exp","ind.inhal.ar.exp","ind.inhal.amb.in","ind.inhal.amb.out","ind.inhal.max","ind.inhal.mass","ind.inhal.abs","ind.ingest.exp","ind.ingest.abs","out.sur","out.air","drain","waste","food.ing","food.abs"
308,"DTXSID2021781",0,0,0,0,0,0,0,0,0,0,0,0,0,0,0,0,0,0,0,0,0,0,0,0,0,0,0,0,0,0,0,0
308,"DTXSID3020205",0,0,0,0,0,0,0,0,0,0,0,0,0,0,0,0,0,0,0,0,0,0,0,0,0,0,0,0,0,0,0,0
308,"DTXSID7021360",29454.24,0.404591208791209,0.00067011435252116,0.000269716440291304,0.0821196865597727,12.4188561905138,4.13883220261255,0.662213152418007,0,0,80.9182417582418,0.0255473587145732,0.0255473587145732,0,4.14747287869797e-06,1.70308745141825e-05,0.0273784015560431,0.0273784015560431,0,0,0,0.206635626210031,0.679122614286779,0.108659618285885,2.01789523711329e-09,2.01727659886308e-09,0,62.6807862837964,0,1.02546353514504,0,0
308,"DTXSID8020462",1535900.4035648,42.6130921105922,0.0698802652845047,0.0377564246465584,2.96707048576912e-05,0.00566316251578644,0.00101409935796973,0.000162255897275157,0.01334285147962,0.0106584799785455,4219.5066032,0.000318246242576123,0.000318246242576123,0,3.77974231418335e-08,0.000101747588428994,1.90788050050463e-06,1.90788050050463e-06,0,0,0,1.2317041686055e-05,4.37812214792608e-05,7.00499543668173e-06,7.92897438504086e-06,6.33378965976207e-06,0,0.00431191928039996,41.7654970659731,42.195113609094,0,0
308,"DTXSID8020913",2241.411295896,0,0,0,0,0,0,0,0,0,0,0.125340273192553,0.125340273192553,0,1.51655654336667e-05,0.000543931653037582,0.00198433965520103,0.00198433965520103,0,0,0,0.00281970113245148,0.0418936879544141,0.00670299007270626,7.00687737113674e-08,7.00486302001633e-08,0,4.3997150764499,0,0.648119010658833,0,0
