"household","dtxsid","total.used","dir.derm.exp","dir.derm.max","dir.derm.abs","dir.inhal.exp","dir.inhal.max","dir.inhal.mass","dir.inhal.abs","dir.ingest.exp","dir.ingest.abs","dir.release","ind.derm.exp","ind.derm.pr.exp","ind.derm.ar.exp","ind.derm.max","ind.derm.abs","ind.inhal.exp","ind.inhal.pr.exp","ind.inhal.ar.exp","ind.inhal.amb.in","ind.inhal.amb.out","ind.inhal.max","ind.inhal.mass","ind.inhal.abs","ind.ingest.exp","ind.ingest.abs","out.sur","out.air","drain","waste","food.ing","food.abs"
187,"DTXSID2021781",0,0,0,0,0,0,0,0,0,0,0,0,0,0,0,0,0,0,0,0,0,0,0,0,0,0,0,0,0,0,0,0
187,"DTXSID3020205",0,0,0,0,0,0,0,0,0,0,0,0,0,0,0,0,0,0,0,0,0,0,0,0,0,0,0,0,0,0,0,0
187,"DTXSID7021360",1149181.542,0,0,0,2.96923691531552,69.9936346203668,149.649540531902,23.9439264851044,0,0,2822.24498901099,0.367890547500802,0.367890547500802,0,7.57127984611624e-05,0.000247073832594072,0.392257633202712,0.392257633202712,0,0,0,4.69110511296936,9.73282843656316,1.55725254985011,1.12220826974921e-06,1.1218642276267e-06,0,2164.20171780676,0,32.0248589264751,0,0
187,"DTXSID8020462",1669468.64953819,46.3209161609774,0.0864154510558376,0.0217064771383585,1.6878621151462e-05,0.00545463377261915,0.00057807047062294,9.24912752996704e-05,0.315760048614492,0.252234101632822,4586.45233389612,5.73157694170141e-05,5.73157694170141e-05,0,1.1843315136548e-08,1.09910944243e-05,3.74488454142618e-07,3.74488454142618e-07,0,0,0,3.6556518830975e-06,8.53819522573398e-06,1.36611123611744e-06,3.2833628171212e-05,2.6228019476976e-05,0,0.00252190076998238,45.4015057776114,45.8645382831541,0,0
187,"DTXSID8020913",969.4487686,0.0133166039642857,2.50916321119924e-05,5.85308039439661e-05,0.000167808328754681,0.00981813722601742,0.00503424986264043,0.000805479978022469,0,0,2.66332079285714,0.0431433051159957,0.0431433051159957,0,9.22959496363993e-06,0.000189624736929799,0.000281467817156264,0.000281467817156264,0,0,0,0.000571009127116341,0.00583295402724336,0.000933272644358937,9.36397449663031e-07,9.36128252251407e-07,0,2.05659014707907,0,0.288361976673319,0,0
