"household","dtxsid","total.used","dir.derm.exp","dir.derm.max","dir.derm.abs","dir.inhal.exp","dir.inhal.max","dir.inhal.mass","dir.inhal.abs","dir.ingest.exp","dir.ingest.abs","dir.release","ind.derm.exp","ind.derm.pr.exp","ind.derm.ar.exp","ind.derm.max","ind.derm.abs","ind.inhal.exp","ind.inhal.pr.exp","ind.inhal.ar.exp","ind.inhal.amb.in","ind.inhal.amb.out","ind.inhal.max","ind.inhal.mass","ind.inhal.abs","ind.ingest.exp","ind.ingest.abs","out.sur","out.air","drain","waste","food.ing","food.abs"
253,"DTXSID2021781",0,0,0,0,0,0,0,0,0,0,0,0,0,0,0,0,0,0,0,0,0,0,0,0,0,0,0,0,0,0,0,0
253,"DTXSID3020205",4382.16432372,0,0,0,0,0,0,0,0,0,0,2.08877766447149,2.08877766447149,0,0.00020865741158251,0.80307940059122,0.000452904415148247,0.000452904415148247,0,0,0,0.000735663340844679,0.011731332589063,0.00187701321425008,8.86857066376375e-05,8.8643208979131e-05,0,0.203120287903201,6.89833334915468e-05,1.82306148742909,0,0
253,"DTXSID7021360",281876.27678598,0,0,0,0,0,0,0,0,0,0,0.00547219915212451,0.00547219915212451,0,7.36337483339441e-07,3.66588661595683e-06,0.00332056871145125,0.00332056871145125,0,0,0,0.03409981134507,0.0829212941355458,0.0132674070616873,6.98168398723693e-11,6.97954357048686e-11,0,24.5677869904667,0,23.7914636771984,0,0
253,"DTXSID8020462",772.355551408,0.0214219120764332,3.13567001445289e-05,6.53905375521329e-05,4.22230580611964e-05,0.000512043628574873,0.00212801453970478,0.000340482326352765,1.66073465493535e-06,1.32662100723685e-06,2.12185591046154,0.0841309387350335,0.0841309387350335,0,8.60714956141819e-06,0.0389059378588011,0.000229113672109742,0.000229113672109742,0,0,0,0.000264535790880082,0.00507956729734464,0.000812730767575143,0.00048733575038338,0.000389291475380991,0,1.64374906127513,0.0209892278409495,0.246356461340514,0,0
253,"DTXSID8020913",0,0,0,0,0,0,0,0,0,0,0,0,0,0,0,0,0,0,0,0,0,0,0,0,0,0,0,0,0,0,0,0
