"household","dtxsid","total.used","dir.derm.exp","dir.derm.max","dir.derm.abs","dir.inhal.exp","dir.inhal.max","dir.inhal.mass","dir.inhal.abs","dir.ingest.exp","dir.ingest.abs","dir.release","ind.derm.exp","ind.derm.pr.exp","ind.derm.ar.exp","ind.derm.max","ind.derm.abs","ind.inhal.exp","ind.inhal.pr.exp","ind.inhal.ar.exp","ind.inhal.amb.in","ind.inhal.amb.out","ind.inhal.max","ind.inhal.mass","ind.inhal.abs","ind.ingest.exp","ind.ingest.abs","out.sur","out.air","drain","waste","food.ing","food.abs"
342,"DTXSID2021781",0,0,0,0,0,0,0,0,0,0,0,0,0,0,0,0,0,0,0,0,0,0,0,0,0,0,0,0,0,0,0,0
342,"DTXSID3020205",0,0,0,0,0,0,0,0,0,0,0,0,0,0,0,0,0,0,0,0,0,0,0,0,0,0,0,0,0,0,0,0
342,"DTXSID7021360",1233249.69405611,0.301399038461538,0.000586859046863738,0.000203139915957433,0.000627491455303294,0.0160406826727156,0.0219622009356153,0.00351395214969844,0,0,602.798076923077,0.120938219854111,0.120938219854111,0,3.38651237599142e-05,8.15111338963405e-05,0.0433629260862901,0.0433629260862901,0,0,0,2.10795436711904,0.936587405978438,0.14985398495655,1.19854304099224e-08,1.1981755964609e-08,2.65819065904137e-07,2322.06397932744,0,34.4917113127697,0,0
342,"DTXSID8020462",0,0,0,0,0,0,0,0,0,0,0,0,0,0,0,0,0,0,0,0,0,0,0,0,0,0,0,0,0,0,0,0
342,"DTXSID8020913",8029.68504552,0.0505531911061813,9.84329535353839e-05,0.00022355540889819,0.000806294226610376,0.033492865814312,0.0201573556652594,0.0032251769064415,0,0,10.1106382212363,0.327055266746324,0.327055266746324,0,5.5507205630894e-05,0.00144629687174692,0.00109798879265889,0.00109798879265889,0,0,0,0.00251942646421425,0.0217783103393117,0.00348452965428987,2.31213221634084e-07,2.31146751994702e-07,0,15.6516787270937,0,2.69534879082287,0,0
