"household","dtxsid","total.used","dir.derm.exp","dir.derm.max","dir.derm.abs","dir.inhal.exp","dir.inhal.max","dir.inhal.mass","dir.inhal.abs","dir.ingest.exp","dir.ingest.abs","dir.release","ind.derm.exp","ind.derm.pr.exp","ind.derm.ar.exp","ind.derm.max","ind.derm.abs","ind.inhal.exp","ind.inhal.pr.exp","ind.inhal.ar.exp","ind.inhal.amb.in","ind.inhal.amb.out","ind.inhal.max","ind.inhal.mass","ind.inhal.abs","ind.ingest.exp","ind.ingest.abs","out.sur","out.air","drain","waste","food.ing","food.abs"
545,"DTXSID2021781",0,0,0,0,0,0,0,0,0,0,0,0,0,0,0,0,0,0,0,0,0,0,0,0,0,0,0,0,0,0,0,0
545,"DTXSID3020205",0,0,0,0,0,0,0,0,0,0,0,0,0,0,0,0,0,0,0,0,0,0,0,0,0,0,0,0,0,0,0,0
545,"DTXSID7021360",302639.0539795,2.14489546625,0.00358547914214584,0.001426634715394,0.44678161944047,27.640911440859,13.4172636355556,2.1467621816889,0,0,428.97909325,0.162730642589818,0.162730642589818,0,4.06098247587686e-05,0.000108237058584081,0.188661312048349,0.188661312048349,0,0,0,1.4614885075673,3.88530796656466,0.621649274650346,5.41068934776072e-09,5.40903056026324e-09,0,671.890493616083,0,8.62617313472029,0,0
545,"DTXSID8020462",836939.915973641,22.9686571039519,0.0386794083820633,0.0175098760766557,6.48976660472283e-05,0.00614807016131953,0.000935796597153955,0.000149727455544633,0.0038053523234691,0.00303977538931298,2283.30847441307,0.00445027603103134,0.00445027603103134,0,9.61714658385729e-07,0.00119412950460928,1.36902150545383e-05,1.36902150545383e-05,0,0,0,4.09321684652703e-05,0.00026849504831442,4.29592077303072e-05,3.92608114453726e-05,3.13621547366479e-05,0,0.0477243989020721,31.4519931996165,22.9960550242634,0,0
545,"DTXSID8020913",0,0,0,0,0,0,0,0,0,0,0,0,0,0,0,0,0,0,0,0,0,0,0,0,0,0,0,0,0,0,0,0
