"household","dtxsid","total.used","dir.derm.exp","dir.derm.max","dir.derm.abs","dir.inhal.exp","dir.inhal.max","dir.inhal.mass","dir.inhal.abs","dir.ingest.exp","dir.ingest.abs","dir.release","ind.derm.exp","ind.derm.pr.exp","ind.derm.ar.exp","ind.derm.max","ind.derm.abs","ind.inhal.exp","ind.inhal.pr.exp","ind.inhal.ar.exp","ind.inhal.amb.in","ind.inhal.amb.out","ind.inhal.max","ind.inhal.mass","ind.inhal.abs","ind.ingest.exp","ind.ingest.abs","out.sur","out.air","drain","waste","food.ing","food.abs"
812,"DTXSID2021781",0,0,0,0,0,0,0,0,0,0,0,0,0,0,0,0,0,0,0,0,0,0,0,0,0,0,0,0,0,0,0,0
812,"DTXSID3020205",0,0,0,0,0,0,0,0,0,0,0,0,0,0,0,0,0,0,0,0,0,0,0,0,0,0,0,0,0,0,0,0
812,"DTXSID7021360",3306.884,0.0454242307692308,9.10410610794302e-05,3.03875116100611e-05,0.00946331810269456,0.213880435506799,0.300933515665687,0.0481493625065099,0,0,9.08484615384615,0.000777620276702855,0.000777620276702855,0,1.8505129366234e-07,5.20205652957274e-07,0.000762052584522209,0.000762052584522209,0,0,0,0.00695726962489701,0.019377953973045,0.0031004726356872,1.17055270209813e-10,1.17019383873293e-10,0,6.89703333707094,0,0.0927611679822821,0,0
812,"DTXSID8020462",54330.76166544,1.50741655536859,0.0029913136637823,0.000988730230842213,7.93811091649168e-07,0.000180527146889162,2.7591587224871e-05,4.41465395597937e-06,0.000512831006168125,0.000409657487379601,149.260334245714,1.18909550060854e-06,1.18909550060854e-06,0,2.51207758268657e-10,2.40243366047708e-07,1.42119703402107e-08,1.42119703402107e-08,0,0,0,1.31695886387795e-07,3.22141395323654e-07,5.15426232517846e-08,3.55548239610767e-08,2.84017535463596e-08,0,0.000142943397091933,1.4774583045071,1.49260441630627,0,0
812,"DTXSID8020913",0,0,0,0,0,0,0,0,0,0,0,0,0,0,0,0,0,0,0,0,0,0,0,0,0,0,0,0,0,0,0,0
