"household","dtxsid","total.used","dir.derm.exp","dir.derm.max","dir.derm.abs","dir.inhal.exp","dir.inhal.max","dir.inhal.mass","dir.inhal.abs","dir.ingest.exp","dir.ingest.abs","dir.release","ind.derm.exp","ind.derm.pr.exp","ind.derm.ar.exp","ind.derm.max","ind.derm.abs","ind.inhal.exp","ind.inhal.pr.exp","ind.inhal.ar.exp","ind.inhal.amb.in","ind.inhal.amb.out","ind.inhal.max","ind.inhal.mass","ind.inhal.abs","ind.ingest.exp","ind.ingest.abs","out.sur","out.air","drain","waste","food.ing","food.abs"
257,"DTXSID2021781",0,0,0,0,0,0,0,0,0,0,0,0,0,0,0,0,0,0,0,0,0,0,0,0,0,0,0,0,0,0,0,0
257,"DTXSID3020205",0,0,0,0,0,0,0,0,0,0,0,0,0,0,0,0,0,0,0,0,0,0,0,0,0,0,0,0,0,0,0,0
257,"DTXSID7021360",230343.904825248,3.16406462672044,0.00529462599710835,0.00212693877310692,0.653945709198425,74.7307214701794,32.9588637436006,5.2734181989761,0,0,632.812925344088,0.218878235684406,0.218878235684406,0,4.98607315967445e-05,0.000147133675463079,0.195335026053579,0.195335026053579,0,0,0,2.08351583012305,4.23336341228279,0.677338145965246,6.96269947397828e-08,6.96056487742435e-08,0,477.464579127978,0,7.49317757866775,0,0
257,"DTXSID8020462",5285324.53871865,146.636023877049,0.242945995093527,0.180942248095062,0.000137328104646402,0.0214579482344789,0.00463756185439128,0.000742009896702604,0.274219235961506,0.219050646010114,14520.1223591172,0.00100198094617745,0.00100198094617745,0,1.83152334967645e-07,0.000421820502624182,7.34750648657035e-06,7.34750648657035e-06,0,0,0,7.13391180599358e-05,0.000167330130979374,2.67728209566998e-05,0.000131287831571918,0.000104874788299435,0,0.0198744793980304,143.71579992284,145.203473985641,0,0
257,"DTXSID8020913",0,0,0,0,0,0,0,0,0,0,0,0,0,0,0,0,0,0,0,0,0,0,0,0,0,0,0,0,0,0,0,0
