"puc","product_id","formulation_id","chemical","mass.fraction"
"HM.0100.030.099.F",95206,53,"DTXSID7021360",0.028
"HM.1400.050.099.F",94021,35,"DTXSID7021360",0.13
"CP.1200.060.099.F",61444,36,"DTXSID8020462",0.039308494
"AC.0500.040.099.F",77172,83,"DTXSID8020913",0.005160535
