"puc","product_id","formulation_id","chemical","mass.fraction"
"AC.0500.030.099.F",76340,52,"DTXSID7021360",0.24
"CP.1200.060.099.F",58885,13,"DTXSID8020462",0.049242797
"AC.0500.040.099.F",76704,64,"DTXSID8020913",0.006194864
