"puc","product_id","formulation_id","chemical","mass.fraction"
"VE.0100.010.050.F",81974,4,"DTXSID7021360",0.1
"CP.1200.030.099.F",1820,65,"DTXSID8020462",0.000426205
"AC.0500.040.099.F",77172,49,"DTXSID8020913",0.002602214
