"puc","product_id","formulation_id","chemical","mass.fraction"
"VE.0100.010.050.F",81985,84,"DTXSID7021360",0.15
"CP.1200.030.099.F",1820,25,"DTXSID8020462",0.037609716
"CP.1200.060.052.F",2710,92,"DTXSID8020462",0.00735334
