"dtxsid","molwt","vapor","solub","kow","decay.air","decay.sur","diffus.air","conc.out"
"DTXSID2021781",278.35,0.00361225229651262,0.0365322209183322,56010.3216267104,0.585525228228071,0.000767058856615135,0.386628568653339,0
"DTXSID3020205",312.37,0.000227384496541075,0.0107416550045008,51949.3042827484,0.431191801887683,0.00137546976357718,0.635500877655718,0
"DTXSID7021360",92.14,3429.28156772229,3.76393102945973,374.870539248963,0.498845401392669,0.000804255962279948,1.05606737911306,0
"DTXSID8020462",106.12,0.322039954094527,9704.41160236594,0.0787698868656206,2.4241671131448,0.000656511977872324,0.610295207359699,0
"DTXSID8020913",128.18,23.1610667727502,0.223132131124175,2443.77674268779,1.65881384093291,0.00118342685848029,0.732043346526033,0
