"dtxsid","molwt","vapor","solub","kow","decay.air","decay.sur","diffus.air","conc.out"
"DTXSID2021781",278.35,0.00195358691977132,0.0296803809141117,24053.2943849141,0.828300265473679,0.00100262083839822,0.708687344454938,0
"DTXSID3020205",312.37,0.000604509548001789,0.00848404814823327,13723.7275999591,0.939442965333183,0.000789202095185099,0.699910310697302,0
"DTXSID7021360",92.14,1213.2630209625,3.42924085964478,378.952597366629,0.483428158027372,0.000877864321394079,1.25027623471519,0
"DTXSID8020462",106.12,0.615582733493394,8573.96374338455,0.0679279764627481,5.92786108356933,0.00139742843952225,0.700097220381935,0
"DTXSID8020913",128.18,5.05794008709139,0.166191656772181,1783.32942552313,1.55347426875409,0.0016434004239264,0.400634848357018,0
