"dtxsid","molwt","vapor","solub","kow","decay.air","decay.sur","diffus.air","conc.out"
"DTXSID2021781",278.35,0.00202374866068196,0.0288272625268407,36632.2689016768,0.968276842735765,0.000739929825597809,0.702551988441627,0
"DTXSID3020205",312.37,0.00039777648361826,0.0118937509339768,25103.079344421,0.716567471498422,0.001785640722007,0.656844183971564,0
"DTXSID7021360",92.14,2775.02611732331,4.05814035202357,401.428750234109,0.239306042953995,0.00135399256108997,0.694770386779528,0
"DTXSID8020462",106.12,0.761678210022576,8961.42135971464,0.0834574895014024,1.83964619120785,0.000837529349694849,0.713336767337226,0
"DTXSID8020913",128.18,6.0622097255626,0.122523166621264,2565.79895050531,2.53113773602839,0.000689880055067799,0.787402556301985,0
