"dtxsid","molwt","vapor","solub","kow","decay.air","decay.sur","diffus.air","conc.out"
"DTXSID2021781",278.35,0.00272462497345788,0.0282937403586258,35486.3495605393,1.14252152466175,0.00144639683676166,0.574334947615181,0
"DTXSID3020205",312.37,0.000356321595294712,0.0113068058842952,20690.729299201,1.29341634492247,0.00110087665332626,1.0049221935497,0
"DTXSID7021360",92.14,2322.5116516624,6.07863541328053,466.838793082169,0.667370054749397,0.0012052380243236,0.978634107652244,0
"DTXSID8020462",106.12,0.419780541819446,8850.13852704288,0.0830691226018012,1.10792593819504,0.00194689431558174,0.856961221441256,0
"DTXSID8020913",128.18,7.57793993969571,0.117196256026959,2187.26355713988,1.49202038148582,0.000475905521498115,0.934760460076306,0
