"dtxsid","molwt","vapor","solub","kow","decay.air","decay.sur","diffus.air","conc.out"
"DTXSID2021781",278.35,0.00695187680911251,0.0425790158963949,30033.1755140371,0.542882942722406,0.000676086888351072,0.561270945439924,0
"DTXSID3020205",312.37,0.000860417811929144,0.00916609753541806,12962.9346892995,0.701142499917351,0.00205127543157868,0.400097624144837,0
"DTXSID7021360",92.14,3085.07537795666,3.7705605178305,629.741642124376,0.4088548417831,0.00130363873614954,0.993943302586996,0
"DTXSID8020462",106.12,0.601374765501829,15569.0900925938,0.0840771666582368,2.29195246446183,0.00105500363233416,0.703396926645679,0
"DTXSID8020913",128.18,4.24303083854045,0.167356844255692,1721.37813768178,1.8345607862037,0.000840533319098007,1.02106595116149,0
