"dtxsid","molwt","vapor","solub","kow","decay.air","decay.sur","diffus.air","conc.out"
"DTXSID2021781",278.35,0.00899319481901027,0.0379450596806461,25321.0451927795,0.781329163349805,0.000890844364715687,0.522120242982387,0
"DTXSID3020205",312.37,0.000715176194190942,0.00874296096392467,12158.3738073887,0.871806254615691,0.000885127149302706,0.657386553707916,0
"DTXSID7021360",92.14,2889.0668584728,4.19688615838953,616.702870928281,0.441805549915083,0.00109228860345081,0.638543528467152,0
"DTXSID8020462",106.12,0.386719496942625,5904.34480838787,0.0947199763573703,1.92740167591868,0.00125288048659601,0.734648231345566,0
"DTXSID8020913",128.18,25.9227646041538,0.220948282456028,2255.33211784509,1.49526189593054,0.00174592785188663,0.942498974258333,0
