"dtxsid","molwt","vapor","solub","kow","decay.air","decay.sur","diffus.air","conc.out"
"DTXSID2021781",278.35,0.00265354729574204,0.0332185330509441,29177.3119722635,0.645640296974512,0.00132745895515522,0.639868588007883,0
"DTXSID3020205",312.37,0.000296029226495959,0.0164017290621005,38221.659984246,0.5049932510161,0.0010040466030937,0.490328428139389,0
"DTXSID7021360",92.14,4770.9153208268,3.31592091963963,260.730038522095,0.557620045519671,0.00056663307620083,1.28049312849221,0
"DTXSID8020462",106.12,0.802226619186089,7518.73322965509,0.0945762803835649,1.16371827037401,0.000828275001791737,0.590024713218132,0
"DTXSID8020913",128.18,12.8272358985459,0.0838562359876289,1592.60470652302,1.02193266388481,0.00167263522615762,0.553945916797704,0
