"dtxsid","molwt","vapor","solub","kow","decay.air","decay.sur","diffus.air","conc.out"
"DTXSID2021781",278.35,0.00137615617582175,0.0287707133709389,23502.9858856938,0.38489636453542,0.00142533230189151,0.661134184046564,0
"DTXSID3020205",312.37,0.0011068228839153,0.00604543175561368,29120.4982417434,0.905652067324313,0.00097333311040802,0.483423890780646,0
"DTXSID7021360",92.14,3473.93778461463,3.57927283050974,447.823344051214,0.31243105107949,0.00072256060410688,0.896879896106226,0
"DTXSID8020462",106.12,0.532047519222039,6550.11617113862,0.0540441102586561,1.03760395089236,0.000633130549568473,1.22715489134478,0
"DTXSID8020913",128.18,4.68939313784613,0.0981855979875077,3045.2857462583,2.33010767407531,0.00157233860038084,0.681888403057152,0
