"dtxsid","molwt","vapor","solub","kow","decay.air","decay.sur","diffus.air","conc.out"
"DTXSID2021781",278.35,0.00143510433949529,0.0558560884810955,24624.6731162646,0.496519967904343,0.00159498521084979,0.348190385689885,0
"DTXSID3020205",312.37,0.000612475581991317,0.0101298399465765,10290.2426037247,0.435864866372229,0.00117970188653797,0.343055173931505,0
"DTXSID7021360",92.14,1705.63776695127,5.62182810942784,179.0957595849,0.650548963867256,0.00130637679571447,0.78437252418638,0
"DTXSID8020462",106.12,0.931401830248818,8813.94327876926,0.113924599670385,3.1428896073866,0.000447743515820169,1.11408274172953,0
"DTXSID8020913",128.18,7.36980659519106,0.12334080825142,2540.71230305751,0.946481312964737,0.00060899783710381,0.855292236309216,0
