"dtxsid","molwt","vapor","solub","kow","decay.air","decay.sur","diffus.air","conc.out"
"DTXSID2021781",278.35,0.00606954138607655,0.0291293054277814,36068.0837721723,0.837070492015831,0.000730342304262736,0.377053192586582,0
"DTXSID3020205",312.37,0.0004131559591697,0.0104567335993021,23161.6512301881,0.354131902195594,0.000741349697543299,0.29334781069567,0
"DTXSID7021360",92.14,2375.70046858603,4.25831556919533,330.054953505312,0.308489813293924,0.00149521337947195,0.518326540415764,0
"DTXSID8020462",106.12,1.61135047237077,8088.92114311272,0.0647227273777309,1.36906286794974,0.000603884347977791,0.916015093546174,0
"DTXSID8020913",128.18,8.6929180613763,0.233707852813242,1875.50575869547,1.7239795166441,0.00126047180177611,1.22564402518154,0
