"dtxsid","molwt","vapor","solub","kow","decay.air","decay.sur","diffus.air","conc.out"
"DTXSID2021781",278.35,0.00263837335053304,0.0263841208339373,30294.1661681818,0.628169579697167,0.00109714600315953,0.47923801259753,0
"DTXSID3020205",312.37,0.000580641851467248,0.0092494643256865,21695.1070144963,1.27129370470973,0.000661818954668347,0.64654694363995,0
"DTXSID7021360",92.14,6716.71093154677,3.88961822496221,573.861788114691,0.312050538259555,0.000415110916282027,1.01550538772854,0
"DTXSID8020462",106.12,3.33175272048294,9571.62370382505,0.135845416809248,2.69557645828096,0.00260872169736338,1.01250051251235,0
"DTXSID8020913",128.18,7.31469773690643,0.103180441050935,895.176401975809,1.51571298074598,0.00152682323336853,0.578975550534895,0
