"dtxsid","molwt","vapor","solub","kow","decay.air","decay.sur","diffus.air","conc.out"
"DTXSID2021781",278.35,0.00392326481516236,0.0341621675592739,28995.2652998449,1.11546706692243,0.0015343488913829,0.746534023853606,0
"DTXSID3020205",312.37,0.00084433349203099,0.00706329450379346,8923.56581550851,0.599265668610933,0.00144690037562817,0.406725703382516,0
"DTXSID7021360",92.14,4058.99970525603,4.28708208002272,310.620768423001,0.490872828639309,0.0012160745438264,0.766848967661169,0
"DTXSID8020462",106.12,1.25307677348231,9551.98138528325,0.122859624882058,2.4681816860787,0.000668161436988698,0.592306674293155,0
"DTXSID8020913",128.18,5.67408262793541,0.139998210284159,2239.20193927883,1.5907393497664,0.000455922441924209,0.924494850218617,0
