"dtxsid","molwt","vapor","solub","kow","decay.air","decay.sur","diffus.air","conc.out"
"DTXSID2021781",278.35,0.00539169867697033,0.0339035278495324,32472.6772988731,0.470224273672069,0.000985066046789714,1.00020343885885,0
"DTXSID3020205",312.37,0.00102177964143498,0.0107505621797658,23433.9272088228,0.771307520444762,0.00102494273649755,0.579143076491976,0
"DTXSID7021360",92.14,3606.63666194662,2.74566926121593,804.913741421587,0.610408349423901,0.000886427786673465,0.633064529336065,0
"DTXSID8020462",106.12,0.959816595102612,8230.67533136213,0.043715677926067,1.68918133689592,0.000939518582002887,0.987529204648335,0
"DTXSID8020913",128.18,9.71332306508012,0.184332673722678,1611.3041848453,1.68926348801128,0.000806327144017179,0.627661508380419,0
