"dtxsid","molwt","vapor","solub","kow","decay.air","decay.sur","diffus.air","conc.out"
"DTXSID2021781",278.35,0.00146260107088326,0.0460258675259273,53041.1270344095,0.770740745567807,0.00115353183577922,0.462431921128139,0
"DTXSID3020205",312.37,0.000904024937399162,0.0114957343516039,19308.9801018891,0.727309589188253,0.00138322560349018,0.60936342397865,0
"DTXSID7021360",92.14,662.170562726166,5.70092877628813,355.940990709138,0.311722347332067,0.00114227420546317,1.05671211550635,0
"DTXSID8020462",106.12,0.942033921699644,5863.90377154644,0.138342627494263,1.81260219455887,0.00145047387467215,0.647321591036297,0
"DTXSID8020913",128.18,4.68669672617771,0.0984232226238629,2243.78633909138,1.07199027747151,0.00118318017463506,0.64955346934233,0
