"dtxsid","molwt","vapor","solub","kow","decay.air","decay.sur","diffus.air","conc.out"
"DTXSID2021781",278.35,0.00162808556620195,0.041804626999636,31283.9438706646,0.386968779975035,0.00147104948529707,0.784071953108505,0
"DTXSID3020205",312.37,0.000511942531223484,0.00730056659562077,13017.224310521,0.914252868489268,0.00145146829537532,0.515903206940494,0
"DTXSID7021360",92.14,7654.35665968557,3.31152200990159,1254.72579280111,0.317063003273693,0.000537368968603142,0.793956874249102,0
"DTXSID8020462",106.12,0.393877925556678,9945.77156514585,0.0943423417131301,1.1786441119533,0.00101569041410183,0.804368678584004,0
"DTXSID8020913",128.18,16.6773522188473,0.119833930430969,1884.14408059355,0.927899633759916,0.00132678700767742,0.999198905189072,0
