"dtxsid","molwt","vapor","solub","kow","decay.air","decay.sur","diffus.air","conc.out"
"DTXSID2021781",278.35,0.00324254478104371,0.0383646002920783,40660.9386681357,0.656103177212481,0.00131847411651079,0.684902137134262,0
"DTXSID3020205",312.37,0.000581661649416072,0.0132393918440367,21983.5057252246,0.581964333150392,0.00125452038956965,0.515713495276153,0
"DTXSID7021360",92.14,1445.59786154137,3.9333249855311,565.230586232735,0.168719562206725,0.000857882119726132,1.04541723857994,0
"DTXSID8020462",106.12,0.35908453806556,12741.4035259675,0.0922089311342897,1.13138398535076,0.000852650750031985,0.761203917045632,0
"DTXSID8020913",128.18,3.65396873030747,0.122664078671246,2275.84118688273,2.10213475930847,0.00249178533136229,0.881473882478429,0
