"dtxsid","molwt","vapor","solub","kow","decay.air","decay.sur","diffus.air","conc.out"
"DTXSID2021781",278.35,0.00281244286380795,0.0315070903442459,30906.8892637484,0.550174422231199,0.00083665601465019,0.506319765698964,0
"DTXSID3020205",312.37,0.00125703344838514,0.00797937375576386,6441.83345135158,1.13474575687079,0.000813134850795018,0.695746287353815,0
"DTXSID7021360",92.14,1840.85739062817,5.09690241601697,958.376802403508,0.322923115591744,0.000740176262638085,0.841846764228629,0
"DTXSID8020462",106.12,1.07778679157844,5594.02544585501,0.0817061503881922,1.449484329341,0.00111194792365653,0.8269022618042,0
"DTXSID8020913",128.18,7.71131986528694,0.095116856190767,1134.78238946244,0.813218315702632,0.00102817018549653,0.77111060519406,0
