"dtxsid","molwt","vapor","solub","kow","decay.air","decay.sur","diffus.air","conc.out"
"DTXSID2021781",278.35,0.00247510992583754,0.0456290138122939,52451.4632620671,0.483629597178806,0.00101942877948146,0.866203974257696,0
"DTXSID3020205",312.37,0.000492112189244079,0.00982980616504963,29742.2392660524,0.938206764933701,0.00103790991046205,0.299688504596727,0
"DTXSID7021360",92.14,5148.52367472775,4.13469638175477,376.058057101273,0.273420983994796,0.00172460882889756,0.807288067035417,0
"DTXSID8020462",106.12,1.49016867473485,9646.51011423875,0.0684729382931796,1.55482746480857,0.00181903057487899,0.785223227196802,0
"DTXSID8020913",128.18,16.2878299219831,0.143610391890757,1832.11873056475,1.82039601102374,0.000812192079138789,1.00994211994272,0
