"dtxsid","molwt","vapor","solub","kow","decay.air","decay.sur","diffus.air","conc.out"
"DTXSID2021781",278.35,0.00539792630782122,0.0433568531047454,36272.3348583544,0.651773540735892,0.00118410016566127,0.481496351957574,0
"DTXSID3020205",312.37,0.000461072867477931,0.00948820491710014,22362.8288944649,0.643391074943672,0.000604628063001342,0.426665501681233,0
"DTXSID7021360",92.14,1722.2513052934,4.23029563430693,359.169010738082,0.278677994525941,0.00147366224879778,0.708227088150152,0
"DTXSID8020462",106.12,1.39077069273008,12427.3378128721,0.0674917589791681,2.8550286378685,0.000863307227173226,0.53508508262515,0
"DTXSID8020913",128.18,7.01767056654403,0.165535593814386,1870.7924990146,1.78231977453611,0.000568332906598422,0.565951096658782,0
