"dtxsid","molwt","vapor","solub","kow","decay.air","decay.sur","diffus.air","conc.out"
"DTXSID2021781",278.35,0.00361791108636965,0.0312976633081229,40752.6480802736,0.504389512529873,0.00113328033146705,0.416460042891205,0
"DTXSID3020205",312.37,0.000180602459253527,0.0113764499377112,21441.7018019574,1.39224035309098,0.000938732745112043,0.495323160518988,0
"DTXSID7021360",92.14,1419.20482656338,5.39529017524038,301.652627450495,0.413339638666356,0.00160637186449104,0.793908059658326,0
"DTXSID8020462",106.12,0.956950749878041,5360.67173177442,0.0395274429121469,0.867097777765862,0.000670715008167952,0.643845816613114,0
"DTXSID8020913",128.18,8.32427145764773,0.146441514477101,3623.50896933977,0.842033579989371,0.00111173471742976,0.806915778542989,0
