"dtxsid","molwt","vapor","solub","kow","decay.air","decay.sur","diffus.air","conc.out"
"DTXSID2021781",278.35,0.00431587814589858,0.0354494594661209,38628.5299684312,0.74667126068285,0.00115166017393957,0.55470940441728,0
"DTXSID3020205",312.37,0.00174806157118475,0.0104424129968171,21857.4414860336,1.47852319104733,0.000768508711067274,0.45372832448054,0
"DTXSID7021360",92.14,5036.80970316412,4.2385640321457,377.246911216054,0.283386076564757,0.000941449701577892,0.914481819844082,0
"DTXSID8020462",106.12,0.258946974030845,8226.85929544313,0.0650069358434023,1.81249176228349,0.00108034515218285,1.06852492369219,0
"DTXSID8020913",128.18,15.1194230568787,0.167048093853084,1612.11388730324,0.998155986952601,0.00132878457712582,0.833024423401622,0
