"dtxsid","molwt","vapor","solub","kow","decay.air","decay.sur","diffus.air","conc.out"
"DTXSID2021781",278.35,0.00365809991581529,0.0329493299416605,33690.9547407285,1.09225660201059,0.000971472765272969,0.461783447103156,0
"DTXSID3020205",312.37,0.000241832945591049,0.0101359662214974,16288.2027781728,0.608579144280459,0.000760419270963246,0.775736899825199,0
"DTXSID7021360",92.14,3175.6320749879,2.66418446100268,312.364512084802,0.512424477852375,0.00192215874027328,0.710683278250787,0
"DTXSID8020462",106.12,0.273847258026452,8080.16335474436,0.182233722164748,1.72630217949042,0.00154810261736206,0.973684553562228,0
"DTXSID8020913",128.18,11.2658801379018,0.172323386986866,2931.58441572272,2.56586501200249,0.00105902789795209,0.602007796104372,0
