"dtxsid","molwt","vapor","solub","kow","decay.air","decay.sur","diffus.air","conc.out"
"DTXSID2021781",278.35,0.00442489647846487,0.0345581416656227,20370.8179505325,0.473913486536627,0.000764356305907478,0.800963642804013,0
"DTXSID3020205",312.37,0.000692405869029131,0.0118867162286274,20677.8305275054,0.906301054525157,0.000947684705915488,0.536592278553287,0
"DTXSID7021360",92.14,1691.08296416408,4.8717470390977,435.865292318366,0.257168571533056,0.0008599217839093,0.654559214648466,0
"DTXSID8020462",106.12,0.342672088735175,8838.2974176897,0.147333286122817,1.47481081427437,0.00174412435098801,0.754747049370824,0
"DTXSID8020913",128.18,6.18251450634132,0.0891985483537193,1913.0805887591,0.726785606662509,0.00145515320927172,0.682434979048285,0
