"dtxsid","molwt","vapor","solub","kow","decay.air","decay.sur","diffus.air","conc.out"
"DTXSID2021781",278.35,0.00630452517621542,0.0327489971356357,59284.0178180511,0.428656259394582,0.00227227039561834,0.330341843728477,0
"DTXSID3020205",312.37,0.00125455905477629,0.00917443923647451,24766.0775213834,0.759704853963721,0.00120400838247767,0.755004906281535,0
"DTXSID7021360",92.14,2335.95273125838,3.01392046527231,379.336890381017,0.667197176708092,0.00154168663802081,0.78393764850798,0
"DTXSID8020462",106.12,0.637953796266999,6198.40230571946,0.0543682786177285,1.46361518857237,0.000417507734419584,1.00987398815291,0
"DTXSID8020913",128.18,16.7073817185113,0.122078926722886,4047.37791414666,0.735414946060098,0.000707057955020406,0.865605376685359,0
