"dtxsid","molwt","vapor","solub","kow","decay.air","decay.sur","diffus.air","conc.out"
"DTXSID2021781",278.35,0.00591943122719886,0.0469030631261184,17063.8224073431,1.00975719094323,0.00116489857458084,0.706873982057407,0
"DTXSID3020205",312.37,0.000160118119814577,0.0106444672847904,28733.2195578606,0.594084395275894,0.000637593820360188,0.42867303055504,0
"DTXSID7021360",92.14,943.438466853823,2.90595556484252,313.275562568354,0.503885510047443,0.000921645362712938,0.807382509174125,0
"DTXSID8020462",106.12,0.503487725398454,8587.2669107543,0.197489270669089,3.04063156657694,0.000910060482273369,0.701791866193188,0
"DTXSID8020913",128.18,40.3570885845183,0.137007937643519,2985.97647099452,1.93220055187783,0.00122954469123414,0.3667327143429,0
