"dtxsid","molwt","vapor","solub","kow","decay.air","decay.sur","diffus.air","conc.out"
"DTXSID2021781",278.35,0.00137729909447473,0.0425117758379155,25404.4546428237,0.546582745795663,0.000847266746541882,0.57533434344268,0
"DTXSID3020205",312.37,0.002020251367376,0.0108738637901489,20866.7497566606,0.721073557208092,0.000402696116868263,0.822581672740555,0
"DTXSID7021360",92.14,8606.66623833284,5.23221644295496,465.661414263995,0.430012360423933,0.00142588598192355,0.845084455624465,0
"DTXSID8020462",106.12,1.34639934969366,8238.7777129179,0.122855606461209,2.05120573583315,0.000958896838800887,1.08599479692396,0
"DTXSID8020913",128.18,9.13068399144443,0.144243107618524,1332.50460201936,1.59719165644623,0.000766108941675674,0.68392364386072,0
