"dtxsid","molwt","vapor","solub","kow","decay.air","decay.sur","diffus.air","conc.out"
"DTXSID2021781",278.35,0.00155502545968529,0.0626242347085671,22950.1640237248,0.575146445553909,0.00072864977352319,0.512785512553951,0
"DTXSID3020205",312.37,0.000304555364110673,0.0136806984443979,12586.6871309037,0.954839410158135,0.00161702206582387,0.46978958910002,0
"DTXSID7021360",92.14,1203.68089381764,5.58290875658594,169.955595085941,0.207676895069839,0.000957205068167529,0.79670061479718,0
"DTXSID8020462",106.12,0.338974892795162,9247.6341081803,0.143401080008745,1.66849821221676,0.000436764112254049,0.766710749932539,0
"DTXSID8020913",128.18,2.17031650737978,0.155946983841665,3428.91902372862,1.47828032612023,0.00110302443727324,0.682040311076268,0
