"dtxsid","molwt","vapor","solub","kow","decay.air","decay.sur","diffus.air","conc.out"
"DTXSID2021781",278.35,0.000969043284851082,0.0548625107167267,26295.4117995899,0.441730057183083,0.0008407956076748,0.528062852905006,0
"DTXSID3020205",312.37,0.000290448700317962,0.00930760023595353,22211.5096513209,1.02944349932499,0.00097724243577467,0.570176822052182,0
"DTXSID7021360",92.14,5539.90784760203,4.65708546688253,562.808848307679,0.350280332784072,0.00068984460719214,0.80431110664162,0
"DTXSID8020462",106.12,2.10150061642636,14278.0724141127,0.0399414186321542,3.3922788871899,0.00141713665225371,0.582895050459421,0
"DTXSID8020913",128.18,7.6001309930383,0.144592964586146,1904.19604567627,3.44459622729627,0.00100776573681497,0.674580563326856,0
