"dtxsid","molwt","vapor","solub","kow","decay.air","decay.sur","diffus.air","conc.out"
"DTXSID2021781",278.35,0.00106019624264977,0.0252150168126576,29747.257768286,0.556231679506676,0.000966778267884385,0.383734603653851,0
"DTXSID3020205",312.37,0.000742005316260603,0.00991576756910478,38926.4164694911,0.702249466922684,0.00134315191574642,0.416581086057766,0
"DTXSID7021360",92.14,9759.6242516394,5.23463355739861,331.379257425794,0.400482539060667,0.00147351176114316,1.1507168578388,0
"DTXSID8020462",106.12,0.806481323508557,4843.96629288602,0.1138753260535,1.79986019397885,0.00128345673497532,0.738069965138302,0
"DTXSID8020913",128.18,10.5661433829698,0.144331638026912,1909.89780213358,0.790911038902488,0.00139620521410813,0.817321185479825,0
