"dtxsid","molwt","vapor","solub","kow","decay.air","decay.sur","diffus.air","conc.out"
"DTXSID2021781",278.35,0.000889483884230077,0.0270510712830253,48258.5363542157,0.758635645576891,0.000427352885252985,0.429154681251066,0
"DTXSID3020205",312.37,0.000707798037607765,0.012258914413748,25972.5820744344,0.742555882573248,0.000849725129511188,1.12340460535394,0
"DTXSID7021360",92.14,1736.26167998588,3.66674655210862,283.306525752974,0.331257568358159,0.00127876427939323,0.91216175290486,0
"DTXSID8020462",106.12,1.33779434516098,7954.43156221898,0.0419761293396007,2.51038672889685,0.00120929213030665,0.984000489862616,0
"DTXSID8020913",128.18,30.9718715846246,0.113519082848878,4264.37022663122,0.963233812078345,0.000539946059078477,0.445211033449998,0
