"dtxsid","molwt","vapor","solub","kow","decay.air","decay.sur","diffus.air","conc.out"
"DTXSID2021781",278.35,0.00191372104949609,0.0318845776257954,74763.5697978782,0.499843782331203,0.000937292313411498,0.720971505683237,0
"DTXSID3020205",312.37,0.00140762628489866,0.0120666798820342,18772.2310910797,0.904380926170088,0.00047474879770833,0.406954505540562,0
"DTXSID7021360",92.14,4335.09569449588,4.79043728508307,714.908045759386,0.234046693844084,0.00136599069846033,0.711224745254718,0
"DTXSID8020462",106.12,0.620117597261289,6047.23035386007,0.0693097603804238,2.03857556464473,0.00107786413783837,0.729851705751559,0
"DTXSID8020913",128.18,4.56252045786431,0.158520528779517,3246.06125766949,0.895078327275643,0.000826669849698608,0.805334143720411,0
