"dtxsid","molwt","vapor","solub","kow","decay.air","decay.sur","diffus.air","conc.out"
"DTXSID2021781",278.35,0.00232787346327597,0.0457517094485079,23984.9934679453,0.836024996743859,0.00127788403083816,0.36109421833471,0
"DTXSID3020205",312.37,0.000269655483227167,0.0151835516471559,22164.6886647905,1.31575171913721,0.0012891229538854,0.483415805416757,0
"DTXSID7021360",92.14,463.047925632502,3.97527021799243,166.497453706882,0.214532154166048,0.00142799835541715,0.844442022608161,0
"DTXSID8020462",106.12,1.42288637727471,8259.27080561642,0.0694260109849327,1.57182850078177,0.00218834478124226,0.897164562301267,0
"DTXSID8020913",128.18,12.5281934224961,0.162531473828,2866.6852067577,1.54335713898788,0.000511340473904854,1.07176497725485,0
