"dtxsid","molwt","vapor","solub","kow","decay.air","decay.sur","diffus.air","conc.out"
"DTXSID2021781",278.35,0.00182853952855272,0.0431094935429957,36708.5172194173,0.706981790080312,0.00190760667091105,0.609749350888004,0
"DTXSID3020205",312.37,0.000754051172811548,0.0103769420665571,18679.3276624963,1.02779403938777,0.000891263858112813,0.646304148209673,0
"DTXSID7021360",92.14,778.642487122747,6.10780151199807,424.77163978358,0.825176370705177,0.00140532718438417,0.739464377648461,0
"DTXSID8020462",106.12,0.710405375280649,5770.01472317789,0.0656295031886571,1.85592643296265,0.00104117517361554,0.591328687742879,0
"DTXSID8020913",128.18,3.89648261961945,0.0803431317219209,1322.45102726894,2.39391558167923,0.00195391486161296,1.06668585636679,0
