"dtxsid","molwt","vapor","solub","kow","decay.air","decay.sur","diffus.air","conc.out"
"DTXSID2021781",278.35,0.00289068594681295,0.034347685917079,57252.8600103219,0.805590862241835,0.00181579572840234,0.486826522370578,0
"DTXSID3020205",312.37,0.0013001317914555,0.0100308618964922,18234.2111228727,0.677466608043134,0.00143532405403556,0.50169942572069,0
"DTXSID7021360",92.14,7820.4646669953,4.57477584479208,783.37128575381,0.241721376529115,0.00082136946510645,1.04594954554364,0
"DTXSID8020462",106.12,0.593467129608012,9717.23038428795,0.0737919806409076,3.13780295725527,0.00165643554583695,0.638906813324628,0
"DTXSID8020913",128.18,7.17632363002592,0.221693108988267,3743.88669728058,1.07083596213547,0.000896209311217649,0.60420974360274,0
