"dtxsid","molwt","vapor","solub","kow","decay.air","decay.sur","diffus.air","conc.out"
"DTXSID2021781",278.35,0.0014376987047787,0.0430380825574354,52688.8708404307,0.803914118428528,0.000677943764982347,0.503217591854538,0
"DTXSID3020205",312.37,0.000892546540783215,0.0147383291578594,30813.7006394728,1.1138712861135,0.000833165364651756,0.583810977936238,0
"DTXSID7021360",92.14,6526.98523972906,4.26418146334386,392.305272941086,0.78178285371456,0.000489578759548381,0.620539661138301,0
"DTXSID8020462",106.12,0.732698660802522,6773.70768547106,0.073059986963752,2.40767330478645,0.000899813269165829,0.638645727297613,0
"DTXSID8020913",128.18,4.8414817479295,0.13960609523318,2007.6090753828,5.25670221262371,0.000608258731026697,0.951750543094152,0
