"dtxsid","molwt","vapor","solub","kow","decay.air","decay.sur","diffus.air","conc.out"
"DTXSID2021781",278.35,0.00804726809745078,0.0346738259258256,24915.098053966,0.559574624397982,0.000820650088633386,0.523309664424343,0
"DTXSID3020205",312.37,0.000314908704584268,0.0106916739702345,17899.5985846657,1.29618338104947,0.00172425212744545,0.470992889028639,0
"DTXSID7021360",92.14,4115.40484155689,2.91880264814867,345.720869612625,0.358302028983368,0.00129895649844739,0.761319968485453,0
"DTXSID8020462",106.12,2.52324128317091,6207.52588537991,0.0753563650074151,2.62433857015815,0.000920643293535516,0.618746561582047,0
"DTXSID8020913",128.18,5.23649233887413,0.135165419632168,2415.05278112718,1.19423231868026,0.000760068839505689,0.603732652892695,0
