"dtxsid","molwt","vapor","solub","kow","decay.air","decay.sur","diffus.air","conc.out"
"DTXSID2021781",278.35,0.00249712023215037,0.0213407408510057,34279.3629066946,0.446199472683428,0.000974477272166592,0.429477769247527,0
"DTXSID3020205",312.37,0.00197929503348045,0.00738898453135407,17684.912276782,0.60014934006352,0.000628470168910013,0.411287126200084,0
"DTXSID7021360",92.14,2735.52802327334,4.91999815300919,423.252817485672,0.359749061466055,0.0011962719914962,0.887909283977085,0
"DTXSID8020462",106.12,0.262138378684499,5940.4681091632,0.0663515104622504,3.20826924642462,0.00108530318478032,0.700255243030632,0
"DTXSID8020913",128.18,19.7606182341692,0.121698753534718,1398.35407210452,1.06095752760324,0.000626932390564503,1.12393854173203,0
