"dtxsid","molwt","vapor","solub","kow","decay.air","decay.sur","diffus.air","conc.out"
"DTXSID2021781",278.35,0.00135419703554854,0.0254387791397976,23211.7929702535,0.549648671904505,0.000838637927872375,0.577147464512423,0
"DTXSID3020205",312.37,0.000597576270727975,0.0102998388571108,17249.6101963546,0.58954731351555,0.000722728762976537,0.772279329442737,0
"DTXSID7021360",92.14,3076.77786317138,2.83439016096874,501.286723315716,0.281185674494328,0.00126161944067176,0.690666458613603,0
"DTXSID8020462",106.12,2.03855368402824,10059.5053636424,0.114538514066622,1.6287600040472,0.000937438086777849,0.922358781757616,0
"DTXSID8020913",128.18,3.67512912134457,0.12838653563331,4213.91013268836,0.775662575165952,0.0018901423100052,0.946070492440481,0
