"dtxsid","molwt","vapor","solub","kow","decay.air","decay.sur","diffus.air","conc.out"
"DTXSID2021781",278.35,0.007599549842723,0.0516381552380726,25938.7195011949,0.810599660191155,0.000713600724353299,0.750976928940096,0
"DTXSID3020205",312.37,0.000285258275485152,0.0152261834986159,35767.6942902181,0.810739989297507,0.00108787308812046,0.819238412341315,0
"DTXSID7021360",92.14,4330.52509046529,3.44626805523668,342.266970719668,0.374388795117198,0.000784824177442617,0.629712644019005,0
"DTXSID8020462",106.12,2.63787999575033,14472.7524566667,0.146370113018359,1.17679951898763,0.00133046667481088,0.55841356650939,0
"DTXSID8020913",128.18,5.32877624017621,0.0917040629453552,2427.80635155678,0.74775256536626,0.000952401467997333,0.668631463924697,0
