"dtxsid","molwt","vapor","solub","kow","decay.air","decay.sur","diffus.air","conc.out"
"DTXSID2021781",278.35,0.0062054724487498,0.0530680525791591,85334.7550494495,0.400522620465607,0.000629857818367189,0.575116925415715,0
"DTXSID3020205",312.37,0.00045475930336256,0.00628124027163787,27157.0826640907,0.558978530555784,0.00202550518874562,0.260931989311723,0
"DTXSID7021360",92.14,5023.122212214,2.9764085713809,401.313894537033,0.341874628732213,0.00123665084611348,0.926402204157407,0
"DTXSID8020462",106.12,0.534398550539291,5953.83262819789,0.0607269754741326,1.80283743924404,0.000879905255017132,0.636125064771589,0
"DTXSID8020913",128.18,9.92694080787119,0.120033069722277,900.871208831326,1.23713080118672,0.000617015150180006,0.822998316713326,0
