"dtxsid","molwt","vapor","solub","kow","decay.air","decay.sur","diffus.air","conc.out"
"DTXSID2021781",278.35,0.00500427050764283,0.0421597511268356,43060.0362912433,0.572308567075811,0.00110702392376964,0.560095120965548,0
"DTXSID3020205",312.37,0.000566259704557605,0.00520217897497672,15342.8239656731,0.693044523663946,0.00103661902224353,0.660378037379322,0
"DTXSID7021360",92.14,1486.2962912541,6.99491578945995,367.296506203911,0.379223376482789,0.000928497490137158,1.05703380411545,0
"DTXSID8020462",106.12,1.83984439084566,11653.3187154466,0.123992350621677,1.30538492844799,0.00251359282239047,0.767025682541317,0
"DTXSID8020913",128.18,4.67801499038259,0.11629570785972,1942.12874636623,1.97149742062598,0.00161214197153088,0.4674794976979,0
