"dtxsid","molwt","vapor","solub","kow","decay.air","decay.sur","diffus.air","conc.out"
"DTXSID2021781",278.35,0.00154010426775332,0.037755686732167,25512.8229139126,0.546179408617269,0.00142707306540111,0.434559741569217,0
"DTXSID3020205",312.37,0.000304068604705343,0.00679245807733408,22977.4124725087,0.633879314242342,0.00117238654792689,0.502030134091535,0
"DTXSID7021360",92.14,6157.12559626796,6.08134400668977,398.597905337807,0.332228911737307,0.00066989726291389,0.424358619915399,0
"DTXSID8020462",106.12,1.72979295140047,11976.661817843,0.111675974763194,2.93661850270521,0.00070000598123184,0.541194738145745,0
"DTXSID8020913",128.18,2.88486757233798,0.141099846308279,1422.56843193243,0.476604224544433,0.00123479330113216,0.918290451028659,0
