"dtxsid","molwt","vapor","solub","kow","decay.air","decay.sur","diffus.air","conc.out"
"DTXSID2021781",278.35,0.00563422613509279,0.0424833422578479,31459.683396591,0.4195770864522,0.000817653636233925,0.559713456587581,0
"DTXSID3020205",312.37,0.000667131316001113,0.0120407595274107,51551.4839890108,0.562749836033385,0.00090317172872352,0.4003847473933,0
"DTXSID7021360",92.14,5049.74447292207,4.08894946460802,385.597331588273,0.335208785898876,0.0018299309049841,0.819885482414137,0
"DTXSID8020462",106.12,0.84857147125683,7436.04862464119,0.146229436279064,1.73825606382602,0.000908051642146993,0.897591021330456,0
"DTXSID8020913",128.18,10.9521547196235,0.140817162754957,2166.40632727082,2.17187595116632,0.00186012299414108,0.660158310207315,0
