"dtxsid","molwt","vapor","solub","kow","decay.air","decay.sur","diffus.air","conc.out"
"DTXSID2021781",278.35,0.0050099556155319,0.057526095015879,46405.2633191415,0.593074165670578,0.000835350520362315,0.71948833219013,0
"DTXSID3020205",312.37,0.000800295455245402,0.0078825982924807,5646.11933068162,0.741047402236699,0.00229211808691306,0.596074769507904,0
"DTXSID7021360",92.14,3493.18695126932,7.78651405260244,461.131175036987,0.418593726359747,0.00114806591767382,0.966364113272067,0
"DTXSID8020462",106.12,0.801874518757376,9245.66525686634,0.110638952258253,0.998173950391661,0.00125953724609376,0.57189876961602,0
"DTXSID8020913",128.18,16.8914248004221,0.273394971769929,4640.10794867147,1.43534671893436,0.000873197953837364,0.74319834998669,0
