"dtxsid","molwt","vapor","solub","kow","decay.air","decay.sur","diffus.air","conc.out"
"DTXSID2021781",278.35,0.00809255569909117,0.030379765613665,31157.2834557659,0.495802190769979,0.000849175369324288,0.314249110974712,0
"DTXSID3020205",312.37,0.00104002926393089,0.0114778655111055,22353.8902425313,0.463578398569343,0.0012103033790192,0.672648188404938,0
"DTXSID7021360",92.14,2208.15246344851,5.28683657262633,381.996935224123,0.801728389994292,0.00121641551881413,0.885599282280818,0
"DTXSID8020462",106.12,0.44931250688124,12548.8393824734,0.0836367146230776,1.94972866416092,0.000908503061747629,0.412891868537147,0
"DTXSID8020913",128.18,7.17549059979958,0.140851819656355,2713.30333701921,1.74810630223036,0.000912722128524023,0.534196152496154,0
