"dtxsid","molwt","vapor","solub","kow","decay.air","decay.sur","diffus.air","conc.out"
"DTXSID2021781",278.35,0.00479790432315251,0.0254534451133354,28279.5748724551,0.705432395955993,0.00105369963000123,0.749638510277677,0
"DTXSID3020205",312.37,0.00019357169574384,0.00960009045921911,22472.1055312712,0.963215025104674,0.00101410301956786,0.619295890362438,0
"DTXSID7021360",92.14,1351.69109038874,3.99079600966201,364.740865175778,0.621747661924611,0.000727321210551947,1.00212146964001,0
"DTXSID8020462",106.12,0.72606578978263,7073.87392067708,0.0884939757012305,2.06618426301695,0.000987083866817733,0.688502024123045,0
"DTXSID8020913",128.18,3.18982691706967,0.170241942826337,3274.45883271056,3.24266994484971,0.000700075276643755,0.774762233752267,0
