"dtxsid","molwt","vapor","solub","kow","decay.air","decay.sur","diffus.air","conc.out"
"DTXSID2021781",278.35,0.00449205666674264,0.0376220746827707,31520.5805253132,0.654366606851601,0.000762328236396867,0.390193820707454,0
"DTXSID3020205",312.37,0.000983826567733953,0.00967418605154944,22429.0189328706,1.20881923991092,0.00177711472472817,0.422463087048394,0
"DTXSID7021360",92.14,8664.12851153022,3.68029119075682,317.419912193704,0.282280095466045,0.0012140558554889,0.631047610334324,0
"DTXSID8020462",106.12,0.192727087146711,9654.48153496471,0.0699091460355037,1.1346655180737,0.000314290046204781,0.848258508993693,0
"DTXSID8020913",128.18,11.8774591210042,0.16992277577259,2248.78164742907,0.738239230234204,0.00133870397084186,0.560649936395516,0
