"dtxsid","molwt","vapor","solub","kow","decay.air","decay.sur","diffus.air","conc.out"
"DTXSID2021781",278.35,0.00441187130079922,0.0352782712807495,30552.5643842129,0.914367401060439,0.00142540862121679,0.645589042876118,0
"DTXSID3020205",312.37,0.000417156212431451,0.0119465020607263,29166.9062840512,0.991498861024237,0.00073165329131765,0.447953100890296,0
"DTXSID7021360",92.14,2434.81710546937,4.16738410038089,644.633414490528,0.493451549090978,0.000578496757054535,1.46946568145587,0
"DTXSID8020462",106.12,0.187727167580611,7661.90772789805,0.0586534578859113,1.68266804140089,0.00117442137657778,0.72878843463148,0
"DTXSID8020913",128.18,13.4057697258017,0.176415564806086,2496.99455608169,1.3328431455488,0.00102284267951901,0.594463678294566,0
