"dtxsid","molwt","vapor","solub","kow","decay.air","decay.sur","diffus.air","conc.out"
"DTXSID2021781",278.35,0.00144976232833135,0.0280796521532823,25653.0189476343,0.622477168499132,0.000749174580026731,0.434713926405658,0
"DTXSID3020205",312.37,0.000371839383336192,0.00582546854550896,18892.2183440434,0.589141004355671,0.000453020586889888,0.617061836572595,0
"DTXSID7021360",92.14,2051.70801453061,4.33032261966355,259.194534066842,0.22617541654961,0.00129809089442141,0.702528390487053,0
"DTXSID8020462",106.12,0.673106306116074,10574.5548030926,0.0618009349125022,1.82346674903795,0.000437354441365284,0.68814013292952,0
"DTXSID8020913",128.18,2.22646757039985,0.16591360677899,2069.46737442196,1.7491072305349,0.00129050422038149,0.624407597969478,0
