"dtxsid","molwt","vapor","solub","kow","decay.air","decay.sur","diffus.air","conc.out"
"DTXSID2021781",278.35,0.00166047586059967,0.0415167025041497,28076.203307206,0.429421674080962,0.001547139728181,0.505467295090042,0
"DTXSID3020205",312.37,0.00291444259656188,0.00804492017975758,21167.2229982524,0.913725311900997,0.000857485742544803,0.410269981851361,0
"DTXSID7021360",92.14,5899.81862882597,3.62811748123806,946.821748186005,0.292797682763969,0.00159765102040087,0.786026281981544,0
"DTXSID8020462",106.12,1.0273736657588,5278.86914666058,0.0520730129303848,0.985804168697012,0.00120873294403448,1.06176148828291,0
"DTXSID8020913",128.18,13.0278544520623,0.156141171748925,1884.1083759809,2.24548374769082,0.000714706807599796,0.673510395382756,0
