"dtxsid","molwt","vapor","solub","kow","decay.air","decay.sur","diffus.air","conc.out"
"DTXSID2021781",278.35,0.0020725223679989,0.0280339131643186,43132.5354958362,0.577389257090352,0.00106588632067921,0.663076676467031,0
"DTXSID3020205",312.37,0.00161592074602977,0.00882000469949377,18349.6386793121,0.934978385647573,0.000839924313468843,0.61799740769226,0
"DTXSID7021360",92.14,2696.08073851299,5.13251761584139,282.160550164903,0.17581580875271,0.00205806621233525,0.889029546613509,0
"DTXSID8020462",106.12,0.331613547248129,5294.79737581781,0.113426947365298,1.85410062855239,0.00129334743304542,0.815780572861784,0
"DTXSID8020913",128.18,12.6243054133881,0.123783669557604,2160.24871240938,1.81393570850813,0.000870399723049102,0.668101492082648,0
