"dtxsid","molwt","vapor","solub","kow","decay.air","decay.sur","diffus.air","conc.out"
"DTXSID2021781",278.35,0.00154410568735132,0.0201755530565439,55530.2895105628,0.580026987962062,0.00125365692518707,0.40761549185616,0
"DTXSID3020205",312.37,0.000425435485615595,0.00828055883303918,18180.1144778853,1.23402643375988,0.00112820784970207,0.465145337925077,0
"DTXSID7021360",92.14,8488.99216203146,4.06803241132629,253.409584387447,0.332224036883456,0.00222079260749631,0.90824337091927,0
"DTXSID8020462",106.12,0.324082270358365,10768.6309625457,0.088651252695614,0.966645182814761,0.00108409048377171,0.575275076328387,0
"DTXSID8020913",128.18,28.5516249440947,0.110062167915039,1262.79153015905,0.970935061398234,0.00186207455110218,0.49309809020574,0
