"dtxsid","molwt","vapor","solub","kow","decay.air","decay.sur","diffus.air","conc.out"
"DTXSID2021781",278.35,0.000947532717486906,0.0413090201629664,21713.8767500448,1.05012161661768,0.00105998129340412,0.593850979827365,0
"DTXSID3020205",312.37,0.000517198448339237,0.00898907080632184,17668.6418278008,0.726871009455345,0.00120156203037337,0.413123122403292,0
"DTXSID7021360",92.14,8113.61029463767,3.32882067665091,352.589497570801,0.235716292564954,0.00177250835962019,0.540372013031385,0
"DTXSID8020462",106.12,0.542809197368752,8932.52942888167,0.0839879545400777,1.93965160119605,0.00200637210330203,0.899263550959004,0
"DTXSID8020913",128.18,8.89414270733139,0.133147006539288,2985.51610126984,0.574033637079593,0.000714318358831431,0.707045010385862,0
