"dtxsid","molwt","vapor","solub","kow","decay.air","decay.sur","diffus.air","conc.out"
"DTXSID2021781",278.35,0.0020362601706363,0.0265627234406527,53059.483669663,0.667548410484375,0.000598457636382506,0.720657276420101,0
"DTXSID3020205",312.37,0.000375660587636609,0.00758208124097019,27084.365386331,0.764825860000346,0.00193635829217845,0.630945541690383,0
"DTXSID7021360",92.14,3127.39446897286,4.75010427586271,452.715016301905,0.39623179612374,0.000556171820281842,0.838789279905862,0
"DTXSID8020462",106.12,0.814830293152952,8636.40576397318,0.0769380284336388,1.84002570243904,0.000670410848091678,0.608967254957128,0
"DTXSID8020913",128.18,12.491966723634,0.162403316210764,1919.61930766612,1.63268382412708,0.000796684074976105,0.526611636236846,0
