"dtxsid","molwt","vapor","solub","kow","decay.air","decay.sur","diffus.air","conc.out"
"DTXSID2021781",278.35,0.0132678691929486,0.0317204535491144,46943.8152730086,0.395006900026212,0.00101876507789638,0.427813701646988,0
"DTXSID3020205",312.37,0.00144921538362809,0.010047153951313,15169.0425812221,0.702044207582755,0.000463762977715604,0.402753735691053,0
"DTXSID7021360",92.14,2337.47063150365,4.39268396972263,463.244328041094,0.550365170108953,0.000576290669188847,0.948745081968784,0
"DTXSID8020462",106.12,0.52230922590031,9287.53755484285,0.0321070932476213,1.17311841404472,0.000615247804271079,0.593494065825159,0
"DTXSID8020913",128.18,11.2049014990019,0.0795182785874604,2140.98306120376,2.75339978914632,0.000682915458070214,0.555385371382533,0
