"dtxsid","molwt","vapor","solub","kow","decay.air","decay.sur","diffus.air","conc.out"
"DTXSID2021781",278.35,0.00559760220806776,0.0259350249488668,61435.9582408434,0.850558313250696,0.000990465913610221,0.471583445954687,0
"DTXSID3020205",312.37,0.00047737034738546,0.00690125079459758,15812.8028209434,0.81572392086374,0.00157838727403074,0.796286609572363,0
"DTXSID7021360",92.14,2350.88390322634,5.33801377581395,542.143335673174,0.365714888677173,0.00117851621784636,1.14107839778236,0
"DTXSID8020462",106.12,2.58257153076844,11207.7031033558,0.0440106762630249,1.79706777886681,0.00111197691232327,1.22835222265509,0
"DTXSID8020913",128.18,3.21196832627259,0.204937930405426,2079.64216230352,1.99639373039792,0.00089358182398995,0.7048739055318,0
