"dtxsid","molwt","vapor","solub","kow","decay.air","decay.sur","diffus.air","conc.out"
"DTXSID2021781",278.35,0.00183120983849373,0.0238459191497997,22666.5042572923,0.607112667112022,0.000892405844353751,0.430728892817138,0
"DTXSID3020205",312.37,0.000243779610521427,0.00873285477306963,24619.2580653042,0.608995528929489,0.00167450421781247,0.600655414349107,0
"DTXSID7021360",92.14,11098.1168310006,8.07208655418363,387.428835826468,0.265429280569206,0.000890632105088496,0.981127380813908,0
"DTXSID8020462",106.12,1.65047947631358,8590.93927292156,0.140597826073172,1.53957892117763,0.000657408789970372,1.35679965675656,0
"DTXSID8020913",128.18,1.54194183419588,0.210726526464347,2092.60484656315,1.22169682947073,0.00115620207270098,0.603217921743385,0
