"dtxsid","molwt","vapor","solub","kow","decay.air","decay.sur","diffus.air","conc.out"
"DTXSID2021781",278.35,0.00582464191102709,0.0313509646018738,32981.4530703456,0.678428485388152,0.00125243393949222,0.650501795982166,0
"DTXSID3020205",312.37,0.000808072305538492,0.00697269024354762,21821.5546227574,0.499531308270893,0.00083388985288876,0.421922858644035,0
"DTXSID7021360",92.14,3922.68207217264,4.52141248169277,901.464309098653,0.511492282575715,0.000541700361333855,1.07283767040324,0
"DTXSID8020462",106.12,0.805155494909668,9187.70263010203,0.0280338382255979,2.38483906964831,0.000683469230233024,0.975841056920313,0
"DTXSID8020913",128.18,17.0493996686352,0.145459630460606,1130.15470952576,1.84606663134259,0.0017318110765226,0.984530091426907,0
