"dtxsid","molwt","vapor","solub","kow","decay.air","decay.sur","diffus.air","conc.out"
"DTXSID2021781",278.35,0.00258947103896857,0.0289311849909922,43338.2187119008,0.366029888543485,0.000968436754786551,0.509058867265247,0
"DTXSID3020205",312.37,0.000949378611202079,0.00809434784873215,13541.3026592121,0.648036130616943,0.000581815824457176,0.466016115954471,0
"DTXSID7021360",92.14,3856.4743123161,4.14940582001366,894.131034137996,0.474052056760181,0.000750005652252149,1.16929754250583,0
"DTXSID8020462",106.12,0.19768428499173,10929.6292643076,0.0693009059748223,1.78221896587189,0.00145013263929833,1.06410448249548,0
"DTXSID8020913",128.18,5.74194153693872,0.239222276916774,2998.54665711557,1.66142489811339,0.00212522074477994,0.671531265279088,0
