"dtxsid","molwt","vapor","solub","kow","decay.air","decay.sur","diffus.air","conc.out"
"DTXSID2021781",278.35,0.00169216591219133,0.0354003401704321,10332.5612732331,0.500831567789763,0.000468633651800874,0.477993041175681,0
"DTXSID3020205",312.37,0.000794790308165358,0.00777221891588221,20009.2898048675,0.891080129818649,0.00104994330327358,0.895817444173176,0
"DTXSID7021360",92.14,1024.09771109244,4.38510306140021,395.425110513513,0.219347402812627,0.00232982423524807,1.01204681413941,0
"DTXSID8020462",106.12,0.837504183358811,9228.0150130306,0.150314093341451,3.71468304119456,0.00169109019585806,0.411344342665926,0
"DTXSID8020913",128.18,6.63002698088134,0.139918805542227,2151.54758884663,1.78286652599357,0.000842367768120519,0.576286982324769,0
