"dtxsid","molwt","vapor","solub","kow","decay.air","decay.sur","diffus.air","conc.out"
"DTXSID2021781",278.35,0.00752879446871851,0.0585337170964132,30130.5036289987,0.385441366800953,0.000986822362352759,0.440327318206134,0
"DTXSID3020205",312.37,0.000442970780925615,0.00939295111956475,32300.5095089894,0.984123317804158,0.00138618980231798,0.373412231544759,0
"DTXSID7021360",92.14,6448.54777688931,3.47239387393707,339.253342371246,0.359457082729514,0.000693184372512017,1.15296813854578,0
"DTXSID8020462",106.12,0.551121794958156,9176.72001273121,0.104517994628279,1.11929642305543,0.00109617795983866,0.889808457962535,0
"DTXSID8020913",128.18,15.8381638552931,0.116199467732726,1562.44791340149,2.07880506529702,0.00236073118198145,0.753389636572559,0
