"dtxsid","molwt","vapor","solub","kow","decay.air","decay.sur","diffus.air","conc.out"
"DTXSID2021781",278.35,0.00391831320869588,0.0313613179035289,53115.4285939089,0.910430940844615,0.00135453430608745,0.509360862466904,0
"DTXSID3020205",312.37,0.00228332619448751,0.0105469512625656,24966.1118661528,0.50871007412268,0.000949352655435757,0.633034771553592,0
"DTXSID7021360",92.14,3325.21791967939,5.33256545084106,712.268957167504,0.406950776162017,0.000859207877337481,0.587929573906161,0
"DTXSID8020462",106.12,2.17404598396272,8174.4624790271,0.100807728601955,1.60663133483458,0.00120599925634386,0.993880006095148,0
"DTXSID8020913",128.18,22.4919118660788,0.202519858450177,2343.02391083884,1.1540861012043,0.00108871639968764,0.87588320047949,0
