"dtxsid","molwt","vapor","solub","kow","decay.air","decay.sur","diffus.air","conc.out"
"DTXSID2021781",278.35,0.0130430566447371,0.0235471192182462,30754.6567523721,0.390063927981037,0.000404462846256883,0.950535882386547,0
"DTXSID3020205",312.37,0.00111471751096232,0.00549690287019837,27730.614089938,0.388668460887692,0.00131110573137993,0.430022973791614,0
"DTXSID7021360",92.14,4470.56910803877,3.88379256350758,327.052281143393,0.95784898359809,0.00105546268306494,0.544639579372318,0
"DTXSID8020462",106.12,0.859126780548654,7658.96018480343,0.0887231537842027,1.15948364375215,0.00105243940828231,0.505381346697307,0
"DTXSID8020913",128.18,9.89620487376613,0.132169202766832,3919.36928424762,1.11073024395764,0.000860192216985135,0.530032743326796,0
