"dtxsid","molwt","vapor","solub","kow","decay.air","decay.sur","diffus.air","conc.out"
"DTXSID2021781",278.35,0.00183539928586163,0.0556730886844031,11076.941668336,0.646768992497109,0.00130644432865045,0.473880598427401,0
"DTXSID3020205",312.37,0.000471816632302239,0.0160421448529199,13784.9613864804,1.12870839264111,0.0023940146236559,0.838714306326929,0
"DTXSID7021360",92.14,3718.45481711531,3.90652119214313,407.183680417863,0.260338070734324,0.000831806835365461,0.695186130707898,0
"DTXSID8020462",106.12,1.34873977065439,7783.62969498433,0.0944170712857886,2.17482599708589,0.00143719428547949,0.869335559532132,0
"DTXSID8020913",128.18,4.14477178431559,0.139811406819133,3349.97828964915,0.927176396818425,0.000662563004652348,0.552190037714393,0
