"dtxsid","molwt","vapor","solub","kow","decay.air","decay.sur","diffus.air","conc.out"
"DTXSID2021781",278.35,0.00788927661681088,0.0351871850974654,21684.2814382658,0.600835416392358,0.000867074004432897,0.590872896480235,0
"DTXSID3020205",312.37,0.00014026363648239,0.00927935565846972,8413.32631578091,1.00486024765066,0.00205727225334423,0.444885541162208,0
"DTXSID7021360",92.14,829.012731830646,4.82181126154498,143.640157977115,0.227006158646116,0.000959530067586535,1.00254735982772,0
"DTXSID8020462",106.12,0.376119501697152,9679.24196444076,0.122297788518124,2.02382072525515,0.000601645106399529,0.715365392873793,0
"DTXSID8020913",128.18,5.2780707760471,0.176226487727486,2847.63067179537,2.26281606928232,0.0011106327582273,0.954663161171269,0
