"dtxsid","molwt","vapor","solub","kow","decay.air","decay.sur","diffus.air","conc.out"
"DTXSID2021781",278.35,0.00174838328478703,0.0386013279338438,42915.1398504434,0.652881258530259,0.00115277080236969,0.530044885372196,0
"DTXSID3020205",312.37,0.000651033430210899,0.00807716353786231,28262.1492275969,0.450061876226343,0.000716145856251492,0.831523077834457,0
"DTXSID7021360",92.14,3607.24461479362,6.00087568533939,892.621941502577,0.461934582508614,0.000973112387871198,0.814975557995059,0
"DTXSID8020462",106.12,3.05741447817492,9266.68722776259,0.212438677082883,1.70062018545086,0.00167937333745047,0.544607725674257,0
"DTXSID8020913",128.18,4.09632215838213,0.132839432326649,933.93036564021,1.89375298456679,0.000676497368275349,0.690344003772664,0
