"dtxsid","molwt","vapor","solub","kow","decay.air","decay.sur","diffus.air","conc.out"
"DTXSID2021781",278.35,0.00104548961152063,0.0293351523675625,87182.3312860644,0.286403802314895,0.00113746516708341,0.816471439622334,0
"DTXSID3020205",312.37,0.00194364708341554,0.0101770274289073,30963.0758823159,0.421609086108899,0.000555143427028652,0.665547506947667,0
"DTXSID7021360",92.14,2739.31851569128,4.96115176370809,501.364666293641,0.256909026044186,0.000619172853974063,0.666258875456062,0
"DTXSID8020462",106.12,0.600762040217488,4017.98566258803,0.0841609436537133,1.36353812100819,0.000642169003240293,0.795813906861172,0
"DTXSID8020913",128.18,14.5046344098987,0.134600722148485,2099.08442445559,2.0336478883397,0.000692690507261246,0.694265624138709,0
