"dtxsid","molwt","vapor","solub","kow","decay.air","decay.sur","diffus.air","conc.out"
"DTXSID2021781",278.35,0.00220573403791518,0.0562560505911671,20816.183446107,0.464341193047516,0.000700303592964074,0.693787746823381,0
"DTXSID3020205",312.37,0.00211958385691628,0.0108709011203561,26886.9796346303,0.78820328028458,0.0006681991071655,0.731439281954521,0
"DTXSID7021360",92.14,1313.37675778318,7.11564484695768,358.693200113202,0.686894741830389,0.00111819516876275,0.850658763462521,0
"DTXSID8020462",106.12,1.36958358793516,9337.15873243786,0.170888743683808,1.48018665755493,0.000526994846477765,0.571558401035641,0
"DTXSID8020913",128.18,23.4619539655846,0.139143659016513,2520.29518847762,0.740697398053551,0.00100569535651959,0.57703313732482,0
