"dtxsid","molwt","vapor","solub","kow","decay.air","decay.sur","diffus.air","conc.out"
"DTXSID2021781",278.35,0.005288146063619,0.035104706652174,31309.4924435446,0.683253482562502,0.000795687880998168,0.413076428151999,0
"DTXSID3020205",312.37,0.000571857581549999,0.00874204633241988,18497.2775039633,0.629292706983281,0.000774097241800152,0.585560565113066,0
"DTXSID7021360",92.14,2836.57160260483,3.6491064236966,672.509507739042,0.241545236225271,0.00102771342037481,1.0770985777856,0
"DTXSID8020462",106.12,0.420492893973021,9215.24825524839,0.114836126566063,1.80071796333138,0.000849479408621194,0.800865468579871,0
"DTXSID8020913",128.18,11.6875265840585,0.156621190532724,2988.31715211339,0.572422512987592,0.00111609272082504,0.726502313448012,0
