"dtxsid","molwt","vapor","solub","kow","decay.air","decay.sur","diffus.air","conc.out"
"DTXSID2021781",278.35,0.00788156497684729,0.0312005054756835,50351.5518001555,0.30611904129178,0.000803917018376536,0.674423529488242,0
"DTXSID3020205",312.37,0.000719956712124431,0.00720118358764285,18947.5809441473,0.882274348686881,0.000873808237296588,0.716177502800914,0
"DTXSID7021360",92.14,3244.63813181045,6.02711666254777,439.264124734405,0.328264525787617,0.00121503805324649,0.912296539577732,0
"DTXSID8020462",106.12,0.492698140942191,7008.40894887594,0.0499292590535531,2.05901963757178,0.00106984287528025,1.10445504386991,0
"DTXSID8020913",128.18,12.426350933324,0.111439519536307,2812.86189757885,0.552301036221463,0.00161337413325144,0.695217662336255,0
