"dtxsid","molwt","vapor","solub","kow","decay.air","decay.sur","diffus.air","conc.out"
"DTXSID2021781",278.35,0.00325424080499593,0.0414280220147284,24491.3930399884,0.881087938637471,0.000848440517650637,0.364514193546712,0
"DTXSID3020205",312.37,0.000770060337083159,0.00608224062269565,17680.9397095301,0.52622570480593,0.00164740845249607,0.51091940807247,0
"DTXSID7021360",92.14,3542.30814295148,4.83563402695698,589.451400611426,0.436783826960101,0.00076837507047284,0.795902550143016,0
"DTXSID8020462",106.12,1.21181389082071,6899.61756941351,0.140235190416342,1.66257983868493,0.00205874884003478,0.890010271433611,0
"DTXSID8020913",128.18,2.21947733890498,0.15591755319451,987.006646336616,2.35850787736853,0.000836243905044652,0.870934325939798,0
