"dtxsid","molwt","vapor","solub","kow","decay.air","decay.sur","diffus.air","conc.out"
"DTXSID2021781",278.35,0.00324457402391631,0.0410360774480148,12202.8261243288,1.24309221559084,0.000797783953959458,0.369343170451359,0
"DTXSID3020205",312.37,0.000379455427605665,0.0116060988829363,37382.7149917144,1.51250205385745,0.00068855462114718,0.592361791847647,0
"DTXSID7021360",92.14,4877.73256513719,4.29941163874229,454.196923453769,0.833002053883064,0.00145198569365653,0.61273809887768,0
"DTXSID8020462",106.12,0.797631976903804,6741.05619288346,0.0821474571042262,2.42072112110462,0.000706021307103365,0.666297926457015,0
"DTXSID8020913",128.18,12.0645912808257,0.129652368124366,2196.73242653874,0.984612663438601,0.00149104984536837,0.554000952269043,0
