"dtxsid","molwt","vapor","solub","kow","decay.air","decay.sur","diffus.air","conc.out"
"DTXSID2021781",278.35,0.00336162019362144,0.0560558713980988,38294.0302619103,0.698647341922904,0.000898131709222734,0.64286641324328,0
"DTXSID3020205",312.37,0.000699643214184894,0.00599223060098134,14180.9334311124,0.77474858365315,0.000402072636773073,0.436487058640063,0
"DTXSID7021360",92.14,932.925837907704,3.65582529060367,357.690976799614,0.389211096884211,0.00042263215830626,0.564914166800254,0
"DTXSID8020462",106.12,0.337695119479672,12278.4205347787,0.127288981114016,1.15087706927386,0.00121337481976589,0.808577689618314,0
"DTXSID8020913",128.18,4.4869067832128,0.0897051554062868,2059.01062600411,0.786632699539862,0.00121962584212299,0.674616353914172,0
