"dtxsid","molwt","vapor","solub","kow","decay.air","decay.sur","diffus.air","conc.out"
"DTXSID2021781",278.35,0.00341717210674834,0.0530249358265377,24934.2509362683,0.478529806880183,0.000769316010918789,0.534493909212107,0
"DTXSID3020205",312.37,0.000517387452369682,0.0105488939849482,11719.3576383857,0.350016649833502,0.00142694342270169,0.415188913542109,0
"DTXSID7021360",92.14,5838.99361369158,3.4954587993462,242.616363938236,0.535963005889517,0.00164909507775398,1.84813218555799,0
"DTXSID8020462",106.12,1.16326203580222,5669.11176378392,0.137707516852224,2.50659112453766,0.000676751879912136,1.45519751401299,0
"DTXSID8020913",128.18,5.5218088878173,0.183604083408869,2948.40483709843,1.00982747833925,0.000760151571608368,0.739358492382645,0
