"dtxsid","molwt","vapor","solub","kow","decay.air","decay.sur","diffus.air","conc.out"
"DTXSID2021781",278.35,0.0125803379063548,0.0420143662660971,8530.99985541356,0.884978061489475,0.00144447887241477,0.527571595991143,0
"DTXSID3020205",312.37,0.00177190341052754,0.007770891336445,17229.4587927579,0.59342347321042,0.00134667094023603,0.874982808333101,0
"DTXSID7021360",92.14,3470.34959454755,3.78219717187025,396.419435499417,0.552452304704521,0.000904683510608256,0.715820787446432,0
"DTXSID8020462",106.12,0.851834457695252,8234.21577389942,0.113622718772198,1.07834292276965,0.00142629027450153,0.701530019614037,0
"DTXSID8020913",128.18,31.6263995964837,0.095512546248241,1508.76711123013,0.603894308743161,0.000943789719142274,0.480293371901205,0
