"dtxsid","molwt","vapor","solub","kow","decay.air","decay.sur","diffus.air","conc.out"
"DTXSID2021781",278.35,0.0040792862155153,0.0570955358940877,24797.3880051397,0.621907040806439,0.000974937163472471,0.724184872893682,0
"DTXSID3020205",312.37,0.000929879750519019,0.00968437872499689,29090.8438403044,0.897088576155108,0.000994141003908289,0.833744375572733,0
"DTXSID7021360",92.14,3623.6996295072,5.02709281627363,231.936837454162,0.629475240503612,0.000791128763172214,1.10851224085315,0
"DTXSID8020462",106.12,1.16234240531226,12236.4311191421,0.0913270901324014,2.67341196352574,0.00139259333935842,0.771029647541624,0
"DTXSID8020913",128.18,5.38633740565924,0.144855862389731,1555.3665333795,1.33079145096055,0.0010857937794524,0.937345457717378,0
