"dtxsid","molwt","vapor","solub","kow","decay.air","decay.sur","diffus.air","conc.out"
"DTXSID2021781",278.35,0.00289789221945746,0.0313516376450056,33167.42451875,0.471793181868079,0.000851227325041389,0.50205595698954,0
"DTXSID3020205",312.37,0.00269016893731008,0.0064715407416193,15147.0334435727,0.783119492157685,0.00102764793577438,0.664042215034255,0
"DTXSID7021360",92.14,4749.84891867952,4.02049251964185,261.911685034623,0.644939294419494,0.00180633588979753,0.932872163811434,0
"DTXSID8020462",106.12,0.53676723494286,7047.96160077533,0.11737091959537,1.77222360097899,0.00103311194530329,0.885759095876973,0
"DTXSID8020913",128.18,4.86293226907276,0.101830621761914,2365.09219174825,0.907711660998452,0.00183493798472891,1.01650556989958,0
