"dtxsid","molwt","vapor","solub","kow","decay.air","decay.sur","diffus.air","conc.out"
"DTXSID2021781",278.35,0.00969450048508145,0.0603675402869175,12971.2841977569,0.218188564467572,0.000785821168662253,0.567343486945524,0
"DTXSID3020205",312.37,0.000541973895390113,0.0108805369243752,10612.2404035573,1.13294125896534,0.000602896013445671,0.666274252495341,0
"DTXSID7021360",92.14,6689.98090916039,3.68384203368697,705.016421590885,0.498735849004054,0.00157904186913164,0.869265577042415,0
"DTXSID8020462",106.12,0.625031760577508,9590.06939152583,0.155390022437581,1.76882877084818,0.0009442060118993,0.51976242161153,0
"DTXSID8020913",128.18,9.24892627058475,0.140289305159443,5766.61676826716,0.586436479878732,0.000718785405906906,0.734114665005719,0
