"dtxsid","molwt","vapor","solub","kow","decay.air","decay.sur","diffus.air","conc.out"
"DTXSID2021781",278.35,0.0192731448774512,0.023674306732492,21159.3819607387,0.657367662844956,0.00090646609867421,0.693649967649841,0
"DTXSID3020205",312.37,0.000235559397928528,0.0107491897914661,9519.785366477,0.458566986029212,0.000858001773449981,0.434478047524686,0
"DTXSID7021360",92.14,2521.89559966808,7.48427225895138,335.566058212751,0.468729712362082,0.00102684170139442,0.941684407171401,0
"DTXSID8020462",106.12,0.775216235255784,4539.39890748518,0.055313819264915,2.21829913195451,0.000592287223339048,0.773275200265558,0
"DTXSID8020913",128.18,4.35370920476734,0.157927761590363,1179.5299247799,1.96219996382538,0.000781353093292596,0.724682696277693,0
