"dtxsid","molwt","vapor","solub","kow","decay.air","decay.sur","diffus.air","conc.out"
"DTXSID2021781",278.35,0.00145092987523684,0.0338212043921629,34922.4211528891,0.380787057546866,0.000851105357793851,0.426065707984809,0
"DTXSID3020205",312.37,0.00131557681935772,0.0125965114088296,15274.1490184517,0.385541910395678,0.00121834473851461,0.455810771143163,0
"DTXSID7021360",92.14,667.842501412226,2.46865296310103,271.671270711801,1.11114708371001,0.000922828637290421,0.867064185950775,0
"DTXSID8020462",106.12,1.27021742247452,9666.3671356154,0.113321802673126,1.35844628393002,0.000918445083508434,0.443222955451705,0
"DTXSID8020913",128.18,3.79848442387853,0.117815502124592,2208.54291529727,1.89882216517414,0.00065861928501648,1.00499782718868,0
