"dtxsid","molwt","vapor","solub","kow","decay.air","decay.sur","diffus.air","conc.out"
"DTXSID2021781",278.35,0.00669559514179053,0.0210982118230393,14678.1643508903,0.706201736602962,0.00119863609202582,0.472966202972988,0
"DTXSID3020205",312.37,0.00336840984145087,0.00775032211704524,13648.2098910192,0.846746874060335,0.00121745712667354,0.620992881323512,0
"DTXSID7021360",92.14,4484.97654027014,4.31294199328185,489.85460524468,0.458782314566412,0.000800703421374452,1.17295026608359,0
"DTXSID8020462",106.12,1.66560475078821,13546.7782970726,0.113077872363992,0.902520698390279,0.00077023375366886,0.739008401802368,0
"DTXSID8020913",128.18,25.4623473119213,0.112394651393097,4249.46788843312,3.46406649002939,0.00156501817709499,0.722620247146875,0
