"dtxsid","molwt","vapor","solub","kow","decay.air","decay.sur","diffus.air","conc.out"
"DTXSID2021781",278.35,0.00335539791123572,0.02645799598575,44037.2195016588,0.381242976203649,0.000871901431433969,0.737628266627143,0
"DTXSID3020205",312.37,0.00036735549484689,0.00841614539690713,14515.0970688899,0.827454719904045,0.00233529981281598,0.287728023858224,0
"DTXSID7021360",92.14,10836.7163824092,3.82381537021043,327.714732233775,0.251841148975298,0.00111003947370147,1.06293791231929,0
"DTXSID8020462",106.12,1.0868268877999,6017.59632636903,0.0995188474233958,1.60220114929749,0.0016327858222616,0.674745567995722,0
"DTXSID8020913",128.18,2.83713894477893,0.129017620815909,1414.60014016595,1.39055197421598,0.00100665769224068,0.860847444644068,0
