"dtxsid","molwt","vapor","solub","kow","decay.air","decay.sur","diffus.air","conc.out"
"DTXSID2021781",278.35,0.000919964806813388,0.0331809331751121,27593.2409523501,0.428273874046049,0.00131035812397968,0.625941217433871,0
"DTXSID3020205",312.37,0.000787277719396964,0.0183981537638738,23830.5711375282,0.449683097995787,0.001121412747032,0.314865587859316,0
"DTXSID7021360",92.14,1251.83553286599,5.09255668941964,258.236972651761,0.19672008489291,0.000814513599052619,0.646410150810429,0
"DTXSID8020462",106.12,1.17197960542008,7898.27413039775,0.0738070233348165,1.27991866649261,0.000692808905950048,0.771919734134452,0
"DTXSID8020913",128.18,5.77060649705458,0.102570694409947,2884.2783058949,0.805042744507046,0.00160342573413962,0.777588087608617,0
