"dtxsid","molwt","vapor","solub","kow","decay.air","decay.sur","diffus.air","conc.out"
"DTXSID2021781",278.35,0.00417591555589115,0.0464620377934301,31367.0189182781,0.585662085036679,0.00223839844249366,0.559524850601265,0
"DTXSID3020205",312.37,0.00110463475261747,0.00770936951700474,20147.5197572561,0.835806386081454,0.000942025507918241,0.621604372195881,0
"DTXSID7021360",92.14,8101.82600773952,3.97972061903878,296.759711467741,0.560068481204934,0.00152428657035053,0.905065523462864,0
"DTXSID8020462",106.12,0.312578224116116,7567.44111796802,0.0582620383957188,2.40857364213814,0.00215042861641936,0.605181392239873,0
"DTXSID8020913",128.18,19.6969748168012,0.178588905078063,1690.28267653258,1.43909192090833,0.00088334437090056,0.807429228912142,0
