"dtxsid","molwt","vapor","solub","kow","decay.air","decay.sur","diffus.air","conc.out"
"DTXSID2021781",278.35,0.00155166213861971,0.0375028422031385,33162.473547505,0.580560224612945,0.000612865389369268,0.527520386327193,0
"DTXSID3020205",312.37,0.00103009844974718,0.00861187256415595,13588.6099090117,0.857265551997528,0.00137837502157891,0.447558036985352,0
"DTXSID7021360",92.14,2202.49605776114,3.59333389628073,614.812571262234,0.615221014869863,0.000872769071401436,0.599668163611325,0
"DTXSID8020462",106.12,3.04520246636585,5374.63515184784,0.0771200818414204,1.24080785806038,0.000380218433106721,1.23136963478089,0
"DTXSID8020913",128.18,8.55241550403736,0.196464039451984,1283.84426969454,1.13762461429851,0.00109833938466806,0.855980958009119,0
