"dtxsid","molwt","vapor","solub","kow","decay.air","decay.sur","diffus.air","conc.out"
"DTXSID2021781",278.35,0.00287774077526055,0.046257619352475,43641.1358127722,0.900581557908671,0.000945444585904486,0.564741650600032,0
"DTXSID3020205",312.37,0.000685572886711709,0.0106235976901207,21173.8592526547,0.849093651057789,0.000774725132742769,0.722003408305618,0
"DTXSID7021360",92.14,5101.39580671214,4.75931959304157,311.349201561609,0.37988348207085,0.000647722066005519,0.729365869482915,0
"DTXSID8020462",106.12,2.15998552068111,7326.7684351587,0.248635079411179,1.47099185325856,0.00206572013821604,0.85744815842109,0
"DTXSID8020913",128.18,2.79401105654972,0.116043083396599,3088.4292860513,0.764146638695556,0.00149859502868702,1.5160210920688,0
