"dtxsid","molwt","vapor","solub","kow","decay.air","decay.sur","diffus.air","conc.out"
"DTXSID2021781",278.35,0.00225991895485521,0.0462584503606641,23516.2346264482,0.321023190564138,0.00070440972620691,0.430690399610001,0
"DTXSID3020205",312.37,0.000788253540907034,0.0104806248457532,9158.47035396663,0.519061750536576,0.0013485570524696,0.460654335567858,0
"DTXSID7021360",92.14,1046.51488722797,3.11639153950116,343.149476207319,0.336098428352809,0.000904416568831716,0.796795218116215,0
"DTXSID8020462",106.12,0.670068107845106,7628.77467265369,0.0498663462206039,0.827175802867945,0.00103778134627866,1.39766677636554,0
"DTXSID8020913",128.18,5.47893934177992,0.120011487735537,4034.89681444898,1.78691029604718,0.000678062323431135,0.79427746085398,0
