"dtxsid","molwt","vapor","solub","kow","decay.air","decay.sur","diffus.air","conc.out"
"DTXSID2021781",278.35,0.0072840854684743,0.0451323641554645,38251.5189020646,0.729345746708899,0.0011646544470026,0.374666527197758,0
"DTXSID3020205",312.37,0.000910323652042745,0.0100033950964973,21024.8868773528,0.367287980957518,0.0013828565717112,0.665049202450491,0
"DTXSID7021360",92.14,2604.72629364068,7.18812622605318,243.036876515,0.35456817355031,0.00136468669211995,0.752117222970272,0
"DTXSID8020462",106.12,0.51124314658421,7880.57365792173,0.157966294344439,1.91335809850788,0.000973147847404231,0.807118342608321,0
"DTXSID8020913",128.18,10.2271004238021,0.120770954283507,3320.90400793124,1.26599790152426,0.000963692266212152,0.766892727064501,0
