"dtxsid","molwt","vapor","solub","kow","decay.air","decay.sur","diffus.air","conc.out"
"DTXSID2021781",278.35,0.00566480420613703,0.0581025722282997,45277.890523455,0.322022332556472,0.00199237537792877,0.510515277036838,0
"DTXSID3020205",312.37,0.00057607311594402,0.0124571300864103,14068.4148849799,1.1287612465281,0.000784469468148709,0.421745906320139,0
"DTXSID7021360",92.14,998.064809398314,8.23822733733484,689.673288554773,0.464893985245866,0.000982803549746151,0.821427053248386,0
"DTXSID8020462",106.12,1.22303491364587,6611.17059893439,0.0630216357596657,2.82440357607719,0.000471434422952001,0.477107011027638,0
"DTXSID8020913",128.18,9.96348538908092,0.104411311399254,2707.1901748907,2.15735668845754,0.000751019901622081,0.728172288014702,0
