"dtxsid","molwt","vapor","solub","kow","decay.air","decay.sur","diffus.air","conc.out"
"DTXSID2021781",278.35,0.00602094871790945,0.0327985207245093,35380.8913620467,0.591505448575499,0.00199155166469179,0.538908073587665,0
"DTXSID3020205",312.37,0.00193631880105996,0.0110629244690735,32769.417497038,0.501437938342243,0.000839603221564218,0.438648625002539,0
"DTXSID7021360",92.14,759.707911199359,3.42457337319477,305.636233098766,0.639830970295002,0.00115637855184194,1.35833893812521,0
"DTXSID8020462",106.12,0.392198830168662,8582.6727999173,0.0811006366419586,2.31592171718749,0.000425713295212995,0.936510384394602,0
"DTXSID8020913",128.18,5.19112497001081,0.261258794954053,3183.69709964742,1.22317443244957,0.000831378917414368,0.700458009651041,0
