"dtxsid","molwt","vapor","solub","kow","decay.air","decay.sur","diffus.air","conc.out"
"DTXSID2021781",278.35,0.00279533569833065,0.0618074652582255,32106.5342084199,1.07449100253364,0.000908779668612826,0.58657077718992,0
"DTXSID3020205",312.37,0.000421846747347442,0.00898428534230155,21515.701295092,0.616364059166448,0.00112187260313944,0.407091988181098,0
"DTXSID7021360",92.14,3522.3401610482,2.54046182464499,344.868870525106,0.532549389473413,0.000726772247449759,1.16957113909614,0
"DTXSID8020462",106.12,0.759228104423138,6411.152673383,0.0707933144672334,3.64601823664295,0.0010461645717478,0.705739230157012,0
"DTXSID8020913",128.18,7.49259179048885,0.156241104979661,2143.43982922456,1.38889164692749,0.000654896958148785,0.562291225011099,0
