"dtxsid","molwt","vapor","solub","kow","decay.air","decay.sur","diffus.air","conc.out"
"DTXSID2021781",278.35,0.00267997779337021,0.0298732097379934,25446.8916936215,0.273372302753679,0.000760865600344257,0.467449377024954,0
"DTXSID3020205",312.37,0.000767082719845839,0.0106653950062125,19928.0427082036,0.456112899531725,0.0015068033128266,0.328724391034547,0
"DTXSID7021360",92.14,2355.40862675372,6.81699783515803,877.235839579424,0.289918696617389,0.0017632776296766,0.982473024854648,0
"DTXSID8020462",106.12,0.95208237046192,9228.13805313497,0.0537172697291225,2.25597178075733,0.000801916263266759,0.901955394538679,0
"DTXSID8020913",128.18,9.64041099238413,0.109418728989569,1986.43477264364,1.44092066461209,0.000872313474722465,0.548653983767542,0
