"dtxsid","molwt","vapor","solub","kow","decay.air","decay.sur","diffus.air","conc.out"
"DTXSID2021781",278.35,0.00343964890127563,0.0508948320823395,35178.6962386218,0.389137744101222,0.00133626495814681,0.418330371066834,0
"DTXSID3020205",312.37,0.000223769655382048,0.0079061356164612,46289.0770156056,0.733351841748041,0.00106040142418312,0.497389984458036,0
"DTXSID7021360",92.14,4114.31038066995,2.49572292989339,506.824504748968,0.653427076998517,0.000915175488693575,1.58645815072806,0
"DTXSID8020462",106.12,0.458177809092357,9266.54585833001,0.0443878790016728,2.18790622443857,0.00111123490704129,1.07472054238155,0
"DTXSID8020913",128.18,3.76340634784364,0.0946466814757641,2216.90195597564,1.2471089000869,0.000958712965288486,0.930376822691339,0
