"dtxsid","molwt","vapor","solub","kow","decay.air","decay.sur","diffus.air","conc.out"
"DTXSID2021781",278.35,0.00184866450734751,0.0432875989489587,69166.5185468773,0.806822984472449,0.000539286008202075,0.392749975908812,0
"DTXSID3020205",312.37,0.000185111618813707,0.010969955186729,23254.8109692909,0.487603453340683,0.000671638943550054,0.480740018708912,0
"DTXSID7021360",92.14,1999.72755211798,6.50359924074204,235.581776872894,0.417623194699891,0.00119140022127241,0.957345559534397,0
"DTXSID8020462",106.12,0.344207953331423,9130.28538601267,0.105056849112321,2.63143365754827,0.00208335760930434,0.957393448102475,0
"DTXSID8020913",128.18,3.68055584023429,0.15846461727932,2104.5564957187,1.22874719734268,0.000968810264100242,0.611956416867896,0
