"dtxsid","molwt","vapor","solub","kow","decay.air","decay.sur","diffus.air","conc.out"
"DTXSID2021781",278.35,0.00272708149362292,0.0308459605784337,30243.4038631179,0.399504924154778,0.000811135555495773,0.520557091832544,0
"DTXSID3020205",312.37,0.000261243244572921,0.0114641932608142,28089.9000208688,0.523835071760333,0.00087534473981184,0.621956869168043,0
"DTXSID7021360",92.14,13867.390736403,4.1043423405935,122.286080495997,0.305949766134824,0.00110288955324097,0.654549724482955,0
"DTXSID8020462",106.12,1.10961727457185,9435.9092451065,0.0682175064534733,1.42448402112152,0.00123405848853162,0.766490845449789,0
"DTXSID8020913",128.18,6.76426016552864,0.118073701159515,2799.34986517043,1.153701582742,0.00177817165752203,0.99687662554813,0
