"dtxsid","molwt","vapor","solub","kow","decay.air","decay.sur","diffus.air","conc.out"
"DTXSID2021781",278.35,0.00186520397013648,0.0303093873383836,41615.8564263742,0.379806739161637,0.000658148757921001,0.593730114218608,0
"DTXSID3020205",312.37,0.000800504600846104,0.0115946640493428,23363.1799924417,0.357434128795908,0.00141340644017207,0.452511216911099,0
"DTXSID7021360",92.14,1031.95957373374,7.69264485416593,296.854724915069,0.775205125092321,0.000906520724783871,0.940320923892748,0
"DTXSID8020462",106.12,0.790203896256649,6530.04465230202,0.0472710700792476,2.05493370083023,0.00122224664835789,0.903256036461981,0
"DTXSID8020913",128.18,8.793389088146,0.170902657082719,5328.51054969338,0.834568221826619,0.000799777383913205,0.820749638124351,0
