"dtxsid","molwt","vapor","solub","kow","decay.air","decay.sur","diffus.air","conc.out"
"DTXSID2021781",278.35,0.00191437894129862,0.0302029902404345,75844.3785929393,0.552263479739279,0.000771298932061398,0.312280212362185,0
"DTXSID3020205",312.37,0.00021472706823651,0.00789828445424646,23510.3031096777,0.496710376225267,0.00104925720844185,0.436295176073605,0
"DTXSID7021360",92.14,3335.89491267722,5.99938666736971,298.495826342299,0.745473424924386,0.000986644884082399,0.501745879905654,0
"DTXSID8020462",106.12,0.663330036582266,9843.10616037349,0.126836000678312,2.20950672047967,0.000844977180088662,0.912406999294075,0
"DTXSID8020913",128.18,14.1992050755929,0.176368075121751,2391.92748990947,2.7747894076391,0.000788086014075697,0.442822175284455,0
