"dtxsid","molwt","vapor","solub","kow","decay.air","decay.sur","diffus.air","conc.out"
"DTXSID2021781",278.35,0.00761452764303971,0.0311109518727412,34354.5452631999,0.303743446161195,0.00243584870460834,0.45516926959674,0
"DTXSID3020205",312.37,0.00283664632041377,0.0094829384416,10357.8082022871,0.511659067068354,0.00126343730252723,0.756558345374992,0
"DTXSID7021360",92.14,6273.12080646552,3.24111942182324,228.239271979658,0.334130244589442,0.000738304676556517,0.983536423040304,0
"DTXSID8020462",106.12,2.54402338624893,11084.8864314338,0.0844538274616059,1.05819466394741,0.000797271853597573,0.521937078236799,0
"DTXSID8020913",128.18,6.00126722010661,0.105859641199922,938.372668081903,1.47433664109185,0.00140138785189419,0.571655428653321,0
