"dtxsid","molwt","vapor","solub","kow","decay.air","decay.sur","diffus.air","conc.out"
"DTXSID2021781",278.35,0.000590074686698493,0.0402355835117605,24858.0419342801,0.332487835423654,0.000872930266041408,0.673374268135319,0
"DTXSID3020205",312.37,0.000486280301639575,0.00990200519786266,20636.8290580212,0.891612313655392,0.000444714362127355,0.389178622702242,0
"DTXSID7021360",92.14,5100.31100813601,5.30475895736564,730.914740616772,0.326057633503074,0.0012375659196532,0.631963693841603,0
"DTXSID8020462",106.12,0.387710628522325,10091.5014015258,0.0541987552975431,1.23281185367538,0.00104179553383544,0.685908661526483,0
"DTXSID8020913",128.18,11.1445413715481,0.167932738888235,2116.68415575673,2.70878412721534,0.000729006634093419,0.715926950522563,0
