"dtxsid","molwt","vapor","solub","kow","decay.air","decay.sur","diffus.air","conc.out"
"DTXSID2021781",278.35,0.00337982677947186,0.0563514869495436,50892.5935554384,0.517937907223092,0.00102042619307685,0.605236255985753,0
"DTXSID3020205",312.37,0.00151654427874699,0.00903938367361573,20613.7870204673,0.783240800686832,0.00148000638702279,0.598241134835989,0
"DTXSID7021360",92.14,2034.32383538385,4.29918834339022,465.989437123956,0.556310244704938,0.000650747487849257,1.08761416403314,0
"DTXSID8020462",106.12,1.06626726273845,7285.98929176244,0.0616278997208808,1.95769838091761,0.00176702575568819,0.749783547683311,0
"DTXSID8020913",128.18,7.76362567579154,0.184101314097189,3818.26438286066,0.990503575346358,0.000742439637947917,1.32891811298138,0
