"dtxsid","molwt","vapor","solub","kow","decay.air","decay.sur","diffus.air","conc.out"
"DTXSID2021781",278.35,0.00485983088512937,0.0424091617614083,23870.6797921835,0.443407331141764,0.00188545669661113,0.529624319323455,0
"DTXSID3020205",312.37,0.00114801458272989,0.00763198251282154,24827.4382941964,0.56090912903017,0.00114320337751057,0.576291110626811,0
"DTXSID7021360",92.14,2570.61916272379,4.89025076204192,424.756097057508,0.319158031664138,0.0014148990713768,0.900321012090231,0
"DTXSID8020462",106.12,0.805888113305525,7939.64112116125,0.176707475673263,2.55359495514992,0.000869949559244365,1.12628324212157,0
"DTXSID8020913",128.18,7.46463391221716,0.241025920076541,2157.00092624171,1.66759130879867,0.00104182416698791,0.848451375077578,0
