"dtxsid","molwt","vapor","solub","kow","decay.air","decay.sur","diffus.air","conc.out"
"DTXSID2021781",278.35,0.00372164085254754,0.0556046895639897,51332.9391579432,0.382091211891915,0.00148194644944703,0.457931265064916,0
"DTXSID3020205",312.37,0.000340489649612118,0.00897174550854912,56199.0823065652,0.670387620260237,0.000675893635282843,0.448503996897315,0
"DTXSID7021360",92.14,1678.84944428394,4.56822865295892,337.698816435508,0.499564822343747,0.00157434798529544,0.877494262438687,0
"DTXSID8020462",106.12,1.51980936576175,6296.51186082131,0.0745123541411173,1.45764248044622,0.0013519654644443,0.437499000036518,0
"DTXSID8020913",128.18,2.13837869113741,0.157608143340566,2412.33315051031,0.851605569152011,0.000972877335246282,0.951470055023291,0
