"dtxsid","molwt","vapor","solub","kow","decay.air","decay.sur","diffus.air","conc.out"
"DTXSID2021781",278.35,0.0022434941523931,0.0357546513397904,36006.4423704692,0.511471123999982,0.000835838430222329,0.367740216755672,0
"DTXSID3020205",312.37,0.000700517598866047,0.00759278010458906,17844.8173470469,0.726356993465824,0.00071608201025308,0.64729334317695,0
"DTXSID7021360",92.14,1565.85224388346,2.50675773179615,680.223047974218,0.467293029814753,0.000879544891403298,0.985967289879628,0
"DTXSID8020462",106.12,0.733936084751051,8148.96742294271,0.0937833866361902,2.17353389481963,0.00081718640094986,0.741499646669697,0
"DTXSID8020913",128.18,14.0709679819221,0.119625336344439,2096.09926611754,2.06806352750086,0.000979847976192589,0.669773568265331,0
