"dtxsid","molwt","vapor","solub","kow","decay.air","decay.sur","diffus.air","conc.out"
"DTXSID2021781",278.35,0.00291284805945529,0.0340766843223354,33291.6757747872,0.60527819999185,0.000533624496551957,1.05459998369679,0
"DTXSID3020205",312.37,0.000981672416254869,0.0107882567069029,36035.1529411184,1.05431613041329,0.00159194388832086,0.648630256669059,0
"DTXSID7021360",92.14,2437.28611905082,4.54640410835627,398.749308307042,0.254389475327206,0.00257684087005599,1.47891690527586,0
"DTXSID8020462",106.12,1.14042557785299,12551.0352644609,0.120514896704635,2.24550314692282,0.000783201559492428,0.707354775520236,0
"DTXSID8020913",128.18,7.49539070793447,0.119791519424687,1688.27732270842,1.3017835574384,0.00089230128024538,1.20915463669791,0
