"dtxsid","molwt","vapor","solub","kow","decay.air","decay.sur","diffus.air","conc.out"
"DTXSID2021781",278.35,0.00243483316277562,0.0362821625371793,29679.0986496947,0.657868288182005,0.000663273457278564,0.611932916921857,0
"DTXSID3020205",312.37,0.0018945456767685,0.00927762982210761,34643.0936016212,0.475822387519851,0.00078465023207665,0.534828191217401,0
"DTXSID7021360",92.14,1499.29904586009,3.68710493815785,414.085545423132,0.491716640702003,0.00276639590153219,0.891620464772297,0
"DTXSID8020462",106.12,1.30020999294115,7095.29544257357,0.174759531619906,1.77604387422082,0.00148493740682204,0.929397979678686,0
"DTXSID8020913",128.18,3.14859288897861,0.124065430701425,2205.42008691768,1.73151152530771,0.00105694580612548,0.718834382736711,0
