"dtxsid","molwt","vapor","solub","kow","decay.air","decay.sur","diffus.air","conc.out"
"DTXSID2021781",278.35,0.00223610729377892,0.0491155662850929,21306.1282107567,0.64721714263314,0.00195383734882254,0.884247458961363,0
"DTXSID3020205",312.37,0.000359343629020279,0.0115354279889662,22076.5727604602,0.289400424750559,0.00132558283723206,0.597632491083684,0
"DTXSID7021360",92.14,6003.45836943809,3.60879050680086,581.598066218515,0.368417297608703,0.000752060661589436,0.662607162451532,0
"DTXSID8020462",106.12,1.32109528771898,11099.807627763,0.0589453102516097,2.37824600026081,0.00102578279844584,0.763408379008815,0
"DTXSID8020913",128.18,4.07936553986984,0.176978160469075,2689.8432029614,1.56279055845276,0.000387191299967658,0.676470516564631,0
