"dtxsid","molwt","vapor","solub","kow","decay.air","decay.sur","diffus.air","conc.out"
"DTXSID2021781",278.35,0.00117818722782153,0.0299496892174157,28359.802761228,0.465471724766339,0.000810124117106928,0.306192681366535,0
"DTXSID3020205",312.37,0.000320258596486139,0.00732212067835942,26356.7699891636,0.770266176970977,0.000779281180862982,0.471771385554054,0
"DTXSID7021360",92.14,3130.80095083243,4.8579098198717,339.275978879564,0.61714640712102,0.000972930247711941,0.521172304174466,0
"DTXSID8020462",106.12,0.996397076592117,9625.75298377051,0.0956940048919924,1.76019859752064,0.00168063168424012,1.15511829312179,0
"DTXSID8020913",128.18,4.29308321165855,0.162341913767614,891.037713928728,0.946472214455474,0.00059957657172735,0.474736769753429,0
