"dtxsid","molwt","vapor","solub","kow","decay.air","decay.sur","diffus.air","conc.out"
"DTXSID2021781",278.35,0.00547430635998116,0.0300644603276822,25788.9053740516,0.464627771936776,0.000805524484056523,0.740255014204193,0
"DTXSID3020205",312.37,0.000374070638572435,0.0132549480399772,14360.0997228284,1.25973620473662,0.00112402814164406,0.324707652663966,0
"DTXSID7021360",92.14,2159.19013973519,5.91224246007633,532.303635282957,0.416419027011433,0.00103147147082966,0.739609200770945,0
"DTXSID8020462",106.12,1.37893221569507,6149.19970240764,0.0919739551215363,3.07192629773787,0.000583122882751021,0.643839301723374,0
"DTXSID8020913",128.18,7.6316613001426,0.181748658290356,2374.29081451599,1.88526740024442,0.000381385115599549,0.85346541532,0
