"dtxsid","molwt","vapor","solub","kow","decay.air","decay.sur","diffus.air","conc.out"
"DTXSID2021781",278.35,0.00144833714680234,0.0319410676979417,26339.3538785685,0.807598830489207,0.00220274706946664,0.316024769899262,0
"DTXSID3020205",312.37,0.000349778336854042,0.0140094012442542,34072.3266254152,2.17776541475607,0.00129800017288607,0.273489519180254,0
"DTXSID7021360",92.14,2937.12119433079,4.43536504233471,280.193969964444,0.28533826814473,0.00121447215978733,0.809738767989935,0
"DTXSID8020462",106.12,0.907274616138503,9769.58469013629,0.105538654361692,1.2733518677318,0.000828114398095767,0.820984779786352,0
"DTXSID8020913",128.18,8.23415976354064,0.132658483036678,1932.91474033613,1.0622229223096,0.00077524297475525,0.953710957004045,0
