"dtxsid","molwt","vapor","solub","kow","decay.air","decay.sur","diffus.air","conc.out"
"DTXSID2021781",278.35,0.00198690465996818,0.0464388939354166,26638.0336689638,0.982270560958063,0.00126153734027673,0.276193566402292,0
"DTXSID3020205",312.37,0.000297816664006167,0.0100858694612455,20108.4092155918,0.545652165302893,0.00107280186398571,0.619036142743302,0
"DTXSID7021360",92.14,2664.95585459895,4.71227694526567,381.412153859291,0.434635429044119,0.00137927250001117,0.902165648627619,0
"DTXSID8020462",106.12,0.598062744380262,5711.49239616551,0.0875200073197253,2.54929609770712,0.00136043331810868,0.641721366006441,0
"DTXSID8020913",128.18,6.34337739775038,0.193503033639099,3009.10396944378,1.06202230541307,0.0027341467435347,0.578766455395441,0
