"dtxsid","molwt","vapor","solub","kow","decay.air","decay.sur","diffus.air","conc.out"
"DTXSID2021781",278.35,0.00293150180919274,0.0306123591816084,24871.5316787694,0.849371983579384,0.00121196402745163,0.707294654335131,0
"DTXSID3020205",312.37,0.000347938627535795,0.00732443770758386,30105.6203609673,0.602603027155444,0.000742647602927385,0.641994325592703,0
"DTXSID7021360",92.14,7972.14663854852,5.16405528507186,200.014205606069,0.604302905914467,0.00125295521384027,0.863756885367576,0
"DTXSID8020462",106.12,1.10438464808675,6656.66843573527,0.0893710758499936,0.941786185134714,0.00147881670048031,1.1197970985486,0
"DTXSID8020913",128.18,2.31684671100701,0.108611900533899,1552.63642113177,0.901780494857211,0.000819854840774919,0.593022372908333,0
