"dtxsid","molwt","vapor","solub","kow","decay.air","decay.sur","diffus.air","conc.out"
"DTXSID2021781",278.35,0.00204879877918425,0.0306302565648124,53275.9343111571,0.691472855371094,0.00165664593996571,0.388938859115911,0
"DTXSID3020205",312.37,0.000861618201868817,0.0121511419779271,7967.4028096461,0.482892067641164,0.000754689024713727,0.54374835558324,0
"DTXSID7021360",92.14,5115.8969327829,4.30684503562313,397.107697505797,0.474989982147191,0.000741494228768207,1.00247064563615,0
"DTXSID8020462",106.12,0.464380132795817,7141.77262923057,0.0869322634512732,2.06469411912206,0.00105645671078212,0.659719540970874,0
"DTXSID8020913",128.18,9.70854996747494,0.201369150643018,2829.0955940806,0.74747454446635,0.00104203243087714,0.673414337246703,0
