"dtxsid","molwt","vapor","solub","kow","decay.air","decay.sur","diffus.air","conc.out"
"DTXSID2021781",278.35,0.00369429656384229,0.0242416822302973,52969.8998767105,0.53313993822482,0.000828384654581127,0.685900866658249,0
"DTXSID3020205",312.37,0.000279628319578548,0.0125851642156559,14624.599888966,0.538670741769042,0.000461031659100842,0.796193028507134,0
"DTXSID7021360",92.14,1284.88483012505,6.0310795530793,325.136607235329,0.227947667428422,0.00065786090719726,0.650037843815691,0
"DTXSID8020462",106.12,1.05623522788526,7596.31977687399,0.088514346103833,2.42157902047136,0.000461144862645459,0.58165032905304,0
"DTXSID8020913",128.18,6.28434649548818,0.115580673664488,3922.28585298686,1.79757681756797,0.000657905390333959,0.730022155088382,0
