"dtxsid","molwt","vapor","solub","kow","decay.air","decay.sur","diffus.air","conc.out"
"DTXSID2021781",278.35,0.001181652035116,0.0400098810308125,21098.2436046776,0.902766637875176,0.00121783122829753,0.562539891108248,0
"DTXSID3020205",312.37,0.0004764342071943,0.0108736197696631,15825.493894918,0.764285625540911,0.000816756934945463,0.302597446258766,0
"DTXSID7021360",92.14,5391.08776936111,4.25297013322344,615.625966269776,0.306321606404653,0.000542244715851457,0.81107362193255,0
"DTXSID8020462",106.12,0.325175422120576,11509.2777150203,0.156279539781423,1.86076115312854,0.000787065866907905,0.694245058305619,0
"DTXSID8020913",128.18,48.872362201055,0.264132521197735,1242.41599809203,1.87805108512799,0.000477570218422569,0.641096716255308,0
