"dtxsid","molwt","vapor","solub","kow","decay.air","decay.sur","diffus.air","conc.out"
"DTXSID2021781",278.35,0.00307086424896783,0.0321469538035331,67332.7278763549,1.08171295932548,0.00252356043845719,0.635032400625213,0
"DTXSID3020205",312.37,0.000612159984376049,0.0126756051713882,16649.9781442796,0.955098662372171,0.000899585620332956,0.395475867926369,0
"DTXSID7021360",92.14,4882.78609547133,4.74193887007179,438.854476368527,0.425936647565485,0.000394129475440906,0.886243908146849,0
"DTXSID8020462",106.12,1.41723496553727,4225.63762559535,0.136163249856581,1.62353762178761,0.00102674770439717,1.08612828432757,0
"DTXSID8020913",128.18,25.5682426304528,0.148186941379796,1764.29419208389,1.0891928842586,0.00064497077718092,0.687648684402915,0
