"dtxsid","molwt","vapor","solub","kow","decay.air","decay.sur","diffus.air","conc.out"
"DTXSID2021781",278.35,0.00450055174322177,0.0287745450884799,19856.7948221461,1.07382564889569,0.00106859555923147,0.691552664157385,0
"DTXSID3020205",312.37,0.000776151041172709,0.00936042311223817,24858.3548163138,0.782600504869021,0.00161411968820994,0.341534796462428,0
"DTXSID7021360",92.14,7027.45535221945,3.96095622901529,393.048437988479,0.293068596012784,0.000978314442490389,0.920471769961046,0
"DTXSID8020462",106.12,1.62462923634968,9934.89352261446,0.0336813621768495,1.1534346941938,0.00077691202588409,0.734989165765198,0
"DTXSID8020913",128.18,5.09920730636411,0.10145937004247,2543.26169188751,1.0396241877121,0.00156122222934151,0.695459706261461,0
