"dtxsid","molwt","vapor","solub","kow","decay.air","decay.sur","diffus.air","conc.out"
"DTXSID2021781",278.35,0.00283957956690182,0.0288968664130322,22209.3138877409,0.737264524921379,0.000996988587222202,0.664953479293798,0
"DTXSID3020205",312.37,0.000314709964879362,0.00675200989493489,37424.5388990734,0.750352010294072,0.00115586518134994,0.410670223630411,0
"DTXSID7021360",92.14,6938.38651617671,4.26811083052899,233.917766179239,0.347512429354678,0.00130074273690846,1.09280393893323,0
"DTXSID8020462",106.12,0.99344840568276,9284.83402975988,0.118080633413875,2.26555807310529,0.000755322916427679,1.07905955246184,0
"DTXSID8020913",128.18,11.9734417753379,0.153908524283238,2508.21311199683,2.16136594861901,0.000852142526578004,0.998569612676058,0
