"dtxsid","molwt","vapor","solub","kow","decay.air","decay.sur","diffus.air","conc.out"
"DTXSID2021781",278.35,0.00121959076802879,0.0317652586522471,12304.7652952634,1.16099591562998,0.000680045600247804,0.441811888462255,0
"DTXSID3020205",312.37,0.000549618308386954,0.0111635848705226,19616.8728437022,0.458400300525531,0.000707124927033264,0.606566736594389,0
"DTXSID7021360",92.14,1016.37175447842,3.00733132677795,432.786209640197,0.320725932002609,0.000957449937514152,1.01798092776969,0
"DTXSID8020462",106.12,0.686721432073705,5947.68194121356,0.277498039986017,1.23214859943443,0.000845961953744859,0.748337513121226,0
"DTXSID8020913",128.18,9.92540070985723,0.148566107790026,2232.67010195553,0.956340994925426,0.00110923389509427,0.63552679411751,0
