"dtxsid","molwt","vapor","solub","kow","decay.air","decay.sur","diffus.air","conc.out"
"DTXSID2021781",278.35,0.00413892384137425,0.0349991173805357,29276.5039062225,0.665299152820638,0.00157287681499324,0.49194459378803,0
"DTXSID3020205",312.37,0.000967204654021846,0.0096201337933812,9614.84187042603,0.551886254908886,0.00194180451735075,0.67973446721045,0
"DTXSID7021360",92.14,1570.21627866952,5.67034110338951,407.554124942209,0.681706435357278,0.000841548530912331,0.769594605956089,0
"DTXSID8020462",106.12,0.534252656399864,9456.0650419815,0.0476189267998993,1.78806163303863,0.00106483554361636,0.914025782506413,0
"DTXSID8020913",128.18,8.24159133681965,0.182265745622484,2914.64706855938,1.0268446575508,0.00193073181779149,0.663455700693987,0
