"dtxsid","molwt","vapor","solub","kow","decay.air","decay.sur","diffus.air","conc.out"
"DTXSID2021781",278.35,0.00211729228229298,0.0219602342530804,37752.4403717651,0.786958503501805,0.000509332126619682,0.475085223157223,0
"DTXSID3020205",312.37,0.000231304903309882,0.00751645236073043,29157.453063458,0.601005252002086,0.000638710633022658,0.530006720921675,0
"DTXSID7021360",92.14,3656.55267109696,4.45739050088644,343.256810589005,0.676240762846825,0.00187833678746341,0.752018256160616,0
"DTXSID8020462",106.12,0.688492599408908,13895.3163696934,0.0784631139541875,3.01258655648425,0.000602602030485344,0.78029441685056,0
"DTXSID8020913",128.18,5.45801818157678,0.108178296102805,2637.93359871102,1.43214730400973,0.00172811919710925,0.655927042315453,0
