"dtxsid","molwt","vapor","solub","kow","decay.air","decay.sur","diffus.air","conc.out"
"DTXSID2021781",278.35,0.00101191481295371,0.0443228551027115,34019.197399255,0.510990708339261,0.000853078284339276,0.539054910798122,0
"DTXSID3020205",312.37,0.00203195789848724,0.00665397607226734,11070.7041250711,0.698459125290767,0.00110668179787845,0.47425796554242,0
"DTXSID7021360",92.14,2754.40789773388,4.50121988258343,187.000547160336,0.430150701565694,0.000934261786721472,1.00726725262899,0
"DTXSID8020462",106.12,0.615978735222222,6749.50012456509,0.0829574615288564,1.36317933759566,0.00127716610935414,0.836984460047265,0
"DTXSID8020913",128.18,5.45371110428808,0.148883372303664,1041.08082109835,1.2117152350579,0.00106484128241066,1.35187297824449,0
