"dtxsid","molwt","vapor","solub","kow","decay.air","decay.sur","diffus.air","conc.out"
"DTXSID2021781",278.35,0.0030898723294768,0.0253299120261778,36994.5673509404,0.645868638205376,0.00119025722226662,0.375367629144518,0
"DTXSID3020205",312.37,0.000349102838594308,0.00910210312031346,7554.38258351757,1.04201262323644,0.000808317198494719,0.5002441629279,0
"DTXSID7021360",92.14,2999.08768200536,5.96994089761954,619.007980093775,0.214082020095051,0.000975573649146886,0.757129663773913,0
"DTXSID8020462",106.12,0.487475408759874,9119.47267520549,0.0574724215342608,2.71247731382114,0.000625131883304483,0.904970874847715,0
"DTXSID8020913",128.18,1.6797901100133,0.0926040115369313,2483.30370042503,0.741932835504328,0.000807640074562922,0.775794613120753,0
