"dtxsid","molwt","vapor","solub","kow","decay.air","decay.sur","diffus.air","conc.out"
"DTXSID2021781",278.35,0.00250616748138414,0.0241866018946639,44176.3870493841,0.70650715332307,0.00163610190387805,0.421857719272948,0
"DTXSID3020205",312.37,0.00183938863303598,0.0104380014982818,14627.2497382962,0.751987423643335,0.000848512773918908,0.573978432073324,0
"DTXSID7021360",92.14,1203.1205852562,3.66689081955158,142.438870883363,0.363057571268318,0.000860283902651197,1.07961112699783,0
"DTXSID8020462",106.12,1.08316381226631,6270.893563517,0.0746272124432081,2.42648897230937,0.00130965939833842,0.728046606400624,0
"DTXSID8020913",128.18,4.3016853723898,0.17153555591186,3479.58090825567,1.4497932042131,0.00133099402001193,0.719266401963014,0
