"dtxsid","molwt","vapor","solub","kow","decay.air","decay.sur","diffus.air","conc.out"
"DTXSID2021781",278.35,0.00199499533238322,0.0284333657395205,27497.4327647366,0.517638092887603,0.00112275298274923,0.376678065555391,0
"DTXSID3020205",312.37,0.00206362641416651,0.0110550867513293,23319.2870735371,0.899543793983948,0.00157719676504375,0.813763562752944,0
"DTXSID7021360",92.14,1251.51930217248,5.15021594435135,627.740802658436,0.210689061579662,0.0010520639928679,0.859680509032127,0
"DTXSID8020462",106.12,1.48406377015963,6283.12902278486,0.0501255900652778,1.68989943999492,0.000682886124856467,0.481459975641966,0
"DTXSID8020913",128.18,19.198708164811,0.166990443927788,2087.15067701839,0.804916400572271,0.00153255436910396,1.15246256637226,0
