"dtxsid","molwt","vapor","solub","kow","decay.air","decay.sur","diffus.air","conc.out"
"DTXSID2021781",278.35,0.0103803461822728,0.0290258453020817,12601.4763048926,1.35774504486259,0.000716387007474671,0.495825291931781,0
"DTXSID3020205",312.37,0.00128578245999237,0.00799178159285701,38418.9939482206,0.940256828146643,0.000972472889514248,0.618534409930267,0
"DTXSID7021360",92.14,6892.99606941841,3.66724812428726,461.068171774789,0.394106529404115,0.00152344542828849,0.881636253001384,0
"DTXSID8020462",106.12,1.38354275143366,3991.42150625733,0.0838731485646385,0.845739748128147,0.00203332878221299,0.566154656057356,0
"DTXSID8020913",128.18,8.13670186767384,0.0985835162538722,2257.17427850073,1.60379453861902,0.000843951259413806,0.872573272376081,0
