"dtxsid","molwt","vapor","solub","kow","decay.air","decay.sur","diffus.air","conc.out"
"DTXSID2021781",278.35,0.00394505499528678,0.0354121317242586,35643.6597035244,0.673323053855716,0.000946281344129801,0.709375539490097,0
"DTXSID3020205",312.37,0.000320254129774581,0.0109983986180244,59726.7079793727,1.35689808997189,0.000945400205360282,0.860158141130624,0
"DTXSID7021360",92.14,8010.35600830051,3.78292345693721,387.778008013264,0.302955726191468,0.00112172914352458,1.07438026755603,0
"DTXSID8020462",106.12,0.765525130489423,8370.5813607686,0.117100019837674,2.2978854126126,0.0014821333291831,0.924570508375824,0
"DTXSID8020913",128.18,5.06208257393405,0.182450936792501,1667.01063726443,1.01486303599327,0.000273133886900287,0.900473620631127,0
