"dtxsid","molwt","vapor","solub","kow","decay.air","decay.sur","diffus.air","conc.out"
"DTXSID2021781",278.35,0.00279250765941794,0.0364506477323414,26115.992185684,0.673393081373447,0.0010766117962892,0.357995577835823,0
"DTXSID3020205",312.37,0.000289329768568629,0.00787180723204352,29660.8907298201,0.792986919734713,0.000816635140607363,0.634362403159288,0
"DTXSID7021360",92.14,1980.61551428077,3.22218918939669,166.80586537591,0.422021426628801,0.000946506623852586,1.01103293413684,0
"DTXSID8020462",106.12,0.170931592007423,8171.44215627139,0.0827636938345682,1.47918685888956,0.000772401309313606,0.741783944191009,0
"DTXSID8020913",128.18,14.1854760479991,0.121209617754998,1096.21534574885,1.15235812376085,0.000901893107452915,0.705223700051452,0
