"dtxsid","molwt","vapor","solub","kow","decay.air","decay.sur","diffus.air","conc.out"
"DTXSID2021781",278.35,0.00980962693217975,0.0729315733097979,48515.8538825452,0.82111885237552,0.00130167875468911,0.416071005114921,0
"DTXSID3020205",312.37,0.00037307520624123,0.0189891584854462,16370.7970412508,0.580519701771661,0.00143961743249614,0.427468090994825,0
"DTXSID7021360",92.14,2300.85800676721,4.10092498696351,321.743714576689,0.562998063306183,0.00122974864675356,0.822229711823754,0
"DTXSID8020462",106.12,1.02963114552445,10615.3998426,0.101478837914566,3.06108688028826,0.000593617508008936,0.636637231158504,0
"DTXSID8020913",128.18,5.1079051432144,0.186550040437051,1551.83421502785,1.77267564447778,0.00227337073447048,0.873574341661171,0
