"dtxsid","molwt","vapor","solub","kow","decay.air","decay.sur","diffus.air","conc.out"
"DTXSID2021781",278.35,0.0056939090201985,0.0408014576171491,37596.8335014874,0.506895906599601,0.00173575952375476,0.653066152183434,0
"DTXSID3020205",312.37,0.000788343952351017,0.0078965729361587,25035.4479276004,0.885837426558427,0.00153863773072057,0.472631721496012,0
"DTXSID7021360",92.14,4069.66694806616,3.64835633935166,717.872038564198,0.205940842411178,0.00200445265520297,0.818994657381152,0
"DTXSID8020462",106.12,0.827132107935574,12785.6020866589,0.15599724860634,2.15845938358974,0.000749718608129444,0.920125166156067,0
"DTXSID8020913",128.18,11.6415325906893,0.146655360632459,5461.0967372915,1.13291122345586,0.000845512129634142,0.545374543085503,0
