"dtxsid","molwt","vapor","solub","kow","decay.air","decay.sur","diffus.air","conc.out"
"DTXSID2021781",278.35,0.00565784152592608,0.0217235181206256,57461.0710824982,0.428664486192068,0.00161618262759533,0.908196641070277,0
"DTXSID3020205",312.37,0.000378446419412265,0.00960021739171026,21303.2580129633,1.46159560659961,0.000663912605643935,0.356578410573646,0
"DTXSID7021360",92.14,7294.26055373982,3.60883986986751,254.917929856567,0.488930683158271,0.00112294221050054,0.603217373378179,0
"DTXSID8020462",106.12,0.610795731823438,8827.64437091915,0.10426850972539,1.80336792905334,0.000434471820877887,0.537177520463009,0
"DTXSID8020913",128.18,26.9465569171736,0.107251794617604,2003.96367821456,1.15312812116075,0.000976132760944669,0.598573461133184,0
