"dtxsid","molwt","vapor","solub","kow","decay.air","decay.sur","diffus.air","conc.out"
"DTXSID2021781",278.35,0.00312723526990287,0.0295627877412693,19403.7362764542,0.23899578227357,0.00103200293993044,0.294419764037272,0
"DTXSID3020205",312.37,0.00481922016227767,0.00973566526804025,27088.6102008404,0.441267367030651,0.00166863017151639,0.517486844537754,0
"DTXSID7021360",92.14,2454.26504022305,3.56705411929852,579.45404723397,0.282730965558697,0.000644713297045434,0.763179941408213,0
"DTXSID8020462",106.12,1.97649461197955,11230.6175754132,0.0765106189547822,2.4333319153197,0.00134757867475771,0.835543732007326,0
"DTXSID8020913",128.18,10.5220685471929,0.117900981570243,1367.73063385067,0.787041959742331,0.000399843753316961,0.829071308559117,0
