"dtxsid","molwt","vapor","solub","kow","decay.air","decay.sur","diffus.air","conc.out"
"DTXSID2021781",278.35,0.00581003576877401,0.0270708894225923,21758.1879135866,0.544736145888798,0.00103963061847797,0.541411067686119,0
"DTXSID3020205",312.37,0.000170850321869968,0.00869514385536249,17403.8505107064,0.625684176409852,0.00100502846061521,0.38056070367485,0
"DTXSID7021360",92.14,3536.30935196637,3.53783873592785,517.581297506708,0.324339399307875,0.00141353486720195,0.540093251728903,0
"DTXSID8020462",106.12,1.52121125312434,8596.91268901282,0.13143446421921,1.89894719316804,0.000793002921623121,0.603626951794259,0
"DTXSID8020913",128.18,8.57654081568477,0.187051476063086,1241.84265945936,2.77153306756914,0.00108760216034677,0.774084004687585,0
