"dtxsid","molwt","vapor","solub","kow","decay.air","decay.sur","diffus.air","conc.out"
"DTXSID2021781",278.35,0.0156323128300338,0.0287057154959238,53444.4884957155,0.859814692183861,0.00155019775646036,0.639848571597618,0
"DTXSID3020205",312.37,0.000626030487418197,0.00630397674226753,9223.21958682727,0.664854755244098,0.00118302193853742,0.589101067172928,0
"DTXSID7021360",92.14,2271.82040495202,3.65587777431069,247.840743962011,0.190403399779532,0.00130897900533318,0.82125310271701,0
"DTXSID8020462",106.12,1.81087258915875,4865.33054725041,0.0598126178375084,2.16770308997762,0.00137602140248155,0.616025309120274,0
"DTXSID8020913",128.18,9.96890029441896,0.202564895475579,2005.89948706428,1.33876174241208,0.00157992042284153,0.566432321465492,0
