"dtxsid","molwt","vapor","solub","kow","decay.air","decay.sur","diffus.air","conc.out"
"DTXSID2021781",278.35,0.00512240076023753,0.0359284928556872,32465.6558262927,1.07994354956683,0.000640233928566458,0.501719600022441,0
"DTXSID3020205",312.37,0.000733502188013125,0.0064153891514751,27403.8801084403,0.970415422053901,0.00097689041136627,0.746950344338874,0
"DTXSID7021360",92.14,2446.28501043413,4.85673610770399,175.956403504285,0.437142183718332,0.00127047320856863,0.872548809101965,0
"DTXSID8020462",106.12,0.496535914648422,6339.97820275146,0.0627351306907784,1.87520766251302,0.00212393542504329,0.618618949262422,0
"DTXSID8020913",128.18,2.19406110811028,0.173516941398209,2366.93837575274,1.01600580660608,0.000725066103521409,0.840175187561918,0
