"dtxsid","molwt","vapor","solub","kow","decay.air","decay.sur","diffus.air","conc.out"
"DTXSID2021781",278.35,0.00173892412097147,0.0377128589436254,14242.2252624458,0.74455379170581,0.00126830036488915,0.372822622429843,0
"DTXSID3020205",312.37,0.000875004394309742,0.00931623227774375,37227.6898001459,0.663512168777738,0.00164237074246036,0.441038247895781,0
"DTXSID7021360",92.14,1513.56581077972,5.13967295001629,267.119954484461,0.25247403040563,0.00258553957585267,1.26547856790225,0
"DTXSID8020462",106.12,1.08890043619826,11306.4902649986,0.0412017893305241,1.31441385509124,0.000893307105300774,1.11248045771596,0
"DTXSID8020913",128.18,6.74414038811322,0.184389185123086,4672.71543170598,0.870246918320443,0.000991263622331503,0.91018057776546,0
