"dtxsid","molwt","vapor","solub","kow","decay.air","decay.sur","diffus.air","conc.out"
"DTXSID2021781",278.35,0.000759344210743953,0.0387984177130798,23141.1302618028,0.688352076243827,0.000669316416617255,0.554139815390166,0
"DTXSID3020205",312.37,0.000902896542664704,0.00998334634367757,49432.3528735582,0.720955065499921,0.000849732785760237,0.809391873205822,0
"DTXSID7021360",92.14,3493.53018453766,5.47740217303699,537.049673204564,0.341411504600792,0.00122363842490409,0.702775556120943,0
"DTXSID8020462",106.12,0.537124321016416,9491.18939983306,0.0815260187203008,1.45547962577662,0.000444540767565199,0.798194583937797,0
"DTXSID8020913",128.18,3.68533172861537,0.167163608061823,1834.20489355758,1.07782908074532,0.00087360334876918,1.08968761426586,0
