"dtxsid","molwt","vapor","solub","kow","decay.air","decay.sur","diffus.air","conc.out"
"DTXSID2021781",278.35,0.00669793239635578,0.044130061361327,80619.7953541623,0.38793077111015,0.00182837984906654,0.612738915717819,0
"DTXSID3020205",312.37,0.000618775973467935,0.0109025871207645,9448.36571179177,1.19302800123295,0.000820539907920559,0.854310746012173,0
"DTXSID7021360",92.14,2341.66181092822,3.72409367196241,385.955941660483,0.452397404857574,0.00158960520633698,0.769760240346811,0
"DTXSID8020462",106.12,0.223036370863164,8175.02539291873,0.0786079629475686,2.60877243235425,0.00139703779390021,0.570499348979874,0
"DTXSID8020913",128.18,4.57786134123784,0.139157176233067,2365.19145288137,0.747994139429707,0.000860839227286019,0.442272741938382,0
