"dtxsid","molwt","vapor","solub","kow","decay.air","decay.sur","diffus.air","conc.out"
"DTXSID2021781",278.35,0.0122483344610542,0.0668410596792259,27917.4049467603,0.549754048884063,0.00110201429760049,0.340167849476177,0
"DTXSID3020205",312.37,0.000937346018114155,0.00787750244488026,31015.23996782,0.574733062651625,0.000499609375265652,0.459667840731126,0
"DTXSID7021360",92.14,10540.2201821567,4.01371303117507,489.278456303649,0.263432013674403,0.00191876880388711,0.847177170081595,0
"DTXSID8020462",106.12,1.19301320115292,11161.7682944431,0.0517570178759595,1.72193255247209,0.000690660821462524,0.376083133731739,0
"DTXSID8020913",128.18,5.05528114870948,0.108387230786426,2620.12295545119,0.710334118500088,0.00057056201356014,1.15793893567371,0
