"dtxsid","molwt","vapor","solub","kow","decay.air","decay.sur","diffus.air","conc.out"
"DTXSID2021781",278.35,0.00385384543551557,0.0387031995680849,59631.2148626077,0.553755392427324,0.000898189172473436,0.630465129510314,0
"DTXSID3020205",312.37,0.00120546355737692,0.00905653441142168,29429.8083812449,0.447740750125657,0.00104233563365439,0.636452268110966,0
"DTXSID7021360",92.14,6740.35929854995,4.0274145288721,705.608962336715,0.564936909362458,0.000978050753106281,0.934287088825329,0
"DTXSID8020462",106.12,0.350800489851872,7386.13550444771,0.111493950271699,2.50150207718357,0.00113429460036985,0.919761802429552,0
"DTXSID8020913",128.18,5.89359350540039,0.116580073922397,2777.80223259721,1.30678671758588,0.00106252371727789,0.766467018131763,0
