"dtxsid","molwt","vapor","solub","kow","decay.air","decay.sur","diffus.air","conc.out"
"DTXSID2021781",278.35,0.000713027012047561,0.0486401242895249,24033.1461589082,0.326837626554088,0.00106414446020779,0.545795520911459,0
"DTXSID3020205",312.37,0.000569592668180263,0.00866785203871893,29393.1114421802,0.54213601088385,0.000613420786543236,0.35102892023044,0
"DTXSID7021360",92.14,2034.64483206403,5.7869623472253,769.898028642192,0.357824871889523,0.00046698089501413,0.658813970997815,0
"DTXSID8020462",106.12,1.23844256166183,10847.8156487089,0.0817143068381155,1.27186513574354,0.000991976607727466,1.00436964227241,0
"DTXSID8020913",128.18,3.287765457539,0.131516610291084,1327.82516006247,1.04308905784792,0.000910173620466745,0.932193606395497,0
