"dtxsid","molwt","vapor","solub","kow","decay.air","decay.sur","diffus.air","conc.out"
"DTXSID2021781",278.35,0.00221499575873042,0.0300455903213449,19042.6769988808,0.496601810662362,0.000694395448323031,0.458321523402442,0
"DTXSID3020205",312.37,0.000493910721042005,0.00786157663481283,12385.4073101491,1.85920685308531,0.00195562832565606,0.578668386630388,0
"DTXSID7021360",92.14,9364.66487963627,3.65255236630098,447.754175351554,0.458119079781304,0.000685830172185521,0.967821741465115,0
"DTXSID8020462",106.12,0.250512685859705,9030.7955856376,0.0881665889496791,2.69671913227676,0.00154734733861167,0.624348447464873,0
"DTXSID8020913",128.18,2.65071017189013,0.161233067021264,2565.49516585513,1.23208022537995,0.000572359029190967,0.538810592643516,0
