"dtxsid","molwt","vapor","solub","kow","decay.air","decay.sur","diffus.air","conc.out"
"DTXSID2021781",278.35,0.00249861761203606,0.0544123511359205,33337.1750310428,0.52663459871658,0.00100836612278351,0.593451632204989,0
"DTXSID3020205",312.37,0.000270700029217819,0.0179916606545551,15367.8547391889,0.620870078528681,0.00134165303572556,0.469570537645776,0
"DTXSID7021360",92.14,1066.21630240576,7.91082090324284,512.521410229861,0.330712667718616,0.000704491853122999,0.786944882069442,0
"DTXSID8020462",106.12,1.54828809052854,10016.9509618778,0.072858572953226,1.14281109386197,0.000882996828673647,0.623906467426218,0
"DTXSID8020913",128.18,7.97220658972299,0.186840858702579,1372.96735219811,0.556446745437348,0.0014223975775692,0.549508167549686,0
