"dtxsid","molwt","vapor","solub","kow","decay.air","decay.sur","diffus.air","conc.out"
"DTXSID2021781",278.35,0.00870618860745256,0.0492683484386449,25399.1523366028,0.417694646093993,0.0012472310978547,0.676354242636298,0
"DTXSID3020205",312.37,0.000665532228618721,0.00645517787993346,20555.2241675724,0.627652968163542,0.00185022304598201,0.464666239218721,0
"DTXSID7021360",92.14,1717.21323246427,4.9048890380173,191.955098843277,0.410173067101265,0.000688284067747112,0.722463182293957,0
"DTXSID8020462",106.12,1.60816043209902,5721.35025210021,0.0615027838374018,0.959427868708573,0.00126494925956377,0.79439279204915,0
"DTXSID8020913",128.18,13.4886740718176,0.123398670329889,2265.49610531419,1.45461178983562,0.00205287458113973,0.86672372122264,0
