"dtxsid","molwt","vapor","solub","kow","decay.air","decay.sur","diffus.air","conc.out"
"DTXSID2021781",278.35,0.00333433755389053,0.0472587315239976,54634.945769597,0.719683003102655,0.00137089745691433,0.617943348295903,0
"DTXSID3020205",312.37,0.000466685781724452,0.00775747410161801,14387.8210031948,0.800976116538329,0.000498496554490449,0.559807299160274,0
"DTXSID7021360",92.14,2071.02604292313,6.64657821377898,497.878649726029,0.404122988092571,0.000904331383432619,0.569651593189533,0
"DTXSID8020462",106.12,0.373754248775769,8092.21022835442,0.166580917953863,2.31822071283547,0.0019576805285634,0.913282696115468,0
"DTXSID8020913",128.18,4.94055025210017,0.199293234949596,1778.58722887286,2.30555190714841,0.000818124706724351,0.701826706308475,0
