"dtxsid","molwt","vapor","solub","kow","decay.air","decay.sur","diffus.air","conc.out"
"DTXSID2021781",278.35,0.00413505681956483,0.0363634766736811,13861.9824072363,0.604720966978838,0.00102423785380987,0.712773282618617,0
"DTXSID3020205",312.37,0.000523319221496975,0.0129734183743513,13880.8865545546,0.339444493582786,0.000948672205008251,0.449380528509847,0
"DTXSID7021360",92.14,7132.45178486181,2.81676316453082,365.935217630624,0.410591134465829,0.000530446633327876,1.29710770995847,0
"DTXSID8020462",106.12,1.07453523456743,7973.39434885576,0.0837303299840556,1.24747003415415,0.00127056585658317,0.881107095799576,0
"DTXSID8020913",128.18,4.23356345175955,0.193745821147738,2846.65156536077,1.2638708375067,0.000839668862144714,0.462414466792106,0
