"dtxsid","molwt","vapor","solub","kow","decay.air","decay.sur","diffus.air","conc.out"
"DTXSID2021781",278.35,0.00385732390044339,0.0364242809530384,18700.3914692236,0.462399181025928,0.00159907320249548,0.3709048300665,0
"DTXSID3020205",312.37,0.00174266676312357,0.0149069458360707,18960.2275293166,0.616959944629705,0.000705885872964745,0.462788144261741,0
"DTXSID7021360",92.14,3139.3627927393,3.55210440938025,312.405660091564,0.368142467230931,0.00135000711817981,0.789100727309657,0
"DTXSID8020462",106.12,1.70327828175924,5783.77004826187,0.0878223090409332,0.858282061158856,0.00145021199942328,1.15533716886791,0
"DTXSID8020913",128.18,22.358410390294,0.148332381313963,4086.32644134472,2.12490506074334,0.00089822438363906,0.847687187686563,0
