"dtxsid","molwt","vapor","solub","kow","decay.air","decay.sur","diffus.air","conc.out"
"DTXSID2021781",278.35,0.00122989911794327,0.0539353821811721,28882.0157507636,0.600871584876336,0.00119029087587725,0.501114938747098,0
"DTXSID3020205",312.37,0.000329894207190345,0.00993558587834305,18619.4624810919,0.447127723859778,0.0014163124207449,0.436311770248027,0
"DTXSID7021360",92.14,4796.09205292782,5.62182171232657,419.165393144188,0.504443944737003,0.000892304211575778,0.849646730222145,0
"DTXSID8020462",106.12,1.69482010136217,8163.98449114362,0.0824756843653257,1.85709552851786,0.000539996955155734,1.03065819227828,0
"DTXSID8020913",128.18,7.69494245710202,0.110625071294399,2398.1476620031,1.57135026365641,0.00116779836463976,0.794037461662363,0
