"dtxsid","molwt","vapor","solub","kow","decay.air","decay.sur","diffus.air","conc.out"
"DTXSID2021781",278.35,0.00188907344940747,0.0506011898542519,30750.9068337356,0.62076976588839,0.00207535337727551,0.47974060869153,0
"DTXSID3020205",312.37,0.00144355209869248,0.00934476409790469,23333.8916606405,0.72767039474246,0.00164681280115464,0.562446820312715,0
"DTXSID7021360",92.14,3242.35299393668,2.95857229615531,564.194244620452,0.385454384250555,0.00138982046598128,1.66101278509332,0
"DTXSID8020462",106.12,0.464750786513529,8759.8965574585,0.152868749208647,1.8605014168539,0.00119694411130324,0.715181457468722,0
"DTXSID8020913",128.18,15.9638153333909,0.116088720047403,1409.81593400894,1.25121054890456,0.00107645273624338,0.819207866433546,0
