"dtxsid","molwt","vapor","solub","kow","decay.air","decay.sur","diffus.air","conc.out"
"DTXSID2021781",278.35,0.00432011866996289,0.0403433246922151,13077.5225083705,0.28364372780336,0.00163825297740271,0.400915156132315,0
"DTXSID3020205",312.37,0.000530359839347604,0.0110232430278256,23247.4935490526,2.14047523797283,0.00053434800533374,0.713874710401882,0
"DTXSID7021360",92.14,5362.82365739484,3.84385560481794,231.745106569066,0.789924089968765,0.00148431297517089,0.788866281955271,0
"DTXSID8020462",106.12,0.878931589583881,6197.96599432674,0.0991916326763868,2.57206828057256,0.000939652186161848,0.929893410741945,0
"DTXSID8020913",128.18,12.5722757169431,0.117840269515642,1907.00806703222,0.919631311747864,0.00072404357431709,0.815117427578141,0
