"dtxsid","molwt","vapor","solub","kow","decay.air","decay.sur","diffus.air","conc.out"
"DTXSID2021781",278.35,0.00346884154561178,0.0232036578284378,19837.4866402081,0.427510691811122,0.00185256754443932,0.549030938668686,0
"DTXSID3020205",312.37,0.000655129472596257,0.00979249334479582,21657.5871132471,1.02650896413773,0.000606156073626403,0.447618199016772,0
"DTXSID7021360",92.14,3958.41635483085,6.99743185999282,555.925555540228,0.35751901266644,0.000880394951629761,0.811705947035751,0
"DTXSID8020462",106.12,1.05868717789408,6638.0132155223,0.0579895139947522,2.72545947419279,0.00091093179796426,0.714675511958242,0
"DTXSID8020913",128.18,8.06921666900153,0.169125240405109,2717.46495294721,1.08839038613181,0.00120503539204772,0.659671263538272,0
