"dtxsid","molwt","vapor","solub","kow","decay.air","decay.sur","diffus.air","conc.out"
"DTXSID2021781",278.35,0.0120219900110005,0.0401167852014209,30051.7991304703,0.761981996002909,0.00143504882209696,0.392845770192546,0
"DTXSID3020205",312.37,0.000267987448482409,0.00563689062907612,10336.5548504196,0.753629568323491,0.00100530404299376,0.69882239818058,0
"DTXSID7021360",92.14,610.540246270691,3.93817030536697,562.198976718987,0.340435979740336,0.00182378504793342,0.939544840661542,0
"DTXSID8020462",106.12,0.391127896490825,9944.84065000807,0.071190828511723,1.62409989928265,0.000981688101624333,0.825695103258389,0
"DTXSID8020913",128.18,3.88282362037936,0.111040576686929,5241.17410218361,0.583983504938464,0.00171143618174276,0.58402113303439,0
