"dtxsid","molwt","vapor","solub","kow","decay.air","decay.sur","diffus.air","conc.out"
"DTXSID2021781",278.35,0.00180055329790602,0.0429158617884287,22048.7990653416,0.536649484528831,0.000880226094472069,0.699630933502142,0
"DTXSID3020205",312.37,0.000541826278239095,0.00713122481751216,12364.6694833262,0.895351097534693,0.00126769340494748,0.412679818271768,0
"DTXSID7021360",92.14,1928.92347535682,4.48198862054008,354.153939614006,0.1752445091743,0.00116042847014794,0.764836691489888,0
"DTXSID8020462",106.12,0.789840077563443,6397.749550787,0.0635600090606628,2.28775781575584,0.00160760710599092,1.00493379746232,0
"DTXSID8020913",128.18,9.696334471965,0.152093127781365,1664.79573528176,2.18806122477725,0.00141001881086832,0.96998660395726,0
