"dtxsid","molwt","vapor","solub","kow","decay.air","decay.sur","diffus.air","conc.out"
"DTXSID2021781",278.35,0.000985848902517983,0.0365633827527734,21496.4665694174,0.453927122269072,0.00136996468993053,0.414284348347902,0
"DTXSID3020205",312.37,0.000508539962202608,0.0180417710455974,23406.1187081521,0.413628020978428,0.000839529525940334,0.467994936641546,0
"DTXSID7021360",92.14,3667.51139732871,4.29821223936559,278.099568273698,0.70350508105501,0.0012863360512132,0.89683046783794,0
"DTXSID8020462",106.12,3.71454107085278,12351.7704122146,0.0927180366892257,2.86425715101268,0.000701162962978,1.0768274387972,0
"DTXSID8020913",128.18,4.72366439546437,0.136319780828615,1387.69567961743,1.51584467074003,0.00109694569090776,0.408938481746495,0
