"dtxsid","molwt","vapor","solub","kow","decay.air","decay.sur","diffus.air","conc.out"
"DTXSID2021781",278.35,0.00240276327235958,0.0274218061258032,24215.1335044542,1.01363272743539,0.00268600945741583,0.598769829409697,0
"DTXSID3020205",312.37,0.00022992055367498,0.0135369030256245,14240.5195268983,1.22636699420481,0.00136983945688843,0.434748161301955,0
"DTXSID7021360",92.14,4015.75003423993,4.18152393203581,798.274674427065,0.67083212672232,0.000907391671842714,0.784056978261531,0
"DTXSID8020462",106.12,0.670985326834641,12620.731232941,0.1317505413506,2.5134452843494,0.00151773119860202,0.709156315558481,0
"DTXSID8020913",128.18,14.1986587878666,0.167385374049812,3405.39141585796,1.25750212358122,0.000972299091322331,0.533204559208003,0
