"dtxsid","molwt","vapor","solub","kow","decay.air","decay.sur","diffus.air","conc.out"
"DTXSID2021781",278.35,0.00465544426749981,0.0514236272192395,19726.8506564459,0.632910085238642,0.000447129926909616,0.59264111978732,0
"DTXSID3020205",312.37,0.00143615893202265,0.00833683089978276,25934.822805173,0.493214013497716,0.00029957803724227,0.487039407575669,0
"DTXSID7021360",92.14,13075.3661912871,5.52529227859039,394.545864683014,0.547867193342352,0.00157320531931624,0.555889369313435,0
"DTXSID8020462",106.12,0.409569898834281,7006.009197902,0.0428212218278002,2.04711396460545,0.00153473543908859,1.00867733153841,0
"DTXSID8020913",128.18,6.05550922530702,0.164737084820644,2776.29178972237,0.973678841196719,0.0012685306708091,0.718630943410425,0
