"dtxsid","molwt","vapor","solub","kow","decay.air","decay.sur","diffus.air","conc.out"
"DTXSID2021781",278.35,0.00207701421874814,0.0340312417944221,37871.129832159,1.00937326150471,0.000474920032199436,0.727422592325131,0
"DTXSID3020205",312.37,0.000975826269647272,0.0138665333189157,8755.46243679606,1.2001795735184,0.00126034034619187,0.664372217129453,0
"DTXSID7021360",92.14,1699.78519052472,4.24497680664922,343.954258240958,0.644876450522259,0.000855161063885132,1.24981963479057,0
"DTXSID8020462",106.12,1.13491690191167,10842.2772937664,0.0971672006298828,2.95016200898542,0.00186373835641021,1.39578363203025,0
"DTXSID8020913",128.18,3.2481546110003,0.133429320268049,1048.77442351962,1.84166493315265,0.00107587745656103,1.32978265736626,0
