"dtxsid","molwt","vapor","solub","kow","decay.air","decay.sur","diffus.air","conc.out"
"DTXSID2021781",278.35,0.00311733171848345,0.0331372314140048,27848.0395957365,0.660334535982412,0.000859837546129084,0.530839414236777,0
"DTXSID3020205",312.37,0.000380166959367835,0.0128048263870105,23701.6232859313,0.797835033455582,0.00227585699991867,0.614489901451417,0
"DTXSID7021360",92.14,2693.82112968833,4.55349682700079,451.59923082056,0.435649336249177,0.000401344469022625,0.728918927991588,0
"DTXSID8020462",106.12,0.457379512135636,9057.32254793738,0.125159834406512,1.55004072494675,0.00124800452206881,0.786396255073608,0
"DTXSID8020913",128.18,2.76104888939121,0.113539756060417,1489.47606901624,1.22370742581469,0.00129974444673269,0.515856571477303,0
