"dtxsid","molwt","vapor","solub","kow","decay.air","decay.sur","diffus.air","conc.out"
"DTXSID2021781",278.35,0.00149953121256201,0.0383956214105478,39071.1116467685,1.39702703752662,0.001507630604005,0.392843439003582,0
"DTXSID3020205",312.37,0.0013520662779625,0.00640137927018117,20602.9821700593,0.847292009609616,0.00148960860954543,0.511776017437976,0
"DTXSID7021360",92.14,2857.50356861938,5.90264324205079,534.353825682841,0.326593875762635,0.00121164755340868,0.679131159035793,0
"DTXSID8020462",106.12,0.45925497085172,9464.04361422736,0.0854295294588713,1.79066664347299,0.0018221560370296,0.702094727467182,0
"DTXSID8020913",128.18,4.43928282608036,0.116515808906303,2044.80301289347,1.20102659020055,0.00135917445110556,0.632327633358035,0
