"dtxsid","molwt","vapor","solub","kow","decay.air","decay.sur","diffus.air","conc.out"
"DTXSID2021781",278.35,0.00251751607477519,0.0343334797783997,17494.9926551559,0.846364084417644,0.000475478899420116,0.60058947644848,0
"DTXSID3020205",312.37,0.000945070965451932,0.00800879696413681,16967.0346114228,0.333859368345469,0.0010984443760356,0.448229099872614,0
"DTXSID7021360",92.14,5982.30239067112,6.56888290593971,482.836039849102,0.297349994113556,0.00155079074334516,0.601970331478007,0
"DTXSID8020462",106.12,0.464947655716072,10469.7404390416,0.137614678799936,2.0409905328451,0.000701295110890651,1.2572852516462,0
"DTXSID8020913",128.18,6.12653981943369,0.163443777907805,1567.61634166622,1.46903539887485,0.000959712288742981,0.750259357924791,0
