"dtxsid","molwt","vapor","solub","kow","decay.air","decay.sur","diffus.air","conc.out"
"DTXSID2021781",278.35,0.000868895982947133,0.0353819479003251,23365.5479266036,0.619753065720806,0.000739253705501895,0.726347469648797,0
"DTXSID3020205",312.37,0.00179867075640409,0.00700945898175964,24746.371826759,0.803480936331384,0.000553751826458065,0.45207016710529,0
"DTXSID7021360",92.14,788.271912549458,4.71886884159007,512.051593142689,0.473095052180743,0.000573752973526067,0.830246639623877,0
"DTXSID8020462",106.12,2.31031780538882,9784.617644047,0.0541809748630233,1.60961702759983,0.00116845603738768,0.627843507654112,0
"DTXSID8020913",128.18,8.46583835041227,0.137263029200315,2653.61083142804,0.868967325483845,0.00118511826731479,0.493727583542184,0
