"dtxsid","molwt","vapor","solub","kow","decay.air","decay.sur","diffus.air","conc.out"
"DTXSID2021781",278.35,0.00199029457834385,0.0389387520817605,37862.5769298514,0.969992557804703,0.0015730121887462,0.455638118340825,0
"DTXSID3020205",312.37,0.000418409703819302,0.00737558299802712,15033.9640750968,1.68348884423545,0.000506626227234778,0.609859068742549,0
"DTXSID7021360",92.14,1925.32133134101,5.36057551428608,622.636277576353,0.220746494807974,0.000628835487677954,0.683241572787233,0
"DTXSID8020462",106.12,0.568464030833992,7312.7609199284,0.0732858202707917,1.45457916750545,0.000769608019393818,0.933501681909278,0
"DTXSID8020913",128.18,5.63430223277557,0.21303600664404,4834.65378382156,1.12026839857652,0.000844791512808859,0.55998038861333,0
