"dtxsid","molwt","vapor","solub","kow","decay.air","decay.sur","diffus.air","conc.out"
"DTXSID2021781",278.35,0.00475110403351445,0.0298650216056089,34252.3977769956,0.73639333482436,0.000708398980518682,0.618816618174524,0
"DTXSID3020205",312.37,0.000514851722456387,0.00728756908637796,33527.9805903008,0.35717083475242,0.00132263438029496,0.423993031338444,0
"DTXSID7021360",92.14,3926.27135323855,4.35362922423537,893.039664463679,0.346604892028591,0.00152063597452312,0.96531504727813,0
"DTXSID8020462",106.12,0.605532025711124,5947.29317170912,0.0645262925828686,1.95497777668618,0.00124605435846215,1.14345839470748,0
"DTXSID8020913",128.18,5.86943668249905,0.0962365327185889,2604.39511027596,0.927679224033885,0.00140843483944801,0.829910352037404,0
