"dtxsid","molwt","vapor","solub","kow","decay.air","decay.sur","diffus.air","conc.out"
"DTXSID2021781",278.35,0.00507204556560521,0.0227098195975589,61921.6149276761,0.948438840322827,0.000593827064036788,0.471882859254009,0
"DTXSID3020205",312.37,0.000606288151905659,0.0105736626902585,19697.0268880434,0.413199243325679,0.00165467507700742,0.504191315938448,0
"DTXSID7021360",92.14,7530.19370483276,6.81699522122134,906.545850865629,0.314188504561477,0.000827766808195989,0.488723192383838,0
"DTXSID8020462",106.12,1.06215317179192,8362.59671815426,0.0803410908788018,1.95412689964737,0.00128650626983461,0.82682925321392,0
"DTXSID8020913",128.18,2.60119038680414,0.112996612113292,930.982071297008,1.18395048342386,0.000668662630732328,0.862585397897804,0
