"dtxsid","molwt","vapor","solub","kow","decay.air","decay.sur","diffus.air","conc.out"
"DTXSID2021781",278.35,0.00265015329523343,0.0293790787487539,38761.0305707653,0.368431325252932,0.000951422851833334,0.453711437962331,0
"DTXSID3020205",312.37,0.00188658415133996,0.0107320423820154,20576.2705491705,0.867906893086763,0.000318205727739256,0.571330072107039,0
"DTXSID7021360",92.14,1328.16647176032,4.20062704556482,701.27742549735,0.29363153366148,0.000669223151488996,0.740139616053273,0
"DTXSID8020462",106.12,1.08364788651926,7651.36545136354,0.103324021285637,1.72146166650944,0.00163284137462357,0.808195587878542,0
"DTXSID8020913",128.18,6.52175981341265,0.202690799114577,2459.45496197074,0.875137547264556,0.000503550241900561,0.663661647562146,0
