"dtxsid","molwt","vapor","solub","kow","decay.air","decay.sur","diffus.air","conc.out"
"DTXSID2021781",278.35,0.00631353038329257,0.0361278965558837,24109.390140683,0.56379405202875,0.00133678168049357,0.49164348520218,0
"DTXSID3020205",312.37,0.00122163679358733,0.013138344458793,14005.442481431,0.621379574308816,0.00142298389654043,0.675827895234417,0
"DTXSID7021360",92.14,2007.37429062023,4.31921661387606,559.766285211742,0.307594277756336,0.000784516885798392,0.898451334347176,0
"DTXSID8020462",106.12,0.540705028960314,7966.15983649222,0.100326580744032,3.07439426387788,0.000905121100029417,1.46092655728967,0
"DTXSID8020913",128.18,6.25619353725015,0.198559682367899,2680.86612838747,2.2428350769475,0.00157822567421028,0.927457854371972,0
