"dtxsid","molwt","vapor","solub","kow","decay.air","decay.sur","diffus.air","conc.out"
"DTXSID2021781",278.35,0.0086520610404353,0.047725030520648,18435.3367287912,0.535108575961689,0.00120786639590208,0.63324586799456,0
"DTXSID3020205",312.37,0.00114798165739192,0.0120489956697441,14056.5976523164,0.79070369658678,0.000667624456381282,0.471597422663485,0
"DTXSID7021360",92.14,2136.91097092751,3.50721797273533,183.074859592161,0.546266101352324,0.000737910293189867,1.21428453268117,0
"DTXSID8020462",106.12,0.456300022505584,10993.9045781706,0.0496163613598723,2.58285204635118,0.000497689581266575,0.646489435488643,0
"DTXSID8020913",128.18,6.96407141987763,0.189285011166223,1674.70239971966,1.13220162235008,0.000607989124046912,0.524254303099497,0
