"dtxsid","molwt","vapor","solub","kow","decay.air","decay.sur","diffus.air","conc.out"
"DTXSID2021781",278.35,0.00738638837016485,0.0289559342045591,50610.8382890653,0.321876483166111,0.00111413047541822,0.389344572099928,0
"DTXSID3020205",312.37,0.000289830335322514,0.00989967552673874,32584.1065377322,0.455357195691172,0.000772925387966953,0.443250992815672,0
"DTXSID7021360",92.14,2041.2033070852,3.36186695691674,267.665807460938,0.275325159727424,0.00141150499960729,0.551381145926971,0
"DTXSID8020462",106.12,0.857861389922073,9761.71569059411,0.0525783626653458,2.0038401072561,0.00111053007611477,0.551923936008991,0
"DTXSID8020913",128.18,27.4513122484677,0.109098469273406,1526.15013990492,1.81823467005815,0.000647311465634609,1.4212796741632,0
