"dtxsid","molwt","vapor","solub","kow","decay.air","decay.sur","diffus.air","conc.out"
"DTXSID2021781",278.35,0.0094773063913234,0.0331129821885657,25923.1086988843,0.586683775562944,0.00105407724543894,0.433075695991638,0
"DTXSID3020205",312.37,0.000720375831538893,0.00596424813682941,10292.4242590142,0.261016253061404,0.00120173536016479,0.327416666352332,0
"DTXSID7021360",92.14,4636.78987516304,4.35771151498479,107.422310526878,0.401172451236774,0.000775331246053182,1.46812161784486,0
"DTXSID8020462",106.12,0.656812828615605,7134.79472521814,0.104859738690371,1.536021023828,0.000551932257175364,0.598582178623554,0
"DTXSID8020913",128.18,12.0631114455403,0.0779941365279107,2282.00105418341,1.38847028087142,0.00118422180328601,0.885293409140334,0
