"dtxsid","molwt","vapor","solub","kow","decay.air","decay.sur","diffus.air","conc.out"
"DTXSID2021781",278.35,0.00448330343120371,0.0600862407144997,39664.428733527,0.501844372266303,0.000654463906225189,0.384458237436615,0
"DTXSID3020205",312.37,0.000367434213331352,0.0071568506254249,25058.7569363214,0.676895664126159,0.000976030220200152,0.484385612545425,0
"DTXSID7021360",92.14,5019.8088696369,5.57086969285495,271.034797039006,0.410473452056623,0.00136459481290785,1.06806621288662,0
"DTXSID8020462",106.12,0.577071871466658,7569.35652349051,0.051896474518015,1.24082461909222,0.00104389350983364,0.900163904353498,0
"DTXSID8020913",128.18,5.50581476663682,0.149709631518223,1466.64656431139,1.6982191464975,0.00150772352128816,0.74542968926484,0
