"dtxsid","molwt","vapor","solub","kow","decay.air","decay.sur","diffus.air","conc.out"
"DTXSID2021781",278.35,0.00170980011419041,0.0404792406851023,34710.0215176794,0.523436339182025,0.00132238152383039,0.590011400462207,0
"DTXSID3020205",312.37,0.00107476243932314,0.00681564829133324,22735.4711395422,0.525661691502183,0.00137368703903813,0.649058849876139,0
"DTXSID7021360",92.14,3572.42600308616,3.62227177437914,217.463072991081,0.216754279723952,0.0027651701800117,1.30429281959311,0
"DTXSID8020462",106.12,0.462553335555464,5419.14289915647,0.0455125961446285,1.67355804796057,0.0011436823157278,0.804920172940314,0
"DTXSID8020913",128.18,6.91047059833546,0.143989817940236,1388.93609829909,2.02006371645695,0.00149777193980782,0.62292679927388,0
