"dtxsid","molwt","vapor","solub","kow","decay.air","decay.sur","diffus.air","conc.out"
"DTXSID2021781",278.35,0.00424093703073858,0.0229349631580982,21150.8592809621,0.360461910743557,0.00122779341911353,0.362586152664532,0
"DTXSID3020205",312.37,0.000478260163661954,0.00571923139494572,12355.804436922,0.388290028233455,0.000627135712556504,0.437768532074772,0
"DTXSID7021360",92.14,3095.63789960142,3.96437855698196,687.770816681799,0.176302816202034,0.00240344975272209,0.776271413625759,0
"DTXSID8020462",106.12,0.482240452153909,5820.53272499169,0.122380577303887,2.8186672115305,0.00120539628837117,0.697121514207911,0
"DTXSID8020913",128.18,4.47440702881296,0.101001109913339,3276.84439936541,0.697100997938559,0.00103870048960672,0.82533880472893,0
