"dtxsid","molwt","vapor","solub","kow","decay.air","decay.sur","diffus.air","conc.out"
"DTXSID2021781",278.35,0.0260572780926244,0.0230539329221856,23865.0587485654,0.895907437877749,0.00122684961676218,0.340697171896667,0
"DTXSID3020205",312.37,0.000761913756259882,0.010283382651195,24290.0412571762,0.752266064659313,0.0005471462838668,0.666627381141447,0
"DTXSID7021360",92.14,4053.54976778076,2.88159307080319,417.023082559494,0.296577842994993,0.00150372037011768,0.801580550007547,0
"DTXSID8020462",106.12,0.550800114172465,5085.94169545005,0.149921142688278,1.70307607281216,0.000450010362094741,0.747065173081994,0
"DTXSID8020913",128.18,12.0472410733116,0.154971257001828,2032.50853621429,2.28639574747605,0.00140421573677849,0.90823378900672,0
