"dtxsid","molwt","vapor","solub","kow","decay.air","decay.sur","diffus.air","conc.out"
"DTXSID2021781",278.35,0.00305674309764309,0.0476487124224674,45003.8470006102,0.528989681207529,0.00179745941638951,0.442548856721505,0
"DTXSID3020205",312.37,0.000398236135718561,0.0111028197369639,22995.2045819824,0.974930661573818,0.000901421219302966,0.444733427158108,0
"DTXSID7021360",92.14,4899.69126454871,6.17489697983286,1159.0958321065,0.264520496114934,0.00104823657834942,0.875198094279514,0
"DTXSID8020462",106.12,0.884950375830491,7141.98775620503,0.115365996165041,1.23761012509071,0.000764206263826425,0.731297284576305,0
"DTXSID8020913",128.18,9.2450729814527,0.115340631653715,2655.62376982114,1.87545064246364,0.000903178992883317,0.988489752630692,0
