"dtxsid","molwt","vapor","solub","kow","decay.air","decay.sur","diffus.air","conc.out"
"DTXSID2021781",278.35,0.00284521207455357,0.0367943924698758,44975.1982188212,0.434770508161829,0.00101169325656435,0.727914437811779,0
"DTXSID3020205",312.37,0.000365214415051528,0.00908258002456487,15859.8684805621,0.652345247177309,0.00152082506085963,0.444661491909372,0
"DTXSID7021360",92.14,714.456299372024,7.09236868109116,346.231889016963,0.429976817476697,0.000662109439419776,0.871076388723179,0
"DTXSID8020462",106.12,1.50528842774095,7971.4671273335,0.113017665221558,1.7366731373854,0.000518701759091598,0.74081405482898,0
"DTXSID8020913",128.18,4.19159580952374,0.134592537626671,1801.85907491849,0.911677147860057,0.000862751387562755,0.593768373996485,0
