"dtxsid","molwt","vapor","solub","kow","decay.air","decay.sur","diffus.air","conc.out"
"DTXSID2021781",278.35,0.00223932371281604,0.0300815244405584,21918.1276208639,0.433424377611502,0.000520945732419411,0.538414979708649,0
"DTXSID3020205",312.37,0.000383838208546997,0.00613626099558724,12183.443157169,0.567830661609972,0.00102373185299298,0.42423556894521,0
"DTXSID7021360",92.14,4311.05339013138,4.91491928513317,321.492183912069,0.332510774950588,0.000972001605353304,1.74137472621463,0
"DTXSID8020462",106.12,1.047479133643,8984.78169409264,0.0566157268551713,2.31189234965071,0.00118272836968711,0.417014239719241,0
"DTXSID8020913",128.18,5.7158917230264,0.14018811794738,1427.37513361894,1.33795015262139,0.00111937878446747,0.732494211832843,0
