"dtxsid","molwt","vapor","solub","kow","decay.air","decay.sur","diffus.air","conc.out"
"DTXSID2021781",278.35,0.00379635464721638,0.0297848935579764,27906.2906756152,0.334914478802581,0.00145984912348274,0.46021769627512,0
"DTXSID3020205",312.37,0.000964185677140337,0.0126603931706818,12855.2934544112,0.865902312163432,0.00124629657217949,0.506823635459988,0
"DTXSID7021360",92.14,2121.16736221267,6.9889442178591,701.232926921942,0.306670378830427,0.00238304760271503,0.70119224499874,0
"DTXSID8020462",106.12,0.74437435615086,8727.36404348757,0.0953572474319411,3.323360909784,0.000790403260565643,0.459628662304503,0
"DTXSID8020913",128.18,2.53604952390595,0.121023018630968,2133.59301312805,2.51707698038502,0.00106134602852498,0.587020062085243,0
