"dtxsid","molwt","vapor","solub","kow","decay.air","decay.sur","diffus.air","conc.out"
"DTXSID2021781",278.35,0.00156954084537003,0.0318520200277543,22809.9984941372,0.605510454606171,0.00181172108094793,0.83327718831893,0
"DTXSID3020205",312.37,0.000447740629646837,0.00952976656380094,21222.4985974449,0.542054270391909,0.00126320683587716,0.631404225280565,0
"DTXSID7021360",92.14,5229.65672649524,5.29341715909483,444.628246817401,0.90612659389806,0.00135125121948404,1.33204227745239,0
"DTXSID8020462",106.12,3.5654325384252,8706.36284801038,0.137531102988716,1.77316197113994,0.00101624884097694,1.02113424465337,0
"DTXSID8020913",128.18,3.41678807225511,0.183578262591654,1754.74210045748,0.837507153719091,0.00107322100570231,1.1759140858436,0
