"dtxsid","molwt","vapor","solub","kow","decay.air","decay.sur","diffus.air","conc.out"
"DTXSID2021781",278.35,0.00818203298595,0.0352167770099365,20949.7537519683,0.790346563423407,0.00123462798564957,0.56320400928107,0
"DTXSID3020205",312.37,0.000216526658421363,0.0110381442700999,16788.2406107229,0.725240335568642,0.00127200266420309,0.611546589644715,0
"DTXSID7021360",92.14,1028.77990202364,2.75776720352167,490.135203280566,0.302300091827811,0.00108349469620395,0.998067573009153,0
"DTXSID8020462",106.12,0.456911417528711,8005.43333989046,0.118640090471278,1.39662932832086,0.00111884867613843,1.1181143321417,0
"DTXSID8020913",128.18,6.12391319651512,0.173122995522407,6345.69649142287,3.06236530078306,0.000963962997065868,1.02901687929143,0
