"dtxsid","molwt","vapor","solub","kow","decay.air","decay.sur","diffus.air","conc.out"
"DTXSID2021781",278.35,0.00253200723434527,0.0378805795821264,26068.6216246407,0.873240261558715,0.000758720920355228,0.55406160410303,0
"DTXSID3020205",312.37,0.000270739952245433,0.00788114083250984,14293.2974008486,0.584059324008107,0.000760860698633493,0.419738647385456,0
"DTXSID7021360",92.14,5753.27660117797,2.40137370609975,289.514093315682,0.537146325275272,0.000701706528737963,0.984718031297259,0
"DTXSID8020462",106.12,0.912717136900839,10272.5682048099,0.0441646102359698,1.73872426222252,0.000759539072068775,0.711608295654127,0
"DTXSID8020913",128.18,6.40057843688257,0.143579952249723,4495.16301401269,2.55609294975446,0.000700283204033508,1.0146927107406,0
