"dtxsid","molwt","vapor","solub","kow","decay.air","decay.sur","diffus.air","conc.out"
"DTXSID2021781",278.35,0.013083495043422,0.0815628543685503,25083.9328661008,0.554225236558741,0.00104101160674451,0.585207839825539,0
"DTXSID3020205",312.37,0.00128600619794106,0.0105817278315935,25228.267444005,0.725346339954895,0.000876963432907214,0.37114395811606,0
"DTXSID7021360",92.14,2125.48937865662,3.14201546221942,328.377518118972,0.429226461424833,0.00134906984268861,0.977790045734422,0
"DTXSID8020462",106.12,0.434845102241763,11378.8608800709,0.100813182795935,2.95147430288596,0.000831415170924522,0.779422128646694,0
"DTXSID8020913",128.18,13.7114561375047,0.149393372268262,1475.46329098114,1.65134570342036,0.00126851668519916,0.908550450542032,0
