"dtxsid","molwt","vapor","solub","kow","decay.air","decay.sur","diffus.air","conc.out"
"DTXSID2021781",278.35,0.00198054349462843,0.0535758263837679,46901.2121104907,0.456641055144099,0.00126758243207614,0.513438817732523,0
"DTXSID3020205",312.37,0.000309666647836975,0.0092525308903161,10573.4407184454,1.85689833088597,0.00143687500655037,0.421067285108321,0
"DTXSID7021360",92.14,2141.5419748005,3.8862780225431,330.697488801441,0.496875343704231,0.000626289952555394,1.0249452786406,0
"DTXSID8020462",106.12,0.486288277748004,10267.0064668895,0.0818337243885612,1.91741195272521,0.000948882554096811,0.707997708100631,0
"DTXSID8020913",128.18,6.38814975729724,0.129902137398421,3004.54381506895,1.33979765182097,0.00132889124290571,0.528614789682798,0
