"dtxsid","molwt","vapor","solub","kow","decay.air","decay.sur","diffus.air","conc.out"
"DTXSID2021781",278.35,0.00908774234384359,0.037411076441512,39452.8159751967,0.264925152151131,0.00115576504283782,0.58544977056128,0
"DTXSID3020205",312.37,0.000481895314408109,0.0114683597314902,22673.3406158048,0.509332335650259,0.00103065392291092,0.723802999737282,0
"DTXSID7021360",92.14,1067.73382593923,6.7841990597641,283.27387322595,0.34077024209221,0.00118789554841497,0.908028012289747,0
"DTXSID8020462",106.12,0.793696291433027,10440.4881905513,0.045368895384296,1.42148541698147,0.000964635157262385,1.31205279891332,0
"DTXSID8020913",128.18,16.4091538745544,0.0981091282361896,5327.25399190351,1.1406261264994,0.00110748327015684,0.77624507142962,0
