"dtxsid","molwt","vapor","solub","kow","decay.air","decay.sur","diffus.air","conc.out"
"DTXSID2021781",278.35,0.00849195496944189,0.0303415284533844,27961.3637064854,0.980078287057275,0.00131855997066135,0.504590828601031,0
"DTXSID3020205",312.37,0.000968869665641927,0.00600157406258785,30471.4452013387,0.563448539981071,0.000613828022362325,0.725455501326425,0
"DTXSID7021360",92.14,4219.13770285597,4.44211138791414,582.736277971557,0.460186088441736,0.00107950180547192,0.747706502687105,0
"DTXSID8020462",106.12,0.819229440339059,9581.19903335362,0.0626696140147383,2.04553962975879,0.00103129414212837,0.653181223451555,0
"DTXSID8020913",128.18,27.2185685841056,0.146423259168588,2989.11277389416,1.44622653123883,0.0025995906825558,0.606196896262459,0
