"dtxsid","molwt","vapor","solub","kow","decay.air","decay.sur","diffus.air","conc.out"
"DTXSID2021781",278.35,0.00188871116234428,0.0223877052881876,25032.6566277459,0.65679987212092,0.000816895479567445,0.617635939764262,0
"DTXSID3020205",312.37,0.000985437802352482,0.00931446632450451,27442.9027359661,0.820899808709666,0.000801610670556235,0.581202422776763,0
"DTXSID7021360",92.14,2603.48038575288,6.66711500542913,259.280456928384,0.464474678016147,0.000894388575514737,1.06860534774945,0
"DTXSID8020462",106.12,2.98996887219448,6686.16266033671,0.0911953841516873,2.10680132820017,0.000857245730540235,1.00325883003804,0
"DTXSID8020913",128.18,7.35739383126137,0.16175826167227,1412.71842565916,1.54740477973333,0.000951123946678083,1.07185951236699,0
