"dtxsid","molwt","vapor","solub","kow","decay.air","decay.sur","diffus.air","conc.out"
"DTXSID2021781",278.35,0.00113474522898834,0.0378144779091584,23883.9758705274,0.480868727440768,0.000989656853812274,0.601395457596135,0
"DTXSID3020205",312.37,0.000549971289299816,0.00817873974466116,15428.5791722052,0.93160872406314,0.00163050708884796,0.497212363995863,0
"DTXSID7021360",92.14,1934.97526876683,7.40471904296588,539.651839946427,0.270869845375397,0.00125400159402467,1.07709841614648,0
"DTXSID8020462",106.12,1.0211866344894,6468.81766511319,0.106401984264241,1.2213259707651,0.000450563871098341,0.902752280927811,0
"DTXSID8020913",128.18,25.6553848812672,0.218049165736269,3100.58994198863,1.38612967195697,0.00152296817252496,1.24434730862154,0
