"dtxsid","molwt","vapor","solub","kow","decay.air","decay.sur","diffus.air","conc.out"
"DTXSID2021781",278.35,0.00252045503032397,0.0443990752477845,20106.9492046305,0.640812446119051,0.000918821632542527,0.672317160763924,0
"DTXSID3020205",312.37,0.000211740204806999,0.0111363012919102,41272.1910395412,0.872319550347664,0.000679174904733575,1.0283651090134,0
"DTXSID7021360",92.14,1637.4450443097,5.48660328462014,374.082813603828,0.550323204817077,0.000849527472255931,0.874833016030385,0
"DTXSID8020462",106.12,1.91543655945031,7182.05473118384,0.0600250156518397,2.02641499938072,0.000632119382985475,0.921666180295542,0
"DTXSID8020913",128.18,9.58139353868431,0.123578777616473,1244.11642824546,1.72041836614623,0.00081106079689331,0.637942893577738,0
