"dtxsid","molwt","vapor","solub","kow","decay.air","decay.sur","diffus.air","conc.out"
"DTXSID2021781",278.35,0.00696965895707566,0.0518581897269655,47747.9183389024,1.07019753002569,0.00105923612713464,0.402260741730056,0
"DTXSID3020205",312.37,0.000489790623408131,0.00759181009817829,10110.5440793283,0.778534327964754,0.000634484362577177,0.597305426114478,0
"DTXSID7021360",92.14,4129.39127696047,4.5086806962509,383.409092264418,0.289724270997284,0.000980393957053359,0.644865496669826,0
"DTXSID8020462",106.12,0.437469354742649,12376.2929357088,0.0920108641620168,1.09237883157181,0.000402616846066161,0.966118040380781,0
"DTXSID8020913",128.18,10.3538608198997,0.118508516080566,3406.44394256919,1.71437061150857,0.00086662274691378,0.568874829550644,0
