"dtxsid","molwt","vapor","solub","kow","decay.air","decay.sur","diffus.air","conc.out"
"DTXSID2021781",278.35,0.00366977553710379,0.0277494317823673,34321.9457840887,0.417556145480707,0.00126436209446906,0.563330543986274,0
"DTXSID3020205",312.37,0.000255994552203478,0.00580074865843066,19964.5192599634,0.769751980562311,0.00141239762650494,0.567670177455836,0
"DTXSID7021360",92.14,3559.33902774199,4.92468399861184,253.234894135379,0.765576718588833,0.00150248892693077,0.745728730014977,0
"DTXSID8020462",106.12,0.369904765621626,6523.9433789194,0.034754326892532,1.04091063692303,0.00111458208732509,0.919467166258236,0
"DTXSID8020913",128.18,5.79434357266924,0.100758415726948,4186.96514307142,0.877032484584108,0.00116280934830777,0.487666852434969,0
