"dtxsid","molwt","vapor","solub","kow","decay.air","decay.sur","diffus.air","conc.out"
"DTXSID2021781",278.35,0.00164200133191107,0.0274722263690746,13696.0076301301,0.462378918603017,0.00102247949708895,0.423106044312496,0
"DTXSID3020205",312.37,0.000553404462337325,0.00780039348174315,14856.8684267378,0.399348836550284,0.00116478160880731,0.435527729592744,0
"DTXSID7021360",92.14,5983.17456203688,4.991551238407,460.588076684877,0.635287837570758,0.00156957831248752,1.15109266814422,0
"DTXSID8020462",106.12,0.362504451946882,11337.98801013,0.114573524494449,3.1718019543742,0.000779375053058424,0.90073678952196,0
"DTXSID8020913",128.18,10.8218470996985,0.0726980185356304,824.072637260986,3.19182843387647,0.000989521929599175,0.773596195774974,0
