"dtxsid","molwt","vapor","solub","kow","decay.air","decay.sur","diffus.air","conc.out"
"DTXSID2021781",278.35,0.00461292529512517,0.0313102993710044,57731.6351484738,0.64428067765114,0.000523491385154256,0.364394207431334,0
"DTXSID3020205",312.37,0.000576462058331709,0.00844602972128617,34769.4165557985,0.352576540630191,0.00127764612231974,0.487850745665145,0
"DTXSID7021360",92.14,14702.8562422795,4.59027044127843,313.140284566613,0.391292301073689,0.000625128691843946,0.74723755081485,0
"DTXSID8020462",106.12,1.29730161873137,11657.8947774939,0.0593974055025046,1.64892912543878,0.00160925356921069,0.837964195116575,0
"DTXSID8020913",128.18,9.53100407138498,0.253587251095607,1661.99264405296,2.3409991411134,0.000785530126777926,0.765463760430888,0
