"dtxsid","molwt","vapor","solub","kow","decay.air","decay.sur","diffus.air","conc.out"
"DTXSID2021781",278.35,0.00384736829105705,0.0299301116008638,26922.9166318386,1.03807041196872,0.000745943213525883,0.395425058874224,0
"DTXSID3020205",312.37,0.0013775233738461,0.00982056950605918,8230.54985894494,1.43238486042148,0.00105269134552463,0.553356707313921,0
"DTXSID7021360",92.14,461.819761219346,6.64364384041231,641.541573975592,0.105082542100916,0.00122977624797638,1.19863215688228,0
"DTXSID8020462",106.12,0.525826772649429,7746.35059696995,0.0834734114762788,1.4241826142081,0.000419374898203464,0.73803827035728,0
"DTXSID8020913",128.18,8.56522956503642,0.174169611742602,1663.21057057983,1.09271454841852,0.000668914880447564,0.839242569251387,0
