"dtxsid","molwt","vapor","solub","kow","decay.air","decay.sur","diffus.air","conc.out"
"DTXSID2021781",278.35,0.00258184612640109,0.0355075529035852,28080.3458625917,0.489333974949864,0.000682920223073282,0.46522075833161,0
"DTXSID3020205",312.37,0.00063640662126219,0.014449295979313,11779.9738294296,0.974019528744599,0.00135342764455182,0.660780590001338,0
"DTXSID7021360",92.14,4021.62762025653,3.58471450045063,436.60947313903,0.291771952168887,0.000846507211676105,1.16568511827592,0
"DTXSID8020462",106.12,1.51965984172845,7636.05380599055,0.0623387215306857,1.87690290464685,0.00118597075306671,0.91609508644909,0
"DTXSID8020913",128.18,11.185476020744,0.202585088741745,4942.51609040637,1.64820340620405,0.000742372184132849,0.728775813212095,0
