"dtxsid","molwt","vapor","solub","kow","decay.air","decay.sur","diffus.air","conc.out"
"DTXSID2021781",278.35,0.00264868435010942,0.0478843556343475,19956.4979819084,0.577793565214793,0.00144978239117688,0.451772001259375,0
"DTXSID3020205",312.37,0.000712922055512687,0.0110366834638643,31265.7763094743,1.05285501619548,0.00232082315724671,0.351335922907668,0
"DTXSID7021360",92.14,2824.13208050459,5.81588083470359,260.948397134904,0.272823605966824,0.00140491411798106,0.647590697754715,0
"DTXSID8020462",106.12,1.08347133041911,6676.39901983242,0.124787071043954,1.16123293900778,0.000666449161820432,0.970863215088861,0
"DTXSID8020913",128.18,3.07822431160347,0.103954968122772,2555.90165579477,1.66475637313668,0.002237918620241,0.482791430162739,0
