"dtxsid","molwt","vapor","solub","kow","decay.air","decay.sur","diffus.air","conc.out"
"DTXSID2021781",278.35,0.0148285935441108,0.0292670350422873,40693.4903395921,0.35272539133122,0.00085466642566731,0.697539014016396,0
"DTXSID3020205",312.37,0.00147517509134479,0.0112708402257399,22002.8882046235,0.680637248378157,0.000301281064505757,0.603581357181873,0
"DTXSID7021360",92.14,2601.76044216705,4.46536539977299,831.663977514726,0.546638696378829,0.000769063731718376,1.28259573942472,0
"DTXSID8020462",106.12,0.583805674100712,8286.51838270539,0.114709589706709,2.37285519473205,0.000507615224997512,0.909188081475946,0
"DTXSID8020913",128.18,6.18923937879104,0.101322265879661,2741.72343151332,0.963468471412205,0.000812509686997521,0.475656033107248,0
