"dtxsid","molwt","vapor","solub","kow","decay.air","decay.sur","diffus.air","conc.out"
"DTXSID2021781",278.35,0.00192203598345897,0.0429048497053076,31983.7161098409,0.825001976984408,0.00144618743508584,0.651484662426047,0
"DTXSID3020205",312.37,0.000727024059221978,0.00822757191174477,23499.2228785296,1.36554381041645,0.000916424236370235,0.635843427085825,0
"DTXSID7021360",92.14,2499.02881257347,5.46547282219761,304.089857134198,0.232537063946412,0.00091838361986732,0.848095301791725,0
"DTXSID8020462",106.12,1.34832675527425,9791.9581762018,0.0696550766199763,2.44900929060942,0.00157682771372806,0.891107145005408,0
"DTXSID8020913",128.18,2.08184308524072,0.127911492940048,2309.34094983217,1.7982775868471,0.00158306083463452,0.608583940027995,0
