"dtxsid","molwt","vapor","solub","kow","decay.air","decay.sur","diffus.air","conc.out"
"DTXSID2021781",278.35,0.00500650320656195,0.0246433548525804,84624.8922958546,0.498667220985443,0.00240942722213778,0.589466475268264,0
"DTXSID3020205",312.37,0.000622664919988382,0.0130666247980214,12230.6993067536,0.617119164859268,0.000729745242495313,0.517969840383068,0
"DTXSID7021360",92.14,3043.22286164653,7.00956434329601,308.926302314423,0.344704385205848,0.00117577686276827,0.638687870678348,0
"DTXSID8020462",106.12,0.541556565072277,9967.29102509606,0.0690843747566774,1.82157109513842,0.000605624408683669,0.986228803849982,0
"DTXSID8020913",128.18,5.28429424703754,0.153426117664515,2247.09699567673,1.70570749730636,0.00104657003217373,0.811132951218887,0
