"dtxsid","molwt","vapor","solub","kow","decay.air","decay.sur","diffus.air","conc.out"
"DTXSID2021781",278.35,0.00282034165756016,0.0260324353021409,36984.490673425,0.581368401267103,0.000858712851144265,0.508168252105002,0
"DTXSID3020205",312.37,0.00209872132843983,0.00782214515550807,15797.6877656089,0.912863607090172,0.00108152968089178,0.490093573409193,0
"DTXSID7021360",92.14,1365.90249812749,6.08786249702749,532.155833390049,0.89272035988884,0.000924403828584712,0.62262556157088,0
"DTXSID8020462",106.12,1.05721724800663,10515.6828968807,0.0693989657365496,1.10081659376947,0.000612741216882184,0.889020662266812,0
"DTXSID8020913",128.18,10.3707143404153,0.261324586704133,5082.99956269114,1.97792767652819,0.00203386720154301,0.942366712470686,0
