"dtxsid","molwt","vapor","solub","kow","decay.air","decay.sur","diffus.air","conc.out"
"DTXSID2021781",278.35,0.0108549914178864,0.0651620219982378,48720.5253555096,0.476626610845548,0.00141883226866862,0.514041552077704,0
"DTXSID3020205",312.37,0.000557874536617648,0.0100823664457657,21337.8693957587,0.948829454527043,0.00162120307780635,0.453098660177693,0
"DTXSID7021360",92.14,3240.90465681722,2.95668059178716,402.038458787036,0.28518797347249,0.00105277824928729,0.63992643478544,0
"DTXSID8020462",106.12,0.254324961801186,11189.7884265498,0.0544458894844114,3.49403790222303,0.000947254261951106,0.641086073582637,0
"DTXSID8020913",128.18,5.9239876905758,0.142887893573634,3605.32589718322,1.01623814578107,0.000613379709973388,0.970869671067097,0
