"dtxsid","molwt","vapor","solub","kow","decay.air","decay.sur","diffus.air","conc.out"
"DTXSID2021781",278.35,0.00331084916963781,0.0546825059220163,16220.9735191254,1.1448036174771,0.00083660242066252,0.576087427594142,0
"DTXSID3020205",312.37,0.000355783668112127,0.0110080550972997,18387.8134327915,0.941248307888972,0.000943516621104033,0.556274736217341,0
"DTXSID7021360",92.14,1331.100003458,4.20967431518335,382.511318866666,0.408600391007026,0.00129463514746042,0.614791448148251,0
"DTXSID8020462",106.12,1.53290363748396,10247.6936059166,0.110115036061166,0.87022142904379,0.00123440438850016,0.680701351771468,0
"DTXSID8020913",128.18,6.2173723994303,0.152300331344331,1480.35808668551,1.68186202937412,0.00271726020666703,0.79634515314653,0
