"dtxsid","molwt","vapor","solub","kow","decay.air","decay.sur","diffus.air","conc.out"
"DTXSID2021781",278.35,0.00636491838784167,0.049830847667386,41468.411777951,1.23247717394801,0.00113700871834951,0.711484702757805,0
"DTXSID3020205",312.37,0.000296811143116074,0.00817844087687822,11699.3815606242,0.522416455428193,0.000561179907307241,0.561525685736861,0
"DTXSID7021360",92.14,7554.37042473137,4.77716768702228,611.417908449233,0.376358819293806,0.00206873944937022,0.649329442706684,0
"DTXSID8020462",106.12,0.464833896176582,7416.75016892367,0.0552419958815652,1.23524289920952,0.000763974192530022,0.558497827049921,0
"DTXSID8020913",128.18,6.10508149500407,0.175539976021343,2372.56146709331,1.02820822949742,0.000644990899411697,0.712792356582275,0
