"dtxsid","molwt","vapor","solub","kow","decay.air","decay.sur","diffus.air","conc.out"
"DTXSID2021781",278.35,0.00256447831447886,0.0366035032781782,71617.5693415217,0.840975757506719,0.00133443111718457,0.737668231609117,0
"DTXSID3020205",312.37,0.00054915754133268,0.0113899157416106,27754.9455865893,0.603811710070778,0.00127857158009161,0.493032915190355,0
"DTXSID7021360",92.14,1549.08138750708,6.84380038221649,618.501442276437,0.616526257920284,0.000839458918413051,1.07824348714291,0
"DTXSID8020462",106.12,0.492313696522668,7850.87170229832,0.0936365046568132,2.32729233536198,0.000706958310415768,0.780275810307901,0
"DTXSID8020913",128.18,4.53366155146818,0.166031011731529,2203.10614764461,0.845884780341719,0.00140966230144485,0.88156795389851,0
