"dtxsid","molwt","vapor","solub","kow","decay.air","decay.sur","diffus.air","conc.out"
"DTXSID2021781",278.35,0.00118542706792901,0.0318073210477668,28062.2880687798,0.895450456014253,0.000773071216953629,0.667566912978508,0
"DTXSID3020205",312.37,0.000844230264724728,0.0103811948260442,10096.7963013807,0.684990845037914,0.000895782659262355,0.606012719234046,0
"DTXSID7021360",92.14,7507.43357595864,5.40083769021489,609.675285477068,0.214212204491645,0.000625982820381284,1.07017633366795,0
"DTXSID8020462",106.12,0.808544147246686,6491.14826835185,0.0802420330252092,2.79859702635383,0.00231793903464611,0.471714296748651,0
"DTXSID8020913",128.18,16.3140225710593,0.146916648179963,1543.16068146194,0.933785804247685,0.00125434961049682,0.94680906262701,0
