"dtxsid","molwt","vapor","solub","kow","decay.air","decay.sur","diffus.air","conc.out"
"DTXSID2021781",278.35,0.0193877100127849,0.0353537832912853,12575.4396007987,0.382761771190366,0.000794921132573245,0.772277750400728,0
"DTXSID3020205",312.37,0.000210145575972796,0.00732741723729029,12967.4339237928,0.749756902127152,0.000852409308740359,0.561421835668408,0
"DTXSID7021360",92.14,7015.63391705184,6.96533623299069,434.162510056911,0.767054820799411,0.000673496837748867,2.01448548687603,0
"DTXSID8020462",106.12,2.7001996952829,12598.1930862018,0.0966570200461106,2.28219435881454,0.000781939087638589,0.889536165533151,0
"DTXSID8020913",128.18,2.81172858364946,0.159993656861407,3250.8764971758,0.851325407944053,0.000580643315995912,0.511895296637305,0
