"dtxsid","molwt","vapor","solub","kow","decay.air","decay.sur","diffus.air","conc.out"
"DTXSID2021781",278.35,0.00105853843069712,0.0337170772389464,30114.9922904384,0.36563268114562,0.00180274851109158,0.486254697473266,0
"DTXSID3020205",312.37,0.000168970572241333,0.0144618470487993,12868.278943518,0.787293139800472,0.000694265339285933,0.742012979439582,0
"DTXSID7021360",92.14,2059.19861472931,7.12112988081814,820.445746201466,0.213824658483468,0.00127759260393193,1.21471309829624,0
"DTXSID8020462",106.12,0.515753837610144,9022.9104581613,0.0931632614036455,2.39041123578933,0.000914604634430219,0.524871013281221,0
"DTXSID8020913",128.18,10.4391744026993,0.117513108338463,1927.35140860351,1.55646773173787,0.00199672257651312,0.726116013797657,0
