"dtxsid","molwt","vapor","solub","kow","decay.air","decay.sur","diffus.air","conc.out"
"DTXSID2021781",278.35,0.00299500738014068,0.0509445228354825,70558.3218089164,0.487430089387747,0.000666939840003094,0.58405135938271,0
"DTXSID3020205",312.37,0.000226168773936394,0.0103885855813401,17342.3908627463,0.54831535543824,0.000937614970148125,0.482265398243417,0
"DTXSID7021360",92.14,2773.44838912437,4.31117854952194,843.453407949794,0.276922972675601,0.000971958670191768,1.26833230178003,0
"DTXSID8020462",106.12,0.302961169614736,7499.26356043518,0.0679422265344192,1.74488472427616,0.00130934122790019,0.92658628437901,0
"DTXSID8020913",128.18,10.8680208809083,0.107207998933684,2909.95368082436,1.18634420098822,0.00137152042837672,0.618217628743695,0
