"dtxsid","molwt","vapor","solub","kow","decay.air","decay.sur","diffus.air","conc.out"
"DTXSID2021781",278.35,0.0016729841578422,0.0291656341569184,26570.2898071372,0.744581280346008,0.0018217840750159,0.819297770787735,0
"DTXSID3020205",312.37,0.00122946704733967,0.0112466053099179,19488.7262821854,1.47577525102433,0.000895648989830595,0.674485804918558,0
"DTXSID7021360",92.14,3911.44342404108,6.67609173371935,227.845761901052,0.284009582359321,0.00229502271558999,0.942169023151218,0
"DTXSID8020462",106.12,0.576012390232001,12913.7049398415,0.0574371894147257,4.07498696569964,0.000511870753476859,1.226735613372,0
"DTXSID8020913",128.18,9.22843102586013,0.143772713439654,1949.81791760772,2.07060136317751,0.00115166563918227,0.67222307315147,0
