"dtxsid","molwt","vapor","solub","kow","decay.air","decay.sur","diffus.air","conc.out"
"DTXSID2021781",278.35,0.00192384373967867,0.0435903116584215,19933.785297495,0.486017703252194,0.00130757830555626,0.352694749512739,0
"DTXSID3020205",312.37,0.000264721922810399,0.0139040844959672,28403.8707341396,0.726270288019502,0.00141944049255988,0.439144193311925,0
"DTXSID7021360",92.14,2070.21338172065,4.51358541214662,425.691871674827,0.492537393516111,0.000663267164058139,0.577662248844583,0
"DTXSID8020462",106.12,0.427241976559404,9347.95773302421,0.0572857502347737,5.95916377526464,0.00106999375725876,1.1893609030108,0
"DTXSID8020913",128.18,6.67544922859282,0.197868133250128,3669.19606831676,1.48489603647597,0.00174767844714707,0.517358244738977,0
