"dtxsid","molwt","vapor","solub","kow","decay.air","decay.sur","diffus.air","conc.out"
"DTXSID2021781",278.35,0.00543321977929742,0.0273318495868962,18383.8058726227,0.776815205823563,0.000627181931211634,0.419903475796695,0
"DTXSID3020205",312.37,0.00056792755484604,0.00947831161496121,27551.1738659885,1.11194409164477,0.000783484727477297,0.915543060527477,0
"DTXSID7021360",92.14,10530.5333473715,4.40394019691196,294.279328076959,0.918907329327271,0.000729005020219248,0.860605960607121,0
"DTXSID8020462",106.12,1.03494763678779,8343.51153884557,0.131493104776648,2.94795516219786,0.00169401784054779,0.994616747928744,0
"DTXSID8020913",128.18,18.0804649638739,0.209809475606031,2508.62624346307,1.40902747858758,0.00151542443048486,0.99412200692909,0
