"dtxsid","molwt","vapor","solub","kow","decay.air","decay.sur","diffus.air","conc.out"
"DTXSID2021781",278.35,0.00363811495597554,0.0461977023512465,32669.3902510051,0.614289549393862,0.00102179484696338,0.497040674827068,0
"DTXSID3020205",312.37,0.000303933923755683,0.0130846753153255,23744.3337778447,0.58091480416048,0.000961156611678422,0.36465206741419,0
"DTXSID7021360",92.14,10063.5339478797,4.9130810495723,289.462008488767,0.219673862312809,0.00110643961807693,1.03254492770586,0
"DTXSID8020462",106.12,0.8536638683096,5736.19324496618,0.0661746763388263,1.53166378018751,0.000660884057527727,1.07440301704903,0
"DTXSID8020913",128.18,12.4144001234248,0.111480456469132,2178.22455452859,1.67699712975677,0.000799891295033078,0.571684242032339,0
