"dtxsid","molwt","vapor","solub","kow","decay.air","decay.sur","diffus.air","conc.out"
"DTXSID2021781",278.35,0.00623952577481228,0.0351850274141214,33604.6633342551,0.570142510737515,0.000455618813193983,0.389315070507052,0
"DTXSID3020205",312.37,0.00125540210483655,0.0112092932791197,27712.9491682657,1.72559577831464,0.000530495946410513,0.386375128653906,0
"DTXSID7021360",92.14,2948.00163184908,4.25044907712339,518.176518131848,0.395094057924015,0.00123916757794443,0.632509135186746,0
"DTXSID8020462",106.12,0.809017096874883,7527.4307813061,0.14793785227924,2.60891841702383,0.000520818460170589,1.0333875616518,0
"DTXSID8020913",128.18,16.6192565160327,0.163223632895218,1544.90063553863,1.5849430201155,0.00123178202059508,0.563947843323799,0
