"dtxsid","molwt","vapor","solub","kow","decay.air","decay.sur","diffus.air","conc.out"
"DTXSID2021781",278.35,0.00120617648335267,0.0547086062975955,41317.4084964796,0.653118246521344,0.00152905290687392,0.378047339993583,0
"DTXSID3020205",312.37,0.000543995517083819,0.00910946583218034,11621.1057660831,0.592449262952827,0.000512320091587579,0.503960359761177,0
"DTXSID7021360",92.14,5973.55113389675,5.32715519935038,266.165810820288,0.202979712543916,0.000784380891495931,0.785341554565575,0
"DTXSID8020462",106.12,0.445030441936998,12041.7145632911,0.0792795921539915,1.95260387956673,0.000722676368751958,0.465348195061016,0
"DTXSID8020913",128.18,5.3841617728144,0.137207646171944,3394.60539709048,3.25757676239126,0.000937379311457332,0.831938871341545,0
