"dtxsid","molwt","vapor","solub","kow","decay.air","decay.sur","diffus.air","conc.out"
"DTXSID2021781",278.35,0.00365079537228896,0.0363938985435791,36151.6944429979,0.499409935018304,0.00100992765547153,0.576189630822497,0
"DTXSID3020205",312.37,0.000259378042840249,0.011679276876275,25417.1920029312,0.658869093220874,0.000839874445217838,0.599535121016058,0
"DTXSID7021360",92.14,7720.90209693266,4.63944672304156,791.117848266291,0.390859584467447,0.00091512950987363,0.72243118210386,0
"DTXSID8020462",106.12,0.721104401470802,13030.0708945168,0.0373701485575298,2.56910512400946,0.00116265096401745,1.35718787819879,0
"DTXSID8020913",128.18,6.37783346525935,0.120664911526855,1427.71056138686,1.07011247591821,0.00127411374323033,1.11127360201045,0
