"dtxsid","molwt","vapor","solub","kow","decay.air","decay.sur","diffus.air","conc.out"
"DTXSID2021781",278.35,0.00312912745400005,0.0639407271586829,45676.7239428606,0.608571799459845,0.00165484880183005,0.510105138452345,0
"DTXSID3020205",312.37,0.000416255841157384,0.0152372341500458,17187.0381230417,0.264726019802798,0.000776002320366659,0.557483626343829,0
"DTXSID7021360",92.14,2124.46654984398,3.58702477491021,679.10153767101,0.387247905927006,0.00147839185990037,0.888193939757591,0
"DTXSID8020462",106.12,0.362243711050842,6324.08173984893,0.0740626709985861,0.838960765490805,0.000924680317554675,0.823516921431413,0
"DTXSID8020913",128.18,3.89328206242085,0.109233243225835,4356.07881175002,1.79468302697775,0.00257315145506709,0.859100557002801,0
