"dtxsid","molwt","vapor","solub","kow","decay.air","decay.sur","diffus.air","conc.out"
"DTXSID2021781",278.35,0.00309495436066346,0.0383755349332966,21098.0490965724,0.38532763629234,0.00133728594386111,0.572227210588655,0
"DTXSID3020205",312.37,0.000781408913472287,0.0072730310583503,15255.0603248272,2.44974634846706,0.000471747629115577,0.364718237430023,0
"DTXSID7021360",92.14,1897.51118414643,3.78648160489892,357.896020281285,0.60023105800043,0.00128692054595981,0.596277957396686,0
"DTXSID8020462",106.12,0.69131998106323,10651.4678801845,0.0763129042800875,2.58464393330962,0.000970660825484159,0.588147733445682,0
"DTXSID8020913",128.18,2.85807073568265,0.13684933954557,2398.19253983513,0.811478840752697,0.000681186959755435,0.779715960600356,0
