"dtxsid","molwt","vapor","solub","kow","decay.air","decay.sur","diffus.air","conc.out"
"DTXSID2021781",278.35,0.00291709985901304,0.0399868250819629,45420.8151404273,0.541977863052418,0.000588255973231574,0.416194973994035,0
"DTXSID3020205",312.37,0.000613228020374489,0.00819354433059288,20921.3169276682,0.426921720933644,0.000906569904636787,0.733186609719123,0
"DTXSID7021360",92.14,4159.02072827464,7.81262396996064,274.933383144994,0.544891419480351,0.0014298453491031,1.00236516763706,0
"DTXSID8020462",106.12,1.26853507288234,8367.86721134025,0.12858534196677,1.77477138864848,0.000630830242676625,0.784907465946132,0
"DTXSID8020913",128.18,15.0609565271343,0.116180091059213,2564.58736859561,0.867356062105944,0.00103580877047521,0.647255004546926,0
