"dtxsid","molwt","vapor","solub","kow","decay.air","decay.sur","diffus.air","conc.out"
"DTXSID2021781",278.35,0.00214892163356134,0.0372119738962819,21435.6394020301,0.442935225188603,0.000865534400417788,0.404074794334453,0
"DTXSID3020205",312.37,0.000423918696928538,0.00718261592219272,19630.5850662508,0.854118337587617,0.00143134072200451,0.697145299799056,0
"DTXSID7021360",92.14,2953.16683440357,5.10658990466148,406.592950817633,0.233994887638666,0.000918982976383942,0.506287811138739,0
"DTXSID8020462",106.12,0.815432014953117,16005.8922315229,0.110916716796724,1.50459607469411,0.00129658559890689,1.10148453026612,0
"DTXSID8020913",128.18,6.62473377273785,0.153688407207368,1325.67459681498,1.50969993452918,0.000850491145176867,1.05043917019521,0
