"dtxsid","molwt","vapor","solub","kow","decay.air","decay.sur","diffus.air","conc.out"
"DTXSID2021781",278.35,0.020902238885686,0.0251855897480803,22842.5148837135,0.737094739017805,0.00051737731462197,0.508611620956524,0
"DTXSID3020205",312.37,0.000387382301623705,0.0130123025986718,13921.2461581001,0.66263162139031,0.00136783467533453,0.6297228032018,0
"DTXSID7021360",92.14,1455.35324692221,3.26618106791854,716.638989906184,0.255161340399676,0.000626940397309724,1.47791093966558,0
"DTXSID8020462",106.12,0.672830493682682,9108.19124679428,0.130015287785474,2.27516861487911,0.000749811952026415,1.26180079423339,0
"DTXSID8020913",128.18,2.78558960385803,0.14107779615436,3532.11775507641,1.87811083751251,0.00108922578696059,0.760968167594534,0
