"dtxsid","molwt","vapor","solub","kow","decay.air","decay.sur","diffus.air","conc.out"
"DTXSID2021781",278.35,0.00195417207846252,0.0440730203160821,24749.9852014038,0.338857055946057,0.00131499736821126,0.684266961034712,0
"DTXSID3020205",312.37,0.000206449324364755,0.0105832581359969,17243.3642441877,0.775006538198798,0.000395457114376295,0.495482315253427,0
"DTXSID7021360",92.14,6149.80100558851,6.55435207022262,561.946095935565,0.214535929065402,0.000745148116445771,0.781071544252494,0
"DTXSID8020462",106.12,1.07294453243657,6356.10294480642,0.122605186301626,3.51489770943087,0.00143881740484471,0.897733143505479,0
"DTXSID8020913",128.18,14.4828633927369,0.100708892071138,4132.43801477213,1.82690167325553,0.000487576456694682,1.09760986184245,0
