"dtxsid","molwt","vapor","solub","kow","decay.air","decay.sur","diffus.air","conc.out"
"DTXSID2021781",278.35,0.00276779011202975,0.0404868171420045,28991.0254014062,0.979716098506348,0.000779201275888566,0.673599559786665,0
"DTXSID3020205",312.37,0.000541459159543777,0.0140191280340134,28311.8812536358,0.947479248399506,0.000815158574384619,0.481898552444298,0
"DTXSID7021360",92.14,1628.78843280268,5.13063985426942,686.242424869406,0.438725378623293,0.000535620638279231,1.09594246649923,0
"DTXSID8020462",106.12,0.459886456756287,9001.68293179968,0.0635393872229817,1.39734906074657,0.00103612050985879,1.57180323624245,0
"DTXSID8020913",128.18,10.5722738395107,0.217952982050434,2753.84926594178,1.41344263272969,0.000798596012491147,0.987697780223839,0
