"dtxsid","molwt","vapor","solub","kow","decay.air","decay.sur","diffus.air","conc.out"
"DTXSID2021781",278.35,0.00518977619161762,0.0318770746848196,60624.4261809375,0.496348882945369,0.00147646637382385,1.05348069786419,0
"DTXSID3020205",312.37,0.00136734243742596,0.0153330004869256,22421.8911018242,1.47723505347014,0.00125472928471006,0.625104539496782,0
"DTXSID7021360",92.14,739.387226911485,4.2841892348658,1103.87070181382,0.43151784878868,0.00110664126544115,0.538980705167229,0
"DTXSID8020462",106.12,0.380573700378106,10095.1665178435,0.093970849124445,5.46317338955853,0.000741284886111986,0.532832877839659,0
"DTXSID8020913",128.18,2.16872434468107,0.139169184286599,1878.52209259222,1.2471514663515,0.000616803789251354,0.516200435677377,0
