"dtxsid","molwt","vapor","solub","kow","decay.air","decay.sur","diffus.air","conc.out"
"DTXSID2021781",278.35,0.0019049299291187,0.0333144624840674,45595.7058968806,0.90295768848687,0.00110440642135757,0.477884080213642,0
"DTXSID3020205",312.37,0.000439185832583012,0.00932133548128133,38122.9772390818,1.36134652441474,0.000376076180486047,0.467277842357921,0
"DTXSID7021360",92.14,1983.27378790015,7.06489126543589,436.274254660884,0.193218580710022,0.000775378933600891,0.883324855927606,0
"DTXSID8020462",106.12,0.633534446572792,8396.07145439695,0.0974533450087125,2.22230146095591,0.000378354917524368,0.672216770109614,0
"DTXSID8020913",128.18,14.2609495337318,0.161206511938721,3297.08968022508,0.748819969326042,0.00077569560419726,0.917694762536779,0
