"dtxsid","molwt","vapor","solub","kow","decay.air","decay.sur","diffus.air","conc.out"
"DTXSID2021781",278.35,0.00559611602822942,0.0492866043786887,15783.3311105912,0.454178852917091,0.000995014364459275,0.543002654355634,0
"DTXSID3020205",312.37,0.000363868770449809,0.00962098648457402,27133.2018681876,0.359820991529813,0.00234112771809934,0.741579706186197,0
"DTXSID7021360",92.14,3746.55354574029,5.82560984565371,272.867023546282,0.58252723025914,0.000914208093523442,0.533571284031448,0
"DTXSID8020462",106.12,0.299748921424939,6126.16030495304,0.128153016448432,1.59379212790289,0.0010128423121471,1.02417942203075,0
"DTXSID8020913",128.18,3.62784357385067,0.178599700990818,2567.15558170542,1.78050729192573,0.00189784181877853,0.767599589897616,0
