"dtxsid","molwt","vapor","solub","kow","decay.air","decay.sur","diffus.air","conc.out"
"DTXSID2021781",278.35,0.00611047342276984,0.0276217235176519,42141.5970565239,1.16685094805025,0.00110124853130983,0.404937650308894,0
"DTXSID3020205",312.37,0.000674962671755209,0.00814734370680767,26783.4001633119,1.75230200900519,0.000329801345753539,0.42640292541444,0
"DTXSID7021360",92.14,1195.34009390447,3.75105990404391,539.287320712797,0.172464673550305,0.000697157721243643,0.882609776866077,0
"DTXSID8020462",106.12,1.56047492829328,7354.56815636767,0.104657208985695,1.0201169442656,0.000870699518910158,1.09214132065086,0
"DTXSID8020913",128.18,5.83084755617145,0.14297795673682,3001.45303134913,2.1796736653973,0.00105234931402615,1.29797923617938,0
