"dtxsid","molwt","vapor","solub","kow","decay.air","decay.sur","diffus.air","conc.out"
"DTXSID2021781",278.35,0.00291084513279274,0.0529808672472406,27165.5583199295,0.614591354285182,0.000940660899709088,0.511166785467954,0
"DTXSID3020205",312.37,0.000549995930786999,0.00968074932252993,17521.1290839832,0.770408711180517,0.000916676922808568,0.611134011478881,0
"DTXSID7021360",92.14,2995.52190358267,4.18236468250301,417.997919506942,0.436862303562529,0.000931258252667989,0.995453656131551,0
"DTXSID8020462",106.12,0.799460907514044,5957.88464730134,0.0822583396710286,2.7743575422571,0.00109685740434171,1.06379729563007,0
"DTXSID8020913",128.18,11.0879789135014,0.16886554178355,2392.20015656515,0.695199428656797,0.00111452869656189,0.465026451631494,0
