"dtxsid","molwt","vapor","solub","kow","decay.air","decay.sur","diffus.air","conc.out"
"DTXSID2021781",278.35,0.00289410626867914,0.0272708132792545,32282.4635649405,1.03523180327145,0.00140756335136805,0.418584224078008,0
"DTXSID3020205",312.37,0.000695822368625237,0.00654355192535201,20390.7623931625,0.973700619746801,0.00103688721121512,0.467927493594333,0
"DTXSID7021360",92.14,3042.77991106997,4.08878475900447,86.128903224573,0.44698181486727,0.000508379189750022,1.00588663613707,0
"DTXSID8020462",106.12,1.04160400639035,9926.648956846,0.199036534980679,0.791574846680062,0.000548763828080087,0.876208377310995,0
"DTXSID8020913",128.18,3.13278705498199,0.167477847851633,5121.39953376118,0.940922027582344,0.0010869388411534,0.648810223972631,0
