"dtxsid","molwt","vapor","solub","kow","decay.air","decay.sur","diffus.air","conc.out"
"DTXSID2021781",278.35,0.00280593349742839,0.0441562953662887,31005.7400517983,0.450339808734746,0.00148589574340199,0.560352138265431,0
"DTXSID3020205",312.37,0.00126282651921362,0.0112602250961933,18114.2711102834,0.563349932583459,0.000519455563060705,0.58833898024318,0
"DTXSID7021360",92.14,2133.83065708411,5.22235829857483,302.264445308931,0.317494199875919,0.000796593876223048,1.37922751912152,0
"DTXSID8020462",106.12,1.25931187279044,8575.21823707402,0.0512658856787259,1.51329302697682,0.000940991776019929,0.616623525300168,0
"DTXSID8020913",128.18,3.4820863482376,0.149798324570313,1156.43465423903,1.05136391779772,0.00120158546913664,0.676940176515681,0
