"dtxsid","molwt","vapor","solub","kow","decay.air","decay.sur","diffus.air","conc.out"
"DTXSID2021781",278.35,0.00209749552069069,0.0401674349654149,22786.6221166513,0.437008214915883,0.00119977231068086,0.543774853490073,0
"DTXSID3020205",312.37,0.000762473120315877,0.00927191902352009,18535.8205700581,0.735047258176653,0.00180837242751804,0.385245452140587,0
"DTXSID7021360",92.14,4013.44294434209,4.3910020185602,219.950594320387,0.571693357573549,0.00150219661613621,0.68043533371012,0
"DTXSID8020462",106.12,0.235284738344689,9341.10945215054,0.0625814909597035,2.12107499904127,0.000712627350637075,0.924655810524242,0
"DTXSID8020913",128.18,7.65372357898595,0.146720867351993,2259.19616627645,4.52952610792672,0.000615811108384467,1.01261167908061,0
