"dtxsid","molwt","vapor","solub","kow","decay.air","decay.sur","diffus.air","conc.out"
"DTXSID2021781",278.35,0.00230976654347635,0.0391824782937544,57441.1953297605,0.432052288480469,0.00156602182919158,0.521540748799809,0
"DTXSID3020205",312.37,0.000225696624240769,0.00680862267730791,17042.0809607758,0.860990478715397,0.00130430290149143,0.465404532625647,0
"DTXSID7021360",92.14,7275.45848604685,4.41372082093339,413.288594745247,0.249561824810391,0.0012051953440996,0.947048046754622,0
"DTXSID8020462",106.12,1.04423237935961,9268.59406541976,0.136665695354386,1.69334185195457,0.000876328303316476,0.945143349061607,0
"DTXSID8020913",128.18,4.67065735954889,0.114573977078491,1902.90367133658,1.63365844544371,0.000813988166898348,0.997042061922679,0
