"dtxsid","molwt","vapor","solub","kow","decay.air","decay.sur","diffus.air","conc.out"
"DTXSID2021781",278.35,0.00120806350694633,0.0413179846178914,36407.3284555362,0.587793566517933,0.000805687797014371,0.515902869384117,0
"DTXSID3020205",312.37,0.000413557070624877,0.00893777717226906,18560.1642873219,0.655281787276916,0.00192542463462787,0.484699479827498,0
"DTXSID7021360",92.14,2551.62918497481,4.16998964529461,403.37056809996,0.329225897636897,0.000993376210542444,1.21056807275687,0
"DTXSID8020462",106.12,0.981051415994387,7442.43805037058,0.0618199125097992,2.0695437864827,0.000830155144595901,0.916771896770159,0
"DTXSID8020913",128.18,2.16453052732547,0.104981901351749,1103.47542721492,1.67956456128853,0.00157767417909971,0.683623277210174,0
