"dtxsid","molwt","vapor","solub","kow","decay.air","decay.sur","diffus.air","conc.out"
"DTXSID2021781",278.35,0.00233713764638712,0.0425132854322335,22090.2552202384,0.570999318465056,0.000975800655579617,0.53799127695008,0
"DTXSID3020205",312.37,0.000955850451351346,0.0136383186100346,14959.8501354069,0.555422624699466,0.00118403764640645,0.426344537241642,0
"DTXSID7021360",92.14,3087.73338418299,5.47873294162856,431.283175804398,0.217824710961625,0.000698381476794418,0.583297763551414,0
"DTXSID8020462",106.12,2.5541236360157,6617.34558902451,0.087767369568472,1.31433661415394,0.0025542373702083,0.636750401014177,0
"DTXSID8020913",128.18,1.35730306650743,0.135356572090547,2641.59387479768,1.54488514816151,0.00101651582302699,0.816931420080981,0
