"dtxsid","molwt","vapor","solub","kow","decay.air","decay.sur","diffus.air","conc.out"
"DTXSID2021781",278.35,0.003464085727814,0.0520905871962337,30736.385569581,0.499239051453816,0.00116872958923876,0.4654015117741,0
"DTXSID3020205",312.37,0.000554582166349952,0.0103358327614949,24434.9876360644,0.777510590295705,0.00184865796866196,0.350007310143695,0
"DTXSID7021360",92.14,1016.01217349882,3.72910585313793,197.804015494583,0.573272414246758,0.00170084259057194,1.12952772186237,0
"DTXSID8020462",106.12,3.25202006477572,5692.62992298454,0.0608813081342803,1.46055079178254,0.000456075738800253,1.00137975265986,0
"DTXSID8020913",128.18,11.4352728762604,0.180650382935813,2217.36679399992,1.17150108666142,0.00294456398097042,0.705197667612334,0
