"dtxsid","molwt","vapor","solub","kow","decay.air","decay.sur","diffus.air","conc.out"
"DTXSID2021781",278.35,0.00104933472678315,0.036915144019563,47535.5167728372,0.807587920734261,0.000951693303697943,0.524202428744474,0
"DTXSID3020205",312.37,0.000423587580763283,0.012432724077683,14820.657448614,0.752095760016019,0.00157351770887164,0.770648990693984,0
"DTXSID7021360",92.14,1987.42936639935,6.20519861590331,436.565122245432,0.322299865588543,0.00375118898409253,1.04800255297791,0
"DTXSID8020462",106.12,0.827649958979872,6280.50089816837,0.146957336451299,1.03841109256506,0.000574931948869922,0.851132812908032,0
"DTXSID8020913",128.18,7.00990899027492,0.142936961547801,1905.93792549929,1.412733781689,0.000728506178165631,0.542559489305411,0
