"dtxsid","molwt","vapor","solub","kow","decay.air","decay.sur","diffus.air","conc.out"
"DTXSID2021781",278.35,0.00709811153978643,0.0259320698053273,82592.870872139,0.269005819390391,0.000764276368061895,0.379538844790197,0
"DTXSID3020205",312.37,0.000587375145537318,0.00810176933991298,21612.1752674015,0.798820827104582,0.000786081012384497,0.487226476543291,0
"DTXSID7021360",92.14,3717.90173293199,4.95927399003247,539.590001089164,0.269474532411868,0.00144525876030159,1.55140560370326,0
"DTXSID8020462",106.12,0.48153761988614,7611.86258138799,0.0664085990969367,1.71699868828411,0.00217652242871157,0.625859979343386,0
"DTXSID8020913",128.18,0.938322699138373,0.151828131354021,3782.50834557559,0.817316182368538,0.00101455463387225,1.01078450278274,0
