"dtxsid","molwt","vapor","solub","kow","decay.air","decay.sur","diffus.air","conc.out"
"DTXSID2021781",278.35,0.0021434594808259,0.0355907557048569,43158.5523973277,0.572738872423288,0.00188182784608461,0.413998949496432,0
"DTXSID3020205",312.37,0.000437738474750267,0.0129374645556507,18898.9320828593,0.785820063528539,0.000623044906405984,0.500254942364454,0
"DTXSID7021360",92.14,1185.59617381028,2.99955743619528,245.683457003285,0.493128821445143,0.000423953378673212,1.89307471876402,0
"DTXSID8020462",106.12,0.369996770875346,8049.44879173597,0.106711656914698,3.11378655938334,0.00181403949779449,0.829896771638273,0
"DTXSID8020913",128.18,20.3414615590314,0.208189794990472,2121.95743310796,1.82426485449677,0.00145983115478865,0.954157464726564,0
