"dtxsid","molwt","vapor","solub","kow","decay.air","decay.sur","diffus.air","conc.out"
"DTXSID2021781",278.35,0.00295532504474617,0.0413172019112027,37403.5982256697,0.529464422399872,0.00148650607960691,0.358081314721613,0
"DTXSID3020205",312.37,0.000341078839545381,0.00691553817491346,20460.7555689524,0.570456505613227,0.00107045331005279,0.422989282580727,0
"DTXSID7021360",92.14,6029.47566004671,5.86484655095043,535.125458926916,0.272908009934937,0.000682792004416604,1.01321830415296,0
"DTXSID8020462",106.12,0.934312135803695,8877.12025999683,0.0883847319342959,1.9097005197889,0.00066783637567017,0.88722254642377,0
"DTXSID8020913",128.18,9.26175919999471,0.0991103960750274,2188.52506753661,1.62857209312588,0.00134278870694083,0.707623003526374,0
