"dtxsid","molwt","vapor","solub","kow","decay.air","decay.sur","diffus.air","conc.out"
"DTXSID2021781",278.35,0.0134288841441571,0.033876616702874,25209.1797134489,0.190177780623841,0.000765659324008112,0.544549029527399,0
"DTXSID3020205",312.37,0.00126254665687877,0.0101570794568198,32402.1912488201,0.639011436779068,0.000776374340644413,0.529591678287071,0
"DTXSID7021360",92.14,1313.21118536451,5.38186358715896,832.512581551994,0.524819386448225,0.00117915261467386,0.677343048445567,0
"DTXSID8020462",106.12,0.0990019066226922,7784.50706281462,0.0849711855742155,2.27734109376622,0.0010432429104297,0.718077396949044,0
"DTXSID8020913",128.18,11.884207964374,0.160029662448445,1501.98609562828,2.41147682042225,0.00183665106600554,0.996621308891567,0
