"dtxsid","molwt","vapor","solub","kow","decay.air","decay.sur","diffus.air","conc.out"
"DTXSID2021781",278.35,0.00185539589968562,0.0374229473708415,31562.2209794281,0.320944738684273,0.000944211357948926,0.424301665935557,0
"DTXSID3020205",312.37,0.000680922178248371,0.00808199208513391,22229.0824942398,0.378459654575778,0.00110818097029783,0.454902293638145,0
"DTXSID7021360",92.14,2758.10052510678,3.41954322722023,317.415543026909,0.201528968511952,0.00078604406532086,1.03626715916919,0
"DTXSID8020462",106.12,1.47118562266085,7806.18667718725,0.0691587952491929,2.21168378557321,0.00102845468726249,1.00928320105036,0
"DTXSID8020913",128.18,4.97607278557138,0.113592456545423,2203.71912220981,1.76302407789204,0.000714899957987512,0.675693853596263,0
