"dtxsid","molwt","vapor","solub","kow","decay.air","decay.sur","diffus.air","conc.out"
"DTXSID2021781",278.35,0.00407298047742378,0.0433669661467707,44022.0543188442,0.787583397960842,0.000632094906118209,0.516969288211658,0
"DTXSID3020205",312.37,0.000805823138900832,0.00647621585547716,13836.5135112678,0.306121349407796,0.00151808736614322,0.600457874517943,0
"DTXSID7021360",92.14,14159.5408534078,3.9563450510357,265.324019033825,0.308254792487564,0.00152199739283533,0.876326644414019,0
"DTXSID8020462",106.12,0.200677612759913,6461.30265156799,0.0824070137162829,1.25452656475046,0.000934968335982715,1.28839014458174,0
"DTXSID8020913",128.18,20.4413961872636,0.144999459787713,3921.39830427193,1.09677296695799,0.000936384804336022,0.820999601880466,0
