"dtxsid","molwt","vapor","solub","kow","decay.air","decay.sur","diffus.air","conc.out"
"DTXSID2021781",278.35,0.00344910037822581,0.0523253791175172,37323.8774113896,0.907510772653133,0.000760850987797316,0.508829715294692,0
"DTXSID3020205",312.37,0.000687577031292743,0.0160174941419774,27220.157544274,0.816410459498109,0.00108577754107307,0.562665672927956,0
"DTXSID7021360",92.14,5484.19891903973,3.34172244200367,545.528624316886,0.351069231594895,0.000592754427614358,1.18701110434682,0
"DTXSID8020462",106.12,1.62017636276391,5276.32870963723,0.125599073365442,1.04439139714587,0.000994260045013875,0.517781380767691,0
"DTXSID8020913",128.18,26.9974647126242,0.103805707049636,5004.94667790142,2.39639246791375,0.00040287092728214,0.681572137386922,0
