"dtxsid","molwt","vapor","solub","kow","decay.air","decay.sur","diffus.air","conc.out"
"DTXSID2021781",278.35,0.000358181685837276,0.0393047553716916,38269.773420327,0.726411280160161,0.000736317954370211,0.692131743651685,0
"DTXSID3020205",312.37,0.00082674798745627,0.0156085631332216,19935.2428453935,0.56782372898496,0.000481482549832718,0.424395045302372,0
"DTXSID7021360",92.14,4081.70091411043,2.76696979349787,485.618315104813,0.628692438595152,0.000673048777008694,0.888446269378723,0
"DTXSID8020462",106.12,0.599568155875521,9699.97070755396,0.0774057586474853,2.98030619841126,0.00118320855982985,0.684897456880356,0
"DTXSID8020913",128.18,11.1874524497257,0.104845772359224,1799.82731190325,0.905438263516049,0.00138597054148028,0.646061971617818,0
