"dtxsid","molwt","vapor","solub","kow","decay.air","decay.sur","diffus.air","conc.out"
"DTXSID2021781",278.35,0.00510346223861585,0.0287351329741269,32406.9966255806,0.543785628257925,0.00147176508598615,0.492943794915504,0
"DTXSID3020205",312.37,0.000792163201942342,0.00796165373259831,19644.1659356083,1.43206036235904,0.000765109591967764,0.628845077564649,0
"DTXSID7021360",92.14,4215.51400966837,3.61405616967616,255.834135189112,0.390329363657285,0.00141065090213749,0.937697778130371,0
"DTXSID8020462",106.12,0.934131238481895,13046.6232203115,0.0436140932414489,2.60732196242673,0.000520267413477663,0.656158955506013,0
"DTXSID8020913",128.18,5.66797137095732,0.0925350563776287,907.571690185754,0.910696021497101,0.00110926026296954,1.08943974910272,0
