"dtxsid","molwt","vapor","solub","kow","decay.air","decay.sur","diffus.air","conc.out"
"DTXSID2021781",278.35,0.00331393308431061,0.0316112646513019,18775.0214155816,1.76159442842117,0.000736046350115102,0.391226375756513,0
"DTXSID3020205",312.37,0.000317969042350286,0.0130974171754927,17025.3553878277,0.76262916319022,0.000853214308941424,0.580524301005618,0
"DTXSID7021360",92.14,1375.24866842624,4.32932411008151,285.708200855292,0.242559094808665,0.00132263642409852,0.987373466016453,0
"DTXSID8020462",106.12,1.39054151150991,8786.8098883987,0.0740931017983832,1.57821154134103,0.00136130213098737,0.735853571656805,0
"DTXSID8020913",128.18,5.87325283027923,0.117406094667396,2725.1969211568,1.87919263511278,0.000693869493286815,0.653443753992544,0
