"dtxsid","molwt","vapor","solub","kow","decay.air","decay.sur","diffus.air","conc.out"
"DTXSID2021781",278.35,0.00236122461755555,0.0269233633933063,28988.0993703803,1.33033601590577,0.00142452512045637,0.391750113325043,0
"DTXSID3020205",312.37,0.000288735928220351,0.012440476630875,25289.9262494685,0.41498474614603,0.00116625483044287,0.436351674211562,0
"DTXSID7021360",92.14,1714.34751801163,6.40112606206244,215.568711716024,0.275936648427123,0.00128573178802242,0.556382124172494,0
"DTXSID8020462",106.12,0.227674138137119,9151.08544145246,0.0690459144979922,1.6996032868392,0.00158318172664495,1.11948249597185,0
"DTXSID8020913",128.18,3.72980827587136,0.134469974345771,2707.00211094405,1.92245374289089,0.00199689709318553,1.51345854560854,0
