"dtxsid","molwt","vapor","solub","kow","decay.air","decay.sur","diffus.air","conc.out"
"DTXSID2021781",278.35,0.00297618171931659,0.0402009294835589,35981.0861223644,0.465577479029683,0.000572199642504028,0.788740963426857,0
"DTXSID3020205",312.37,0.000400911378155137,0.0137996878342972,30088.1740818451,0.56888838455645,0.000587744641016237,0.597648969861364,0
"DTXSID7021360",92.14,2297.93050493967,6.93704851437451,424.728653689201,0.313881175709877,0.000854757705139495,0.735136116592694,0
"DTXSID8020462",106.12,0.418618741037925,9306.28224903678,0.104635785773176,2.73824425811868,0.000569977450448245,0.722404402198672,0
"DTXSID8020913",128.18,11.6337909365465,0.293613173515431,4528.21025494112,1.46034774363332,0.000843352635357867,0.818598435449294,0
