"dtxsid","molwt","vapor","solub","kow","decay.air","decay.sur","diffus.air","conc.out"
"DTXSID2021781",278.35,0.00257613190134105,0.0467774521001179,21462.3441920042,0.684063872560111,0.00105103294422694,0.526857696557935,0
"DTXSID3020205",312.37,0.000416865407712733,0.0121155403282323,19742.1811548491,0.507612790999788,0.00112863323654173,0.370909318420115,0
"DTXSID7021360",92.14,2985.86929407587,6.33800002940921,435.570305338918,0.520853570134651,0.00201100454783307,1.23533674967163,0
"DTXSID8020462",106.12,0.690017445208063,9040.28999290952,0.124038854250848,1.18873606555566,0.000551213657690785,0.805974979356019,0
"DTXSID8020913",128.18,6.35220393795743,0.15976427647791,1557.24594025213,1.78963264942732,0.000912968230271531,0.679673944853837,0
