"dtxsid","molwt","vapor","solub","kow","decay.air","decay.sur","diffus.air","conc.out"
"DTXSID2021781",278.35,0.00231379762279066,0.0364197182304889,40203.1385648862,0.928542385262002,0.00100401347721856,0.65015279683551,0
"DTXSID3020205",312.37,0.00192794240421192,0.0107350157743359,22556.0090316282,0.566797226479968,0.00048720292597131,0.568367953180101,0
"DTXSID7021360",92.14,5908.33308692072,5.61551760473659,254.630306831314,0.480342284243484,0.00144492087827197,0.473253518207518,0
"DTXSID8020462",106.12,0.745342430546935,8658.29134702635,0.242027061569106,2.57887422949591,0.000740891975244782,0.453412352496279,0
"DTXSID8020913",128.18,0.841927816195072,0.178118704214498,3750.5317667006,0.73707644552678,0.000387483445362801,0.622370706867136,0
