"dtxsid","molwt","vapor","solub","kow","decay.air","decay.sur","diffus.air","conc.out"
"DTXSID2021781",278.35,0.000878929139751061,0.0326138537243529,13527.9165302357,0.768190167693925,0.00081261951657465,0.677815069500772,0
"DTXSID3020205",312.37,0.000686680644293835,0.00888331428841934,34294.9422515109,0.201001395710388,0.00056523150960585,0.270936528824622,0
"DTXSID7021360",92.14,2488.93166629451,3.65172009127518,294.631512204814,0.303077487763442,0.000629033941297623,0.609937319259805,0
"DTXSID8020462",106.12,2.45418850158088,9160.66759028551,0.0463304923425352,3.97184117686518,0.00109432518323318,0.861119059231715,0
"DTXSID8020913",128.18,4.00915337445896,0.172206206712366,4962.56926297619,2.47118018284146,0.00114984865499997,0.687651999742292,0
