"dtxsid","molwt","vapor","solub","kow","decay.air","decay.sur","diffus.air","conc.out"
"DTXSID2021781",278.35,0.0017196450859647,0.0308067266461417,29647.2537852205,0.85352159072099,0.000621038323355618,0.740987524781424,0
"DTXSID3020205",312.37,0.000381551490556219,0.0130351648041733,20991.6426258216,0.61413124183606,0.000676667139588641,0.555941765021216,0
"DTXSID7021360",92.14,6864.23719951884,5.01090501822388,282.885749612619,0.643695144694881,0.0013402231995209,0.971771694758532,0
"DTXSID8020462",106.12,2.75178542573843,10104.9675797603,0.0633115781713322,4.55862526102707,0.00170056485009665,0.709335294345549,0
"DTXSID8020913",128.18,3.46848461655332,0.136397362184017,2045.64469895996,1.58003755131761,0.00100207192987099,0.73924075043415,0
