"dtxsid","molwt","vapor","solub","kow","decay.air","decay.sur","diffus.air","conc.out"
"DTXSID2021781",278.35,0.0042011098621755,0.0418489985887261,15488.5724210434,0.64131303039354,0.000545386692754548,0.503470291268687,0
"DTXSID3020205",312.37,0.0002139275100751,0.0108728370405914,15489.9054003879,0.678235252973706,0.0015083478262023,0.732570483767916,0
"DTXSID7021360",92.14,3576.00258531779,5.21132814318573,335.530847796693,0.322402894815114,0.00129453857120246,0.925622000741123,0
"DTXSID8020462",106.12,0.212575847143335,8232.93796867458,0.0821977210550754,0.97389937017407,0.000967647206680763,0.632831612201531,0
"DTXSID8020913",128.18,6.26930843448654,0.146112257528739,2991.29672107746,2.241534431,0.000865549264871989,0.981889526422428,0
