"dtxsid","molwt","vapor","solub","kow","decay.air","decay.sur","diffus.air","conc.out"
"DTXSID2021781",278.35,0.00386398839435282,0.0590783741896873,28372.4319010588,1.07929844350373,0.00124544016656108,0.570617877726487,0
"DTXSID3020205",312.37,0.00162324111543143,0.0092348889248559,12912.0823684226,0.498059288175724,0.0018505154964495,0.528743748278426,0
"DTXSID7021360",92.14,5490.06748473842,4.46487518204411,565.150009503392,0.364978645367053,0.00128008785339361,0.614790289614362,0
"DTXSID8020462",106.12,0.363017036579344,10767.4944636562,0.0825191322407813,2.17018062293918,0.000928981237781503,0.845921433783431,0
"DTXSID8020913",128.18,20.968245804277,0.130009731257258,1799.85915538723,1.17650189164037,0.000732349714251688,0.804189093671115,0
