"dtxsid","molwt","vapor","solub","kow","decay.air","decay.sur","diffus.air","conc.out"
"DTXSID2021781",278.35,0.000803520561624637,0.0760293512116025,33790.2024498115,0.635583478738083,0.000718045939934922,0.464778625091372,0
"DTXSID3020205",312.37,0.000740402059812379,0.0120535271252491,15891.3009160867,0.872642762949498,0.000837587461669339,0.479286742263979,0
"DTXSID7021360",92.14,3359.75447004406,3.95448963502359,315.404686333005,0.557528885591502,0.00141944658283745,0.908091687156555,0
"DTXSID8020462",106.12,0.400994852727541,7431.63394040013,0.165768632908205,1.40991945884793,0.00105128862705964,0.557395547726601,0
"DTXSID8020913",128.18,6.10754599583406,0.114564783876842,2801.67015876282,2.89281281160721,0.000449304715371284,1.06472227347828,0
