"dtxsid","molwt","vapor","solub","kow","decay.air","decay.sur","diffus.air","conc.out"
"DTXSID2021781",278.35,0.00874910072066034,0.032782756166776,42426.1890839346,1.14890775769581,0.00164877762039938,0.678248597039828,0
"DTXSID3020205",312.37,0.00076565478964313,0.00938207624684899,12911.1734179527,0.882731409957922,0.000889770712667601,0.581620436056929,0
"DTXSID7021360",92.14,6240.81839190242,6.21470894801628,299.388974258909,0.36639699322194,0.000887952950988016,0.915274116477345,0
"DTXSID8020462",106.12,0.878145725374386,9574.87166586675,0.0878934431474056,3.33535650765949,0.000586381072782228,0.676240399606254,0
"DTXSID8020913",128.18,7.45579002278843,0.199621497071017,4537.20856085865,2.22099907012467,0.000583631989523569,0.696883322112064,0
