"dtxsid","molwt","vapor","solub","kow","decay.air","decay.sur","diffus.air","conc.out"
"DTXSID2021781",278.35,0.00243308183880836,0.0329029792592911,56651.0885692958,0.539073256494336,0.000829401002787207,0.387851669239434,0
"DTXSID3020205",312.37,0.00109822749260262,0.00850988897081183,25256.7215952459,1.2462763053035,0.000609402489002903,0.355123852934449,0
"DTXSID7021360",92.14,4134.31221861101,3.1951723011195,580.688513682142,0.361012749139883,0.000812559015140594,0.491335554906512,0
"DTXSID8020462",106.12,0.382464665150756,7563.59667885387,0.0877136770891103,1.50381839549481,0.00142840509017536,0.679902314742809,0
"DTXSID8020913",128.18,5.59214634913344,0.133783409699476,2019.85543862244,1.39733434921473,0.000338895705508731,1.08826271988267,0
