"dtxsid","molwt","vapor","solub","kow","decay.air","decay.sur","diffus.air","conc.out"
"DTXSID2021781",278.35,0.00263908609382871,0.0255092364712632,28779.0383471604,0.868605561046356,0.000603959502331473,0.523092262975914,0
"DTXSID3020205",312.37,0.000287863855088969,0.00797668700344696,29166.6933687932,1.12218713021312,0.000975197422383863,0.525315259601415,0
"DTXSID7021360",92.14,3698.46586615034,4.95482144743823,492.128916575994,0.669729270956459,0.00106497069754312,1.69763297258882,0
"DTXSID8020462",106.12,0.633229630468854,6651.65056918011,0.0449700259085012,1.75483535370034,0.000580590546717821,1.12852056328198,0
"DTXSID8020913",128.18,5.25255046458641,0.133702183939776,2297.03013929324,1.56086074953939,0.000686036269608199,0.752896451468598,0
