"dtxsid","molwt","vapor","solub","kow","decay.air","decay.sur","diffus.air","conc.out"
"DTXSID2021781",278.35,0.00272229683373848,0.0433779775097734,27520.9149411251,0.463113637130654,0.000839948157920828,0.639885315059779,0
"DTXSID3020205",312.37,0.00012014542241671,0.0129016288385537,10228.8046750981,0.349972588050474,0.000921666406926135,0.439664451170498,0
"DTXSID7021360",92.14,2321.68243360836,5.61921922822402,528.523952139889,0.557398550627385,0.000762183522433152,0.558032459671725,0
"DTXSID8020462",106.12,2.93843046091882,11615.734229719,0.0737208635137981,2.13565706203616,0.000567161505755102,1.03326837917282,0
"DTXSID8020913",128.18,5.3871482584867,0.0948462972245013,1361.76996122821,0.854474351340029,0.00173173382535965,0.672200231649638,0
