"dtxsid","molwt","vapor","solub","kow","decay.air","decay.sur","diffus.air","conc.out"
"DTXSID2021781",278.35,0.00796479104946433,0.0269543804891378,59974.9596744619,0.545394967146154,0.000822651735356761,0.292920773799353,0
"DTXSID3020205",312.37,9.93460422016467e-05,0.00976297436366535,15491.3125433257,1.48557807157162,0.000941622621068,0.470630798726255,0
"DTXSID7021360",92.14,4031.56871629259,7.32248004894223,849.329849781069,0.395424885323555,0.000637484786097288,0.764275953493338,0
"DTXSID8020462",106.12,1.29798873074178,10026.1144589901,0.0632823025616864,1.90253959325593,0.000736844166489586,0.936259287157242,0
"DTXSID8020913",128.18,14.831263028381,0.116971804737562,2542.44949192164,0.461683183548757,0.00175857592221709,0.831885495951626,0
