"dtxsid","molwt","vapor","solub","kow","decay.air","decay.sur","diffus.air","conc.out"
"DTXSID2021781",278.35,0.00257153717666779,0.029566951775719,29256.1867031131,0.56089572950623,0.000614820859903501,0.558162316005862,0
"DTXSID3020205",312.37,0.00131485868986841,0.00762416108385542,16707.95762551,0.562799096211278,0.00101690608056543,0.459360817579686,0
"DTXSID7021360",92.14,2726.10105527498,4.45708072490668,358.941492786008,0.238858851757345,0.00289960258394747,0.987025846003697,0
"DTXSID8020462",106.12,2.53129135967585,8652.61732597395,0.0620696803091154,1.18731662783508,0.00114129378291713,0.674575935646255,0
"DTXSID8020913",128.18,10.420087445171,0.15246668769883,1536.92241159355,0.971780378174385,0.000604120394104818,1.00759600293421,0
