"dtxsid","molwt","vapor","solub","kow","decay.air","decay.sur","diffus.air","conc.out"
"DTXSID2021781",278.35,0.00432283008931466,0.0319498491326841,47407.6975234337,0.58242360305721,0.000854500450885447,0.212166749483983,0
"DTXSID3020205",312.37,0.00064793618263672,0.00690526732025365,29386.5813372365,0.818337998193931,0.00135499023529051,0.539719475716721,0
"DTXSID7021360",92.14,3723.01870295087,4.2799489408658,213.507306214779,0.53323114306053,0.000897287790341666,0.809247587044091,0
"DTXSID8020462",106.12,0.791319483005272,7845.622223741,0.0379414882811919,1.37392847488216,0.000778831593261074,0.820683003979886,0
"DTXSID8020913",128.18,15.2481464513987,0.121201148780563,917.367425996664,1.97856937148203,0.00164523729181389,0.974141947754951,0
