"dtxsid","molwt","vapor","solub","kow","decay.air","decay.sur","diffus.air","conc.out"
"DTXSID2021781",278.35,0.0016194425229848,0.0415712625195729,48114.6247076104,0.847281135602422,0.00101214174784504,0.536276461172242,0
"DTXSID3020205",312.37,0.000240129940849466,0.00787748947121791,20596.9534425091,0.879231642413001,0.000929635812414086,0.45890959468801,0
"DTXSID7021360",92.14,1808.82310335237,4.51302002513093,469.937518529144,0.42115514794489,0.00105700296651264,0.570732825432604,0
"DTXSID8020462",106.12,0.402791606723541,7929.11948955262,0.0645315380936481,3.40184252129121,0.000624867078415425,0.666257790241642,0
"DTXSID8020913",128.18,12.123864992252,0.0894100701906353,4624.6631482111,1.34049928505376,0.000759624276474662,0.806716999542567,0
