"dtxsid","molwt","vapor","solub","kow","decay.air","decay.sur","diffus.air","conc.out"
"DTXSID2021781",278.35,0.00486560259225164,0.0299229891818465,46633.9382060332,0.637744328192953,0.00195357699765766,0.555778303693386,0
"DTXSID3020205",312.37,0.000730900827536211,0.0090920277533929,18085.0625765459,0.652015584740404,0.000668556140794995,0.380383026651074,0
"DTXSID7021360",92.14,2848.3989518132,4.01036954904314,455.906652989988,0.296457338370969,0.000846059054990541,0.810174159493526,0
"DTXSID8020462",106.12,0.613965926884897,6305.74335021116,0.0533376346216288,2.5623206911928,0.000676960611515387,0.739705238205637,0
"DTXSID8020913",128.18,16.9396184250694,0.132770939188526,2926.25001197906,1.02078530381085,0.000853194697284212,0.648228509638828,0
