"dtxsid","molwt","vapor","solub","kow","decay.air","decay.sur","diffus.air","conc.out"
"DTXSID2021781",278.35,0.00389758543026734,0.0438313291393879,36249.9336929202,0.816563515586605,0.001248607438108,0.443465493140786,0
"DTXSID3020205",312.37,0.000317411675182869,0.008009766941293,27679.0699127619,0.473461799203528,0.000686471974252248,0.544565630486441,0
"DTXSID7021360",92.14,3270.84792360614,6.9283934302741,325.061658349523,0.398981918504891,0.000947058156758143,0.810442314350832,0
"DTXSID8020462",106.12,0.35724563985844,10113.9348365566,0.0748678036400115,1.4913565766469,0.000542667226740035,0.870798361955149,0
"DTXSID8020913",128.18,15.6339454168637,0.125572462064267,2516.92910345343,1.9241435136323,0.00084200348872782,0.804438672435435,0
