"dtxsid","molwt","vapor","solub","kow","decay.air","decay.sur","diffus.air","conc.out"
"DTXSID2021781",278.35,0.00427716852241933,0.0404935767585599,40713.4570327928,0.578875266607212,0.00121767818050736,0.446328623201216,0
"DTXSID3020205",312.37,0.000574835022147837,0.0116036718858446,15008.2974402842,0.762192219330567,0.00088520410159843,0.487452148012161,0
"DTXSID7021360",92.14,1261.59556399485,3.3705050955378,248.20433610748,0.455212139536861,0.00162892358098129,0.504426720171005,0
"DTXSID8020462",106.12,2.16780149580653,8820.52265233868,0.089740335241546,1.23242378656986,0.0013459255508705,0.447708075931863,0
"DTXSID8020913",128.18,21.9971495628911,0.172423607436924,1381.55562320555,1.27980944677694,0.000781791327749033,0.926656661401652,0
