"dtxsid","molwt","vapor","solub","kow","decay.air","decay.sur","diffus.air","conc.out"
"DTXSID2021781",278.35,0.00877674448479898,0.0344149996954315,25649.3362962475,0.433281512462507,0.000920411079313426,0.682845252057412,0
"DTXSID3020205",312.37,0.000269585738354639,0.0133606913641416,21869.0230796508,0.759784941552188,0.00114344873446974,0.469328574601052,0
"DTXSID7021360",92.14,6640.19184108388,6.1207736773221,537.179755234562,0.655386396109979,0.000894603436780198,0.880390947130662,0
"DTXSID8020462",106.12,0.29003719389491,6796.45086278922,0.0321764271650752,1.26461875937941,0.000511373516053162,0.88240643309224,0
"DTXSID8020913",128.18,11.2179921099249,0.170484936850611,1854.31270011017,2.6065470526054,0.0014303495621699,0.639357940816581,0
