"dtxsid","molwt","vapor","solub","kow","decay.air","decay.sur","diffus.air","conc.out"
"DTXSID2021781",278.35,0.00234729764350518,0.0478858051535332,43146.1543819532,0.556009705990202,0.000947743623209591,0.53215810627512,0
"DTXSID3020205",312.37,0.00128418945286188,0.00872860713458139,39820.8357735391,0.476120662650321,0.00141382548766579,0.48206993012694,0
"DTXSID7021360",92.14,5552.62013980155,3.18750722829955,649.516182010988,0.63334748723407,0.00107219283947918,0.807205578706792,0
"DTXSID8020462",106.12,0.603132125292249,7342.14612185344,0.0402137712022673,1.67805920988178,0.000553036696423279,0.635441462123686,0
"DTXSID8020913",128.18,2.44047037786143,0.199210884326871,1705.05147334953,1.04705738833643,0.00148873618404656,0.674134986313079,0
