"dtxsid","molwt","vapor","solub","kow","decay.air","decay.sur","diffus.air","conc.out"
"DTXSID2021781",278.35,0.00417582892527332,0.0264259357348481,26047.4877910761,0.528019697283061,0.00160309545655407,0.527272395969702,0
"DTXSID3020205",312.37,0.000461314058613341,0.00934248037194348,26275.634580973,0.561120956064868,0.00133839262112123,0.409461353808133,0
"DTXSID7021360",92.14,10012.5537437939,4.01217804802305,506.528471616083,0.262712995851895,0.00104495702249447,1.33717542046769,0
"DTXSID8020462",106.12,1.04904515990022,6532.32555432261,0.0496563690768126,2.14523980589133,0.00152666709632411,0.671900713845611,0
"DTXSID8020913",128.18,13.4718826264025,0.15084084403793,2430.23131529303,2.44377590631212,0.00114517392897682,0.71129693034229,0
