"dtxsid","molwt","vapor","solub","kow","decay.air","decay.sur","diffus.air","conc.out"
"DTXSID2021781",278.35,0.00540801060538061,0.0251381839223744,48750.0683880534,0.469665117393901,0.00085477054538023,0.860070815417861,0
"DTXSID3020205",312.37,0.000301341680757192,0.00814157275594068,18114.5886992045,0.706313444912003,0.000936711641361892,0.664684734777789,0
"DTXSID7021360",92.14,781.969719381891,5.33951251073502,485.121204567502,0.477514666391128,0.00291995390810435,1.02771225720902,0
"DTXSID8020462",106.12,0.667730438639587,8969.78558361239,0.0562863807927592,2.24933268068492,0.000794682097576138,0.762730025713029,0
"DTXSID8020913",128.18,1.62348843539952,0.191381804286683,2955.95266259174,0.735885549877632,0.00151019374455278,0.771373478216882,0
