"dtxsid","molwt","vapor","solub","kow","decay.air","decay.sur","diffus.air","conc.out"
"DTXSID2021781",278.35,0.00363130842243314,0.0466304448506052,43545.0338258436,0.822880730825719,0.000874668316470098,0.398690748885143,0
"DTXSID3020205",312.37,0.00132441547328769,0.00954985917890864,21402.5066528354,0.844350233878644,0.000806790157560666,0.743341514082561,0
"DTXSID7021360",92.14,4235.41498997121,4.9362593226686,286.128421428076,0.399570586047632,0.00129770279118261,0.833227501380228,0
"DTXSID8020462",106.12,0.144660086572401,6252.90639660283,0.157355183509997,1.51212667772148,0.00049723924841903,1.10083838262486,0
"DTXSID8020913",128.18,10.4454151329332,0.19009276566236,2954.60988396825,1.42404136653842,0.000983856836814296,0.936357030259525,0
