"dtxsid","molwt","vapor","solub","kow","decay.air","decay.sur","diffus.air","conc.out"
"DTXSID2021781",278.35,0.00130694570302329,0.0430905401363235,56862.2946435869,0.619468965783926,0.00164800637564969,0.371708204878279,0
"DTXSID3020205",312.37,0.000116340749820053,0.0136834734628341,17422.5443459088,1.02534604528595,0.00154354028333501,0.47854714949315,0
"DTXSID7021360",92.14,7479.4742481528,5.48051331328739,382.830042948277,0.225618188528589,0.00143053760489407,0.80381979337713,0
"DTXSID8020462",106.12,1.46468407381195,8493.27322904947,0.123328343358295,0.810979561848208,0.000910099877940748,0.566539582914186,0
"DTXSID8020913",128.18,5.83318127132932,0.171839431892696,1841.33128222819,2.51455758112839,0.00086633944391759,0.884832215495213,0
