"dtxsid","molwt","vapor","solub","kow","decay.air","decay.sur","diffus.air","conc.out"
"DTXSID2021781",278.35,0.00350198432382652,0.0282669395459499,33603.7610478628,1.56622149807971,0.000977598896450569,0.798100747019702,0
"DTXSID3020205",312.37,0.000648439458098165,0.00721607075895147,11701.8606162639,1.21976171511927,0.0010540778330535,0.454820156307677,0
"DTXSID7021360",92.14,2634.8342376167,4.88621254032524,281.003983663812,0.559822329769987,0.00100950091134371,0.978608049012369,0
"DTXSID8020462",106.12,0.689272341195891,6030.19387102003,0.100131601305337,1.54310693782576,0.000430170688139364,0.883390884854968,0
"DTXSID8020913",128.18,16.4193272973649,0.105238752559647,1734.32093818355,1.60655758666542,0.00223564689280395,0.726280310600094,0
