"dtxsid","molwt","vapor","solub","kow","decay.air","decay.sur","diffus.air","conc.out"
"DTXSID2021781",278.35,0.00193250615010762,0.0275554520861666,69314.7076495828,0.565846256060992,0.000860852813438859,0.725243867203102,0
"DTXSID3020205",312.37,0.000940466888911992,0.0103842885181897,18320.01298201,0.813473943315999,0.000821748925054024,0.427250401934856,0
"DTXSID7021360",92.14,4791.31739504648,6.454177304876,228.446834710135,0.546359754218041,0.001347981489548,0.9127504353248,0
"DTXSID8020462",106.12,0.506385530788232,8946.19294440894,0.0807436201872384,1.43801622599026,0.000969912722521143,0.657501330949059,0
"DTXSID8020913",128.18,7.79586243477075,0.10945892014317,4175.30051999835,0.921105821986461,0.00179314960120615,0.66428640309726,0
