"dtxsid","molwt","vapor","solub","kow","decay.air","decay.sur","diffus.air","conc.out"
"DTXSID2021781",278.35,0.00238275825625271,0.0431865538055003,40519.8434548234,1.35415464740316,0.00149165859412635,0.331287976027545,0
"DTXSID3020205",312.37,0.000599883580557029,0.0130903824018582,20630.1266089166,0.763812330989903,0.000961045720627291,0.549487052367053,0
"DTXSID7021360",92.14,1326.76370779647,3.83426606986173,203.62485036167,0.25247808789511,0.00103161991570598,0.701261966270172,0
"DTXSID8020462",106.12,0.532650719147292,6061.79423777894,0.118880683283438,1.8796028442721,0.0008429785946402,0.858659144818874,0
"DTXSID8020913",128.18,9.73408923693513,0.12332323207127,2637.2131640309,1.04262751862653,0.000908437590051252,0.704815757841001,0
