"dtxsid","molwt","vapor","solub","kow","decay.air","decay.sur","diffus.air","conc.out"
"DTXSID2021781",278.35,0.00713604679531203,0.0371760108223655,34342.9870465009,0.522304200214754,0.000725164017376593,0.404325511886632,0
"DTXSID3020205",312.37,0.000158885548863754,0.00782030122453646,27993.432573011,0.315895397221757,0.000923014876705464,0.42712693106853,0
"DTXSID7021360",92.14,2224.52797250509,5.20657121571402,437.443677155111,0.466540393611128,0.00138120058585681,0.557220261448337,0
"DTXSID8020462",106.12,0.764094867049033,12651.2494735461,0.108029576538173,3.22518913714528,0.00125541280252755,0.762961886622401,0
"DTXSID8020913",128.18,5.85411804838555,0.159492753218833,5003.11450535641,1.08812136845784,0.000562647826042049,1.22117711854371,0
