"dtxsid","molwt","vapor","solub","kow","decay.air","decay.sur","diffus.air","conc.out"
"DTXSID2021781",278.35,0.000858373267317763,0.0293273730590994,32345.7110645631,1.33924967516922,0.000590655278685601,0.279876062750855,0
"DTXSID3020205",312.37,0.000398459177798527,0.00917556457597944,25916.3632515467,0.604036559217961,0.000685055283593314,0.706178125457417,0
"DTXSID7021360",92.14,3379.22533146893,4.93941504566396,553.991144884682,0.476440975300692,0.000806580960417723,0.55799432600507,0
"DTXSID8020462",106.12,1.48728461703795,9241.07003142696,0.173922870270817,3.17344532054019,0.000761676360842243,0.527200947195103,0
"DTXSID8020913",128.18,24.1786507726851,0.226910675917275,1606.84401757677,0.870690490118454,0.000877439700273597,0.528211856687204,0
