"dtxsid","molwt","vapor","solub","kow","decay.air","decay.sur","diffus.air","conc.out"
"DTXSID2021781",278.35,0.00930049874630309,0.0404976257164368,21700.2960534338,0.603262171162176,0.00161506600172382,0.50626513006805,0
"DTXSID3020205",312.37,0.000388391824154555,0.00742225504102999,20193.7577874551,0.814825779734649,0.00113945517209641,0.414054349139541,0
"DTXSID7021360",92.14,4026.11198323503,3.66836806223292,300.398164236042,0.504094617241141,0.000944198313107885,0.62384468874247,0
"DTXSID8020462",106.12,0.125810778187941,5971.90407207018,0.0837890656511771,1.50218941748409,0.00118393097483711,0.766954646906738,0
"DTXSID8020913",128.18,13.5262863558214,0.157811624401842,3581.26594767982,2.14662781473915,0.000978762453983216,0.950880689723757,0
