"dtxsid","molwt","vapor","solub","kow","decay.air","decay.sur","diffus.air","conc.out"
"DTXSID2021781",278.35,0.00209604812189993,0.0399761297837134,23640.836544876,0.378407254373207,0.00101674661329971,0.563294407482581,0
"DTXSID3020205",312.37,0.00095941917609425,0.0119979257755996,25831.4042867234,0.800983003161136,0.000925356229211186,0.424375787611611,0
"DTXSID7021360",92.14,3097.18193371593,4.1773067154664,320.486628835183,0.223420813302374,0.00112862792375043,0.847972401828986,0
"DTXSID8020462",106.12,0.173023202323475,8597.26608610718,0.106788840903694,2.19775022439078,0.00155405144734012,1.01776145397609,0
"DTXSID8020913",128.18,14.709157210658,0.174879388852353,1760.38348877944,1.30934024209403,0.000522593184704188,0.703470423726636,0
