"dtxsid","molwt","vapor","solub","kow","decay.air","decay.sur","diffus.air","conc.out"
"DTXSID2021781",278.35,0.0031879425246277,0.0171593448457973,23226.9932678109,1.12618581205718,0.00106885013116628,0.523242430293403,0
"DTXSID3020205",312.37,0.000468124401219963,0.00690322145088167,12187.326033619,1.00135695840339,0.000987175552165826,0.627138845358518,0
"DTXSID7021360",92.14,2507.50120541742,2.8709375903703,465.41910141033,0.452466044661928,0.00108567791740785,0.94647170207712,0
"DTXSID8020462",106.12,0.512109589800136,9868.45281722488,0.0806380203857819,1.23579564388501,0.000808133006305844,0.627335121500011,0
"DTXSID8020913",128.18,22.8453893396761,0.197528108152725,2063.84313327681,1.92449005885626,0.00089547194462913,0.988665174559744,0
