"dtxsid","molwt","vapor","solub","kow","decay.air","decay.sur","diffus.air","conc.out"
"DTXSID2021781",278.35,0.00184344408753318,0.0254554114508925,27351.5032427594,0.537334970671246,0.000970144879740703,0.360500001975953,0
"DTXSID3020205",312.37,0.000335067307299513,0.00788499877970612,14409.8000182058,1.05860622303138,0.00136117337743951,0.413565044125195,0
"DTXSID7021360",92.14,1397.41498429634,4.63378221442892,287.339147467704,0.302287380271028,0.000454125983035614,0.60928541676349,0
"DTXSID8020462",106.12,0.357430383314199,10251.832302718,0.0365474028299726,2.98403861241815,0.000920184484098762,0.609011419135369,0
"DTXSID8020913",128.18,4.27381699281945,0.259369351744542,3666.29231100123,1.23679163946885,0.00119256072066414,0.556730341284361,0
