"dtxsid","molwt","vapor","solub","kow","decay.air","decay.sur","diffus.air","conc.out"
"DTXSID2021781",278.35,0.00298604805651171,0.0361065524879091,42211.6897714678,0.6756172488484,0.000893325556447224,0.236043720976909,0
"DTXSID3020205",312.37,0.000506227866227779,0.0120027579084625,32633.8401734621,0.823042139421656,0.00118130825091756,0.510692211957178,0
"DTXSID7021360",92.14,3095.62640224279,3.5923551389847,611.247844075809,0.453239960935813,0.000589236434266188,0.631470513503428,0
"DTXSID8020462",106.12,0.742378463406153,7280.78142243851,0.15830207699714,1.95091277500962,0.000870034771534353,0.857976530809842,0
"DTXSID8020913",128.18,6.5656773387471,0.161761833313491,1287.17980426757,1.43135362843736,0.00141131369171915,0.620586466723639,0
