"dtxsid","molwt","vapor","solub","kow","decay.air","decay.sur","diffus.air","conc.out"
"DTXSID2021781",278.35,0.00846445054276125,0.0362668733937513,32386.861958025,0.693644082900293,0.00128817453246034,0.669297648353433,0
"DTXSID3020205",312.37,0.000638039350509439,0.00963566505761025,31927.0562460562,0.809985756526576,0.00111386257537037,0.45625909961241,0
"DTXSID7021360",92.14,12551.9273123048,6.16250713461036,494.253557021134,0.427551531727659,0.00080588387520386,0.617233599000341,0
"DTXSID8020462",106.12,0.921271810506077,7394.62510721647,0.0339001549833464,0.906938591803649,0.000943620654032209,0.725700219655388,0
"DTXSID8020913",128.18,7.36439305718596,0.134569180112447,2029.41180103098,1.10927528180088,0.000639967388874962,0.701835320547247,0
