"dtxsid","molwt","vapor","solub","kow","decay.air","decay.sur","diffus.air","conc.out"
"DTXSID2021781",278.35,0.00195885361460223,0.0411370893333967,35552.9058195769,0.511939812045668,0.00123328616222395,0.545648242089469,0
"DTXSID3020205",312.37,0.000885929417833231,0.00780527540939687,15083.2590166261,0.906813239041737,0.00100431792900823,0.467430876005867,0
"DTXSID7021360",92.14,6965.67620207791,6.9609685206726,331.584910623397,0.224957220238391,0.000356504799915087,0.913609510291094,0
"DTXSID8020462",106.12,0.615010677302939,12385.0592622593,0.140292198561644,3.28162626373958,0.00191974987993714,0.700385435803976,0
"DTXSID8020913",128.18,36.5122662661767,0.143133615644184,2418.94861596428,1.27151548720041,0.000947793756853515,0.847011049459834,0
