"dtxsid","molwt","vapor","solub","kow","decay.air","decay.sur","diffus.air","conc.out"
"DTXSID2021781",278.35,0.00480165166684353,0.0408812912653675,26640.5534957152,0.24615707475378,0.00134467041399314,0.614775763551424,0
"DTXSID3020205",312.37,0.000619313192916053,0.00974531761441357,21507.8627560404,0.661427060128139,0.00114119602392762,0.480783816380881,0
"DTXSID7021360",92.14,2415.7352396951,5.05478873013961,713.858422199173,0.568010389189917,0.00104773172593091,1.0311152901467,0
"DTXSID8020462",106.12,0.420865095114435,8986.76496921018,0.0515716908931263,1.69328117163629,0.00110298916687795,0.685502986320472,0
"DTXSID8020913",128.18,3.9951248749816,0.146578044660147,2012.80624783646,2.89361906237853,0.00101392325163973,0.967637373271437,0
