"dtxsid","molwt","vapor","solub","kow","decay.air","decay.sur","diffus.air","conc.out"
"DTXSID2021781",278.35,0.00457925197458606,0.0284739138404244,45562.9560851924,0.319021813283601,0.00103796080319483,0.752222554885333,0
"DTXSID3020205",312.37,0.000479734392414883,0.011447143517632,22495.2953725633,0.661488968934536,0.000868231984920497,0.512760076706038,0
"DTXSID7021360",92.14,1567.47305200631,4.77418841848949,389.509056557714,0.531267199477761,0.000817238339620976,1.11397884389399,0
"DTXSID8020462",106.12,1.65422235209493,6541.62586164234,0.0596018274671807,1.38154876622392,0.000818004955543426,0.67723712516261,0
"DTXSID8020913",128.18,11.1448187542229,0.179633096018736,914.759620796496,1.80441952967418,0.000766273105894872,0.919600926609454,0
