"dtxsid","molwt","vapor","solub","kow","decay.air","decay.sur","diffus.air","conc.out"
"DTXSID2021781",278.35,0.00168944606398633,0.0264085971427693,41568.7048505951,0.657668978913389,0.00118366050334165,0.453761274242855,0
"DTXSID3020205",312.37,0.000437526319659522,0.0127234419810365,28747.0773979015,1.04063192523781,0.000894042058379769,0.434835004016807,0
"DTXSID7021360",92.14,7670.27737451784,6.46156275510625,501.402267765678,0.200912970840996,0.00105878840891331,0.667207201463316,0
"DTXSID8020462",106.12,0.275163260361296,8010.27374625266,0.104820328562809,1.17083562332752,0.00104297654077392,1.1641579744437,0
"DTXSID8020913",128.18,7.09454957849552,0.119558624142056,3264.21878374372,1.53828294764486,0.00124588700958318,0.529510738665153,0
