"dtxsid","molwt","vapor","solub","kow","decay.air","decay.sur","diffus.air","conc.out"
"DTXSID2021781",278.35,0.0078217719318406,0.0570008127838509,18402.812841624,0.849298691088437,0.00145105442001791,0.624956062348577,0
"DTXSID3020205",312.37,0.000300953346702081,0.00895313014467942,31019.7358641296,0.844370736148248,0.00197598323022145,0.33550906155388,0
"DTXSID7021360",92.14,4283.38539120877,5.15852799399811,246.785807185544,0.390624788985538,0.000869524621287357,0.634339430600966,0
"DTXSID8020462",106.12,2.76416428983807,8765.44331350332,0.126133844013742,2.95513361732103,0.000773883648365977,0.91785474873732,0
"DTXSID8020913",128.18,48.9022670210767,0.100885006905411,2661.08467668614,1.35320380718397,0.00120232067611381,0.761992577645782,0
