"dtxsid","molwt","vapor","solub","kow","decay.air","decay.sur","diffus.air","conc.out"
"DTXSID2021781",278.35,0.00207892817503076,0.0360619442818909,25275.8846798002,0.561780100732767,0.000923520576434183,0.497212959270818,0
"DTXSID3020205",312.37,0.000510667773501654,0.00893107976766681,8660.50873427966,0.49100097177157,0.000902092898666168,0.63435189899314,0
"DTXSID7021360",92.14,5731.0382106373,4.24457966981711,408.30520215578,0.67609695775768,0.00116445068319791,0.816729987959251,0
"DTXSID8020462",106.12,3.21930996198974,5361.60956191409,0.0588888203153681,1.74248074225018,0.0011448495534296,1.03554551644758,0
"DTXSID8020913",128.18,3.45932795124485,0.0734955180212031,4496.50688450892,0.904248928347742,0.0016016413214496,0.738544747630284,0
