"dtxsid","molwt","vapor","solub","kow","decay.air","decay.sur","diffus.air","conc.out"
"DTXSID2021781",278.35,0.00104365334838145,0.0424651294233938,23824.0871513429,0.811593026040845,0.000804983703397366,0.747646284644852,0
"DTXSID3020205",312.37,0.000838736642483637,0.00941684406328347,17059.5463592915,0.925000690149349,0.000774704873327563,0.350581437879948,0
"DTXSID7021360",92.14,4416.49770372574,5.45256489503779,405.659912695977,0.477888072050469,0.001139093132888,1.00960593509091,0
"DTXSID8020462",106.12,0.595723126564126,8501.49409368041,0.0872206153930788,2.4480553952066,0.00049225108190492,0.784635621297321,0
"DTXSID8020913",128.18,6.63949162098987,0.129706314074314,2783.44143881895,0.877428570079068,0.00090399899787602,0.785368409018311,0
