"dtxsid","molwt","vapor","solub","kow","decay.air","decay.sur","diffus.air","conc.out"
"DTXSID2021781",278.35,0.0041686461285395,0.052273907802437,28002.6354835678,0.519784830802326,0.00114522640701628,0.879974811448119,0
"DTXSID3020205",312.37,0.000438906496560414,0.0050802624874821,16140.3226376423,0.651694283922803,0.00126989922410013,0.504892840456413,0
"DTXSID7021360",92.14,2365.48003824749,4.53541477198196,295.275382621599,0.368725671547068,0.000681172949689856,0.895167946657627,0
"DTXSID8020462",106.12,0.263452999767487,8510.72442659206,0.0490412791761523,1.96189163509529,0.00114647523140318,0.920435470443383,0
"DTXSID8020913",128.18,3.23084839337375,0.159883269858971,964.069193376139,2.500708529904,0.000568266176086513,0.586292363652269,0
