"dtxsid","molwt","vapor","solub","kow","decay.air","decay.sur","diffus.air","conc.out"
"DTXSID2021781",278.35,0.00247440124420839,0.0260347020829218,30760.9153095492,0.616262558769636,0.000910024481265327,0.631429016315056,0
"DTXSID3020205",312.37,0.000550761845956525,0.00593097215822312,22768.4759081124,0.681719293243976,0.000582511805703805,0.41164787003946,0
"DTXSID7021360",92.14,5382.73549459509,4.98220540406249,266.50673473005,0.340143458384969,0.000441387447769271,0.931612037848895,0
"DTXSID8020462",106.12,1.96347133395749,12274.9330691738,0.0638881358365951,2.36804322111222,0.00084500614322229,0.782770884511215,0
"DTXSID8020913",128.18,9.6480281371155,0.194783086330321,2156.2915785663,1.05789231826676,0.000779473010698946,0.761315651722735,0
