"dtxsid","molwt","vapor","solub","kow","decay.air","decay.sur","diffus.air","conc.out"
"DTXSID2021781",278.35,0.00402656967319502,0.0247295291323133,20891.9113658766,0.431220492028255,0.000931818251478911,0.558383670658636,0
"DTXSID3020205",312.37,0.00082762207388709,0.00865511971040175,20579.9496625933,0.807284408279993,0.00158835783415523,0.38321684050269,0
"DTXSID7021360",92.14,1902.75144904597,5.42691240154468,372.589458825944,0.172254149799588,0.00149215722394631,0.633764375719061,0
"DTXSID8020462",106.12,0.557167472288379,8416.26012724868,0.107564135190675,3.84717577878218,0.00083310432966724,0.889120834029806,0
"DTXSID8020913",128.18,6.4709748162309,0.191496424194517,1450.95279713641,1.27174216068479,0.000800286723207917,0.852183480705957,0
