"dtxsid","molwt","vapor","solub","kow","decay.air","decay.sur","diffus.air","conc.out"
"DTXSID2021781",278.35,0.00390670868939286,0.0237315233871623,18122.6504407972,0.63435893065287,0.000982042804387203,0.684770975984781,0
"DTXSID3020205",312.37,0.0003156742457306,0.0101301261337854,10812.1850483036,0.694439780563996,0.00151726007912105,0.363733609151683,0
"DTXSID7021360",92.14,2214.14724479045,3.58999055993605,390.745677113781,0.343020208231582,0.00140852937342877,1.35358105759338,0
"DTXSID8020462",106.12,1.95879775505452,6073.53136426607,0.074528547658834,2.41701282628259,0.000668429449573361,0.662320238455209,0
"DTXSID8020913",128.18,7.08841574188867,0.162912697457044,2100.02710845889,1.57044100390119,0.000612142150083489,0.529901313071548,0
