"dtxsid","molwt","vapor","solub","kow","decay.air","decay.sur","diffus.air","conc.out"
"DTXSID2021781",278.35,0.00136908099167908,0.0456311823253241,92054.536544115,0.655530713003091,0.000528241134426169,0.390166506063899,0
"DTXSID3020205",312.37,0.000627448303842778,0.0120646491258627,34136.6075871353,0.397537178536822,0.00089270457853707,0.521439691946318,0
"DTXSID7021360",92.14,17863.754548902,2.80109868674351,749.78482870876,0.411384178918372,0.00134214738790966,0.922599653407575,0
"DTXSID8020462",106.12,0.665009708269211,6360.56111203162,0.119649330017776,1.32462604474174,0.000777053240795345,1.061516482921,0
"DTXSID8020913",128.18,1.39395654698152,0.114908281430169,3021.30323489445,2.05332606429539,0.00116044391212267,0.555953152533148,0
