"dtxsid","molwt","vapor","solub","kow","decay.air","decay.sur","diffus.air","conc.out"
"DTXSID2021781",278.35,0.00162846011836497,0.0490244502541706,46669.9092932499,1.38501326236018,0.000764694935253618,0.466150835161353,0
"DTXSID3020205",312.37,0.000859870850082226,0.0175541389722378,19482.6791568374,0.865020280900619,0.000937929869685329,0.52722789892612,0
"DTXSID7021360",92.14,2506.92006072387,5.03408117272224,389.347373058856,0.340376809002955,0.00137762645588539,1.19789386360977,0
"DTXSID8020462",106.12,2.3564637380986,5811.23871842576,0.0443385046512819,1.79976843472589,0.000984138701891885,0.870057068223782,0
"DTXSID8020913",128.18,1.12395754154902,0.116619489086697,2886.59127952315,1.6142863857877,0.00147787326138234,0.745532881880278,0
