"dtxsid","molwt","vapor","solub","kow","decay.air","decay.sur","diffus.air","conc.out"
"DTXSID2021781",278.35,0.00261495645963441,0.0409204436998779,63094.4853029658,0.655043807226672,0.000733130567159987,0.700732536705308,0
"DTXSID3020205",312.37,0.000766973350431092,0.00941590186036407,25834.4160053601,0.851597622368414,0.00170401970613002,0.565103894872503,0
"DTXSID7021360",92.14,7080.84754499485,4.2497916600291,429.409918234324,0.504535871227488,0.0010870128158128,0.764723589422469,0
"DTXSID8020462",106.12,0.384853702368749,6811.93927985575,0.0657293521191551,3.05129707833983,0.000809633988675041,0.572695019490258,0
"DTXSID8020913",128.18,6.85029066042415,0.101056529682146,1292.62924643827,3.28787153466524,0.00224746281832723,0.967899319900423,0
