"dtxsid","molwt","vapor","solub","kow","decay.air","decay.sur","diffus.air","conc.out"
"DTXSID2021781",278.35,0.00482356874144199,0.0401592622032455,65739.3214822967,0.554014971493653,0.00117349617950785,0.49977003515881,0
"DTXSID3020205",312.37,0.00185834475054144,0.0125387069046458,25513.8769294385,0.714304373855322,0.00137037072677158,0.60909150273089,0
"DTXSID7021360",92.14,3795.05236414469,4.85396943694831,409.89298636711,0.416107726515023,0.0008732356534209,0.88743576723667,0
"DTXSID8020462",106.12,1.69665516073402,10370.9103368989,0.060696820401348,2.33359559569219,0.00239627373302411,0.760900453493292,0
"DTXSID8020913",128.18,8.67452594491089,0.093694926251149,5822.09283049299,1.04499969361475,0.00107642069706947,0.878458370820928,0
