"dtxsid","molwt","vapor","solub","kow","decay.air","decay.sur","diffus.air","conc.out"
"DTXSID2021781",278.35,0.00330234460604497,0.0485866124903767,17559.8464070857,1.2775062911171,0.00227400986415046,0.820458502204847,0
"DTXSID3020205",312.37,0.00046790541347909,0.00884768642941531,15296.3086791059,0.688466362366958,0.00108727075873563,0.507083545447012,0
"DTXSID7021360",92.14,4657.14258819582,4.51612616002136,370.482632860468,0.75794567466861,0.00125811593223507,0.85295910562839,0
"DTXSID8020462",106.12,0.909920280243979,17399.1930039399,0.0861831288055333,1.79552871288268,0.00146520997110945,0.810404077769437,0
"DTXSID8020913",128.18,24.310788963821,0.14607034309292,3001.57389676357,1.29264941394462,0.00202997652638767,0.502156034650152,0
