"dtxsid","molwt","vapor","solub","kow","decay.air","decay.sur","diffus.air","conc.out"
"DTXSID2021781",278.35,0.000750090384527969,0.033054862409837,28798.3519192158,0.788640910463161,0.00141268702967472,0.675345567768779,0
"DTXSID3020205",312.37,0.000135272125900591,0.00839172966264336,18566.8949017243,0.447309785307724,0.000846443442785668,0.434360275756634,0
"DTXSID7021360",92.14,1871.98601287714,3.72808304000033,227.229597187727,0.385036905055893,0.000619043608982559,0.655162275897965,0
"DTXSID8020462",106.12,0.485806737062502,10511.2287928964,0.045290876292542,1.9812439526963,0.00104905337336726,0.929398286334124,0
"DTXSID8020913",128.18,3.52674093761269,0.181587178990352,1332.21109857853,1.91992251638639,0.000831927993612238,0.744785627569784,0
