"dtxsid","molwt","vapor","solub","kow","decay.air","decay.sur","diffus.air","conc.out"
"DTXSID2021781",278.35,0.00141887629755437,0.0433685396672728,20698.2489650576,0.333419721223957,0.00165592369528071,0.655371912296531,0
"DTXSID3020205",312.37,0.000901382190323605,0.00669761263443925,14642.3851466748,0.543367795553878,0.000743195741126509,0.408389171069558,0
"DTXSID7021360",92.14,1748.57031167865,3.75762166362999,268.266275396928,0.356686749058446,0.00096408748444415,1.38204922468944,0
"DTXSID8020462",106.12,1.49786317569723,7767.33339874843,0.0580200623825364,1.87155335475911,0.00106836867297432,0.863269563557859,0
"DTXSID8020913",128.18,4.12711966148301,0.17675950727521,1822.18211888706,1.25943638615508,0.00140008248118103,0.569421216830465,0
