"dtxsid","molwt","vapor","solub","kow","decay.air","decay.sur","diffus.air","conc.out"
"DTXSID2021781",278.35,0.00205764419539951,0.0413958634349917,31048.7983142666,0.472704191086907,0.00153693671764852,0.547190325709802,0
"DTXSID3020205",312.37,0.0014216573707872,0.00912185156669196,14840.1281612643,0.916322599245055,0.0011129394317534,0.525940820985767,0
"DTXSID7021360",92.14,2998.46962417793,2.92893165000437,579.73745634983,0.265781062681412,0.00083481440831689,1.16056764544085,0
"DTXSID8020462",106.12,0.371520267159071,8936.37161848708,0.0840829932150143,1.87288305798971,0.00163924958834755,0.548786846310374,0
"DTXSID8020913",128.18,8.74657395310392,0.134930013267053,1841.41895450827,1.78239041612387,0.00112294318934121,0.613534207803625,0
