"dtxsid","molwt","vapor","solub","kow","decay.air","decay.sur","diffus.air","conc.out"
"DTXSID2021781",278.35,0.00146769041903596,0.0259948262825572,30406.2658238771,0.646721628433998,0.00106563213432084,0.686571641964881,0
"DTXSID3020205",312.37,0.000318275573737013,0.00887546497600028,25585.5457304687,0.697890831163864,0.000859352959976124,0.350639512088719,0
"DTXSID7021360",92.14,1500.78100201396,3.80657278296278,434.267252813517,0.339726265374687,0.000553929519775299,0.706806848447592,0
"DTXSID8020462",106.12,0.449992886089073,5958.15211243142,0.114471743271067,2.95444436802124,0.000869292056293943,1.50994074438503,0
"DTXSID8020913",128.18,12.4702529857471,0.136291402553822,1247.70449728119,1.06406392531476,0.000570544351527625,0.822378038732411,0
