"dtxsid","molwt","vapor","solub","kow","decay.air","decay.sur","diffus.air","conc.out"
"DTXSID2021781",278.35,0.00169700262676139,0.0236912280567555,35061.9905301462,1.11517157438688,0.000443331152399184,0.256679280020632,0
"DTXSID3020205",312.37,0.000267667208766761,0.0074320108391512,13882.6021914625,0.544673619907066,0.000867239825863706,0.660165431998825,0
"DTXSID7021360",92.14,2411.59766979256,4.60197934865618,464.773150954618,0.411779348999194,0.000418471547122802,0.913575545213712,0
"DTXSID8020462",106.12,0.570102431292286,8037.14311026126,0.056574422969622,2.50627519755514,0.0010313321786122,0.673012423225441,0
"DTXSID8020913",128.18,6.82440190717435,0.154725525102504,3134.21530919959,1.02401103885043,0.000693639681078903,0.600745130286135,0
