"dtxsid","molwt","vapor","solub","kow","decay.air","decay.sur","diffus.air","conc.out"
"DTXSID2021781",278.35,0.00188553117836307,0.0254901418269129,25273.0257607843,0.462762121658207,0.00182807486360857,0.641175176784727,0
"DTXSID3020205",312.37,0.000675248112655327,0.0103133530913154,18983.6048460917,1.01557088596792,0.0010580479905462,0.325468713826592,0
"DTXSID7021360",92.14,5821.47269054909,4.29459010729846,650.898818732694,0.330618351158705,0.000581969298914666,1.10743381860155,0
"DTXSID8020462",106.12,0.417782770909956,6674.49881629855,0.0331071183747744,1.34378165654488,0.00174095793453152,1.19816293676199,0
"DTXSID8020913",128.18,11.576405995116,0.175062401127363,1562.29497754344,2.50955362714622,0.000950147603120848,1.1209990843871,0
