"dtxsid","molwt","vapor","solub","kow","decay.air","decay.sur","diffus.air","conc.out"
"DTXSID2021781",278.35,0.00581486216796179,0.0393637506815708,28830.2793379529,0.348146746399063,0.00120223302045962,0.492211607674863,0
"DTXSID3020205",312.37,0.000305337464319782,0.00834005317983195,23417.8242146557,0.607617833506778,0.00159452954309745,0.375048837234825,0
"DTXSID7021360",92.14,8102.60844923885,3.20156780927507,420.538420023784,0.425861325793535,0.000969071663028619,0.65971325645447,0
"DTXSID8020462",106.12,0.527455441934408,7774.08421255154,0.105795227785255,1.9300208586459,0.00125248747592023,1.0775191957193,0
"DTXSID8020913",128.18,10.6294540612724,0.109159009318833,5204.68693204978,1.93025472324457,0.000812865366574795,1.23148467676803,0
