"dtxsid","molwt","vapor","solub","kow","decay.air","decay.sur","diffus.air","conc.out"
"DTXSID2021781",278.35,0.00916373900227794,0.0624483997905169,20962.3972230507,0.776436468630565,0.00138023500747609,0.472338067143265,0
"DTXSID3020205",312.37,0.000178300670693019,0.00916569492263961,17504.4288143839,0.952141576093623,0.00128013040343148,0.488963825637704,0
"DTXSID7021360",92.14,4042.78035066668,6.43063131643049,1001.0959950638,0.528295874722634,0.000708195822622027,0.646417674235674,0
"DTXSID8020462",106.12,1.31935396043703,10110.900195181,0.0565951156348154,1.43104292941929,0.000582500777319818,0.698905165262445,0
"DTXSID8020913",128.18,14.7438987160163,0.122371709454524,2092.34461216736,0.990867908272253,0.00106303839945718,1.4444702144891,0
