"dtxsid","molwt","vapor","solub","kow","decay.air","decay.sur","diffus.air","conc.out"
"DTXSID2021781",278.35,0.00418760413736768,0.0369749504989592,22587.1327495957,0.529571939622371,0.00124697984223113,0.526856295091181,0
"DTXSID3020205",312.37,0.000820653283586642,0.0106576185344803,19810.7724555025,0.420422315453822,0.000902009774041864,0.446639576692685,0
"DTXSID7021360",92.14,3560.72360586912,4.34075684692143,377.178495772549,0.552094288834564,0.00251745238690377,1.18726212271571,0
"DTXSID8020462",106.12,0.983615681530566,6682.19790666804,0.0981919557763196,1.35057205604815,0.000747805254899709,0.620103467450695,0
"DTXSID8020913",128.18,4.38854253697557,0.13302750844371,4695.23126051885,1.33658317359838,0.00146245932997088,0.657207722665338,0
