"dtxsid","molwt","vapor","solub","kow","decay.air","decay.sur","diffus.air","conc.out"
"DTXSID2021781",278.35,0.00183281720252873,0.0488253630693372,39285.866600774,0.351190653211751,0.000357407345310405,0.737084815330673,0
"DTXSID3020205",312.37,0.000170332762695424,0.00959512379694405,21637.8540303921,0.448590714518311,0.000485062122167208,0.631761306445062,0
"DTXSID7021360",92.14,2601.19400347788,4.09276746981362,999.082782057351,0.256098254914231,0.00114557420948273,1.51889820740309,0
"DTXSID8020462",106.12,0.488752466048366,8359.66976916616,0.122406026882574,2.54711328143957,0.00138236582467652,0.956345856312484,0
"DTXSID8020913",128.18,4.22757035821468,0.115937081314248,2916.11808432848,2.36882321350497,0.000885199979814691,0.517033032282827,0
