"dtxsid","molwt","vapor","solub","kow","decay.air","decay.sur","diffus.air","conc.out"
"DTXSID2021781",278.35,0.00386118374259321,0.0467208153363679,42450.3442624956,0.548219110503619,0.0013965225475007,0.672770147409587,0
"DTXSID3020205",312.37,0.000330067183710758,0.00615702474373794,16412.5203654594,0.857455166316342,0.000989950447476664,0.410546316850383,0
"DTXSID7021360",92.14,1608.78214093981,2.65762067115642,282.421574710101,0.703331501115962,0.00108807071583922,0.852857119673789,0
"DTXSID8020462",106.12,1.33413163112843,8525.02676241703,0.10111542871975,1.99638013818832,0.000401004751327722,0.61676154800119,0
"DTXSID8020913",128.18,3.24098363937626,0.178966261579153,1765.28470624895,1.42718771337801,0.000600856799751217,0.598637334897927,0
