"dtxsid","molwt","vapor","solub","kow","decay.air","decay.sur","diffus.air","conc.out"
"DTXSID2021781",278.35,0.00221928889491135,0.0302132786453127,30379.0621260864,0.492044322278085,0.000703139839472161,0.602731348529157,0
"DTXSID3020205",312.37,0.000989967207881137,0.00749373231768828,17848.4150501831,0.838136298557166,0.00219375927838953,0.528003758935491,0
"DTXSID7021360",92.14,1393.02431087156,2.88269528216941,325.318143436484,0.967707760270025,0.00117116293316415,0.869676258376241,0
"DTXSID8020462",106.12,0.939430343777174,13992.6834099718,0.0569755335119399,1.58922942704903,0.000820693787334985,0.810985010615643,0
"DTXSID8020913",128.18,26.8643759942349,0.2148958134353,1423.85126600721,1.43902122085332,0.00260741112760069,0.693385762396392,0
