"dtxsid","molwt","vapor","solub","kow","decay.air","decay.sur","diffus.air","conc.out"
"DTXSID2021781",278.35,0.00746434545183616,0.0337398301443805,44588.4851790674,0.51745725468546,0.000597947377433209,0.496765884073272,0
"DTXSID3020205",312.37,0.000813504431163645,0.0073683340090134,20405.5063143769,0.510466728831691,0.00127260235715249,0.705573865926342,0
"DTXSID7021360",92.14,2397.3811166099,4.14128398177452,485.571288492059,0.19477330816416,0.000777608131887418,0.893943862033871,0
"DTXSID8020462",106.12,0.395242708374645,8517.19580632147,0.0698166128707896,1.63080834027541,0.000764793548898038,0.928452927389052,0
"DTXSID8020913",128.18,5.3373130403832,0.130845016685904,1255.42257586897,1.45916685009954,0.00140221420426812,0.901939357825941,0
