"dtxsid","molwt","vapor","solub","kow","decay.air","decay.sur","diffus.air","conc.out"
"DTXSID2021781",278.35,0.00862733894675934,0.0409779867561259,37854.0517332205,0.824815365071876,0.00087577825119317,0.655033754599242,0
"DTXSID3020205",312.37,0.000307757307805025,0.0102265544124526,25322.0080303117,0.55632951955629,0.00140570832390987,0.458193252974054,0
"DTXSID7021360",92.14,10456.671992608,4.97861676003627,305.163190837494,0.507472207890925,0.00135781610641781,0.775965326895641,0
"DTXSID8020462",106.12,0.444252007554468,5314.91128114733,0.0626676275906211,2.4372997150821,0.000741809786666656,1.10336742367713,0
"DTXSID8020913",128.18,7.261808440866,0.0808954325267319,1894.96479773572,1.02586512532165,0.000716909689660387,1.1838718037982,0
