"dtxsid","molwt","vapor","solub","kow","decay.air","decay.sur","diffus.air","conc.out"
"DTXSID2021781",278.35,0.00203780705961954,0.0738063524694784,29629.2167914479,0.888362284726873,0.00117569013104626,0.485497684399477,0
"DTXSID3020205",312.37,0.000253102487229944,0.0134100527735716,30474.3262729326,1.2238776388202,0.00122904882093011,0.638100596289229,0
"DTXSID7021360",92.14,1226.37415214561,5.08493857548752,750.127276508657,0.888242875856792,0.00158524304746254,1.00326528479609,0
"DTXSID8020462",106.12,2.55586289561994,6699.34107411396,0.0682625183521732,2.49753093730108,0.00127949084940845,0.728946453713359,0
"DTXSID8020913",128.18,9.30361196532366,0.108655952204788,3056.08723307393,1.5861827655687,0.00170523406602675,0.549755561527035,0
