"dtxsid","molwt","vapor","solub","kow","decay.air","decay.sur","diffus.air","conc.out"
"DTXSID2021781",278.35,0.00306533211127655,0.0388203909061918,15599.0599768137,0.769510352129498,0.000820989716521984,0.659691641673002,0
"DTXSID3020205",312.37,0.000899182843861854,0.00864976982367044,12268.1817430049,1.18199535593882,0.000571789729006192,0.697153409880878,0
"DTXSID7021360",92.14,4061.50291473552,4.70773391673914,621.956668140494,0.200703703699689,0.00105660786016225,1.25361174485099,0
"DTXSID8020462",106.12,2.15759092811023,14563.2451568255,0.138990752126558,3.1475045793783,0.00122612173359419,0.886639447018291,0
"DTXSID8020913",128.18,8.1013968820403,0.17263018052652,5194.04715373088,1.27762502705829,0.000670879557828635,0.512616591043367,0
