"dtxsid","molwt","vapor","solub","kow","decay.air","decay.sur","diffus.air","conc.out"
"DTXSID2021781",278.35,0.0016972190506776,0.0363586383994044,29116.0927297603,0.804308831159944,0.000661667946127835,0.392655085305423,0
"DTXSID3020205",312.37,0.000169991115662293,0.0111544713610257,21250.378326103,0.502462035426492,0.000546519549017152,0.520940120413056,0
"DTXSID7021360",92.14,908.151082798871,4.55557423575275,152.826752898925,0.436058629294238,0.00063563250918725,0.599330795948518,0
"DTXSID8020462",106.12,1.8977418903087,5475.6443932478,0.051776183978582,1.71089577496475,0.00103142782996177,0.424476906273829,0
"DTXSID8020913",128.18,4.5982199260031,0.125545760601424,1808.75080672696,1.11324588651504,0.00110148303970185,0.501549923744047,0
