"dtxsid","molwt","vapor","solub","kow","decay.air","decay.sur","diffus.air","conc.out"
"DTXSID2021781",278.35,0.00324952747601593,0.0385352570916099,38626.0972253637,0.569810040582771,0.00249658164721408,0.699498607501057,0
"DTXSID3020205",312.37,0.00063699401923873,0.0193877005083965,20034.7608938755,0.843916719459907,0.000846472260659997,0.341662943318411,0
"DTXSID7021360",92.14,3896.2555682613,6.10384736284502,482.052269206881,0.603625821372053,0.00135807566401119,0.834028343699834,0
"DTXSID8020462",106.12,1.08607329903968,8830.97762761952,0.076618558481046,1.81074097029227,0.00107258497238536,0.668461379819546,0
"DTXSID8020913",128.18,3.78411939505104,0.0931938634436715,1769.88017105448,0.790069716799026,0.00032737115467302,0.533305755144466,0
