"dtxsid","molwt","vapor","solub","kow","decay.air","decay.sur","diffus.air","conc.out"
"DTXSID2021781",278.35,0.00177722444956692,0.0538106112979504,34243.4161411388,0.511647390928256,0.00116781450909172,0.661613810589825,0
"DTXSID3020205",312.37,0.000452357340721228,0.0127289883170965,22300.7699291394,1.77670029077568,0.000867359607506138,0.484517597569046,0
"DTXSID7021360",92.14,2690.36635143598,5.38790484139201,439.100446929678,0.44183897439452,0.00045659539237195,0.663676016061993,0
"DTXSID8020462",106.12,0.912905602722845,8738.48019166653,0.0872826396618105,1.41978393941499,0.00115681117868377,1.10997442037735,0
"DTXSID8020913",128.18,9.61946501631065,0.148083875188457,2564.1714794302,1.86225539398142,0.000812272392420339,0.768435729464922,0
