"dtxsid","molwt","vapor","solub","kow","decay.air","decay.sur","diffus.air","conc.out"
"DTXSID2021781",278.35,0.00514764361684313,0.0261425083997131,64329.4911072981,0.698725408556317,0.000889518264955188,0.49655329737882,0
"DTXSID3020205",312.37,0.000725520817160851,0.0106487957596206,9102.49046451544,0.866625274373142,0.000941184908392621,0.408174672193523,0
"DTXSID7021360",92.14,2962.06825586371,5.2063185411423,402.713931321266,0.486577916067076,0.0010227431304441,0.678417241682106,0
"DTXSID8020462",106.12,0.604798685621288,8892.03705566078,0.0840509898269981,1.23639483594985,0.00248299073022608,0.848117098146453,0
"DTXSID8020913",128.18,9.43496433824694,0.116571078974169,2594.9435453252,1.51389838729724,0.000548178315647982,0.42749860006784,0
