"dtxsid","molwt","vapor","solub","kow","decay.air","decay.sur","diffus.air","conc.out"
"DTXSID2021781",278.35,0.00503389952130979,0.02890321685296,50365.8403659502,0.680287797075524,0.00089056665667563,0.633296346489594,0
"DTXSID3020205",312.37,0.000694886713988692,0.00866557467385805,7449.02013660091,0.880758204070545,0.00148659058236388,0.557422665111065,0
"DTXSID7021360",92.14,1383.58314104552,4.77980873935595,382.029890213274,0.520076061918173,0.00240473611187513,0.702911439564406,0
"DTXSID8020462",106.12,3.55132184261023,4922.12798286537,0.0856180999251361,1.20865821069829,0.000915567051306477,0.600727735279724,0
"DTXSID8020913",128.18,13.7751450355554,0.116085487311999,2855.21093887511,0.956509671863806,0.00106609754427848,0.873145143223547,0
