"dtxsid","molwt","vapor","solub","kow","decay.air","decay.sur","diffus.air","conc.out"
"DTXSID2021781",278.35,0.0016739714871946,0.0328547926296572,28641.9738969199,0.467526222059108,0.000867011762509608,0.635069244386899,0
"DTXSID3020205",312.37,0.000563269930369048,0.0118569068337858,13618.3020806372,0.85070780855674,0.00154990616644228,0.426121202802745,0
"DTXSID7021360",92.14,1132.50739340844,3.10328075637327,367.842884813518,0.204705058253702,0.00120546874061551,0.840902308831044,0
"DTXSID8020462",106.12,0.621744758709011,18213.1515194893,0.0528552942403685,3.38371220915994,0.00199903136788914,0.641537444750037,0
"DTXSID8020913",128.18,6.84374445919193,0.13885996764754,4008.92262378497,0.812118613974507,0.00135598772811612,0.611191952124009,0
