"dtxsid","molwt","vapor","solub","kow","decay.air","decay.sur","diffus.air","conc.out"
"DTXSID2021781",278.35,0.00542306925271963,0.02631281699396,52688.9607364314,0.468161444862643,0.00199567496186997,0.433783156879378,0
"DTXSID3020205",312.37,0.000851476533920753,0.00706126330990305,23180.5610857626,0.801604941478837,0.00175546151646793,0.571536409150678,0
"DTXSID7021360",92.14,5351.58379301709,5.13617680120318,492.089275036297,0.745355377630638,0.000536935431287533,0.741752752723889,0
"DTXSID8020462",106.12,1.1731554549455,17033.0364838254,0.0728663895079667,2.1309654410268,0.00101197484937969,0.675163181023963,0
"DTXSID8020913",128.18,3.50055810458882,0.087000794602287,1482.54988788862,1.28302430972057,0.00117792644057265,0.690554254353868,0
