"dtxsid","molwt","vapor","solub","kow","decay.air","decay.sur","diffus.air","conc.out"
"DTXSID2021781",278.35,0.00121491567002479,0.0301588394559509,43870.26963141,0.777586095136765,0.000801466151346345,0.467928887387828,0
"DTXSID3020205",312.37,0.000402804769162123,0.00865643521214839,18650.5068767481,1.01830156010341,0.00122290539131041,0.650182493517688,0
"DTXSID7021360",92.14,2744.97896297647,3.40984459047029,500.666897165629,0.616800023610574,0.000519691287317958,0.596436989090931,0
"DTXSID8020462",106.12,1.03238819333131,11407.3017178149,0.0661020395006921,2.10569028035189,0.000515624943622613,0.408216839772056,0
"DTXSID8020913",128.18,7.02273432116073,0.0929545036563238,4350.09921912428,1.05978815257204,0.000915898484598609,1.00755082776396,0
