"dtxsid","molwt","vapor","solub","kow","decay.air","decay.sur","diffus.air","conc.out"
"DTXSID2021781",278.35,0.00229289822162753,0.042203448100205,19760.3821165373,0.720452863906216,0.000641039972516009,0.648928066298156,0
"DTXSID3020205",312.37,0.000883112689052964,0.0117080533094164,32156.358762632,0.402738608409443,0.000777291676876887,0.492547286561669,0
"DTXSID7021360",92.14,9216.73706104325,3.31595277919206,137.982414730346,0.379697678968092,0.000739352637411216,0.848763207295358,0
"DTXSID8020462",106.12,0.593760495251039,8495.29654326319,0.106872145250339,1.51196442708813,0.00107570320282302,1.25311158159495,0
"DTXSID8020913",128.18,27.8294117931311,0.159124299540442,2345.89908402377,2.2720103129433,0.00103357071834966,0.612192351087018,0
