"dtxsid","molwt","vapor","solub","kow","decay.air","decay.sur","diffus.air","conc.out"
"DTXSID2021781",278.35,0.00355275640431734,0.0346270976568323,39378.5102407965,0.635320814732348,0.00143401102581032,0.556789058022027,0
"DTXSID3020205",312.37,0.00083952253432399,0.0057754365229983,33706.1878954124,0.47002158979105,0.000788479127501974,0.468475194186734,0
"DTXSID7021360",92.14,1608.43606395728,4.56326777043117,439.083029556552,0.503672793716222,0.000608441411643171,1.11569086100287,0
"DTXSID8020462",106.12,0.562444299144076,8450.28412682018,0.106215364728328,2.76492592074112,0.000914967432140476,1.01425947519093,0
"DTXSID8020913",128.18,5.11675432206531,0.112099978465839,4388.34789506627,1.04775893199325,0.000755445079665451,0.563544112521305,0
