"dtxsid","molwt","vapor","solub","kow","decay.air","decay.sur","diffus.air","conc.out"
"DTXSID2021781",278.35,0.00448291189517533,0.0251042668760085,33275.0909890476,0.347961308398631,0.000940824657967585,0.81484134692592,0
"DTXSID3020205",312.37,0.00100895795463936,0.00998402449412922,21460.4891991324,0.568354552883669,0.00176066028008042,0.578388728583921,0
"DTXSID7021360",92.14,4808.63349727013,4.12759336183485,699.247201155127,0.378078633481707,0.000793938899722584,1.07979543683863,0
"DTXSID8020462",106.12,1.59726660296721,6425.51849033918,0.139027651390279,0.781976401000191,0.00263852710200711,0.703155055708734,0
"DTXSID8020913",128.18,3.89221181110633,0.163671504775161,4089.16367709335,1.3084816198919,0.000862650913167419,0.843488967524547,0
