"dtxsid","molwt","vapor","solub","kow","decay.air","decay.sur","diffus.air","conc.out"
"DTXSID2021781",278.35,0.00390431929720199,0.0332451587399671,29569.4928138386,0.520149830702051,0.00141377781342831,0.504007748770609,0
"DTXSID3020205",312.37,0.000859428370081821,0.0104208240577681,17588.0069701269,0.96627337133028,0.00231104783429978,0.31467266432026,0
"DTXSID7021360",92.14,2669.11726997064,4.87835378359985,326.925728837079,0.265532167472556,0.00141549681936698,0.530747546712805,0
"DTXSID8020462",106.12,0.818966780673949,10836.9349271063,0.0583671601576422,2.09343171186836,0.00112764073445608,0.492316423683727,0
"DTXSID8020913",128.18,4.78081513442044,0.109849694340059,1508.90213880078,1.57461501997517,0.000940794306744739,0.82772911923117,0
