"dtxsid","molwt","vapor","solub","kow","decay.air","decay.sur","diffus.air","conc.out"
"DTXSID2021781",278.35,0.0037953525954395,0.0551862792382067,36233.1653588141,0.452968615569113,0.000997221222186328,0.761913790560322,0
"DTXSID3020205",312.37,0.000438183609483717,0.00760800142381523,7131.66220066249,1.58165680450276,0.00100141232334782,0.59639495938024,0
"DTXSID7021360",92.14,1309.9949205108,4.18730837581168,296.069154547398,0.481694217990503,0.0010633357468945,1.06860525159002,0
"DTXSID8020462",106.12,1.61535171620912,7789.90642088876,0.0879101620386855,1.49504451601575,0.000941675839936113,0.940068433815268,0
"DTXSID8020913",128.18,7.02629963129917,0.164645805807131,4694.78461502714,2.19363143698159,0.000999890698973578,0.853221432016388,0
