"dtxsid","molwt","vapor","solub","kow","decay.air","decay.sur","diffus.air","conc.out"
"DTXSID2021781",278.35,0.00457134761889228,0.0371123115999194,25388.0826520288,1.01430826779415,0.0014117029564635,0.501816445419764,0
"DTXSID3020205",312.37,0.000670545513975214,0.0091613296567867,33455.9352757328,0.704261721246944,0.000761294228350299,0.627286517007203,0
"DTXSID7021360",92.14,2345.94964326884,11.6075931820818,277.31769492327,0.207837604558556,0.00113794370331018,1.15547737522655,0
"DTXSID8020462",106.12,0.47772910138991,8679.89028152274,0.107913274815761,1.59679078504348,0.00119577810463383,0.888928112774064,0
"DTXSID8020913",128.18,11.04249175539,0.146465240911945,2022.77789072366,1.38611656874416,0.000502515537103378,0.673220852596941,0
