"dtxsid","molwt","vapor","solub","kow","decay.air","decay.sur","diffus.air","conc.out"
"DTXSID2021781",278.35,0.00471700944940296,0.022120182756206,27141.0947860985,0.516325559517519,0.00115358726720431,0.669411699908161,0
"DTXSID3020205",312.37,0.000399607574034294,0.00752972244860423,10235.792929887,0.949259549719573,0.0038538164661819,0.446853865185796,0
"DTXSID7021360",92.14,4324.73459969704,4.17825220059097,655.812249859777,0.256895583304216,0.000724450994210675,0.95343766720579,0
"DTXSID8020462",106.12,0.517665683516529,8956.71479760473,0.0866906234255536,2.36959937104934,0.00106041387023073,0.62999712068868,0
"DTXSID8020913",128.18,14.7709073103292,0.181477005173873,1807.03809483108,0.770202727538674,0.00135156814903835,0.759310250134149,0
