"dtxsid","molwt","vapor","solub","kow","decay.air","decay.sur","diffus.air","conc.out"
"DTXSID2021781",278.35,0.0019399071258999,0.0716916068989571,22738.6166417934,0.365161737288714,0.00120896842390893,0.523558743108611,0
"DTXSID3020205",312.37,0.00157479650535181,0.00947686232931383,21228.8339876454,0.653673188616029,0.000847346123430148,0.588180354470545,0
"DTXSID7021360",92.14,6323.17698386242,4.38998378372061,179.799289109937,0.483950718377331,0.000768387241815861,0.788303643198582,0
"DTXSID8020462",106.12,0.843575581511711,5609.7612799035,0.0698076519558181,1.27344237994959,0.000821203438638062,0.656735187634384,0
"DTXSID8020913",128.18,9.40187428956973,0.151461962822693,2875.27516585371,2.10185858994498,0.00074115533338898,0.65275699864502,0
