"dtxsid","molwt","vapor","solub","kow","decay.air","decay.sur","diffus.air","conc.out"
"DTXSID2021781",278.35,0.00680390585267483,0.052150997549766,37732.6110912753,1.00073438728176,0.00127081834539762,0.671975898906915,0
"DTXSID3020205",312.37,0.000213817924824605,0.0113877219140349,16680.5080099615,0.971950537760708,0.000895782657282983,0.503862280333682,0
"DTXSID7021360",92.14,3323.89898884085,4.0672100010623,360.477620552817,0.452668395106609,0.000855372953367732,0.516971278946692,0
"DTXSID8020462",106.12,1.31015437393386,8485.48898969437,0.0331612956527284,3.5644178883121,0.0012538191087037,0.370387577393705,0
"DTXSID8020913",128.18,10.2324844251631,0.135553597998239,2769.651970617,1.3998013058386,0.00119328682934628,0.620366857601706,0
