"dtxsid","molwt","vapor","solub","kow","decay.air","decay.sur","diffus.air","conc.out"
"DTXSID2021781",278.35,0.00127409259615939,0.0293630448947382,30853.5668409537,0.56137769337082,0.000806441625520514,0.428814656119386,0
"DTXSID3020205",312.37,0.000394984178188491,0.0131318439922714,43793.7592096149,1.15826767183992,0.000421579362891764,0.554832851507207,0
"DTXSID7021360",92.14,3596.80383908785,4.29315980962606,254.994222479213,0.323366280882046,0.00162472171542062,0.895063114035642,0
"DTXSID8020462",106.12,1.37307267397644,9524.50964543126,0.0910786834039001,1.79633689373693,0.000900855628186219,0.640356619601338,0
"DTXSID8020913",128.18,12.6156937944698,0.135704491139458,1430.65375342478,1.6634788551165,0.000776315195095838,1.21866226708167,0
