"dtxsid","molwt","vapor","solub","kow","decay.air","decay.sur","diffus.air","conc.out"
"DTXSID2021781",278.35,0.00222515871346141,0.0284084786150326,33457.603854705,0.831359229231037,0.000472775848120148,0.56588294564658,0
"DTXSID3020205",312.37,0.000204557977630207,0.0147781655834314,11703.6989213638,0.356943959286346,0.00207492266813209,0.522229697678746,0
"DTXSID7021360",92.14,2133.57155361817,7.34756971135798,352.132147465933,0.311549656041212,0.000889937589286071,0.861502551955156,0
"DTXSID8020462",106.12,0.299073902948939,7929.99783401568,0.130191071095558,1.52165425856063,0.00103321061767554,0.669874269946363,0
"DTXSID8020913",128.18,2.61379067862352,0.120144433308779,2141.76754219753,1.81601515997792,0.00198751099226346,0.722930757952889,0
