"dtxsid","molwt","vapor","solub","kow","decay.air","decay.sur","diffus.air","conc.out"
"DTXSID2021781",278.35,0.00103355863398525,0.0304142702061685,38285.2534236751,0.400206881017704,0.000972838517865733,0.639833516123268,0
"DTXSID3020205",312.37,0.000323204328367802,0.0091398293869265,17166.3947243664,0.911174065021279,0.0009150445823051,0.523903718247945,0
"DTXSID7021360",92.14,3796.56461514029,5.76045806683326,591.902576577081,0.308019864078346,0.00119291617547087,0.773472226508486,0
"DTXSID8020462",106.12,1.31272760762456,10366.5094160637,0.0786238086297486,2.30365315367616,0.00128898274782766,0.455864895875117,0
"DTXSID8020913",128.18,2.26537963780883,0.0917997017407008,1485.97869684645,1.19911248290125,0.00254080201184231,1.29299852575171,0
