"dtxsid","molwt","vapor","solub","kow","decay.air","decay.sur","diffus.air","conc.out"
"DTXSID2021781",278.35,0.00222088644658815,0.030283607125252,17812.9833520274,0.577387136578528,0.000814428081932905,0.510993333935853,0
"DTXSID3020205",312.37,0.00038176054718148,0.00900915441054324,24589.7140027628,0.669144315690946,0.00163337749788327,0.711854238782414,0
"DTXSID7021360",92.14,2348.35544936613,4.90046818839428,243.509034006905,0.350290908982308,0.00112148674260275,0.903406534507545,0
"DTXSID8020462",106.12,0.574271862641826,8633.8676882298,0.100015451400024,1.3496918884699,0.000652165197161997,0.579268274953123,0
"DTXSID8020913",128.18,4.69666248304434,0.177333167002095,1896.53263100059,0.848803730883586,0.00157983924679879,0.893798023185432,0
