"dtxsid","molwt","vapor","solub","kow","decay.air","decay.sur","diffus.air","conc.out"
"DTXSID2021781",278.35,0.00869161350414873,0.0427239097277137,58621.59954187,0.814147294044598,0.000751158761338881,0.685414289880946,0
"DTXSID3020205",312.37,0.000887205778746868,0.0101225503557901,14756.0186691787,0.469102314030953,0.000607556407141169,0.868806143459903,0
"DTXSID7021360",92.14,6131.97466943523,3.58378840934796,598.993214772328,0.395552890443965,0.000829695458481808,0.640581859580353,0
"DTXSID8020462",106.12,0.999780848573335,7445.73271426471,0.0479995126665876,1.41945737569424,0.00154651398199682,0.870236717690813,0
"DTXSID8020913",128.18,3.13262906703256,0.120609796807901,2063.32606326563,1.07736657882519,0.000552898244874102,0.717974941934685,0
