"dtxsid","molwt","vapor","solub","kow","decay.air","decay.sur","diffus.air","conc.out"
"DTXSID2021781",278.35,0.00306967340903531,0.0450637355417133,35692.9250651947,0.524928957433824,0.00111989966050838,0.715740869554727,0
"DTXSID3020205",312.37,0.000700944310254858,0.0158333490149314,19276.4785089916,0.321594745572057,0.000989268536348839,0.322653748502972,0
"DTXSID7021360",92.14,1236.92732948577,4.49581821964861,289.089459373666,0.466597583125288,0.00132914116036932,0.475786877063657,0
"DTXSID8020462",106.12,0.457858060408821,8369.65442930735,0.0357205776421431,1.45343510168402,0.00183379501407054,1.10800505920932,0
"DTXSID8020913",128.18,9.5362431885722,0.168628970441692,3598.15584374402,0.972640500616281,0.000712757195589192,0.57044516293057,0
