"dtxsid","molwt","vapor","solub","kow","decay.air","decay.sur","diffus.air","conc.out"
"DTXSID2021781",278.35,0.000668697350035593,0.0396435215378578,31711.648045122,0.574835484009931,0.00117843995362067,0.560653052402803,0
"DTXSID3020205",312.37,0.000274075261182882,0.00592701855285671,15225.9876183401,0.741529097490615,0.00100739513478187,0.574362159001398,0
"DTXSID7021360",92.14,3045.29030492705,4.37887170295552,496.826133787124,0.432804515796742,0.00113717853443201,0.602965694547099,0
"DTXSID8020462",106.12,0.980185538902593,8262.28410891991,0.0739895089576711,1.71803317809589,0.000937864790371243,0.657446198413189,0
"DTXSID8020913",128.18,11.02707019999,0.22258083072415,1539.18947250186,1.28709954733296,0.00105691022889572,0.80401418273399,0
