"dtxsid","molwt","vapor","solub","kow","decay.air","decay.sur","diffus.air","conc.out"
"DTXSID2021781",278.35,0.00196575332638329,0.0238653302390916,57991.7086118428,0.306261018625159,0.0010115370134251,0.357214856051702,0
"DTXSID3020205",312.37,0.000804657031341014,0.00918732246322051,23983.9907473177,1.24797552284286,0.000628184217856861,0.3794172187033,0
"DTXSID7021360",92.14,2434.93825023638,8.20441260472333,294.275876754432,0.52904670510746,0.000472209809035789,0.717575742170846,0
"DTXSID8020462",106.12,1.45607224417676,6545.89809897614,0.145903631436679,1.86421644168955,0.00131776778413016,0.649643995272236,0
"DTXSID8020913",128.18,5.73216798424776,0.154239717338456,2746.13890259438,1.30175112834477,0.00117974373104573,0.718488637499113,0
