"dtxsid","molwt","vapor","solub","kow","decay.air","decay.sur","diffus.air","conc.out"
"DTXSID2021781",278.35,0.000281668216259678,0.0513326488591428,21329.0454943564,0.860173751585348,0.00123449426475674,0.669372422445828,0
"DTXSID3020205",312.37,0.000430757833401027,0.00755473283980885,22552.8445724117,0.701447660891917,0.00139854803202927,0.561867757727001,0
"DTXSID7021360",92.14,2297.451225505,4.42399380061571,316.041959136584,0.251694520491259,0.0011243992001583,0.744841131271288,0
"DTXSID8020462",106.12,1.05801305878483,12474.3500593981,0.0990246984347183,0.868026488255001,0.00116187906804568,0.64383895012528,0
"DTXSID8020913",128.18,20.4585992688526,0.118932186279357,1476.14817456151,1.5864047309037,0.000962193136969186,0.940376117132177,0
