"dtxsid","molwt","vapor","solub","kow","decay.air","decay.sur","diffus.air","conc.out"
"DTXSID2021781",278.35,0.002208102725327,0.0341566741600025,17039.8521887206,0.752733356501755,0.00244131564510516,0.81220964133273,0
"DTXSID3020205",312.37,0.000849222425043321,0.0111715694033913,14930.1686663904,0.466503632346842,0.000619905133221043,0.601287816552938,0
"DTXSID7021360",92.14,796.117314877055,5.20418907851058,201.744778323969,0.418922779469377,0.000692138096046039,0.716221607763688,0
"DTXSID8020462",106.12,0.684752249624391,9114.63180573696,0.0574799228281108,2.30822149717141,0.00167451645404493,0.773052095090898,0
"DTXSID8020913",128.18,6.42604983478692,0.0863676547722926,2022.50061698149,1.69132975483586,0.00204484336122522,0.77410948097502,0
