"dtxsid","molwt","vapor","solub","kow","decay.air","decay.sur","diffus.air","conc.out"
"DTXSID2021781",278.35,0.00374172470825561,0.039888513198509,18489.3980042502,0.472131600989945,0.00133739627426092,0.399694574983909,0
"DTXSID3020205",312.37,0.000946923755211062,0.00482746433084743,14705.5234607861,1.44580459419492,0.0012191329369947,0.611953043535475,0
"DTXSID7021360",92.14,1851.09876415396,4.8352758436173,288.331550509439,0.447322073810503,0.00194234683393248,0.746297873465073,0
"DTXSID8020462",106.12,0.662442025105176,10060.0943837846,0.065989733837162,1.32712660358943,0.0005375045281974,0.941368930264197,0
"DTXSID8020913",128.18,12.2902067701737,0.111095598266196,2173.08394857029,0.70183286817771,0.000831615332440014,0.734476044609215,0
