"dtxsid","molwt","vapor","solub","kow","decay.air","decay.sur","diffus.air","conc.out"
"DTXSID2021781",278.35,0.0019525017856096,0.0368523100897933,24990.5964959892,0.744780958782374,0.000604405033055276,0.669502886722257,0
"DTXSID3020205",312.37,0.000392055886529523,0.00880671672991832,50919.9074576425,0.922190491735454,0.000736587919799666,0.595825740676593,0
"DTXSID7021360",92.14,8115.80794772077,3.19944901411399,654.153244562058,0.517089559640858,0.00202575173248289,0.944816799530242,0
"DTXSID8020462",106.12,2.75825088106282,6109.89363712167,0.0879115433440697,4.04340174666357,0.00156204054673696,0.979709097593114,0
"DTXSID8020913",128.18,13.0167149822521,0.0888397166182114,1870.29248888965,1.91667205895348,0.0011059411221112,0.746731322291718,0
