"dtxsid","molwt","vapor","solub","kow","decay.air","decay.sur","diffus.air","conc.out"
"DTXSID2021781",278.35,0.00290392239962,0.0443242564759493,20180.3524980737,0.75209104547142,0.000877650711771025,0.578418946879578,0
"DTXSID3020205",312.37,0.000700153046953591,0.0113520750008528,13698.2612409149,0.520474833966569,0.0011423555779656,0.6749764954175,0
"DTXSID7021360",92.14,6705.40379129522,4.30551871585807,511.016383021124,0.489349789699639,0.000434040488501388,1.3151729415922,0
"DTXSID8020462",106.12,0.219828641728666,11174.3732974946,0.103935115411376,2.46724883021387,0.00172142800714986,0.827675176352487,0
"DTXSID8020913",128.18,14.0716883691927,0.195512310489026,3131.81555272523,2.1714706064808,0.000809351191817933,0.640156963398683,0
