"dtxsid","molwt","vapor","solub","kow","decay.air","decay.sur","diffus.air","conc.out"
"DTXSID2021781",278.35,0.00509290046921909,0.0361126411549994,31068.4406678831,0.96132190077883,0.000791878976835706,0.511957487809514,0
"DTXSID3020205",312.37,0.000879654985787204,0.00837972458506181,23325.6883283088,1.40754036555866,0.000769540321168902,0.72271059962582,0
"DTXSID7021360",92.14,2564.56425696088,5.25205654583057,438.911197450908,0.176821288376174,0.00218995734803781,0.607357362813551,0
"DTXSID8020462",106.12,0.631586589496708,7084.21056939142,0.101428925479493,3.07387788118274,0.000957152657314444,0.544187012961487,0
"DTXSID8020913",128.18,15.8189300928575,0.109429105825677,3657.09195973541,1.33225810145167,0.000680547674998805,0.901111435349629,0
