"dtxsid","molwt","vapor","solub","kow","decay.air","decay.sur","diffus.air","conc.out"
"DTXSID2021781",278.35,0.00359085371804387,0.0341214155667597,29179.0774439932,0.695261766043986,0.000850902299214911,0.779517055399574,0
"DTXSID3020205",312.37,0.000639152337985266,0.00967088937705811,21987.6295078563,0.634368313236138,0.00117407212598345,0.486614959860304,0
"DTXSID7021360",92.14,3100.22595551972,3.24445231498516,260.127239276566,0.24099492951847,0.00214733537327413,0.617982396971094,0
"DTXSID8020462",106.12,0.77976645026329,8784.60984644948,0.0642924028694565,1.48009740901169,0.00120305868686955,0.642908588642439,0
"DTXSID8020913",128.18,16.9780613823313,0.173018952172615,2208.68162200701,1.24570649593815,0.00266580261625445,0.643916211262718,0
