"dtxsid","molwt","vapor","solub","kow","decay.air","decay.sur","diffus.air","conc.out"
"DTXSID2021781",278.35,0.0014560579631006,0.0261427897436285,67248.0063760752,0.754785393889737,0.000813304337257549,0.742840905975895,0
"DTXSID3020205",312.37,0.000407383600685164,0.00776580812961868,16932.8405563514,0.69535877061945,0.000907712567409833,0.676292649594888,0
"DTXSID7021360",92.14,4959.42125923599,4.05376523993907,340.382860069261,0.285227749008584,0.00145168643703111,0.700684118015606,0
"DTXSID8020462",106.12,2.25001456387697,5525.69279658888,0.0970560180169757,2.17955093893822,0.0015650816779221,0.666584272838392,0
"DTXSID8020913",128.18,2.35626099828195,0.114461259262771,1098.32236461387,1.14529492150647,0.000790246477749401,0.773646738698246,0
