"dtxsid","molwt","vapor","solub","kow","decay.air","decay.sur","diffus.air","conc.out"
"DTXSID2021781",278.35,0.0212069436272925,0.0439440822342377,63350.4847851724,0.930847450789089,0.00062713684884221,0.443824279708136,0
"DTXSID3020205",312.37,0.000291599595628007,0.0131649048205421,23379.1424787386,0.685175429575474,0.00163068685493552,0.499726331437014,0
"DTXSID7021360",92.14,6006.57723775718,3.82641960802625,874.135881007942,0.199055143805493,0.000699718368944373,1.0823330061477,0
"DTXSID8020462",106.12,0.0960405995411888,5007.64295265866,0.0943163061932007,1.56790395468466,0.000650847625714596,1.04614643596087,0
"DTXSID8020913",128.18,5.6426208962779,0.111144578190506,1948.1401273747,0.807185085158569,0.000948299392943444,0.69611352591713,0
