"dtxsid","molwt","vapor","solub","kow","decay.air","decay.sur","diffus.air","conc.out"
"DTXSID2021781",278.35,0.00278390205410777,0.0510807094196491,29397.2383643479,0.401050158983307,0.0014179022418528,0.618655978256333,0
"DTXSID3020205",312.37,0.000268497526168437,0.0088267718178916,17448.421650137,0.600568415000345,0.00102417619904812,0.418540988324598,0
"DTXSID7021360",92.14,6167.77816717636,5.59019065711051,255.474087739912,0.387774331410032,0.000771991304778017,0.525203028479352,0
"DTXSID8020462",106.12,0.864071907936693,5851.96946976717,0.0407289936098585,1.95952675693494,0.00148269310063795,0.907658538859416,0
"DTXSID8020913",128.18,3.40734884928999,0.153255092637697,5126.67800289635,1.44725062530802,0.00107691551934144,0.672271112964298,0
