"dtxsid","molwt","vapor","solub","kow","decay.air","decay.sur","diffus.air","conc.out"
"DTXSID2021781",278.35,0.00581193132778458,0.0486696560436294,42498.694107768,0.645510552077411,0.00127254922030886,0.375461620328663,0
"DTXSID3020205",312.37,0.000440113556626477,0.00690588280772479,19445.413530088,0.457282629659878,0.00107598889968022,0.457951839619283,0
"DTXSID7021360",92.14,858.272039080924,5.94264105719744,384.239786560456,0.476647787106418,0.00110406893689919,1.09067574155651,0
"DTXSID8020462",106.12,0.864246070925526,7384.25363728726,0.0501773102890711,2.01705181945479,0.00167448482875175,0.860943343936015,0
"DTXSID8020913",128.18,8.05628201144103,0.154236905269671,3345.9968673591,1.47629438189795,0.00178232860381055,0.773875526568673,0
