"dtxsid","molwt","vapor","solub","kow","decay.air","decay.sur","diffus.air","conc.out"
"DTXSID2021781",278.35,0.00304662597913155,0.0346132187301037,34244.1154094549,1.05226328060987,0.000626350637869148,0.344591339702777,0
"DTXSID3020205",312.37,0.000482450914164391,0.011055500019757,18531.8769706777,0.614074047644711,0.00176975041082135,0.603371219248866,0
"DTXSID7021360",92.14,2222.56711660028,4.37084117853984,444.949015436406,0.533132057173235,0.00133651166115359,0.978798528649299,0
"DTXSID8020462",106.12,0.487523124668842,5362.96814049821,0.073501309945974,2.03217145747489,0.00181466362601823,0.457390083319763,0
"DTXSID8020913",128.18,7.91288468201976,0.130354361573738,1759.58591100523,1.19376802213338,0.00135216035351631,0.674149973734229,0
