"dtxsid","molwt","vapor","solub","kow","decay.air","decay.sur","diffus.air","conc.out"
"DTXSID2021781",278.35,0.00428334903778299,0.0382341041864427,28127.6196336367,1.28881903014441,0.00101611245941796,0.631619130222732,0
"DTXSID3020205",312.37,0.000702957420040942,0.00704828411391973,27032.289966465,0.422824171493536,0.00227674070430374,0.568416315650069,0
"DTXSID7021360",92.14,2128.32091614173,8.62921447879854,475.056802439592,0.283840456374522,0.000740613973304406,1.03574028531185,0
"DTXSID8020462",106.12,0.486971502851186,5344.87558851345,0.0308026715050748,2.93442888048245,0.00224195410215054,0.749677803022909,0
"DTXSID8020913",128.18,7.07416357806882,0.154323924811902,2076.71995441258,1.07110036957269,0.000738606966531685,0.941649239056035,0
