"dtxsid","molwt","vapor","solub","kow","decay.air","decay.sur","diffus.air","conc.out"
"DTXSID2021781",278.35,0.00146008109206003,0.0271620602663347,37934.1263292389,1.01629900386434,0.00162332287729128,0.593318405159124,0
"DTXSID3020205",312.37,0.000961784514895771,0.0106701946077717,27021.8852756939,1.14289695484305,0.00122347600208908,0.671408195523516,0
"DTXSID7021360",92.14,10111.7644669135,3.99259707739666,341.57503055342,0.585860596517874,0.00055814710209125,0.861332287163658,0
"DTXSID8020462",106.12,0.902353164155322,7124.95611911224,0.0735263648802625,1.54945058998016,0.00181333057051212,0.897866178263366,0
"DTXSID8020913",128.18,4.80063748823849,0.192071383046199,2326.64003373566,1.1398799035649,0.000821214457988022,0.69008085085834,0
