"dtxsid","molwt","vapor","solub","kow","decay.air","decay.sur","diffus.air","conc.out"
"DTXSID2021781",278.35,0.00357624783442461,0.0817278100364841,42645.6910854915,0.608264378845297,0.000931675224669202,0.512711826057051,0
"DTXSID3020205",312.37,0.000420837829864026,0.00811213466543315,21028.2621250045,0.94384422974318,0.00177665499428634,0.371649976299863,0
"DTXSID7021360",92.14,1618.84259939334,4.50480565393848,215.543485394551,0.986769504842864,0.00105003736041364,0.642352992391823,0
"DTXSID8020462",106.12,2.30284261069418,8095.80089996309,0.117416304616934,4.50753453085441,0.00180294292928967,1.19374245016213,0
"DTXSID8020913",128.18,8.50454565477266,0.175827963044393,2556.86502289714,0.84549742214405,0.00105560056595539,0.982994280259607,0
