"dtxsid","molwt","vapor","solub","kow","decay.air","decay.sur","diffus.air","conc.out"
"DTXSID2021781",278.35,0.00285259292333792,0.0263497531674274,48769.7145716193,0.510878160780426,0.000780814758553595,0.676724653218745,0
"DTXSID3020205",312.37,0.00122218341146201,0.00849860294388815,18896.0161094217,0.528705673674787,0.00225843112661008,0.603137343960978,0
"DTXSID7021360",92.14,5174.59553573846,4.43855154800224,346.208509687025,0.233931099481533,0.00071444648623245,0.82949700588138,0
"DTXSID8020462",106.12,0.442659295034852,4562.01198760239,0.13698411152319,1.59860682478945,0.00132409779925112,0.816388433194856,0
"DTXSID8020913",128.18,7.12659121673694,0.119640012587983,2282.68100957023,0.692166641698345,0.00232701301207795,0.544814799711831,0
