"dtxsid","molwt","vapor","solub","kow","decay.air","decay.sur","diffus.air","conc.out"
"DTXSID2021781",278.35,0.00150586138846305,0.0367178479776998,23395.0432140162,0.419876219500531,0.000974075429099679,0.47765065394593,0
"DTXSID3020205",312.37,0.000503227628672074,0.00651906340214774,22489.7478791441,1.09510400603946,0.000506800235205397,0.41695950208026,0
"DTXSID7021360",92.14,4290.52023340192,6.41895293186018,284.023589756494,0.392820426039035,0.00117284186391469,0.938351969003438,0
"DTXSID8020462",106.12,2.93569850876797,9095.59150610794,0.0850926293683587,1.7214051137696,0.000963250109344342,0.69313875037804,0
"DTXSID8020913",128.18,7.11350991563033,0.11902214624701,4152.59091368648,1.10797330036942,0.000548471847205055,1.25752029119095,0
