"dtxsid","molwt","vapor","solub","kow","decay.air","decay.sur","diffus.air","conc.out"
"DTXSID2021781",278.35,0.00399726643787985,0.0290281971287413,30259.51954309,0.573038547184757,0.00149364099078816,0.439371801995139,0
"DTXSID3020205",312.37,0.000436659053746973,0.0125872524189701,10940.2717807457,0.651904851281199,0.00103500315612449,0.372930881023316,0
"DTXSID7021360",92.14,7752.63132725069,4.01998491936691,432.747308446577,0.334661127381719,0.000612766803223158,0.778913642200531,0
"DTXSID8020462",106.12,0.958710624263686,10569.3315430075,0.0534628737186316,1.34692319831803,0.00106605966119711,0.801117574390492,0
"DTXSID8020913",128.18,2.86299876065619,0.144191937900241,3126.66909277492,2.29997620846671,0.000648143552205616,0.748727693731882,0
