"dtxsid","molwt","vapor","solub","kow","decay.air","decay.sur","diffus.air","conc.out"
"DTXSID2021781",278.35,0.00067415557067396,0.0475769495622308,24583.339339367,0.470152203093309,0.000794951181275666,0.501496125341312,0
"DTXSID3020205",312.37,0.000674558180310054,0.00768890459400894,17965.1242605757,0.646656950150922,0.000908555064168224,0.674137749218725,0
"DTXSID7021360",92.14,1005.26495616984,4.5835938218659,395.084948756478,0.397172669226737,0.000958439138131752,0.823010128785668,0
"DTXSID8020462",106.12,0.947436716854937,10340.4054026513,0.0869493232954637,2.17348844724757,0.00096655100907801,0.469299214563267,0
"DTXSID8020913",128.18,2.5758377973772,0.114559401649659,2846.52199523682,1.58662360341693,0.00101882607792982,0.743713596146739,0
