"dtxsid","molwt","vapor","solub","kow","decay.air","decay.sur","diffus.air","conc.out"
"DTXSID2021781",278.35,0.00429635950200172,0.0434371286970232,41607.6566829848,0.339160643323378,0.00249987890404257,0.904321917972109,0
"DTXSID3020205",312.37,0.000290637756838761,0.00749347537755064,27656.8391544575,1.2143676070099,0.00176193530399568,0.48190198161442,0
"DTXSID7021360",92.14,691.780535156417,3.72975000956475,1103.10896323642,0.494061124999731,0.000737465952260411,0.569572752524772,0
"DTXSID8020462",106.12,0.781554392314859,10553.9932964077,0.0354160316139871,2.51489769756796,0.00126794751905423,1.15323859429895,0
"DTXSID8020913",128.18,8.2570570708329,0.123271756739114,1196.78208213001,0.877072231297099,0.000462005642869699,0.561909291576127,0
