"dtxsid","molwt","vapor","solub","kow","decay.air","decay.sur","diffus.air","conc.out"
"DTXSID2021781",278.35,0.00236428159755788,0.0431102772556661,20556.3035444961,0.562704254381825,0.00142476625431085,0.270363049646651,0
"DTXSID3020205",312.37,0.000615016403576402,0.0104281510563922,28721.1885029592,0.713903983054642,0.00121131362720282,0.408202965376507,0
"DTXSID7021360",92.14,610.832262979698,4.55774227553502,227.981636464244,0.409252164364,0.00153914488595719,1.11570724450259,0
"DTXSID8020462",106.12,0.433269273161588,4351.36402956601,0.104009934272005,1.42176553756729,0.00115196005316829,0.589517334921087,0
"DTXSID8020913",128.18,5.16420478009487,0.208571976031808,2094.34465617526,0.974797201139371,0.00142930477844066,0.842926285848544,0
