"dtxsid","molwt","vapor","solub","kow","decay.air","decay.sur","diffus.air","conc.out"
"DTXSID2021781",278.35,0.00294876462674775,0.0257154597585637,23677.2120324961,0.544204517278014,0.000598412034468115,0.444221259694994,0
"DTXSID3020205",312.37,0.000863497111719111,0.00713234634921274,20279.8566684042,1.44329356410091,0.000671753393130653,0.49846467905731,0
"DTXSID7021360",92.14,1293.66369719182,6.72762107173134,344.789031494357,0.391427517520439,0.000883864819056129,0.780978156102315,0
"DTXSID8020462",106.12,0.61494414612029,8311.59339785768,0.0886516027948608,2.22183969253007,0.000669993159908632,1.07389648784292,0
"DTXSID8020913",128.18,5.65974376183741,0.151701027751191,3570.13072712964,2.37188762192731,0.000882368955104289,0.746352821704961,0
