"dtxsid","molwt","vapor","solub","kow","decay.air","decay.sur","diffus.air","conc.out"
"DTXSID2021781",278.35,0.00714110518016439,0.0472226643857315,28941.7338091558,0.581101456654949,0.00131613618523877,0.389687183986955,0
"DTXSID3020205",312.37,0.000455293657557905,0.0130267448973896,29131.5585539862,0.514183459517291,0.00143089089400739,0.44616027795681,0
"DTXSID7021360",92.14,2020.51030484844,6.30313088665181,499.596506089942,0.738185099231588,0.000846391204740508,0.582234938137634,0
"DTXSID8020462",106.12,1.27478091927722,7566.32177094005,0.0458908776771876,1.26578951607188,0.000838078611790416,0.707455444802866,0
"DTXSID8020913",128.18,3.837422205169,0.138230525072178,2299.43853529863,2.00801232493503,0.00155074560764822,0.469940933831786,0
