"dtxsid","molwt","vapor","solub","kow","decay.air","decay.sur","diffus.air","conc.out"
"DTXSID2021781",278.35,0.00468842145557385,0.0518518946676708,43881.3291816713,0.484560572620942,0.00136190466227412,0.38243719369819,0
"DTXSID3020205",312.37,0.00102895656196673,0.013502234661975,19493.8213563399,0.818357609077666,0.00109607985584203,0.419619562140791,0
"DTXSID7021360",92.14,5052.25160310717,3.37074708284398,376.28113604704,0.77692930069062,0.00082496814196362,1.13451767656497,0
"DTXSID8020462",106.12,1.63364468468137,7543.90474450312,0.0455115336916785,2.07096695476777,0.000828344598529103,0.988167868638937,0
"DTXSID8020913",128.18,3.41689341418148,0.133260121422273,3070.40795796391,0.796743824915161,0.000511684618354059,0.805629171736015,0
