"dtxsid","molwt","vapor","solub","kow","decay.air","decay.sur","diffus.air","conc.out"
"DTXSID2021781",278.35,0.00512335051664924,0.0395673098436531,36272.2523599349,0.449643874374282,0.000744020489829383,0.649765578183425,0
"DTXSID3020205",312.37,0.000254564397849241,0.00925910595835406,25680.5847475269,0.599353526850378,0.000465502794589326,0.723908650801944,0
"DTXSID7021360",92.14,7979.29423542462,5.18927512002082,507.357543821164,0.356711358549358,0.000786907078525901,1.07940298950635,0
"DTXSID8020462",106.12,0.521498754426624,7639.32866828425,0.110817931649392,1.74681616185955,0.00091085403993838,0.866402434649629,0
"DTXSID8020913",128.18,34.16364397921,0.121488591774244,3689.90578922181,2.03476804206152,0.0011775074915579,1.00179808402142,0
