"dtxsid","molwt","vapor","solub","kow","decay.air","decay.sur","diffus.air","conc.out"
"DTXSID2021781",278.35,0.00353929442693257,0.0476261092171938,36595.2094609311,0.480120421212766,0.00068785301115281,0.636491017498262,0
"DTXSID3020205",312.37,0.00195272775717948,0.00920357198756105,16477.9511813585,0.68756067622054,0.000878845807242768,0.673868574833187,0
"DTXSID7021360",92.14,3699.33456502207,4.6269575943507,253.427541573556,0.441185657664898,0.0014904758915184,0.792181058155444,0
"DTXSID8020462",106.12,0.214552156513068,6899.30868814719,0.110441240596102,3.65124312641631,0.000945176096673913,0.565887445172953,0
"DTXSID8020913",128.18,15.0511913310323,0.199127714475335,2207.27144594542,1.42454366736988,0.00171011804112597,0.488626029836633,0
