"dtxsid","molwt","vapor","solub","kow","decay.air","decay.sur","diffus.air","conc.out"
"DTXSID2021781",278.35,0.00507004995597711,0.0282312676313457,55944.3258030204,0.672006920863956,0.000833357432166309,0.503778820293256,0
"DTXSID3020205",312.37,0.000951010943514058,0.00947377728979465,19604.6856837584,0.995739746927594,0.000557329942928178,0.528721830204155,0
"DTXSID7021360",92.14,879.460287168622,3.80647906578396,244.532902837065,0.843617896762351,0.000601834837909494,0.691602289557059,0
"DTXSID8020462",106.12,0.243585473887907,9046.46893318718,0.0939041258319151,1.46043173181086,0.000732945765436249,1.44737002385767,0
"DTXSID8020913",128.18,6.47081897260331,0.0833641494700712,1634.676843203,1.940365754549,0.000762969229567885,0.464626381522776,0
