"dtxsid","molwt","vapor","solub","kow","decay.air","decay.sur","diffus.air","conc.out"
"DTXSID2021781",278.35,0.00459615151585694,0.0351371672793179,12662.9359846863,0.643582797733112,0.00215269516477847,0.639841406495693,0
"DTXSID3020205",312.37,0.000767872589696281,0.00955002532495959,16307.2169369403,0.641313164317464,0.000817162390256646,0.485485590550156,0
"DTXSID7021360",92.14,6457.36367799245,4.33446341958759,241.746888595327,0.281061980809811,0.00180376683318646,1.01935287517021,0
"DTXSID8020462",106.12,1.44723043916325,4377.94111617783,0.0710830907491707,2.05611750828202,0.000534531273780533,0.867147070927733,0
"DTXSID8020913",128.18,8.23915947513856,0.100609235644101,2752.48232975387,0.956365051719155,0.00120756424305829,0.895407721090907,0
