"dtxsid","molwt","vapor","solub","kow","decay.air","decay.sur","diffus.air","conc.out"
"DTXSID2021781",278.35,0.00667655680180909,0.0514108716291732,40375.6224378171,0.608821389991043,0.00076307951153842,0.41379954899823,0
"DTXSID3020205",312.37,0.000550395258327439,0.00916980486897728,10365.7870207542,0.331851889004371,0.000849188058112343,0.457288201877536,0
"DTXSID7021360",92.14,2327.83870926764,4.14851542493138,367.208119222685,0.404591136781117,0.0013047661506586,0.650472618998775,0
"DTXSID8020462",106.12,2.7669442716696,11544.3157956004,0.101075762764526,1.06565514417881,0.000662316485448626,0.368806589517441,0
"DTXSID8020913",128.18,17.215591346439,0.139254827687875,1107.39496574093,2.37348061177201,0.00105821159760824,0.563477952500528,0
