"dtxsid","molwt","vapor","solub","kow","decay.air","decay.sur","diffus.air","conc.out"
"DTXSID2021781",278.35,0.00157723839231864,0.035815721941953,51710.8403829341,0.722672486322295,0.00187946617055056,0.514033546856989,0
"DTXSID3020205",312.37,5.81375574472486e-05,0.00885056425425293,12665.2205853225,0.812208619929977,0.00147496168462261,0.500866707858404,0
"DTXSID7021360",92.14,5574.46562632044,3.79867951344676,321.548831714457,0.413591816890955,0.00122429988597751,0.968254215679778,0
"DTXSID8020462",106.12,1.0446334671336,5587.78255110115,0.0811437562059969,1.78734244363041,0.000959424992740372,1.03654478246476,0
"DTXSID8020913",128.18,6.17291186610259,0.084392752857745,3028.90798269466,1.0500400657316,0.000826671601350201,1.16414977356972,0
