"dtxsid","molwt","vapor","solub","kow","decay.air","decay.sur","diffus.air","conc.out"
"DTXSID2021781",278.35,0.00295380633904703,0.0356651565982138,17246.1933178336,0.955431236975231,0.000989796890525111,0.484934815098829,0
"DTXSID3020205",312.37,0.000493105409133196,0.00992541592180215,18181.4228269553,0.537457205490361,0.000917159356123456,0.798338460226652,0
"DTXSID7021360",92.14,3093.77380733015,8.06356018798691,587.55340039831,0.430149485627688,0.00103255525876921,0.676088204253261,0
"DTXSID8020462",106.12,0.731159690512987,6423.21405591649,0.0514184771164001,1.01901258245478,0.00129044696792236,0.809432252529392,0
"DTXSID8020913",128.18,10.477791454527,0.124798836200559,2238.56366542419,1.72599229474568,0.00152555636542501,0.471954577370719,0
