"dtxsid","molwt","vapor","solub","kow","decay.air","decay.sur","diffus.air","conc.out"
"DTXSID2021781",278.35,0.00299881347051678,0.0268331086811517,44389.487245975,2.19960072823885,0.00122441391749893,0.541227037768631,0
"DTXSID3020205",312.37,0.000366276020696177,0.00831537682787677,13795.7221992165,0.889265831111197,0.00096858119585417,0.583335623838415,0
"DTXSID7021360",92.14,1976.45111963165,3.5800540905243,759.195995585249,0.351004648159805,0.00100128991507226,1.07648013687268,0
"DTXSID8020462",106.12,0.270737945471575,9690.94709666137,0.0659259506238867,1.93729917878699,0.00178123780956841,0.718593097585036,0
"DTXSID8020913",128.18,7.3106195792345,0.22507589160778,2826.42931009196,2.10598896949569,0.00199209984677831,0.547892586745672,0
