"dtxsid","molwt","vapor","solub","kow","decay.air","decay.sur","diffus.air","conc.out"
"DTXSID2021781",278.35,0.00403779289722511,0.0438615460452785,28805.4508249939,0.298989514955401,0.00147286926410667,0.450514825379954,0
"DTXSID3020205",312.37,0.000528662812883385,0.00878397918882363,22408.9960363658,0.545955084671974,0.00125723491265457,0.48678954169771,0
"DTXSID7021360",92.14,4674.66466160788,5.35570437003864,804.230994145759,0.370924206662365,0.000603824296639457,1.00172399859917,0
"DTXSID8020462",106.12,0.841713278480229,8187.54474051226,0.0521408286186461,2.86358357198249,0.00118654840384196,0.655231215856307,0
"DTXSID8020913",128.18,2.02712463229488,0.109964955407414,1953.54787962382,1.75285947651342,0.000525610381117299,0.604354703106865,0
