"dtxsid","molwt","vapor","solub","kow","decay.air","decay.sur","diffus.air","conc.out"
"DTXSID2021781",278.35,0.00147263729067334,0.0300197091155465,22543.2788395329,0.994008476530711,0.000930807544383571,0.300066616958455,0
"DTXSID3020205",312.37,0.000508149329445167,0.00862572182044501,18921.1200080174,0.574778691418623,0.000750140464742928,0.441843436144577,0
"DTXSID7021360",92.14,372.417808435648,3.74234632223402,206.046499459484,0.474341954108875,0.000865262988912297,0.827779606243217,0
"DTXSID8020462",106.12,0.515443733834552,9557.66922022482,0.0634037029921881,1.89175781233399,0.00155933232832495,0.492466003388366,0
"DTXSID8020913",128.18,4.68359805818394,0.195140833373073,2348.07289222391,1.4965182280666,0.00240630222659851,1.05267754167869,0
