"dtxsid","molwt","vapor","solub","kow","decay.air","decay.sur","diffus.air","conc.out"
"DTXSID2021781",278.35,0.00233195759770654,0.0315445073076901,35752.266561422,0.546090124122149,0.00121850647449822,0.49279268938853,0
"DTXSID3020205",312.37,0.000736349975262876,0.00729611547456702,17295.2390404947,0.995095598891161,0.000612335388527946,0.538665647281097,0
"DTXSID7021360",92.14,1325.04663854456,2.7272337056341,625.841962208646,0.264307453498855,0.00130160398477579,0.491071975776402,0
"DTXSID8020462",106.12,0.674528605903762,9077.18788288056,0.0874642135207377,1.62036608941795,0.000646769235037794,0.663736737750931,0
"DTXSID8020913",128.18,10.596411494095,0.146951579622869,1902.53820925569,1.69567478940585,0.00134976217918965,0.825205545491409,0
