"dtxsid","molwt","vapor","solub","kow","decay.air","decay.sur","diffus.air","conc.out"
"DTXSID2021781",278.35,0.00472889061517573,0.0328666488952601,26952.3000106333,0.681584623608421,0.000883232034774261,0.416168437552511,0
"DTXSID3020205",312.37,0.00116345129024689,0.00934368250086377,25147.0886264248,1.0057270438423,0.000603977524781635,0.656546594430467,0
"DTXSID7021360",92.14,493.73766517686,6.58094289329808,326.977680216422,0.84734274884312,0.00161544453459929,1.5048285568755,0
"DTXSID8020462",106.12,0.351859432850233,6946.89944957252,0.0933023663639345,1.70084497256101,0.00160575498231115,0.731782753049443,0
"DTXSID8020913",128.18,7.69404789885859,0.135715316621456,6441.32625881245,2.01531473525724,0.00117338812544541,0.924080562938565,0
