"dtxsid","molwt","vapor","solub","kow","decay.air","decay.sur","diffus.air","conc.out"
"DTXSID2021781",278.35,0.00134838537610994,0.0538876154042083,36532.1512097501,0.811853126445074,0.000586637133656313,0.501183246495066,0
"DTXSID3020205",312.37,0.000282406461973319,0.00790421140412845,16709.3035266598,0.504210659010916,0.000900811911947783,0.402326028729988,0
"DTXSID7021360",92.14,3884.27301311269,7.38879182080061,698.454326442701,0.43497028064116,0.000688427245231528,0.944739105417913,0
"DTXSID8020462",106.12,1.08574872540775,6441.3541719053,0.0878898269759491,3.67864964652371,0.00156743515569482,0.526544518166776,0
"DTXSID8020913",128.18,3.16813132237745,0.143570189210498,1799.80528413551,1.83020111899359,0.00116451275190133,1.08291283477989,0
