"dtxsid","molwt","vapor","solub","kow","decay.air","decay.sur","diffus.air","conc.out"
"DTXSID2021781",278.35,0.00489599894187751,0.0435043876275442,41352.8322144683,0.77993232420914,0.00125815145414982,0.90151547707962,0
"DTXSID3020205",312.37,0.000572001289572295,0.0122680178989373,39104.4368953995,0.742333477673167,0.00113316551618762,0.45533846311119,0
"DTXSID7021360",92.14,525.18913969133,5.22547556466949,251.378496200505,0.322844417284308,0.000814926071566436,1.3412281274101,0
"DTXSID8020462",106.12,1.24767822915926,9559.97396607655,0.0664245094848171,1.09882445233829,0.00195667607321592,0.829886664592271,0
"DTXSID8020913",128.18,4.58452510856848,0.184308991660643,2377.81040090205,1.56732135405485,0.00115252964789907,1.11607560952346,0
