"dtxsid","molwt","vapor","solub","kow","decay.air","decay.sur","diffus.air","conc.out"
"DTXSID2021781",278.35,0.00258710167857152,0.0280504389221493,22260.173449233,0.661516470452499,0.000874680146955563,0.461314048151755,0
"DTXSID3020205",312.37,0.000237969496351145,0.0101505736981317,9798.66138969171,0.678915517061461,0.000695198756435377,0.555944793337049,0
"DTXSID7021360",92.14,3330.11347411834,6.64866527963445,869.219091376897,0.312247440807773,0.00132487701645786,0.489137690608228,0
"DTXSID8020462",106.12,0.521833900005474,7872.12478737506,0.115810895054509,1.45147858011112,0.000914048164613214,0.801893984830298,0
"DTXSID8020913",128.18,15.0986171061214,0.206517011966073,2753.28451939727,2.54176500820337,0.00237238537667609,0.883913450757042,0
