"dtxsid","molwt","vapor","solub","kow","decay.air","decay.sur","diffus.air","conc.out"
"DTXSID2021781",278.35,0.000787722289083075,0.0399570820230526,37576.9779889959,0.97276135039349,0.00104171102254369,0.468328587930266,0
"DTXSID3020205",312.37,0.000542391725472551,0.0105164672337957,14148.0902068702,0.653476071951825,0.00107171691113932,0.402943493792584,0
"DTXSID7021360",92.14,5749.06078772759,3.2041353422811,262.317229667288,0.717176401316984,0.00105989953959674,0.709136440588242,0
"DTXSID8020462",106.12,0.488290636944726,8261.04758391341,0.0951056355470381,3.14251841670553,0.00209235255604193,0.945610210276557,0
"DTXSID8020913",128.18,2.53943255132012,0.148519735535488,1610.32615314688,1.93750321406797,0.00198794834772008,0.589351379883947,0
