"dtxsid","molwt","vapor","solub","kow","decay.air","decay.sur","diffus.air","conc.out"
"DTXSID2021781",278.35,0.00324139116746565,0.0393607469483539,33025.1445204593,0.357893349763606,0.00121341268071636,0.661112731705812,0
"DTXSID3020205",312.37,0.000333159425067006,0.0110683374898714,12301.7953575013,0.771147577711717,0.000705068902023887,0.296917650512497,0
"DTXSID7021360",92.14,3171.27204097037,3.90213817189611,389.566593488975,0.191561927673797,0.000851705469769425,0.593278828210958,0
"DTXSID8020462",106.12,0.471810880506336,6143.48366176117,0.0308064771368729,1.52489211279546,0.000771242537700381,1.15005497095571,0
"DTXSID8020913",128.18,5.5836636650806,0.121005555462555,2530.89104118914,0.916614196234978,0.000914356747578801,0.683544718711364,0
