"dtxsid","molwt","vapor","solub","kow","decay.air","decay.sur","diffus.air","conc.out"
"DTXSID2021781",278.35,0.00184665188876196,0.0324842946913608,17451.0508530146,0.598884303523435,0.00125718598440741,0.594541080091771,0
"DTXSID3020205",312.37,0.000902814180855636,0.0101068786415797,18969.8965964662,0.714741286418256,0.000426027832958321,0.393489818999341,0
"DTXSID7021360",92.14,4919.58334749576,6.89353315135322,338.854348912764,0.385468849295647,0.00152099316864581,0.603353882606544,0
"DTXSID8020462",106.12,0.518816053458242,9519.16002164845,0.0970743343953335,0.764835864898133,0.000706795282183841,0.82832019145451,0
"DTXSID8020913",128.18,14.8638612527892,0.0835491777164847,1124.19792328786,0.725713662293067,0.000460335615286683,0.758869954654031,0
