"dtxsid","molwt","vapor","solub","kow","decay.air","decay.sur","diffus.air","conc.out"
"DTXSID2021781",278.35,0.00273544801632641,0.0459512295174232,13741.8124429455,0.973277728235338,0.00146587547355689,0.598871122601948,0
"DTXSID3020205",312.37,9.32903008182497e-05,0.00982570630571186,20679.1140371766,0.620727546923915,0.000723573974345757,0.293238880976089,0
"DTXSID7021360",92.14,822.487087299614,4.39022386035467,502.839998940273,0.577925232682522,0.000456615021912911,0.912118366018848,0
"DTXSID8020462",106.12,0.971823240178893,10642.741019468,0.0559918132468846,4.69735209132069,0.00100941644957853,1.07401428558663,0
"DTXSID8020913",128.18,5.43222954504725,0.152931457326865,2824.67727865021,1.48698638380393,0.000830410619164402,0.766332179819379,0
