"dtxsid","molwt","vapor","solub","kow","decay.air","decay.sur","diffus.air","conc.out"
"DTXSID2021781",278.35,0.000641594097694577,0.0419680581504355,39850.8339835607,0.489451268450641,0.000494471077441264,0.511727219697579,0
"DTXSID3020205",312.37,0.00162790647115092,0.0120072040546168,32363.0277688708,0.349043779063613,0.000477426640242799,0.458900478406823,0
"DTXSID7021360",92.14,1529.82708500588,5.99678851287803,458.215963225604,0.52120022508946,0.000860588227749121,1.03691798717101,0
"DTXSID8020462",106.12,0.300559203323856,8220.02672914865,0.107801525108701,1.04102928000205,0.000750062163432824,0.987066262618703,0
"DTXSID8020913",128.18,17.5656735651353,0.157267031963298,4152.50378219791,1.69637710451005,0.00106370779254651,0.55099459833784,0
