"dtxsid","molwt","vapor","solub","kow","decay.air","decay.sur","diffus.air","conc.out"
"DTXSID2021781",278.35,0.00183190654142625,0.0343858717667682,48718.1820414419,0.47125693522291,0.000998244909288244,0.299813451018874,0
"DTXSID3020205",312.37,0.00177635414591875,0.00989975892682132,29811.6975415314,0.544762264893701,0.000855973434720574,0.637360467751691,0
"DTXSID7021360",92.14,3014.36598188424,5.40003762867942,785.117477550333,0.284034486114847,0.000481483931671351,0.819168094769906,0
"DTXSID8020462",106.12,0.479963668282862,5115.12281786699,0.141448878545347,1.64188167401668,0.00155689507204375,0.666835169532741,0
"DTXSID8020913",128.18,24.7318214770466,0.115019432781701,3833.83565627226,1.11329518271714,0.00104970395081504,1.00414749043379,0
