"dtxsid","molwt","vapor","solub","kow","decay.air","decay.sur","diffus.air","conc.out"
"DTXSID2021781",278.35,0.001103480623179,0.0445490741861162,32026.0607902962,0.714430597626004,0.000712191240479519,0.582969850302776,0
"DTXSID3020205",312.37,0.000691899242956857,0.00811823681755062,42917.0359943751,0.618144128099621,0.00115589159488984,0.411430699901296,0
"DTXSID7021360",92.14,3211.48119920574,4.62763312675246,505.359314436064,0.197440866715975,0.00101709716614463,1.06311953635855,0
"DTXSID8020462",106.12,0.280046798747204,6936.66660815004,0.0528558348834609,0.612836479923122,0.00117684320349115,0.901022467497967,0
"DTXSID8020913",128.18,5.10674209399412,0.176424220747015,2604.6629944997,1.2544191814763,0.00103425937581481,1.45659491844316,0
