"dtxsid","molwt","vapor","solub","kow","decay.air","decay.sur","diffus.air","conc.out"
"DTXSID2021781",278.35,0.00289887762979651,0.0501453402514229,51102.720314666,0.698033818737698,0.00110159392765868,0.674384575043309,0
"DTXSID3020205",312.37,0.00103581343806746,0.0067251215750734,29261.6349422977,0.878782493898512,0.00127269936382808,0.634173304905131,0
"DTXSID7021360",92.14,3236.78442467047,5.16098095173609,503.888586515102,0.501807556797943,0.000778750504914028,0.836774723412959,0
"DTXSID8020462",106.12,1.89153261716236,10212.5710542774,0.0917695914116935,2.46329642818009,0.00130988717280172,0.578426794853456,0
"DTXSID8020913",128.18,8.82478983282591,0.0873771447105247,2478.79614389712,0.862527419481297,0.000800829157747918,0.564280547768935,0
