"dtxsid","molwt","vapor","solub","kow","decay.air","decay.sur","diffus.air","conc.out"
"DTXSID2021781",278.35,0.00121545100490116,0.0407620252589336,22036.4072610091,0.642572215380415,0.00126610094103693,0.311975119030121,0
"DTXSID3020205",312.37,0.000415098060980696,0.01006103861573,12824.4389984891,0.64711718647572,0.000999188525387696,0.547930510426434,0
"DTXSID7021360",92.14,1545.56339262944,3.7324412920116,236.214610476883,0.288245539770182,0.00182799094741297,0.839415013222771,0
"DTXSID8020462",106.12,0.641157720286385,6240.91425354252,0.0370630445089202,1.0951214484147,0.000878491290568883,0.74097463740746,0
"DTXSID8020913",128.18,4.94343048728829,0.102396072062917,5043.77252344618,1.51100469097654,0.00142127839909987,1.13574512535503,0
