"dtxsid","molwt","vapor","solub","kow","decay.air","decay.sur","diffus.air","conc.out"
"DTXSID2021781",278.35,0.0053385985481156,0.0337990427829312,18962.8380040974,0.796856952692949,0.000873199054495263,0.60187506560212,0
"DTXSID3020205",312.37,0.000509647794432091,0.00860097060315256,23048.6805582863,0.449574184737587,0.000650577876713344,0.51229804693521,0
"DTXSID7021360",92.14,1352.24986868529,4.44000577505329,274.625755395124,0.383871655676463,0.00277160186107361,0.687544983876464,0
"DTXSID8020462",106.12,1.29891103428002,7765.29658636924,0.0973618071390753,3.08647051699607,0.00154054572550718,1.2278894055025,0
"DTXSID8020913",128.18,7.47872847715445,0.135235145193353,1651.37853849168,1.16668163553555,0.00124602578406547,0.885760347443637,0
