"dtxsid","molwt","vapor","solub","kow","decay.air","decay.sur","diffus.air","conc.out"
"DTXSID2021781",278.35,0.00522263463806677,0.0530376724556361,38116.3043113572,0.517784089828396,0.0011186999084991,0.524231613458121,0
"DTXSID3020205",312.37,0.000186371767291939,0.00779038092894817,14403.8351878305,0.709637695491849,0.000697204050687204,0.487315102733389,0
"DTXSID7021360",92.14,2163.19900651324,6.10012653451176,200.55851128301,0.438954883231383,0.001319257321529,1.01138888120552,0
"DTXSID8020462",106.12,0.947374124470909,7998.00576705105,0.0861235016193729,1.06744541940079,0.0011485500326896,0.745946110456544,0
"DTXSID8020913",128.18,4.25012297976456,0.177299341093961,1338.18496777432,1.40541265925335,0.000710500790518771,0.466905013639085,0
