"dtxsid","molwt","vapor","solub","kow","decay.air","decay.sur","diffus.air","conc.out"
"DTXSID2021781",278.35,0.00202898145738724,0.0321800451642057,23714.6444818383,0.343351769164801,0.000870843710480291,0.662377391882186,0
"DTXSID3020205",312.37,0.00146761054040842,0.0115640733191901,17546.7654517912,1.49787509788394,0.00141012294915535,0.404276815266944,0
"DTXSID7021360",92.14,560.251257691172,4.65540836195062,328.752869992858,0.585698013146732,0.00122132469250766,0.852703929635022,0
"DTXSID8020462",106.12,1.02542969415301,9973.84497691034,0.0735877011565293,2.00594916977305,0.000882859124437169,0.878304951104038,0
"DTXSID8020913",128.18,8.32138569023261,0.120090530031058,2409.51918796945,1.66658472720575,0.000776805256491753,0.607293059605146,0
