"dtxsid","molwt","vapor","solub","kow","decay.air","decay.sur","diffus.air","conc.out"
"DTXSID2021781",278.35,0.00648897994390771,0.0352312003112243,23229.7674850393,0.797084556378103,0.00117224539498655,0.364159216083915,0
"DTXSID3020205",312.37,0.000142535035705469,0.0152658292003338,17601.6542141574,0.598164585576932,0.00141249027733486,0.349000769003907,0
"DTXSID7021360",92.14,4066.47853169491,4.6304769272382,198.678217610337,0.646558079960134,0.000934858570872022,0.860169318069658,0
"DTXSID8020462",106.12,1.60140271262664,8410.98764874239,0.0554987974198495,7.7150174310938,0.00110540013811216,0.801132321582614,0
"DTXSID8020913",128.18,2.29059540875341,0.0996149735372753,1927.21536656151,1.52160618054451,0.000739963488979956,1.24127472075717,0
