"dtxsid","molwt","vapor","solub","kow","decay.air","decay.sur","diffus.air","conc.out"
"DTXSID2021781",278.35,0.00403793403945433,0.0312525622650125,31543.5632212571,0.696416204830167,0.000528016525195886,0.384104654769604,0
"DTXSID3020205",312.37,0.000653063505576077,0.00705784558257393,13698.8357566991,0.412331791115399,0.00149226939714538,0.310412314149851,0
"DTXSID7021360",92.14,1607.7915107759,5.41754183923333,635.594289191912,0.398808816216651,0.000836563267526657,0.684857333009505,0
"DTXSID8020462",106.12,0.337147113735283,8687.45167119402,0.0831220648374352,5.08415149193924,0.00149459990745547,0.748926132508788,0
"DTXSID8020913",128.18,12.3873707903736,0.139384362130284,1655.75947620856,0.939445637555622,0.000837444992462693,0.648624052506279,0
