"dtxsid","molwt","vapor","solub","kow","decay.air","decay.sur","diffus.air","conc.out"
"DTXSID2021781",278.35,0.00472801818210621,0.0309791056134182,42821.4984051488,0.406781500820942,0.00134442349016122,0.379136284864538,0
"DTXSID3020205",312.37,0.000625027808012634,0.00930449218274967,16471.2774871266,0.996230234710149,0.00115181618454301,0.589553747988037,0
"DTXSID7021360",92.14,3027.05172506206,2.99568692957594,158.351159326007,0.354362522172878,0.00119955433510401,1.03792204394249,0
"DTXSID8020462",106.12,0.570462208950954,7782.85981547468,0.0844264575664346,1.40426160210071,0.00162441479259827,0.504680307026099,0
"DTXSID8020913",128.18,7.30809500253581,0.158826851938083,1298.66224385429,0.959254443001816,0.00177323387254927,0.719882539542864,0
