"dtxsid","molwt","vapor","solub","kow","decay.air","decay.sur","diffus.air","conc.out"
"DTXSID2021781",278.35,0.00191613362288604,0.0387212325196427,39399.6124349435,0.73333165713228,0.000832472071882491,0.422443672002245,0
"DTXSID3020205",312.37,0.000294881971762187,0.0119778038236232,16244.0528926035,1.06806307963819,0.00086152892737149,0.447849389556688,0
"DTXSID7021360",92.14,1627.15081715079,4.56460807860141,291.174486436775,0.936349569795529,0.000997545289363396,0.952591802148779,0
"DTXSID8020462",106.12,0.346378827076158,5046.00363129868,0.110670871264029,1.84329226207152,0.00197218778564471,0.727149901024934,0
"DTXSID8020913",128.18,7.11603771503517,0.120969728777596,2037.28638944514,0.611718702565457,0.000586383872076381,0.570179342448313,0
