"dtxsid","molwt","vapor","solub","kow","decay.air","decay.sur","diffus.air","conc.out"
"DTXSID2021781",278.35,0.00702077993287377,0.0413346120007203,42158.519081625,1.3247057182888,0.000717190461703763,0.525400769755227,0
"DTXSID3020205",312.37,0.000277657139298748,0.0105834325868625,20756.6016251613,0.785981667332657,0.00083206698465413,0.443713860433147,0
"DTXSID7021360",92.14,7529.71106643173,6.91531962520083,205.128753667398,0.276842978241187,0.00197669263891428,0.583590915851752,0
"DTXSID8020462",106.12,0.406037845412635,9199.99251760845,0.114610968707908,2.10333999396771,0.000845707197222345,0.869384133677466,0
"DTXSID8020913",128.18,10.8808688603747,0.161147524897749,2504.27848785801,1.34150259439987,0.00212064729126952,0.839001086011651,0
