"dtxsid","molwt","vapor","solub","kow","decay.air","decay.sur","diffus.air","conc.out"
"DTXSID2021781",278.35,0.0036931216541706,0.0667168396251566,23596.5881752907,0.654739865691542,0.00112167600524686,0.604548579019213,0
"DTXSID3020205",312.37,0.000741275468087135,0.010345301970014,9457.47562395284,0.403313963844844,0.000906428684268322,0.752828146620563,0
"DTXSID7021360",92.14,1847.20371587607,2.30262417478568,823.431635636053,0.416196865990649,0.00135897724357625,0.764163004894694,0
"DTXSID8020462",106.12,0.53121272577197,9926.41698424501,0.106711129714676,1.36773735460456,0.000784228507008764,1.10832692643979,0
"DTXSID8020913",128.18,2.37671288839576,0.136103774319596,2458.71270963181,1.25227420530767,0.00116335059202689,0.437986041247663,0
