"dtxsid","molwt","vapor","solub","kow","decay.air","decay.sur","diffus.air","conc.out"
"DTXSID2021781",278.35,0.00297576975381307,0.045573232108728,18655.3223959589,0.393360952642328,0.001030353900267,0.545628178386244,0
"DTXSID3020205",312.37,0.000329741524978976,0.0132631925088186,13561.0916000295,0.340419479867639,0.000680123357421228,0.590908622232922,0
"DTXSID7021360",92.14,7180.5879902347,3.91461539596343,422.003209582559,0.679917475205763,0.00135174717709949,0.753095761401586,0
"DTXSID8020462",106.12,0.994196446723295,9034.53288318535,0.088104038402112,1.14817100505508,0.00119049929916261,0.667487431638517,0
"DTXSID8020913",128.18,9.50627445792678,0.172652816548636,2724.52453882707,1.04363653492531,0.000777030885612807,0.549327495052452,0
