"dtxsid","molwt","vapor","solub","kow","decay.air","decay.sur","diffus.air","conc.out"
"DTXSID2021781",278.35,0.00380364910427356,0.0282394212237619,26939.8982045661,0.756717418176434,0.00148670767654928,0.556547554090434,0
"DTXSID3020205",312.37,0.000377944353901436,0.00828234784921298,12177.1290787115,0.793084324693807,0.00102582685012479,0.580208616203262,0
"DTXSID7021360",92.14,2217.07582594362,4.81680212924622,431.208351649082,0.379324047126995,0.00115040162420725,0.499691316339584,0
"DTXSID8020462",106.12,0.113691685923576,7521.65461324979,0.0654285483302331,0.950755443088235,0.000922425961386071,0.515383136885092,0
"DTXSID8020913",128.18,12.1119356319194,0.146296280125183,1244.37824125668,0.598584348399166,0.00103219634978582,0.732383321057774,0
