"dtxsid","molwt","vapor","solub","kow","decay.air","decay.sur","diffus.air","conc.out"
"DTXSID2021781",278.35,0.00373308058929382,0.0294471861216674,20441.3025019468,0.6304971668897,0.000481913552922661,0.609587998604385,0
"DTXSID3020205",312.37,0.000796517589212689,0.00693971338141003,14597.7263239018,0.562249930098645,0.000633250448027921,0.512557354044,0
"DTXSID7021360",92.14,2663.62146726057,5.13879531627,291.479690744525,0.108566012259427,0.00177997217538322,1.02362277974036,0
"DTXSID8020462",106.12,0.797516354262017,8049.858556379,0.0624819725969675,2.25870258094538,0.00114682510740565,1.24850620496955,0
"DTXSID8020913",128.18,4.29072995883974,0.134116066289311,1955.92104162349,3.44419868338448,0.000926037228151304,0.961624928514867,0
