"dtxsid","molwt","vapor","solub","kow","decay.air","decay.sur","diffus.air","conc.out"
"DTXSID2021781",278.35,0.0106112151573232,0.0463413031735963,49133.0609943906,0.67693934781572,0.00103307996233635,0.574729319972714,0
"DTXSID3020205",312.37,9.9327004065038e-05,0.00907132170629503,16790.0746385059,1.05408674436425,0.000802247077681951,0.341607595345421,0
"DTXSID7021360",92.14,2238.57280703189,5.08411995287977,216.31816941428,0.191899515524693,0.000851924844627324,0.955510661734756,0
"DTXSID8020462",106.12,0.636643780220931,8342.77868475538,0.082129768214279,2.00508561982608,0.00120226767078201,0.834113405949057,0
"DTXSID8020913",128.18,1.41415556885596,0.111706815938045,5129.00274956832,1.14469510835781,0.00127913181101807,0.880851309189361,0
