"dtxsid","molwt","vapor","solub","kow","decay.air","decay.sur","diffus.air","conc.out"
"DTXSID2021781",278.35,0.00254042810645233,0.0374531500539622,83161.4446544049,0.359781476155351,0.000662685338139352,0.772867100200625,0
"DTXSID3020205",312.37,0.000780849874156239,0.00944663845185644,20285.0181843107,1.06794096702547,0.00136756012211942,0.396673033319482,0
"DTXSID7021360",92.14,20110.0536046501,6.647764477956,367.687141797898,0.415961939173804,0.000962697636382762,0.89614535746087,0
"DTXSID8020462",106.12,0.518724987713085,6865.81974173599,0.133571664747285,2.35884083109481,0.00102485823534422,0.73971257388111,0
"DTXSID8020913",128.18,1.47036294922402,0.117990197538059,2107.27452322912,2.14367968358906,0.000717909415005718,0.616621743570716,0
