"dtxsid","molwt","vapor","solub","kow","decay.air","decay.sur","diffus.air","conc.out"
"DTXSID2021781",278.35,0.0017826094031828,0.0409170659437519,30502.3601372319,0.681819471712453,0.00178906589421363,0.438551600463274,0
"DTXSID3020205",312.37,0.000415339196417463,0.00937937551825419,23104.9488299774,0.351862666257131,0.00139101115107513,0.849071990044973,0
"DTXSID7021360",92.14,3350.50654014045,6.3926292340536,288.238768158954,0.370018613754012,0.00146134300935884,1.02519519392064,0
"DTXSID8020462",106.12,1.05958329474336,5955.36081725391,0.0691620535295253,1.51732553413692,0.000766743401247311,1.25420437422185,0
"DTXSID8020913",128.18,5.61913529038732,0.222351984513402,2367.3040928732,1.06425553956174,0.000798361995741978,0.647578034672171,0
