"dtxsid","molwt","vapor","solub","kow","decay.air","decay.sur","diffus.air","conc.out"
"DTXSID2021781",278.35,0.00323632275893261,0.01567397673412,39158.0929979049,0.594922864533169,0.000951174714553445,0.530561619035223,0
"DTXSID3020205",312.37,0.000514023642626073,0.00872479064135086,12968.0226133311,1.03432952458952,0.000751403789704937,0.407921009316074,0
"DTXSID7021360",92.14,3204.58839417953,9.5428420594662,446.586940235331,0.251033785415364,0.000757284740751656,0.951366456750674,0
"DTXSID8020462",106.12,0.719696331603499,7484.06990992159,0.0313688720076289,1.88994633821761,0.00076638877593488,0.612854163132981,0
"DTXSID8020913",128.18,8.74567147930932,0.172898139561063,2212.66942115469,0.600363196268821,0.000772194616053487,0.980516928581468,0
