"dtxsid","molwt","vapor","solub","kow","decay.air","decay.sur","diffus.air","conc.out"
"DTXSID2021781",278.35,0.00498532902100566,0.0506653810563642,23518.7110315213,1.0813336145525,0.00127661773115689,0.613785443225844,0
"DTXSID3020205",312.37,0.00125502008347571,0.0124233552094743,16525.8261079731,0.831740681254595,0.00146369959191932,0.622413534774585,0
"DTXSID7021360",92.14,2249.14421098961,4.39884157576188,471.495266344959,0.334205683844388,0.000798620506890822,1.45832651333618,0
"DTXSID8020462",106.12,0.732552505439426,8841.30434694218,0.100198425079815,1.60796838070863,0.00315401371107079,0.767722163530724,0
"DTXSID8020913",128.18,4.17352388418942,0.151467823750767,3179.37996045026,1.62497907251474,0.000961072815138463,0.62631743586905,0
