"dtxsid","molwt","vapor","solub","kow","decay.air","decay.sur","diffus.air","conc.out"
"DTXSID2021781",278.35,0.00502225045042878,0.0269603788037572,104573.820654865,0.757725553323478,0.000426212871125477,0.511560550014171,0
"DTXSID3020205",312.37,0.000245865048036263,0.0131424721268226,30569.129563988,0.526098812650636,0.0011750220431796,0.466068749889588,0
"DTXSID7021360",92.14,9761.92798754462,5.33394238757093,306.235536319618,0.494951878261976,0.0013767929551043,0.973614347881269,0
"DTXSID8020462",106.12,0.557479574983667,4896.06681443249,0.0448925732513442,2.63711558951448,0.000955457155863854,0.848141845833487,0
"DTXSID8020913",128.18,11.0176852754752,0.177558958801119,4108.14180518457,1.14796474820599,0.0010915109860959,1.27600539437453,0
