"dtxsid","molwt","vapor","solub","kow","decay.air","decay.sur","diffus.air","conc.out"
"DTXSID2021781",278.35,0.00199018337339039,0.0334762343383377,63444.1737145842,0.543190457115272,0.00110247904153995,0.285381653764955,0
"DTXSID3020205",312.37,0.000724675412859251,0.00984255701672066,52996.9635576224,1.40088259576279,0.000336343027215317,0.482368975430938,0
"DTXSID7021360",92.14,2828.92519333076,3.97550411408706,206.13057614299,0.386556855795359,0.00171145640705664,0.71453370478495,0
"DTXSID8020462",106.12,1.55149887657319,8094.27405459347,0.0454606408591735,1.05040682846419,0.00146813904327553,0.595929403381659,0
"DTXSID8020913",128.18,11.181029409942,0.163662587070539,1428.30656580818,0.877304115211611,0.00128529927941057,0.737674586626128,0
