"dtxsid","molwt","vapor","solub","kow","decay.air","decay.sur","diffus.air","conc.out"
"DTXSID2021781",278.35,0.0027939199337775,0.0401954277924341,42965.6854384824,0.811349735542815,0.0012535813241642,0.336161426108184,0
"DTXSID3020205",312.37,0.000417292031472992,0.0128487655677644,27690.8818031723,1.52296398931172,0.00184740300749518,0.435289066015864,0
"DTXSID7021360",92.14,3181.22355977379,5.16812151187141,892.795185716532,0.261015197130344,0.00101085852759561,1.01116030637855,0
"DTXSID8020462",106.12,0.680285742226593,5767.13377830209,0.180187672686617,2.04891428098985,0.000784605975183862,0.76019662441367,0
"DTXSID8020913",128.18,15.498974074114,0.127479265919917,5406.37521072234,1.11691246034354,0.00152364958959793,0.716378281526817,0
