"dtxsid","molwt","vapor","solub","kow","decay.air","decay.sur","diffus.air","conc.out"
"DTXSID2021781",278.35,0.00224638239493351,0.0247660487358751,28778.1615591932,0.639873094200642,0.00105408421156703,0.302634100386914,0
"DTXSID3020205",312.37,0.000661689000828568,0.0128325105860237,21982.6585925739,0.723945646691286,0.00125468382771318,0.781751764514274,0
"DTXSID7021360",92.14,1595.43034704445,4.49826275136686,271.079972875006,0.370191095921918,0.000750600260976047,0.97851432410128,0
"DTXSID8020462",106.12,0.701714356142825,9082.20359626438,0.0669874590574172,2.74386946072546,0.000674383300203847,1.07173585069844,0
"DTXSID8020913",128.18,7.04484738689276,0.140600014470409,2320.46258717083,1.42000800419357,0.00122711680232281,0.687814765190487,0
