"dtxsid","molwt","vapor","solub","kow","decay.air","decay.sur","diffus.air","conc.out"
"DTXSID2021781",278.35,0.00522620781895761,0.0188481934381907,25524.9492055931,0.631871748077034,0.00129345674151487,0.519406643497516,0
"DTXSID3020205",312.37,0.000999676632544726,0.00813997783507843,31476.488244004,0.728432978302139,0.00175757190489677,0.60302989089526,0
"DTXSID7021360",92.14,1565.90980487857,4.26637995286134,617.407793073415,0.379521035364766,0.00098976236025237,1.04148280790642,0
"DTXSID8020462",106.12,0.425467346973834,5613.14260779046,0.0731908726033761,3.01262689861383,0.000975248236142543,0.671716935845891,0
"DTXSID8020913",128.18,1.73302878657258,0.129782720466499,4899.66786377785,1.60029637599591,0.000507920283284808,0.542601430377866,0
