"dtxsid","molwt","vapor","solub","kow","decay.air","decay.sur","diffus.air","conc.out"
"DTXSID2021781",278.35,0.0069085552086208,0.0384111807067461,35093.6591177315,0.506784280877824,0.000709431834303691,0.503168638900009,0
"DTXSID3020205",312.37,0.000343058747188189,0.00852785125379842,34237.5953377105,0.389052779046121,0.000450136785090388,0.644900795968865,0
"DTXSID7021360",92.14,13992.5157990954,2.93343686313162,501.6377847075,0.539435491443517,0.00078571130323449,1.08411875511337,0
"DTXSID8020462",106.12,0.574385044968345,7039.84796995489,0.194259302620076,7.64164285868886,0.000353495095928223,0.708446005105689,0
"DTXSID8020913",128.18,8.63108041871449,0.098943189211619,1862.83309883326,1.60095506580915,0.000767170313198998,0.618119859994023,0
