"dtxsid","molwt","vapor","solub","kow","decay.air","decay.sur","diffus.air","conc.out"
"DTXSID2021781",278.35,0.00458346727446563,0.05404043472901,49228.9847713676,0.592111101987266,0.00136136702648278,0.505716006554687,0
"DTXSID3020205",312.37,0.00190894684843056,0.0103781038580018,21256.5093084739,1.08991926655575,0.00141442376406502,0.435237129904964,0
"DTXSID7021360",92.14,7836.43104518354,4.67253442379709,499.960697159052,0.279836454239536,0.00103780630552664,0.8500880141526,0
"DTXSID8020462",106.12,0.409560816232971,9161.68249572555,0.0701923315880639,0.882279268300091,0.00126600528641761,0.639776663296911,0
"DTXSID8020913",128.18,8.77697225488381,0.132784766920561,1181.85103019079,1.46325282052096,0.000952590088792493,0.787622779792692,0
