"dtxsid","molwt","vapor","solub","kow","decay.air","decay.sur","diffus.air","conc.out"
"DTXSID2021781",278.35,0.00533746849769206,0.0394467252237681,39624.0862337301,0.484333619947956,0.00149567450195442,0.48702392875842,0
"DTXSID3020205",312.37,0.000167755502221469,0.0147241433569478,27200.3637134498,0.532524851176477,0.00129178191101915,0.43919063800734,0
"DTXSID7021360",92.14,4109.2099716666,4.76137895741748,505.228815296712,0.260723331637769,0.000405502350374591,0.577651697764098,0
"DTXSID8020462",106.12,2.44041782451989,9707.45417680854,0.105605995907034,4.08532431043891,0.000665496450511937,0.945140781273038,0
"DTXSID8020913",128.18,6.99015558684155,0.101888732316425,3289.0464918039,0.915592134625115,0.000935334650254389,0.911430403416918,0
