"dtxsid","molwt","vapor","solub","kow","decay.air","decay.sur","diffus.air","conc.out"
"DTXSID2021781",278.35,0.00237420039568205,0.0311381131595557,14974.671446382,0.419610548787922,0.00067941640746984,0.648156655333088,0
"DTXSID3020205",312.37,0.00202157714557591,0.00580921092523585,22527.5755912886,1.06334733894513,0.000851564468090121,0.505108667326735,0
"DTXSID7021360",92.14,4572.0727138662,6.52606615603448,265.954913264922,0.379306835343646,0.0011857419179999,0.602215500548517,0
"DTXSID8020462",106.12,0.610132477723872,8854.23574201832,0.100819892355262,1.14213677395296,0.00193245304921326,0.910055010707207,0
"DTXSID8020913",128.18,3.18097917053848,0.132834652426019,1833.41020089045,2.12979770318952,0.000774980140035049,0.703008389762482,0
