"dtxsid","molwt","vapor","solub","kow","decay.air","decay.sur","diffus.air","conc.out"
"DTXSID2021781",278.35,0.00314182391027664,0.0339514224186103,56399.4656630723,0.671240279286471,0.00282086687998578,0.596576859461489,0
"DTXSID3020205",312.37,0.000742989603302913,0.00892815166189881,21712.8524131038,0.51006386066425,0.000953796891402698,0.471701693350681,0
"DTXSID7021360",92.14,2791.16649766992,3.4684051730266,288.863707256387,0.538617150625662,0.00112447233011077,0.804199205665676,0
"DTXSID8020462",106.12,0.931473114480413,6165.11624541746,0.11922247030514,1.68767641042629,0.00131951875510798,0.773040916851305,0
"DTXSID8020913",128.18,6.53742828037487,0.11233604921782,2275.42291555092,1.61060918618622,0.00173638955102777,0.583892079464894,0
