"dtxsid","molwt","vapor","solub","kow","decay.air","decay.sur","diffus.air","conc.out"
"DTXSID2021781",278.35,0.00203563621241234,0.05893854403039,33822.0433832968,0.726927063505865,0.00196610726824502,0.713480353357521,0
"DTXSID3020205",312.37,0.000669275428983885,0.00859160288622113,34596.4548611252,1.09334906663634,0.0016748446645878,0.490426918728683,0
"DTXSID7021360",92.14,899.208538223285,3.99386090596105,463.769075217896,0.169196583865645,0.000369153697060461,0.606363800703424,0
"DTXSID8020462",106.12,0.596841072452871,5299.83199785767,0.159400507669648,2.04890796081708,0.000977014753151554,0.600696689608983,0
"DTXSID8020913",128.18,4.07463778677381,0.137514865467728,1880.59648356154,1.05767531351508,0.00109190772832223,0.661085061582706,0
