"dtxsid","molwt","vapor","solub","kow","decay.air","decay.sur","diffus.air","conc.out"
"DTXSID2021781",278.35,0.0040036977631678,0.0270545056877772,25492.8850924162,0.586616882483358,0.000756757566312312,0.536372735112567,0
"DTXSID3020205",312.37,0.00178799540993445,0.0104888675731424,11391.6442121988,0.461135097177516,0.000512994368017853,0.55118841801735,0
"DTXSID7021360",92.14,5096.89407667612,3.43487731486816,323.642802430025,0.543712838292656,0.000875690634505352,0.772236923904309,0
"DTXSID8020462",106.12,0.325513331468699,5588.14629870108,0.0421307358655898,3.08600290218262,0.000602747206375659,0.815895465139345,0
"DTXSID8020913",128.18,5.76020132865665,0.153270128719625,3475.47746605596,1.34826314212375,0.000928812974872837,0.605230965461113,0
