"dtxsid","molwt","vapor","solub","kow","decay.air","decay.sur","diffus.air","conc.out"
"DTXSID2021781",278.35,0.0047718369505393,0.0362870002432511,13568.7488804351,0.521577494413091,0.00138760575699559,0.399270064471507,0
"DTXSID3020205",312.37,0.000675605717813043,0.0116862795502721,12790.6660093403,0.837549140373909,0.00155446774363162,0.477561849693027,0
"DTXSID7021360",92.14,8691.97781035863,4.31695922276417,179.259051757318,0.713292572276754,0.000943230186134546,0.882989054598969,0
"DTXSID8020462",106.12,1.37600882321923,8033.7394100986,0.0511018732108831,0.644058945497325,0.0014220875686975,0.809388228115511,0
"DTXSID8020913",128.18,23.4274843717408,0.177427890256648,1749.22856378476,1.52015505140854,0.000891451484147795,1.5535234490719,0
