"dtxsid","molwt","vapor","solub","kow","decay.air","decay.sur","diffus.air","conc.out"
"DTXSID2021781",278.35,0.00526537178351781,0.0385954195697365,27123.4451757831,0.609176359824171,0.00100442190278876,0.952517948505667,0
"DTXSID3020205",312.37,0.00121475575724381,0.0122784888062364,19944.6803024749,1.42455204774153,0.000888929769898745,0.706281578980796,0
"DTXSID7021360",92.14,8022.32803853935,5.10202612334351,278.51314479769,0.347477957650083,0.000766343609718606,0.968547983349798,0
"DTXSID8020462",106.12,0.168945919439014,7880.61739704866,0.0651654371965675,1.72773272281317,0.00120252416838837,0.523169792556629,0
"DTXSID8020913",128.18,9.48028605327469,0.166479795345544,2174.01252377315,1.21511984433538,0.0010473556027916,0.688676161198797,0
