"dtxsid","molwt","vapor","solub","kow","decay.air","decay.sur","diffus.air","conc.out"
"DTXSID2021781",278.35,0.00374715592904105,0.0553002805898285,21377.7210321634,1.13775991846012,0.00111334506759424,0.548941707234708,0
"DTXSID3020205",312.37,0.000762352638091745,0.00901560323971751,19982.0544616579,0.488822910522154,0.0006152967885533,0.825201858233081,0
"DTXSID7021360",92.14,1581.65476034781,3.95569649724762,488.760765896702,0.349916937524371,0.000617381616516447,0.677359635167734,0
"DTXSID8020462",106.12,0.469741152794313,8800.29115518261,0.181839639783849,1.92022692242498,0.00221145580189175,0.686387149045351,0
"DTXSID8020913",128.18,9.45601319223163,0.104897237322565,1880.87989091564,0.755907594162775,0.00223723116082039,0.981581115162702,0
