"dtxsid","molwt","vapor","solub","kow","decay.air","decay.sur","diffus.air","conc.out"
"DTXSID2021781",278.35,0.0111654654842656,0.0389210076551281,41978.6244149934,0.617199109410601,0.000954441197825682,0.469000874642794,0
"DTXSID3020205",312.37,0.00089120096815964,0.00903812255022017,23273.0528106459,0.488657398782151,0.000719694841166383,0.354763651336572,0
"DTXSID7021360",92.14,1600.92130928856,5.64383280841796,328.27855945352,0.558500061048365,0.00120454128095211,0.89968821824674,0
"DTXSID8020462",106.12,2.31712401457195,7561.81038924638,0.0540400109043717,1.45633259717327,0.00177167562920599,1.08256534983117,0
"DTXSID8020913",128.18,4.00815892066482,0.118847798450186,1125.45953799443,1.22612780261905,0.000892031495376436,1.00249760824939,0
