"dtxsid","molwt","vapor","solub","kow","decay.air","decay.sur","diffus.air","conc.out"
"DTXSID2021781",278.35,0.00307124355657741,0.0486327341855784,28894.3899277468,0.382314446124563,0.00150787224729977,0.405076906458863,0
"DTXSID3020205",312.37,0.000136168650286664,0.0108195353621639,22439.6700727001,0.676320597256564,0.000972006250794298,0.385484689556409,0
"DTXSID7021360",92.14,2531.10070246951,3.29147405832759,408.902018855149,0.510274985797031,0.00193362401130905,1.14506349806347,0
"DTXSID8020462",106.12,2.56449764044264,8890.72256942883,0.0973640672307788,2.6044969913524,0.000628862309567178,0.703349805419921,0
"DTXSID8020913",128.18,2.45845646635796,0.140596507556988,3647.88117942734,1.59157353005721,0.00111084630535514,0.790334999021477,0
