"dtxsid","molwt","vapor","solub","kow","decay.air","decay.sur","diffus.air","conc.out"
"DTXSID2021781",278.35,0.00295022284576081,0.0302963599405893,21924.4662621953,0.313818763858741,0.00100719025396535,0.469279944523815,0
"DTXSID3020205",312.37,0.000326331104691723,0.0073279422119519,12084.2248389891,0.801039132910405,0.000700405827513441,0.50236697868765,0
"DTXSID7021360",92.14,7830.17111230221,2.80807702901405,834.334048466176,0.25873457557438,0.00153663938764343,1.01812728263822,0
"DTXSID8020462",106.12,1.03431486782185,11355.7974371915,0.129595641825919,2.27767808142051,0.000959638218425167,1.6001912937213,0
"DTXSID8020913",128.18,5.46217769882621,0.18383306630872,3271.2035736257,0.87943520794682,0.000627171385058044,0.598012963482792,0
