"dtxsid","molwt","vapor","solub","kow","decay.air","decay.sur","diffus.air","conc.out"
"DTXSID2021781",278.35,0.00177297916301336,0.0275571499231186,51816.9219189079,0.834719400086959,0.00126923959462503,0.45585855628788,0
"DTXSID3020205",312.37,0.000588427862286482,0.0121526683892068,51887.8271533801,0.784194100914696,0.00078641074439635,0.497130677518515,0
"DTXSID7021360",92.14,8523.09834751216,6.27428129756498,332.446283110612,0.342940768526838,0.00224032044942553,0.581885323006989,0
"DTXSID8020462",106.12,0.467544677674849,9853.28405893286,0.0727992086275876,1.7171922643223,0.00160329677484022,1.1334037373031,0
"DTXSID8020913",128.18,16.7939628973128,0.139233645196501,2337.19789121639,1.42961575021017,0.00108282842694354,1.01402503783729,0
