"dtxsid","molwt","vapor","solub","kow","decay.air","decay.sur","diffus.air","conc.out"
"DTXSID2021781",278.35,0.00719305058736879,0.0351041085678786,11810.0893304971,1.15335036717743,0.000975003091261132,0.46213525061382,0
"DTXSID3020205",312.37,0.000778776268110121,0.0103196336932873,12918.0131589042,0.656896015163188,0.00122456098193027,0.71877934931509,0
"DTXSID7021360",92.14,1362.91306995956,4.62713082990781,299.32770686837,0.626376581583252,0.00112648382954555,1.18037638373655,0
"DTXSID8020462",106.12,1.92105969526763,9002.41102370714,0.0682000572755866,1.58162518269494,0.000994434268615088,1.04718901715799,0
"DTXSID8020913",128.18,5.58235472881766,0.189366221424828,2246.78847612643,1.31048322211403,0.000920156413618204,0.741479750084069,0
