"dtxsid","molwt","vapor","solub","kow","decay.air","decay.sur","diffus.air","conc.out"
"DTXSID2021781",278.35,0.00723806998819831,0.0651562199106532,22232.6378325558,0.95838776619705,0.00133145027302513,0.474750614797998,0
"DTXSID3020205",312.37,0.000390171618603835,0.00903941832454436,8721.68294094899,0.634157148892312,0.000699536227814178,0.557115228569211,0
"DTXSID7021360",92.14,10948.6397256152,3.6905885746567,620.534350558167,0.631317117223625,0.00179620937276392,0.917589751991608,0
"DTXSID8020462",106.12,0.603654894581305,8900.28516551917,0.0966572149701443,1.72715901004903,0.00117674262577959,0.861262427851449,0
"DTXSID8020913",128.18,2.47787876136697,0.101567727665661,2332.1214211215,0.982342846618922,0.000895318862640198,1.0692487117466,0
