"dtxsid","molwt","vapor","solub","kow","decay.air","decay.sur","diffus.air","conc.out"
"DTXSID2021781",278.35,0.00211597259760834,0.0397807199859967,30784.1987961817,0.440557820729403,0.00080264977079315,0.835393085107173,0
"DTXSID3020205",312.37,0.00129066640248923,0.00993492743175213,13321.9674806196,0.566461341887938,0.00108787161111953,0.478164863032345,0
"DTXSID7021360",92.14,3532.82693576387,6.16790613556139,167.841449414016,0.326777356857044,0.000374641100503999,0.743628642258607,0
"DTXSID8020462",106.12,0.42846609699409,4434.79045631641,0.0991877444091496,2.11322546070326,0.00112989753826057,0.754436458266393,0
"DTXSID8020913",128.18,3.2585786463417,0.232905288793327,2045.14333612095,2.87217818121271,0.000500286856763363,0.821252850649262,0
