"dtxsid","molwt","vapor","solub","kow","decay.air","decay.sur","diffus.air","conc.out"
"DTXSID2021781",278.35,0.00391649973166475,0.0240381546368355,43126.9907713942,0.296260957686633,0.0012362522344374,0.486649875368782,0
"DTXSID3020205",312.37,0.000683067510673086,0.00784431083017703,19821.2018694399,0.483505593229621,0.000560143151957883,0.634580125247922,0
"DTXSID7021360",92.14,1493.81282505528,4.4974459734627,452.0768957252,0.309268333909384,0.000548284590843097,1.04285086071656,0
"DTXSID8020462",106.12,0.354503093618163,5396.38638423661,0.0643587096047427,2.83710323995605,0.000971130391821325,0.636112652886598,0
"DTXSID8020913",128.18,3.33958580938529,0.119012287041622,5699.60187563179,3.08647612778976,0.000963915151832391,0.601009754202455,0
