"dtxsid","molwt","vapor","solub","kow","decay.air","decay.sur","diffus.air","conc.out"
"DTXSID2021781",278.35,0.00717430302365804,0.0392270617916792,45880.7879389793,0.406576092506111,0.000634234145834092,0.420191687904985,0
"DTXSID3020205",312.37,0.00104810330290445,0.0111960666915922,30294.1365938153,0.641782054743987,0.00094297824654392,0.493279355079413,0
"DTXSID7021360",92.14,4660.29336684205,6.43632989804505,607.986273848422,0.436249812181318,0.00138566316122154,0.982241010507475,0
"DTXSID8020462",106.12,1.02736961400676,4500.89906674454,0.122687742687305,2.781135074804,0.00060467920017798,1.28646533335142,0
"DTXSID8020913",128.18,8.56912887247685,0.108684469337288,3668.93351264346,0.693945156688765,0.00095457544706029,0.61760131865914,0
