"dtxsid","molwt","vapor","solub","kow","decay.air","decay.sur","diffus.air","conc.out"
"DTXSID2021781",278.35,0.00268737232510254,0.0334324481822209,26237.9768165215,0.477184646051879,0.00128549773085264,0.775577852756273,0
"DTXSID3020205",312.37,0.000365806913432853,0.00946298122204487,7882.81164170493,0.403778246637341,0.00121104113794644,0.615255395376917,0
"DTXSID7021360",92.14,6552.70072089687,4.76619031622805,587.183625672431,0.612398696535616,0.000920790223333459,0.89339847230812,0
"DTXSID8020462",106.12,1.1540688450771,10066.5035448367,0.0805910491528548,2.62074008262798,0.000772593928336659,0.804892305617916,0
"DTXSID8020913",128.18,6.88776147673703,0.216673966539456,1627.5580021402,1.33678104451388,0.000191811090204844,0.610929588613605,0
