"dtxsid","molwt","vapor","solub","kow","decay.air","decay.sur","diffus.air","conc.out"
"DTXSID2021781",278.35,0.00257391262913642,0.0292610786963883,66298.3826960582,1.029356696536,0.000825061345389397,0.478540778515414,0
"DTXSID3020205",312.37,0.000930479327116024,0.00687047196592945,21007.7227399865,0.66107631144539,0.000654351100613087,0.746958898810316,0
"DTXSID7021360",92.14,3294.70722306221,5.35007450033027,344.539210819421,0.710524648989205,0.000932916694310174,0.913969790595881,0
"DTXSID8020462",106.12,2.15841167827896,10686.7793961428,0.133769854944965,2.32316399138287,0.00188314932001518,0.812255668161144,0
"DTXSID8020913",128.18,30.4435400941924,0.173094134930283,2244.24992683679,2.1711475561426,0.000736154234191308,1.03029662722036,0
