"dtxsid","molwt","vapor","solub","kow","decay.air","decay.sur","diffus.air","conc.out"
"DTXSID2021781",278.35,0.00124131516523289,0.0597133436261607,16103.6043159297,0.508638580378012,0.00115151394954361,0.638556930837548,0
"DTXSID3020205",312.37,0.00176606974075876,0.00692283878828304,19503.320567172,0.838883673353588,0.000369358355197992,0.548692712466366,0
"DTXSID7021360",92.14,3417.20148545668,5.96966586443117,484.656936417768,0.787684713481863,0.000670254284345429,0.607107979259726,0
"DTXSID8020462",106.12,0.693908564877955,9776.04153091075,0.0435890789590145,0.98973733485139,0.000587686888417147,0.740188857236542,0
"DTXSID8020913",128.18,15.6628511778353,0.205526126243611,2282.05423896522,2.46959926014822,0.000760525153038124,0.71659653494894,0
