"dtxsid","molwt","vapor","solub","kow","decay.air","decay.sur","diffus.air","conc.out"
"DTXSID2021781",278.35,0.00208057151798009,0.0402235039874273,22505.8173744873,0.799233070371682,0.000880203292796902,0.518869157156669,0
"DTXSID3020205",312.37,0.000715160228555714,0.00827470842650932,35749.1113056337,0.99083323741712,0.00123939250732374,0.547277860279402,0
"DTXSID7021360",92.14,1427.89001098601,4.20380863609816,591.642630382601,0.556755685584894,0.000740462075993146,0.67090354849829,0
"DTXSID8020462",106.12,0.753798911605352,6512.98635422999,0.0834920951173733,0.80956336160613,0.00181395149890706,1.25178973176491,0
"DTXSID8020913",128.18,4.16341531821094,0.193189916507036,1779.21920492964,1.28515531901619,0.00095680719488234,1.0842967907191,0
