"dtxsid","molwt","vapor","solub","kow","decay.air","decay.sur","diffus.air","conc.out"
"DTXSID2021781",278.35,0.00536753876093351,0.0371353096776675,14138.3954919837,0.61183478773441,0.000924804040614115,0.639906157867243,0
"DTXSID3020205",312.37,0.00145929248800703,0.0108199845333793,28524.5946260254,0.387030819125442,0.000580545156111222,0.438285622039426,0
"DTXSID7021360",92.14,1191.50841293965,5.24894775339659,341.572942899456,0.433277767058356,0.00143891576058758,0.706437210294999,0
"DTXSID8020462",106.12,0.460330985948105,8703.53493371047,0.0473252423315675,3.25912926904099,0.000792917167508977,1.27932522511201,0
"DTXSID8020913",128.18,3.76634751984222,0.176183604650783,3679.62330564072,1.05892554464975,0.000382443363461186,0.872417478051359,0
