"dtxsid","molwt","vapor","solub","kow","decay.air","decay.sur","diffus.air","conc.out"
"DTXSID2021781",278.35,0.00217385829280886,0.0446334781839391,39491.4750785874,0.662465952406677,0.00209789710111329,0.921226561752402,0
"DTXSID3020205",312.37,0.000308354592810118,0.0077684374293832,26383.9538231509,1.03635097438779,0.000956132348019831,0.513444520010633,0
"DTXSID7021360",92.14,1781.59953891009,2.84898976912904,780.126738845764,0.190897147737582,0.000621233052797611,0.846178866515576,0
"DTXSID8020462",106.12,0.341393872910614,8965.31081872142,0.180359287845882,1.80665712287311,0.00194589041616362,0.89302886054037,0
"DTXSID8020913",128.18,5.62772926382724,0.103547796787891,924.26459764713,3.64289745851174,0.00112455381261037,0.416430941747705,0
