"dtxsid","molwt","vapor","solub","kow","decay.air","decay.sur","diffus.air","conc.out"
"DTXSID2021781",278.35,0.00665514044649945,0.0453613269703803,35702.7637676467,0.213184641262461,0.000770945811334911,0.504575479663178,0
"DTXSID3020205",312.37,0.000736039912336245,0.00760091485615112,45024.4711215432,0.654739773107098,0.00139455846949992,0.867795218158534,0
"DTXSID7021360",92.14,6980.50095180796,3.82076588392753,390.431259214795,0.558366965241653,0.00147795350484708,1.09486146093243,0
"DTXSID8020462",106.12,1.02530487336785,9695.08017017287,0.114351906569116,1.62446656669419,0.00224095966618369,0.993478383205733,0
"DTXSID8020913",128.18,2.20292352498494,0.110841391199205,1571.72526265104,1.19073822817983,0.000415250851609028,0.625542443286733,0
