"dtxsid","molwt","vapor","solub","kow","decay.air","decay.sur","diffus.air","conc.out"
"DTXSID2021781",278.35,0.00190020351730754,0.0382298592625492,22222.0207419342,0.381829363570376,0.00116684415114537,0.506358523323776,0
"DTXSID3020205",312.37,0.000270941511541885,0.00984468644542588,24136.3130170681,0.676986545951257,0.000515471971735252,0.651831077403928,0
"DTXSID7021360",92.14,3262.80852939328,4.99706225135136,490.233343873576,0.511986949051437,0.00224719363612845,0.939766438153613,0
"DTXSID8020462",106.12,0.72151663627429,6122.24332021361,0.0518427869242327,2.12842849227214,0.000926154929819081,0.451507404678132,0
"DTXSID8020913",128.18,6.35463380656459,0.108103180792123,2620.18408950447,2.67620169021711,0.000856271159149879,1.02888384473617,0
