"dtxsid","molwt","vapor","solub","kow","decay.air","decay.sur","diffus.air","conc.out"
"DTXSID2021781",278.35,0.00237456768930552,0.0315185356894697,13993.3454228921,0.470919911604468,0.00152833072802452,0.402005871677641,0
"DTXSID3020205",312.37,0.000580992782456789,0.00868314753900156,23334.2459545654,0.732950309934926,0.0011767560672673,0.360031841354801,0
"DTXSID7021360",92.14,6628.78117965285,6.27515544691212,377.76874985059,0.521159733874862,0.0012303391839753,0.832493853513882,0
"DTXSID8020462",106.12,0.220639490409878,6086.27953228802,0.0357749200751859,1.34208059000128,0.00167939416908569,0.476745029150663,0
"DTXSID8020913",128.18,8.69085989207993,0.117570850058022,2686.36700104177,2.05245826199818,0.00187179810435263,0.927747006209855,0
