"dtxsid","molwt","vapor","solub","kow","decay.air","decay.sur","diffus.air","conc.out"
"DTXSID2021781",278.35,0.00134838038579126,0.0300894597809409,29062.859973097,0.355374929372672,0.0013328064456196,0.801213620273768,0
"DTXSID3020205",312.37,0.000653000246880707,0.00903619988994702,21438.6100005083,0.405031589004672,0.00132156574801342,0.364272713721445,0
"DTXSID7021360",92.14,3651.98805874478,4.65251344756362,756.186038918373,0.206727966109764,0.000871450169441559,0.645464108617434,0
"DTXSID8020462",106.12,0.275092644201324,13068.6690558938,0.0444586686286967,1.53926264532916,0.000731246600395158,0.769001932978358,0
"DTXSID8020913",128.18,5.93677432526804,0.111384006896275,1681.90280471495,0.874647756106902,0.00147966246968025,0.670433187592552,0
