"dtxsid","molwt","vapor","solub","kow","decay.air","decay.sur","diffus.air","conc.out"
"DTXSID2021781",278.35,0.00523236952247013,0.0235652192990655,17654.5839737398,0.533305215581269,0.00137709299284797,0.303419051775866,0
"DTXSID3020205",312.37,0.00260523209478378,0.00850291099818885,25067.3724191196,1.75566428644885,0.00102339433372835,0.66708724994891,0
"DTXSID7021360",92.14,4069.86382747089,5.30948640679457,699.862814674594,0.423380265770359,0.00127837806247289,0.513493023620044,0
"DTXSID8020462",106.12,1.91323297335505,8558.07814093811,0.0831170783417844,2.6226380004478,0.00101332065580312,0.994213525133973,0
"DTXSID8020913",128.18,3.92095016890508,0.196879543097329,1534.94316824723,1.28723514448349,0.00126342071032215,0.466396966954952,0
