"dtxsid","molwt","vapor","solub","kow","decay.air","decay.sur","diffus.air","conc.out"
"DTXSID2021781",278.35,0.00332372259397151,0.0406348579798164,23885.0966840022,0.390998098103294,0.00157623970879672,0.337521421057469,0
"DTXSID3020205",312.37,0.000411280925663396,0.0103673066635828,22809.9754545397,0.473549166413788,0.000773459529051309,0.381679215323201,0
"DTXSID7021360",92.14,2561.59899973508,3.89497830939688,320.505736727782,0.259053599693696,0.00357108307814946,0.743586785091608,0
"DTXSID8020462",106.12,0.428369936270594,8232.17354711015,0.0930268586445128,1.84692356824736,0.000417703416784743,0.969650342725694,0
"DTXSID8020913",128.18,8.83148996294457,0.143752929119036,814.375044443374,0.792224087050824,0.00131726385076556,0.774381532548156,0
