"dtxsid","molwt","vapor","solub","kow","decay.air","decay.sur","diffus.air","conc.out"
"DTXSID2021781",278.35,0.00585189293409374,0.0536239316889942,50043.862599597,0.550669834911675,0.00107299231591923,0.471436279689491,0
"DTXSID3020205",312.37,0.00049057260585441,0.010123039910101,34008.55647883,0.976548222959905,0.000730795489138461,0.577556953183587,0
"DTXSID7021360",92.14,1785.01800610983,3.62289741526065,435.839149947763,0.24897565891394,0.000632705357024118,0.858896193391914,0
"DTXSID8020462",106.12,1.44708831596754,7990.86390594719,0.0877369127785839,1.21484197962832,0.00118530207785221,1.73001485239023,0
"DTXSID8020913",128.18,4.99593156304757,0.110391919979556,2611.17148705982,1.21837526014415,0.0010767216617202,0.866375893419215,0
