"dtxsid","molwt","vapor","solub","kow","decay.air","decay.sur","diffus.air","conc.out"
"DTXSID2021781",278.35,0.005492124947402,0.037737981736165,38861.3187648224,0.421500798273005,0.00104473828166895,0.395165761412275,0
"DTXSID3020205",312.37,0.000870988657026433,0.0135968450963325,16620.9888758082,0.702161361735293,0.00112632622223309,0.432258035753853,0
"DTXSID7021360",92.14,6949.18286836481,5.56379948046609,269.249956880834,0.520222013553478,0.00188684200933093,0.969668800417767,0
"DTXSID8020462",106.12,1.45718151663025,7296.13029589235,0.108210871195158,1.51672931284727,0.000982031347197622,0.723771480244846,0
"DTXSID8020913",128.18,4.32554730079265,0.165747362634229,2069.60966306173,0.640049468138164,0.00142344891132079,0.627011834569344,0
