"dtxsid","molwt","vapor","solub","kow","decay.air","decay.sur","diffus.air","conc.out"
"DTXSID2021781",278.35,0.00519547359277647,0.0352671082435086,24777.7611131337,0.746700146462695,0.0017519273088162,0.682260837392625,0
"DTXSID3020205",312.37,0.0010369379923352,0.00958597131110808,17324.2436347986,0.349173090448669,0.00102803344398825,0.726992434576304,0
"DTXSID7021360",92.14,3960.67679638761,5.84075197794822,567.271324904509,0.338727538497514,0.00228239896433953,0.812587285444956,0
"DTXSID8020462",106.12,1.10349105763652,6811.8499194103,0.124839299146591,1.04379708454058,0.00138392153772074,0.707318872409751,0
"DTXSID8020913",128.18,20.8402778578366,0.12770356076676,4300.59025460984,1.54128751740569,0.00075140973458918,0.485210089186854,0
