"dtxsid","molwt","vapor","solub","kow","decay.air","decay.sur","diffus.air","conc.out"
"DTXSID2021781",278.35,0.0133741431524505,0.0290132327170629,16343.1687748176,1.47453875706105,0.0013203675207854,0.435565232373968,0
"DTXSID3020205",312.37,0.00156276444477924,0.0105666130042027,11723.3197650089,0.438028400310626,0.00122306276555374,0.570536668609518,0
"DTXSID7021360",92.14,3083.75731774751,7.8045936530662,324.955580521426,0.289594538988935,0.000804885202417045,0.620734649028151,0
"DTXSID8020462",106.12,0.72049433113349,8690.01962183224,0.0663175726574329,1.97023555854645,0.000518541034700413,0.94096272766014,0
"DTXSID8020913",128.18,4.32138937604729,0.10082233424179,1995.74853433899,1.34021017336801,0.00118019801807248,0.443480087308811,0
