"dtxsid","molwt","vapor","solub","kow","decay.air","decay.sur","diffus.air","conc.out"
"DTXSID2021781",278.35,0.00467417716072817,0.0484714907393904,25939.498473364,0.553415160556515,0.000652733010833003,0.551840804739313,0
"DTXSID3020205",312.37,0.00109152878784637,0.00798098286314904,27074.5723650206,0.493649169163021,0.00124267364622139,0.447548471213809,0
"DTXSID7021360",92.14,16644.9354274171,4.58596681304048,802.265435407244,0.719711695375624,0.000846269765816496,0.846274401732134,0
"DTXSID8020462",106.12,0.316523919200595,8842.19563536035,0.0730214058208916,1.81392363748997,0.00125677050642913,0.765027434195665,0
"DTXSID8020913",128.18,1.83741781692793,0.0913139641434628,3563.27077550027,0.511913629204175,0.000855202791700632,0.715175963209434,0
