"dtxsid","molwt","vapor","solub","kow","decay.air","decay.sur","diffus.air","conc.out"
"DTXSID2021781",278.35,0.00221475082063308,0.027413039417797,18890.8938057437,0.480333251024196,0.000728008493208003,0.562846689139716,0
"DTXSID3020205",312.37,0.000361384051490376,0.012287510540079,36419.922305425,0.717905794697196,0.000753139771179312,0.307453923033439,0
"DTXSID7021360",92.14,3923.27758542036,6.33516456656729,457.675312907048,0.485065293229906,0.00131230769282856,0.742709181074864,0
"DTXSID8020462",106.12,0.919460035522815,7778.5327797754,0.0747314148455658,2.62025264754275,0.000598435676464597,0.764259193130855,0
"DTXSID8020913",128.18,16.29129955369,0.108775055494701,1770.44138391131,1.14128752934424,0.00111889115423839,0.476678035359043,0
