"dtxsid","molwt","vapor","solub","kow","decay.air","decay.sur","diffus.air","conc.out"
"DTXSID2021781",278.35,0.00246829452781135,0.0284133381172138,35193.582902456,1.57097803796703,0.00129790659240341,0.375124965713605,0
"DTXSID3020205",312.37,0.00266269002696153,0.00667627278264504,28585.7554212241,0.744885478333838,0.000908464121047071,0.510000593467518,0
"DTXSID7021360",92.14,1447.75446757775,4.79053826321184,126.229166787077,0.221037551926406,0.00111198226372715,0.762557802215598,0
"DTXSID8020462",106.12,1.34019595356708,8003.77252080165,0.0576438858756763,2.22845353288721,0.00141135156772989,0.643368026743552,0
"DTXSID8020913",128.18,24.4601517097704,0.134105710489251,2111.08632868807,1.75153927970608,0.00354855127168186,0.786501069348689,0
