"dtxsid","molwt","vapor","solub","kow","decay.air","decay.sur","diffus.air","conc.out"
"DTXSID2021781",278.35,0.00349793960558963,0.0347260646699538,45512.3617393287,0.475635668538256,0.000964422687840137,0.412071981172152,0
"DTXSID3020205",312.37,0.000543040905181871,0.0106244503720933,30958.907494296,1.07610924164513,0.000865563998855876,0.477152524068825,0
"DTXSID7021360",92.14,4452.98047982698,4.83207665178265,269.074657167132,0.349354369352662,0.0011472138605058,0.990368531205178,0
"DTXSID8020462",106.12,0.958617483200425,5637.79462828483,0.0559524877686574,1.41198944868248,0.000668086008033592,0.70492427239239,0
"DTXSID8020913",128.18,3.67630383796984,0.1275898433244,1706.27238884623,1.26853748682738,0.000932556615026493,0.637065930418052,0
