"dtxsid","molwt","vapor","solub","kow","decay.air","decay.sur","diffus.air","conc.out"
"DTXSID2021781",278.35,0.00388808327738395,0.0420896577380258,37344.3592476358,1.13380640087856,0.000948618977601523,0.61955185974287,0
"DTXSID3020205",312.37,0.000361771919064644,0.00914113174285868,17587.8495299007,0.691236584457109,0.000860550290447759,0.34351510836378,0
"DTXSID7021360",92.14,9046.837968009,5.82023155219653,451.673097636524,0.948364036641117,0.000848854489216967,0.739481720483793,0
"DTXSID8020462",106.12,0.881124130307342,5640.98902553509,0.0646503015744903,0.892488367982616,0.00151986775354671,0.531001743471888,0
"DTXSID8020913",128.18,13.4828592867505,0.184226477121775,6552.36568053672,0.91619463318915,0.00148822087121586,1.02975433208973,0
