"dtxsid","molwt","vapor","solub","kow","decay.air","decay.sur","diffus.air","conc.out"
"DTXSID2021781",278.35,0.000827842666574768,0.0456818389305437,34039.8973849723,0.294401643572076,0.0013216117412368,0.588551366566437,0
"DTXSID3020205",312.37,0.000287173427450791,0.00881618619910834,18529.0966084107,0.634760457568701,0.000901665827937025,0.34196838084732,0
"DTXSID7021360",92.14,1130.14476553681,4.89250009511992,176.372450912132,0.49258652290242,0.00155006108248354,0.636704842805771,0
"DTXSID8020462",106.12,0.433274900979808,12724.9401732531,0.125246197495575,2.87479737668148,0.000576394880617581,1.39250633152008,0
"DTXSID8020913",128.18,18.4572381646607,0.147490583031644,2893.9872870562,1.85494030161391,0.00105012773984295,0.809394277805142,0
