"dtxsid","molwt","vapor","solub","kow","decay.air","decay.sur","diffus.air","conc.out"
"DTXSID2021781",278.35,0.00371196671098775,0.0467040540683258,45621.7261459574,0.622646508866898,0.000594463936966524,0.405710983083365,0
"DTXSID3020205",312.37,0.00154939274705684,0.0225518750475427,26702.4869155918,0.893875056694987,0.000861405872064603,0.743752926766376,0
"DTXSID7021360",92.14,2954.21291366704,4.48093956776058,524.459787774261,0.620281122368371,0.00154893690294272,0.782593936005748,0
"DTXSID8020462",106.12,1.52207967118934,9028.72557308647,0.0951533182213187,1.11034879362877,0.000900219249086176,1.08061827513511,0
"DTXSID8020913",128.18,6.83872813984565,0.184412280985712,2564.26393193548,1.45043438215691,0.00168539950688682,0.796441936457814,0
