"dtxsid","molwt","vapor","solub","kow","decay.air","decay.sur","diffus.air","conc.out"
"DTXSID2021781",278.35,0.00307902609483796,0.0356152678256031,64857.1387570918,0.607930250675766,0.00100716271952478,0.379364385348024,0
"DTXSID3020205",312.37,0.000485902732684272,0.012459217045559,23263.1002966149,0.736867564428171,0.00151972930579804,0.490872610460312,0
"DTXSID7021360",92.14,4518.13357969033,3.04411968781292,491.839123020521,0.403610538880214,0.00113768455523387,0.902976656234488,0
"DTXSID8020462",106.12,0.990593947443552,10255.0006786806,0.0680195259666386,3.43465051922166,0.00133876854298613,0.593185986588041,0
"DTXSID8020913",128.18,5.67382914467161,0.11569742934824,782.794499741054,1.79666235575197,0.00104143077925667,0.524889280245434,0
