"dtxsid","molwt","vapor","solub","kow","decay.air","decay.sur","diffus.air","conc.out"
"DTXSID2021781",278.35,0.00421872004085351,0.0333944586153973,26347.4443970771,0.376903790031449,0.000507985194035235,0.52372781122229,0
"DTXSID3020205",312.37,0.00107707294273415,0.00749869146453822,11570.6192135172,0.910370346438404,0.00133008377014198,0.750492504395006,0
"DTXSID7021360",92.14,4708.64383736525,4.5905059718881,421.221647754224,0.319557759776676,0.000773151977961922,0.709443770101176,0
"DTXSID8020462",106.12,1.89821785934996,22879.4899311242,0.0635906520593244,2.13131950860062,0.000941855001543909,0.666742102530163,0
"DTXSID8020913",128.18,7.70005891076904,0.182091038418143,1121.53258037654,1.64046853425459,0.00191184227022617,0.46667956345072,0
