"dtxsid","molwt","vapor","solub","kow","decay.air","decay.sur","diffus.air","conc.out"
"DTXSID2021781",278.35,0.00366844930328479,0.0346533200101217,35586.4430403272,0.457422770370228,0.00100556803907532,0.51682188935725,0
"DTXSID3020205",312.37,0.000939545167451098,0.0105496205176651,25672.2715987841,1.65820883014798,0.000440028706364994,0.371906398481401,0
"DTXSID7021360",92.14,2425.67157544244,5.4777298104394,282.904068758186,0.484396501901715,0.00038421334711504,0.909570605948955,0
"DTXSID8020462",106.12,0.854466858823544,7265.99425900684,0.0639395685416729,2.69051932725229,0.00085125607869688,0.77307730662489,0
"DTXSID8020913",128.18,8.09513576471039,0.15122329390651,2081.28680768878,1.18131141931644,0.000839759758297381,0.896177297308678,0
