"dtxsid","molwt","vapor","solub","kow","decay.air","decay.sur","diffus.air","conc.out"
"DTXSID2021781",278.35,0.000924890799792216,0.0327392870966944,27916.4770999747,0.470633889601308,0.000563946291260897,0.600980315029479,0
"DTXSID3020205",312.37,0.00157293218132728,0.0114477477104894,10360.6835830039,0.348124759392127,0.000864118987141625,0.36616676068758,0
"DTXSID7021360",92.14,4737.86973166087,5.32477706224802,321.73788010636,0.544919760760816,0.00109583784695559,0.841349535883668,0
"DTXSID8020462",106.12,0.978247368095949,9201.59639009262,0.151533515403878,1.18251893808362,0.000869452330478861,0.759292965873084,0
"DTXSID8020913",128.18,1.64136205738679,0.105610070439388,2622.45087208436,1.2206937255837,0.0011023679712844,0.64808662220476,0
