"dtxsid","molwt","vapor","solub","kow","decay.air","decay.sur","diffus.air","conc.out"
"DTXSID2021781",278.35,0.00246418951310542,0.0351014995817027,32521.4095388062,0.658830793863855,0.000748989276087365,0.791866296789605,0
"DTXSID3020205",312.37,0.000765099198633532,0.0115521654688231,52241.3873503295,1.04111728897903,0.00103500665416601,0.684060486448609,0
"DTXSID7021360",92.14,4409.7557792584,5.08239342540461,287.409772096561,0.200050626133217,0.00112509900275126,0.874503910564237,0
"DTXSID8020462",106.12,0.160675458859184,9394.80833183406,0.0946136314169591,0.760836194222689,0.000923854311908613,1.27822082322318,0
"DTXSID8020913",128.18,13.8240257459162,0.095818052841135,1438.94028116994,1.84595160521446,0.0010031544373937,0.569296939491972,0
