"dtxsid","molwt","vapor","solub","kow","decay.air","decay.sur","diffus.air","conc.out"
"DTXSID2021781",278.35,0.0148899737636018,0.0615132243985013,34201.5203398966,0.335388476747256,0.00030483387542321,0.464448603295106,0
"DTXSID3020205",312.37,0.000429654823791922,0.00802281465730602,33400.6404580801,0.785750160877491,0.000654065455170982,0.42387384808395,0
"DTXSID7021360",92.14,748.642865995995,6.39387620262659,274.436294425269,0.231764191436572,0.00119176427104434,1.17930515603808,0
"DTXSID8020462",106.12,0.594728698439106,6068.25878056641,0.0786545779470614,2.07772638728604,0.000640125348392263,0.803902070164642,0
"DTXSID8020913",128.18,1.4681417977433,0.135787265174308,3234.7293393676,1.26382792683138,0.00117617185456747,0.73773916650769,0
