"dtxsid","molwt","vapor","solub","kow","decay.air","decay.sur","diffus.air","conc.out"
"DTXSID2021781",278.35,0.00129648980146194,0.0378019194013602,31664.3613345037,0.602849454619039,0.000668368983882569,0.456199624922131,0
"DTXSID3020205",312.37,0.000368460683530212,0.0148992995428784,12859.1304064419,0.466174392778401,0.000398961938057859,0.547899719931933,0
"DTXSID7021360",92.14,2109.74792014773,5.9670455646118,337.435642771254,0.532387402905748,0.00137371539907627,1.19720970113117,0
"DTXSID8020462",106.12,0.721843565386708,9994.42412631507,0.151199181177683,4.16536934620994,0.00059448707488308,0.964883742811657,0
"DTXSID8020913",128.18,2.77305117478739,0.114073707812282,2511.85393435795,0.780711223475603,0.00158286018927101,0.758824836755353,0
