"dtxsid","molwt","vapor","solub","kow","decay.air","decay.sur","diffus.air","conc.out"
"DTXSID2021781",278.35,0.00714516581180425,0.0386969266638303,20897.0114329606,0.594599725837691,0.00110555113817232,0.633508282870651,0
"DTXSID3020205",312.37,0.000586773537364547,0.0103889362321917,17560.0270801073,0.930909612748902,0.0010214003421551,0.561447431165953,0
"DTXSID7021360",92.14,1546.55157925821,3.19983622057017,651.101419650909,0.995007451944516,0.00101162182821882,1.11462187448438,0
"DTXSID8020462",106.12,1.35275731838475,7783.29035322049,0.0452598689179823,2.0243225305839,0.00141062277491508,0.734203395615963,0
"DTXSID8020913",128.18,12.5147563680056,0.142684718412627,1854.70395528609,0.93013457572876,0.00139159054868363,1.21792117843384,0
