"dtxsid","molwt","vapor","solub","kow","decay.air","decay.sur","diffus.air","conc.out"
"DTXSID2021781",278.35,0.00422937744244073,0.0364628257118964,45551.2140789744,1.46039663862499,0.00106625578463087,0.742986343970745,0
"DTXSID3020205",312.37,0.000684843518995039,0.00790056480962479,22888.9615644614,0.553777184758236,0.00120578794217229,0.577709853404229,0
"DTXSID7021360",92.14,7811.62981468409,5.82907777809872,587.230341241831,0.402193603973048,0.000715454813821144,0.712585300683322,0
"DTXSID8020462",106.12,1.5707029823805,12856.4160291875,0.0904038055211276,1.38572332216631,0.000619623154476468,0.656367328938705,0
"DTXSID8020913",128.18,8.43791361943536,0.165257877893285,2130.38374600807,1.10077150968882,0.0011634578773133,0.795021208240444,0
