"dtxsid","molwt","vapor","solub","kow","decay.air","decay.sur","diffus.air","conc.out"
"DTXSID2021781",278.35,0.00578878740949925,0.0541941107365485,70003.5252377743,0.578810486541581,0.00110487934592925,0.591842568798819,0
"DTXSID3020205",312.37,0.000223908096696656,0.0060752900080576,38868.128591487,1.4833972961553,0.000678660100173027,0.789006755834919,0
"DTXSID7021360",92.14,5783.79927993596,6.21399025051726,271.654821517776,0.372681788468364,0.000728464004909024,0.7462600559949,0
"DTXSID8020462",106.12,0.332821220046713,6588.00553660355,0.0502528506465047,1.37387468270266,0.000998183013782263,1.13850308366352,0
"DTXSID8020913",128.18,3.05508346313452,0.126713452975579,1359.33052827687,1.26739717167871,0.00104794363794339,1.33798202997557,0
