"dtxsid","molwt","vapor","solub","kow","decay.air","decay.sur","diffus.air","conc.out"
"DTXSID2021781",278.35,0.00317185551073094,0.0158310701019974,17161.0992248173,0.278170120838048,0.00130732193725056,0.508467347141078,0
"DTXSID3020205",312.37,0.00517198294254372,0.00997817445448458,15127.1014331355,0.97111891320489,0.001438410612155,0.468331296318305,0
"DTXSID7021360",92.14,1977.23166691273,4.00858624647095,542.524354178627,0.393514053444154,0.00117626486604374,1.09650220328425,0
"DTXSID8020462",106.12,1.35178574129595,6650.98617655466,0.141520080847341,2.1664284957381,0.0014991995445416,0.889706137760692,0
"DTXSID8020913",128.18,6.40295832034959,0.180345279892258,1338.72185877298,1.34998828699542,0.00121094873506532,0.621302155882233,0
