"dtxsid","molwt","vapor","solub","kow","decay.air","decay.sur","diffus.air","conc.out"
"DTXSID2021781",278.35,0.00568861277134136,0.052228429104972,20511.5895673689,1.05657175371141,0.000733195866474279,0.781826351169888,0
"DTXSID3020205",312.37,0.000235882495440462,0.0119494479458635,32079.7599876829,0.64934484794014,0.000864979060904826,0.518609629449261,0
"DTXSID7021360",92.14,1511.47284995138,5.5507273664449,634.113769628811,0.63410989725058,0.000786179189943664,1.06174192828574,0
"DTXSID8020462",106.12,0.723760898897381,11704.4350151197,0.0880761737272714,2.21780937603145,0.000947158011658533,0.723323565546545,0
"DTXSID8020913",128.18,13.080840606749,0.181883154467212,1915.5255843347,0.909986723892477,0.000867483297486197,0.834778808366498,0
