"dtxsid","molwt","vapor","solub","kow","decay.air","decay.sur","diffus.air","conc.out"
"DTXSID2021781",278.35,0.00170583238025199,0.0539584133857519,19640.6428969464,0.595050722688946,0.00083610161392109,0.516482258210205,0
"DTXSID3020205",312.37,0.000521756944712467,0.0109672305500001,37775.4106310864,1.23890772079753,0.00062963926318293,0.356330976867923,0
"DTXSID7021360",92.14,5524.90481099322,3.95023354263137,362.741956828051,0.324260385479948,0.000553046156402085,0.762163924618115,0
"DTXSID8020462",106.12,0.265776201169365,9151.8444297795,0.0567364674429327,1.69537400546103,0.00114807231702006,0.651892997705046,0
"DTXSID8020913",128.18,2.68289930714551,0.139480916396817,893.826112405776,1.47441532589769,0.00108346564106495,0.615519621747042,0
