"dtxsid","molwt","vapor","solub","kow","decay.air","decay.sur","diffus.air","conc.out"
"DTXSID2021781",278.35,0.00741890969642429,0.0428366796477599,22640.2835310583,0.587075534690479,0.00130542963885144,0.514124377892455,0
"DTXSID3020205",312.37,0.000980033767561444,0.00794334741577685,60090.8890472401,1.86204432275477,0.00111396479705336,0.580272204979478,0
"DTXSID7021360",92.14,2760.11223374893,5.21280247059858,635.459504793556,0.388339672706281,0.000793722477856823,1.37428184800808,0
"DTXSID8020462",106.12,0.577509952394207,6917.03359579082,0.0944591663176308,1.10266851348197,0.000461433305027268,0.708140545319172,0
"DTXSID8020913",128.18,3.06055264474958,0.179182331555058,2203.79021838142,1.36638035567434,0.00124816450872487,0.737492693893803,0
