"dtxsid","molwt","vapor","solub","kow","decay.air","decay.sur","diffus.air","conc.out"
"DTXSID2021781",278.35,0.0106447757417623,0.0333333299246909,23974.0010043597,0.538020673521374,0.000419387904528249,0.486804355863735,0
"DTXSID3020205",312.37,0.000173538064869242,0.0143181810350441,24195.7803756911,0.766460877417715,0.000967700079988172,0.604437665004868,0
"DTXSID7021360",92.14,5836.27218955839,6.24797246642316,521.731970424636,0.500561642520726,0.00115474993072982,0.631203153129132,0
"DTXSID8020462",106.12,2.01263444056782,5653.80909283599,0.0519991456660982,2.01610818316947,0.000936836393000445,0.614804950154828,0
"DTXSID8020913",128.18,5.57744633046614,0.159226183369072,2484.7746128147,0.728508619503649,0.00111637754425209,1.04893436300175,0
