"dtxsid","molwt","vapor","solub","kow","decay.air","decay.sur","diffus.air","conc.out"
"DTXSID2021781",278.35,0.00455278588617989,0.0300057489747413,34382.9648433339,0.222728885411557,0.00113017829202967,0.515016734947181,0
"DTXSID3020205",312.37,0.000416961072131408,0.0130496873033589,26076.219877721,0.844227171340734,0.00160115382642121,0.424588731008723,0
"DTXSID7021360",92.14,11372.3957422062,3.98985288835865,436.790993651718,0.314820420122648,0.000703504986296896,0.925040759078037,0
"DTXSID8020462",106.12,0.897318012785075,8791.38689870848,0.100672187212813,2.20776019977611,0.000686954344526053,0.915007586804134,0
"DTXSID8020913",128.18,20.3370623613731,0.123353474194348,3604.14891836649,4.62286205182619,0.000992821701748738,0.943652625608808,0
