"dtxsid","molwt","vapor","solub","kow","decay.air","decay.sur","diffus.air","conc.out"
"DTXSID2021781",278.35,0.00191107264474028,0.0294261065670235,15780.5092269623,1.30691530958916,0.000786863747521727,0.365314796451072,0
"DTXSID3020205",312.37,0.000422650186236576,0.0116844834286314,13005.6867188424,1.0245778767053,0.00127134593770791,0.382267531633099,0
"DTXSID7021360",92.14,17688.8101377732,4.07780953936093,439.533074653872,0.451719794141486,0.00134630864920135,1.2356227599001,0
"DTXSID8020462",106.12,0.291995526910788,6716.04808466419,0.0947874871875035,2.80091902406532,0.000648650356010601,0.520720343577775,0
"DTXSID8020913",128.18,2.9855476749771,0.183298379414028,3052.43605063628,1.52214195455918,0.000698501723673302,0.899274025302407,0
