"dtxsid","molwt","vapor","solub","kow","decay.air","decay.sur","diffus.air","conc.out"
"DTXSID2021781",278.35,0.00186986079949298,0.0399406793404714,17661.8071339366,0.415880444209826,0.000660363850092005,0.55340571648028,0
"DTXSID3020205",312.37,0.000286381968521235,0.0108694612665959,34063.731750245,1.7829214262049,0.00126185415949005,0.492612927676148,0
"DTXSID7021360",92.14,2287.68089186496,3.66512704873389,622.54000818808,0.538730266614226,0.00106446757167395,1.05572151200486,0
"DTXSID8020462",106.12,0.520621488090848,7492.38162443893,0.0964521351461808,2.45367824091609,0.00102548717779931,0.687604596876572,0
"DTXSID8020913",128.18,9.06973849048402,0.138844669353362,2318.46275156163,2.48714094423129,0.000873262616426674,0.486250076292403,0
