"dtxsid","molwt","vapor","solub","kow","decay.air","decay.sur","diffus.air","conc.out"
"DTXSID2021781",278.35,0.00458738417810075,0.0381542433519504,33142.7643397218,0.387337386809194,0.00178051328927311,0.601842860283957,0
"DTXSID3020205",312.37,0.000573796056659044,0.00862352766951538,17254.0190530814,0.656897645490236,0.000655794432367403,0.439089490965752,0
"DTXSID7021360",92.14,1496.12455058149,6.12766896807135,740.058345330742,0.47260536430341,0.000785426739258407,0.800926988641184,0
"DTXSID8020462",106.12,2.38165420106151,7795.66841843455,0.103113348854303,2.53398351275933,0.00069197974762361,0.714829737346422,0
"DTXSID8020913",128.18,6.33875399904447,0.11941968069941,2399.38449951265,1.72540527666467,0.000816510803019014,0.569709632250968,0
