"dtxsid","molwt","vapor","solub","kow","decay.air","decay.sur","diffus.air","conc.out"
"DTXSID2021781",278.35,0.00178094075323189,0.0459718813107906,18101.9736011295,0.322740972774795,0.00172520442095917,0.77686071122199,0
"DTXSID3020205",312.37,0.000466457153346443,0.00811790577633486,21640.2509242832,0.768218945446204,0.00162644042919335,0.477514560607714,0
"DTXSID7021360",92.14,5101.43885532917,3.96258209639666,333.383518894881,0.214064286572679,0.000614925225104389,0.585562709991066,0
"DTXSID8020462",106.12,2.4364418297349,4675.67481776557,0.109951652993322,2.87304712578869,0.00110960150296177,0.489558776033318,0
"DTXSID8020913",128.18,9.29519563423332,0.141543750350791,1786.88471742757,2.12457729551474,0.00147612488206726,0.610330460998954,0
