"dtxsid","molwt","vapor","solub","kow","decay.air","decay.sur","diffus.air","conc.out"
"DTXSID2021781",278.35,0.00267384416446829,0.0366239932117251,37950.0996019546,0.414038946542004,0.00249578366993604,0.55000468176026,0
"DTXSID3020205",312.37,0.000421997847402478,0.00754581145777095,13008.6410748887,1.07616521255489,0.000810423484411868,0.506684819632395,0
"DTXSID7021360",92.14,3813.5374556599,5.29404911848727,969.895537205237,0.388383364811781,0.000476103100051619,0.69968503366625,0
"DTXSID8020462",106.12,0.855630620559997,9893.71106218264,0.0767319120268488,2.03879480974105,0.000652471144414734,0.732304334650469,0
"DTXSID8020913",128.18,4.89681023864203,0.140003872247725,4054.22276498151,0.522434643229464,0.00160280376475441,1.09207982057128,0
