"dtxsid","molwt","vapor","solub","kow","decay.air","decay.sur","diffus.air","conc.out"
"DTXSID2021781",278.35,0.00136674321423575,0.0527655486059241,28001.022131842,0.882508501574615,0.00148446722496144,0.519073343202773,0
"DTXSID3020205",312.37,0.00052208041833783,0.00995671673633496,19462.1789782126,0.738941302679307,0.000737957770129703,0.626585578705122,0
"DTXSID7021360",92.14,5497.47649281231,5.26695795931627,696.273253078768,0.28686878491857,0.00122633239629428,0.736457630054138,0
"DTXSID8020462",106.12,0.35448865546056,9439.46670660672,0.184382067216942,1.56083148871376,0.001022174379718,0.629914491614323,0
"DTXSID8020913",128.18,17.0295836902023,0.132049927633061,1235.20800537555,1.30471705047676,0.00247741100822811,0.559359425879709,0
