"dtxsid","molwt","vapor","solub","kow","decay.air","decay.sur","diffus.air","conc.out"
"DTXSID2021781",278.35,0.00456449423502018,0.03482470458518,37482.7178872167,0.470363097232858,0.000920541448984162,0.370101825097121,0
"DTXSID3020205",312.37,0.000456034861556826,0.00571798585451113,13465.1322313293,1.00061463397262,0.00128205057094808,0.492430910679909,0
"DTXSID7021360",92.14,1281.16424101701,4.58521429214578,375.285496022901,0.318392183018334,0.000652617728781829,0.659151933360295,0
"DTXSID8020462",106.12,1.29315209636706,10564.8918471528,0.136007755882918,2.12965649431128,0.000822912709509946,0.888964863075347,0
"DTXSID8020913",128.18,5.03546613221303,0.137230592476395,2100.0028543723,2.9712050262134,0.00128467808987228,0.621187371568982,0
