"dtxsid","molwt","vapor","solub","kow","decay.air","decay.sur","diffus.air","conc.out"
"DTXSID2021781",278.35,0.004565920787908,0.0264705380841687,25128.9822559316,0.457490497211779,0.000756179954680377,0.491065979950588,0
"DTXSID3020205",312.37,0.000354119306051389,0.0104220080342349,21188.1611864775,0.636401817005922,0.000489333183987266,0.525390437419675,0
"DTXSID7021360",92.14,2788.75053621572,4.42982959324244,348.633949871564,0.393814855020548,0.00103910199207977,1.21592031497498,0
"DTXSID8020462",106.12,0.114535579269204,8167.47562070322,0.0891676375335142,1.35338600652387,0.00107608114895982,1.03408511335054,0
"DTXSID8020913",128.18,12.5732919576208,0.0952693887498726,3577.47999983779,1.48577611687591,0.000550467038879595,0.720055891411968,0
