"dtxsid","molwt","vapor","solub","kow","decay.air","decay.sur","diffus.air","conc.out"
"DTXSID2021781",278.35,0.00564153205483963,0.0344307531010894,18982.6794210414,0.388256114840406,0.00101737494118989,0.489919695963965,0
"DTXSID3020205",312.37,0.000781454347451901,0.0140566062974158,24871.1747528015,0.783812709446859,0.00121659276297806,0.758694468382489,0
"DTXSID7021360",92.14,2834.58849977561,2.8067466227938,666.674279944476,0.183364141072921,0.00144031944837969,0.759724348630346,0
"DTXSID8020462",106.12,0.57701262417618,6203.31574930948,0.078387315865596,1.0959724693729,0.0010483605842124,0.718595443072727,0
"DTXSID8020913",128.18,12.1509273827973,0.161069096697084,1230.8450078888,0.804543360003354,0.00120420589987525,0.64902951129656,0
