"dtxsid","molwt","vapor","solub","kow","decay.air","decay.sur","diffus.air","conc.out"
"DTXSID2021781",278.35,0.0018474636694743,0.0339259149798947,30432.3886964444,0.531263235335127,0.000597214726903188,0.717238119604239,0
"DTXSID3020205",312.37,0.000404259602769399,0.00879237894613431,20294.1398963405,0.556956183723612,0.00146240375354597,0.733669874751907,0
"DTXSID7021360",92.14,879.306336865001,5.77465052270764,316.898011716992,0.255016616889,0.000735480884067744,1.11477284183702,0
"DTXSID8020462",106.12,0.338624893036743,8243.48208238697,0.0650280627971789,2.56450002192758,0.000844560319068775,0.801260923396333,0
"DTXSID8020913",128.18,8.58435546446071,0.146117160771348,1965.97795766697,0.64673607434629,0.00129327551943942,0.955253449288404,0
