"dtxsid","molwt","vapor","solub","kow","decay.air","decay.sur","diffus.air","conc.out"
"DTXSID2021781",278.35,0.00218239556146772,0.0543410809916918,27449.8324402423,0.964314902183961,0.00238251452399046,0.514623808689704,0
"DTXSID3020205",312.37,0.000324056065247853,0.0104713402062074,14232.2714361447,0.801462937402073,0.000931407507918626,0.675495303614318,0
"DTXSID7021360",92.14,2700.41980344134,4.92483020363491,664.179498165422,0.326468428386299,0.000742559727279251,0.675708453475925,0
"DTXSID8020462",106.12,0.59215791881134,6363.14472856431,0.10103423374266,3.48818689690611,0.00164639431097649,0.744451574103196,0
"DTXSID8020913",128.18,7.00564926958754,0.201294721338035,2428.72795508423,2.19694498455487,0.00122490640837785,1.15694758696122,0
