"dtxsid","molwt","vapor","solub","kow","decay.air","decay.sur","diffus.air","conc.out"
"DTXSID2021781",278.35,0.001788230982887,0.0209874987817452,14050.7485484864,0.595094426427783,0.000953445887986256,0.721859663611051,0
"DTXSID3020205",312.37,0.000328096136856526,0.00613541054443634,11334.5059359886,0.824177664335953,0.00139759038051452,0.523676006738189,0
"DTXSID7021360",92.14,3766.00513150234,4.23409934209843,882.458824587988,0.527477560290358,0.00108772251907167,0.548203844491638,0
"DTXSID8020462",106.12,0.977191216621856,6747.25071462816,0.0356955756915679,2.5954506349031,0.000721046565571237,0.753596181114099,0
"DTXSID8020913",128.18,19.4704260388242,0.121860812884798,1302.43871804899,0.980924427878363,0.00299719758356481,0.604779776312026,0
