"dtxsid","molwt","vapor","solub","kow","decay.air","decay.sur","diffus.air","conc.out"
"DTXSID2021781",278.35,0.00192628484253056,0.045974959198562,31104.7166498203,0.618954240289486,0.000955203560235522,0.664280069918188,0
"DTXSID3020205",312.37,0.000642526053128676,0.0172089338424239,17121.5118632757,1.43585605979867,0.00101860195929129,0.359330122310572,0
"DTXSID7021360",92.14,2621.19877205814,5.53960537308535,297.169237139978,0.34309448115772,0.000661768702815066,1.03777556208314,0
"DTXSID8020462",106.12,1.22018425437651,12526.5166332472,0.0434650061877237,2.83528846645123,0.0014152210658501,0.790914406195582,0
"DTXSID8020913",128.18,9.63186964008697,0.106016277735548,4118.89569448191,2.08490900087403,0.000940907169707611,0.893549008094944,0
