"dtxsid","molwt","vapor","solub","kow","decay.air","decay.sur","diffus.air","conc.out"
"DTXSID2021781",278.35,0.00250243265709105,0.0320421264986519,34784.7028203143,0.810614556527729,0.00076764503708005,0.678950966560462,0
"DTXSID3020205",312.37,0.000510416113538014,0.00909422964070547,8014.39270602219,0.715402011339242,0.000739041459394442,0.758783011293113,0
"DTXSID7021360",92.14,3598.74397884656,4.54528779658722,281.469694959941,0.284879756618142,0.000849478662527871,0.807293055049432,0
"DTXSID8020462",106.12,1.03916007087924,7341.64080120647,0.0889389520677373,2.37818942010854,0.00070841833743701,0.888387842692509,0
"DTXSID8020913",128.18,8.90600199801582,0.142061359348227,947.670073070579,1.13195547016071,0.000821089332312707,0.467365615922371,0
