"dtxsid","molwt","vapor","solub","kow","decay.air","decay.sur","diffus.air","conc.out"
"DTXSID2021781",278.35,0.00335403919129473,0.0345210227695658,23307.3221771622,0.458728194899116,0.0012147891811875,0.656498919102586,0
"DTXSID3020205",312.37,0.00310085402789277,0.00906706246538599,37046.3266481587,0.893422396915409,0.00071303529561525,0.512575881249938,0
"DTXSID7021360",92.14,1278.48899164268,3.53873001111981,491.381094222871,0.258153225917973,0.000874988811756545,0.849003901298071,0
"DTXSID8020462",106.12,0.891407468038395,6558.29807340719,0.0708205782209068,2.24054779257584,0.00106835314733006,0.818281160391513,0
"DTXSID8020913",128.18,11.3166639077377,0.11862029022176,1316.11304703947,1.87675392822055,0.00128780720172207,0.605679289415294,0
