"dtxsid","molwt","vapor","solub","kow","decay.air","decay.sur","diffus.air","conc.out"
"DTXSID2021781",278.35,0.00140721433270899,0.0546954430107073,28850.300941709,0.801265972026163,0.00147688314641795,0.797589295630579,0
"DTXSID3020205",312.37,0.000271222157267404,0.00982272648970443,44110.581670316,0.88808423327205,0.000883228210128646,0.763892889945019,0
"DTXSID7021360",92.14,742.476922790187,3.80914416653169,506.751497860461,0.447762924083181,0.00142702999948409,1.00586273819769,0
"DTXSID8020462",106.12,0.221541435208323,4629.93449498725,0.0620125118766491,2.50342065594249,0.000896045552682902,0.918609368177086,0
"DTXSID8020913",128.18,2.85078699798644,0.156311170384876,3390.87427470869,1.74795631617688,0.00145697846447538,0.760625564298818,0
