"dtxsid","molwt","vapor","solub","kow","decay.air","decay.sur","diffus.air","conc.out"
"DTXSID2021781",278.35,0.00523768217428643,0.0322347576954235,47679.0208267232,0.375567633182801,0.000790336981446839,0.484324866309657,0
"DTXSID3020205",312.37,0.000527517247493107,0.00859446592684891,28878.2040718568,0.484538214106113,0.00109988184124816,0.540530429416554,0
"DTXSID7021360",92.14,14433.0702175043,2.84300923975134,413.620160124156,0.279070395885462,0.00138781301136363,0.824195697824496,0
"DTXSID8020462",106.12,1.02790890513491,10170.2761506063,0.0779924854644646,4.48036679916099,0.00125894617593639,0.543516452730974,0
"DTXSID8020913",128.18,22.8349384381014,0.189126314882224,2172.62534777501,1.6099076973576,0.00173398851652234,0.770952584883984,0
