"dtxsid","molwt","vapor","solub","kow","decay.air","decay.sur","diffus.air","conc.out"
"DTXSID2021781",278.35,0.0125466490217438,0.0302877417236252,73950.9303800615,0.726660821334394,0.00127922659053107,0.43603422623495,0
"DTXSID3020205",312.37,0.000771277463860485,0.0148216884061099,15259.970738728,1.68985996818253,0.00101712132063998,0.403637181307839,0
"DTXSID7021360",92.14,5874.45132756507,3.73299507488109,415.026872877541,0.30716436240313,0.00147265941101218,0.91028012602259,0
"DTXSID8020462",106.12,0.781139687480443,12050.0403298471,0.1078703034765,2.13072720764269,0.000653134233169763,0.5084889015933,0
"DTXSID8020913",128.18,10.7596389329452,0.15780570811142,1008.36525434606,1.28776539271478,0.000960223782282018,0.375496459553414,0
