"dtxsid","molwt","vapor","solub","kow","decay.air","decay.sur","diffus.air","conc.out"
"DTXSID2021781",278.35,0.00173436894573048,0.0430448258231046,30847.4209237638,0.597189437815901,0.000639649140755597,0.49286630407089,0
"DTXSID3020205",312.37,0.0004511932544656,0.00671565880962277,24061.7737104444,0.794754268672054,0.00121560715279025,0.662581157504655,0
"DTXSID7021360",92.14,4820.31375903954,3.85747873286777,363.617457545002,0.481815828580221,0.000991382632575414,1.55481656730491,0
"DTXSID8020462",106.12,2.03424933057687,6067.95401607311,0.0863846675251516,1.63352303872045,0.00145095260763466,0.895669971318695,0
"DTXSID8020913",128.18,15.5437386712643,0.142296486141169,3085.94071541408,1.02125365815967,0.00114061801575641,0.791915082861764,0
