"dtxsid","molwt","vapor","solub","kow","decay.air","decay.sur","diffus.air","conc.out"
"DTXSID2021781",278.35,0.00538993694779205,0.0379486661049962,27834.3503548917,0.723498964175208,0.000800186730118702,0.483167137732427,0
"DTXSID3020205",312.37,0.00237245148828072,0.0130688826324974,13616.5181861019,0.570894550116167,0.000983371053551274,0.439893632866883,0
"DTXSID7021360",92.14,1323.82636815542,3.13032323968036,625.117470467499,0.646028824265709,0.0011252559979854,0.833919119774105,0
"DTXSID8020462",106.12,0.568192402952927,7052.31065320536,0.0929736151844245,1.7564667724484,0.00115639874706911,0.836489683537186,0
"DTXSID8020913",128.18,5.88550707667833,0.156189258142502,2159.26755982758,2.10887672511926,0.00135101710215377,0.791476327383059,0
