"dtxsid","molwt","vapor","solub","kow","decay.air","decay.sur","diffus.air","conc.out"
"DTXSID2021781",278.35,0.0117354550860694,0.029875440876376,25577.5111332208,1.08933157766207,0.000940892106784241,0.587590872111373,0
"DTXSID3020205",312.37,0.000790890909673183,0.0109839526554288,15573.4495916836,0.839440178835263,0.000777393736694712,0.33567953622711,0
"DTXSID7021360",92.14,804.874051249715,6.28171997290041,287.338903965353,0.339427132526726,0.00136217576434514,1.11480804954136,0
"DTXSID8020462",106.12,1.15106862141188,7307.68479232563,0.0524406043272391,1.05052255495852,0.000766336436613296,0.864010814728375,0
"DTXSID8020913",128.18,2.52767597093224,0.187762578715553,1392.78791717472,1.31300481192926,0.00134138678218699,0.503801757916844,0
