"dtxsid","molwt","vapor","solub","kow","decay.air","decay.sur","diffus.air","conc.out"
"DTXSID2021781",278.35,0.00408871614104337,0.0329598313037862,26201.0812010973,0.298883237820508,0.00154522748252362,0.544107907353327,0
"DTXSID3020205",312.37,0.000215091771556249,0.00756055971447667,47968.6948451339,0.410399917205449,0.00100699040313222,0.372475112464706,0
"DTXSID7021360",92.14,6944.00238683061,3.99099642076898,411.759533028485,0.243199724836347,0.00103849785521878,0.921224206146321,0
"DTXSID8020462",106.12,0.566746687672194,16518.3105235302,0.0539832105968884,0.800703083312189,0.000915563199842787,1.45314036044173,0
"DTXSID8020913",128.18,51.0113464817578,0.186999070388933,3407.18957013681,1.10966478567498,0.000944649840211151,0.866017921329804,0
