"dtxsid","molwt","vapor","solub","kow","decay.air","decay.sur","diffus.air","conc.out"
"DTXSID2021781",278.35,0.00105702848140983,0.0502876482159008,29664.6904096623,0.866980936021011,0.00100088173476718,0.795606492407839,0
"DTXSID3020205",312.37,0.000283094675234276,0.00773841586962158,12819.9713126741,0.832498526103286,0.000470410631633877,0.570088360332189,0
"DTXSID7021360",92.14,1518.60912926646,5.69137459351716,245.742823112214,0.375192299345596,0.00100152669032761,1.13798227655754,0
"DTXSID8020462",106.12,0.488506170327334,7585.17983814334,0.112750947490557,2.09374681188783,0.000759131897101391,0.72912433917446,0
"DTXSID8020913",128.18,8.1970377381242,0.169133536429685,2307.8186019492,1.57458414603925,0.00126419158938726,0.922175749315408,0
