"dtxsid","molwt","vapor","solub","kow","decay.air","decay.sur","diffus.air","conc.out"
"DTXSID2021781",278.35,0.00768121742400915,0.0261944061174473,29597.3128907812,0.332675521245322,0.000990756580139083,0.708901133305458,0
"DTXSID3020205",312.37,0.000397270350513983,0.0105252564615571,16000.2207243539,0.607326565074929,0.00153655231517219,0.575574758252243,0
"DTXSID7021360",92.14,5055.82158800914,3.89440173075414,196.740171118628,0.433052953630666,0.000842976770274031,0.866492863469275,0
"DTXSID8020462",106.12,0.392492173475008,9507.12052069316,0.13017923866377,2.68426956790676,0.0012779983933832,0.70212990977518,0
"DTXSID8020913",128.18,8.44093162933592,0.123512642320964,2981.07969046725,0.79472712420841,0.00071995761175139,0.597106402058823,0
