"dtxsid","molwt","vapor","solub","kow","decay.air","decay.sur","diffus.air","conc.out"
"DTXSID2021781",278.35,0.00382636619668207,0.0638974233023751,26501.1378118657,0.462365397187559,0.000932224452494105,0.468124819293409,0
"DTXSID3020205",312.37,0.000617549448172372,0.00717567475092078,37415.9280960496,1.24336726504338,0.00085676426096726,0.421332890982944,0
"DTXSID7021360",92.14,1275.31333890984,7.09853839070975,414.350969499813,0.413804850761493,0.00187665835079524,0.877998951975562,0
"DTXSID8020462",106.12,0.224054682854631,5572.08481425745,0.048793260261658,1.34050211890943,0.000988567545936268,1.04339090584881,0
"DTXSID8020913",128.18,8.65015384368554,0.118449397237269,2931.59564323244,1.34461480701502,0.000560886265116041,0.926079442763686,0
