"dtxsid","molwt","vapor","solub","kow","decay.air","decay.sur","diffus.air","conc.out"
"DTXSID2021781",278.35,0.012344959327708,0.0417599520962132,40281.254954667,0.667959447941901,0.000877680535904953,0.550413303444782,0
"DTXSID3020205",312.37,0.000328915165619369,0.0132061193643568,14425.3410200727,0.758815790281962,0.00140846118126095,0.733023703092165,0
"DTXSID7021360",92.14,3249.95703726767,3.24304472947397,420.823048724009,0.389866224500636,0.000869971425568084,0.831765824374302,0
"DTXSID8020462",106.12,1.30302133029641,6066.51945210319,0.218608705008815,1.56873687288053,0.00134814668596063,1.07346074659388,0
"DTXSID8020913",128.18,28.86095184256,0.127909211254345,2268.48248417106,1.03253362340549,0.000840472294395436,0.692373046050219,0
