"dtxsid","molwt","vapor","solub","kow","decay.air","decay.sur","diffus.air","conc.out"
"DTXSID2021781",278.35,0.00570506825618279,0.0348152872301672,42089.9782581373,0.817353241202815,0.00163688441093874,1.16988683706725,0
"DTXSID3020205",312.37,0.000632322905566614,0.00955188826437652,32607.2671267483,0.745069053504014,0.00173552641511258,0.523827783028001,0
"DTXSID7021360",92.14,2947.13765217047,7.6777558636327,258.780263311867,0.312383286270233,0.000671400751888375,0.889547871698212,0
"DTXSID8020462",106.12,0.470298097324136,6450.89823498863,0.0611432857000377,1.34798293011797,0.00103737473932362,0.948623204721458,0
"DTXSID8020913",128.18,5.41080893447064,0.123231268631253,2034.53918448051,1.12056603998523,0.00137889623662899,0.557738081593747,0
