"dtxsid","molwt","vapor","solub","kow","decay.air","decay.sur","diffus.air","conc.out"
"DTXSID2021781",278.35,0.000954813343945696,0.0307057533006311,24605.4703570943,0.449475628066891,0.00123377364810757,0.598194888015457,0
"DTXSID3020205",312.37,0.000358133738960675,0.0125603035373131,13406.7592459978,0.674753176640464,0.00155718549206133,0.47373316979543,0
"DTXSID7021360",92.14,2107.29494744803,5.46260675677426,377.992450011986,0.449059704304312,0.00175787457890332,0.823682622067847,0
"DTXSID8020462",106.12,0.775195939240958,9434.02596260553,0.0653103896173843,1.41522286975128,0.00084958980368096,1.13694109578477,0
"DTXSID8020913",128.18,24.3791200092122,0.127011235474358,1627.11445671733,1.691990143234,0.000901557296783287,0.619857993511493,0
