"dtxsid","molwt","vapor","solub","kow","decay.air","decay.sur","diffus.air","conc.out"
"DTXSID2021781",278.35,0.0061186200201844,0.034168176788616,28263.2686133892,0.234813380723703,0.000680829891329732,0.367909990533269,0
"DTXSID3020205",312.37,0.00200069665797012,0.00713391918227334,17614.8592083461,0.537799672039007,0.000559912371546457,0.588516940417192,0
"DTXSID7021360",92.14,2912.60022751594,2.97487674805785,242.785460942434,0.374390603126449,0.000878365849521159,0.794185658458017,0
"DTXSID8020462",106.12,0.968945451066046,8353.90756788349,0.0443186160124302,1.85274043947897,0.000930370108086381,1.06989433467222,0
"DTXSID8020913",128.18,19.5095193019859,0.123784432553898,1167.91922371287,2.06453533761244,0.00127830340534203,0.863180665117779,0
