"dtxsid","molwt","vapor","solub","kow","decay.air","decay.sur","diffus.air","conc.out"
"DTXSID2021781",278.35,0.0041127650829855,0.0713477391693017,25262.1039226684,0.562748532862334,0.00158805493981822,0.411134466066568,0
"DTXSID3020205",312.37,0.000316024696582842,0.00758022679005276,10389.5997214378,0.39749574004573,0.00145592783857188,1.10610433104648,0
"DTXSID7021360",92.14,3497.19977840991,3.59655084286097,508.002717274545,0.483830505781249,0.00116222737148869,0.686863344603524,0
"DTXSID8020462",106.12,0.364741203646079,6837.57583365249,0.0773167058902683,1.43508208915643,0.000853170910584698,0.696958791974531,0
"DTXSID8020913",128.18,6.62835888186679,0.139455144415998,1702.56704197082,1.57720143376732,0.000678484077584855,0.626250614308744,0
