"dtxsid","molwt","vapor","solub","kow","decay.air","decay.sur","diffus.air","conc.out"
"DTXSID2021781",278.35,0.00225863962271273,0.0345958510816883,25069.6830645899,0.540042725542601,0.00185971904757171,0.518011548955621,0
"DTXSID3020205",312.37,0.000672422289427177,0.0122989963151272,15356.6985897782,1.06380278127806,0.000533092958310558,0.540730264982293,0
"DTXSID7021360",92.14,1249.05415710429,4.65421113921716,282.20096847741,0.302761422892962,0.000955573573334284,0.849407476012153,0
"DTXSID8020462",106.12,0.61539176492996,11450.6086928721,0.0519015617245944,2.33122055218138,0.0014335381935895,0.744731195276381,0
"DTXSID8020913",128.18,16.3760625979876,0.127222424276225,1393.5518488533,1.18952090456389,0.000718840784288974,0.767580809077588,0
