"dtxsid","molwt","vapor","solub","kow","decay.air","decay.sur","diffus.air","conc.out"
"DTXSID2021781",278.35,0.00220414844808558,0.0217144841165927,25265.2622729839,0.717214972440249,0.0019942320838674,1.02351326274823,0
"DTXSID3020205",312.37,0.000578089045280053,0.00637187028193713,22778.2666692872,0.310267245867455,0.00075088772869984,0.378254971677535,0
"DTXSID7021360",92.14,3231.82778995372,3.98124670601191,307.136626073071,0.338024219457591,0.000903655577574579,1.0329953001274,0
"DTXSID8020462",106.12,1.21143283622639,8789.22939927747,0.0855737445840286,0.806926742264721,0.00154426153411658,0.932685941273333,0
"DTXSID8020913",128.18,3.14140803589919,0.159490252889609,3752.99288445514,1.45273850387349,0.000432981373340263,0.761900952072684,0
