"dtxsid","molwt","vapor","solub","kow","decay.air","decay.sur","diffus.air","conc.out"
"DTXSID2021781",278.35,0.00151054850051995,0.0253700092063198,36705.6585410372,0.893802379913696,0.000749460904945189,0.428773241535071,0
"DTXSID3020205",312.37,0.000926075338772159,0.015352073242255,22398.7244714425,0.879677693747072,0.000967217711535778,0.516444029783688,0
"DTXSID7021360",92.14,3599.44442753497,4.22152150276271,572.307046061117,0.406770035838981,0.00213967604493809,0.563729167151905,0
"DTXSID8020462",106.12,0.443521605649228,8028.07111964853,0.105377417786247,2.2546580498272,0.00125083179143931,1.05429306407926,0
"DTXSID8020913",128.18,5.39688278023887,0.130826054596434,2882.31657979359,0.547060117133341,0.000723077237077111,1.07936489237423,0
