"dtxsid","molwt","vapor","solub","kow","decay.air","decay.sur","diffus.air","conc.out"
"DTXSID2021781",278.35,0.00493720971784475,0.0314908085920514,30538.1091909179,0.3512576373744,0.000854077991707545,0.510138470502489,0
"DTXSID3020205",312.37,0.00113556144129684,0.0123942891171348,33204.5304556824,0.590321002625814,0.00164181052633182,0.294015856509583,0
"DTXSID7021360",92.14,1242.79734746022,8.87607333483859,507.942146911625,0.402347869098613,0.001128704296856,0.949553284681843,0
"DTXSID8020462",106.12,0.429769115743197,12271.4259588899,0.0500060595347034,1.25828489085521,0.00127576676222548,0.913201288536756,0
"DTXSID8020913",128.18,15.7690593285837,0.14308530416506,2441.06415043023,2.56286157116498,0.000954270827706219,1.05916197790646,0
