"dtxsid","molwt","vapor","solub","kow","decay.air","decay.sur","diffus.air","conc.out"
"DTXSID2021781",278.35,0.00194414279291734,0.0303043074782605,37775.6311535657,0.683775046098385,0.00242748409091492,0.591638745905756,0
"DTXSID3020205",312.37,0.000234021233315004,0.00454152977014235,14310.4438184018,1.60622811193063,0.00268805082815723,0.607601256108186,0
"DTXSID7021360",92.14,3728.65832303987,4.47082032012323,524.284499593945,0.32285353379435,0.00121574421695336,0.641390570549404,0
"DTXSID8020462",106.12,0.754540650422017,6573.73736885196,0.0613323201702654,2.34198422148594,0.000879575395120434,0.82522850367957,0
"DTXSID8020913",128.18,2.01968298562658,0.251251144338428,3172.35680720806,1.75414316459682,0.000546729277682546,0.812264889466354,0
