"dtxsid","molwt","vapor","solub","kow","decay.air","decay.sur","diffus.air","conc.out"
"DTXSID2021781",278.35,0.00407798871810199,0.0357139495086719,30429.9886823836,0.667625181849585,0.00169275426164249,0.413797280467576,0
"DTXSID3020205",312.37,0.00101863736204326,0.0121585676201494,33720.000704144,0.653709822159511,0.000859453848531466,0.722062960183184,0
"DTXSID7021360",92.14,9381.76892373043,3.44008762572418,306.06604052105,0.2815620075505,0.00146890677907033,1.0814450778314,0
"DTXSID8020462",106.12,0.318609012271769,7564.43511356183,0.0960344901941994,3.44900659478174,0.00071156614908531,0.878194531971156,0
"DTXSID8020913",128.18,3.82853998337488,0.173157808892826,1386.25531105477,1.63237748389879,0.00120170335938879,0.729590843841652,0
