"dtxsid","molwt","vapor","solub","kow","decay.air","decay.sur","diffus.air","conc.out"
"DTXSID2021781",278.35,0.00235812415702753,0.0295487215714136,30510.2540729839,0.377903030135856,0.000978314366677223,0.659328701686921,0
"DTXSID3020205",312.37,0.000320288053922556,0.00741405519691833,13505.5828789583,0.86781149065261,0.000582614497463269,0.562289448464769,0
"DTXSID7021360",92.14,2730.94217825896,3.96093063096859,442.883213967882,0.288813627158206,0.000612405538816475,0.931687568798673,0
"DTXSID8020462",106.12,0.551717123496793,13230.6205013164,0.0624554183561115,1.94915598449849,0.00151744871689302,0.728546061367055,0
"DTXSID8020913",128.18,5.11883869115175,0.216109191409291,4683.24938531488,0.963437960504855,0.00157908115859746,0.735750937939728,0
