"dtxsid","molwt","vapor","solub","kow","decay.air","decay.sur","diffus.air","conc.out"
"DTXSID2021781",278.35,0.00167160826908448,0.0350671797183,39664.937122463,0.436366137774983,0.0009957046880101,0.293688115565036,0
"DTXSID3020205",312.37,0.000520531834897904,0.00736631837505666,13353.7271634599,1.39381522848809,0.000900213117094497,0.447569414927336,0
"DTXSID7021360",92.14,598.501966671404,4.01576115593768,476.956643357743,0.469473548815097,0.0011516692660058,0.645590470047469,0
"DTXSID8020462",106.12,0.494920601499923,5626.36514356558,0.0454704684396852,1.86902103632982,0.0017623473358328,0.51855397279765,0
"DTXSID8020913",128.18,17.6088364250148,0.181240036452684,2383.46950298919,1.51154002403753,0.000665177291458093,0.634455556698641,0
