"dtxsid","molwt","vapor","solub","kow","decay.air","decay.sur","diffus.air","conc.out"
"DTXSID2021781",278.35,0.00233394994639616,0.0382737410804728,42100.0802692633,0.497853825278133,0.0011358419780933,0.477815447522513,0
"DTXSID3020205",312.37,0.000431532608025455,0.00970619903869493,23611.1131359763,1.1305025780525,0.0003913255719403,0.534967746965078,0
"DTXSID7021360",92.14,1300.9384724687,3.11929519318792,324.100651967719,0.355236692800737,0.000704303076234256,0.851339235273316,0
"DTXSID8020462",106.12,0.340852181226094,9964.4988820225,0.0540865766604957,2.4172402795707,0.000617982332270914,0.638841856614672,0
"DTXSID8020913",128.18,9.79705424564366,0.172176126999556,1187.05436640185,1.93618496102771,0.000809321447158186,0.836778330004803,0
