"dtxsid","molwt","vapor","solub","kow","decay.air","decay.sur","diffus.air","conc.out"
"DTXSID2021781",278.35,0.0088290106220957,0.0198537719735235,32952.2089374921,1.36289622304807,0.00152637593397108,0.421906737733769,0
"DTXSID3020205",312.37,0.000262803953472434,0.00798276223686937,36635.2011380938,0.645837050196673,0.000913761528233131,0.60886929850033,0
"DTXSID7021360",92.14,1433.32063550307,5.21465163301161,476.611829710791,0.55905102341946,0.00142748325335333,1.07824730233908,0
"DTXSID8020462",106.12,0.57848296975361,6788.15123553526,0.036647532980356,2.05802342264935,0.00102704228146936,0.652837283190853,0
"DTXSID8020913",128.18,10.3777811640633,0.142833798329081,2144.06402868822,0.888494000964032,0.00178860951382002,0.718027981198923,0
