"dtxsid","molwt","vapor","solub","kow","decay.air","decay.sur","diffus.air","conc.out"
"DTXSID2021781",278.35,0.00150936882515546,0.0368073960135117,28051.2428648519,0.780239526911634,0.000944736266231075,0.510128503511862,0
"DTXSID3020205",312.37,0.00060164936151553,0.0127095718939036,11228.6061714526,0.402058236487512,0.000823174735140926,0.586021214932959,0
"DTXSID7021360",92.14,1561.96140846323,11.8932910679347,301.363890751062,0.353853773774789,0.000991490004165905,1.00561279489338,0
"DTXSID8020462",106.12,0.836487178653163,10244.9513360878,0.13862990254569,1.38604592627298,0.000621954140223251,0.669067770173469,0
"DTXSID8020913",128.18,10.1137597686501,0.112033028983264,2588.5515932564,1.12507293832466,0.000805317633052241,0.497716442200616,0
