"dtxsid","molwt","vapor","solub","kow","decay.air","decay.sur","diffus.air","conc.out"
"DTXSID2021781",278.35,0.00993941939256286,0.0611847890265928,19848.545326266,0.612675710294125,0.000667379500965539,0.489796134856392,0
"DTXSID3020205",312.37,0.000197753647938558,0.00876342241582402,9502.38140442519,0.800802606296524,0.000667403668929849,0.744750363378047,0
"DTXSID7021360",92.14,1313.80190943431,2.86653634851961,294.087150125996,0.475806181565134,0.000616645781306439,1.98967594943947,0
"DTXSID8020462",106.12,0.460257449044433,9371.49024544439,0.0488062521946177,0.975601652679029,0.00084185881723673,0.715649222400633,0
"DTXSID8020913",128.18,8.14375963844437,0.106337696064263,946.408805131868,1.19745054526052,0.000801684411807083,0.807768907409727,0
