"dtxsid","molwt","vapor","solub","kow","decay.air","decay.sur","diffus.air","conc.out"
"DTXSID2021781",278.35,0.00222830292187836,0.0637628013102197,17292.979842052,0.832400598075936,0.000773680823551743,0.785930133254222,0
"DTXSID3020205",312.37,0.000121609721383407,0.00765285674538506,17784.6073901362,0.845332123129373,0.000688861530216264,0.493633666379904,0
"DTXSID7021360",92.14,1121.63283712299,5.02681623306965,413.715698128312,0.397072417377585,0.000949197235441156,1.26767271934184,0
"DTXSID8020462",106.12,1.36825981929069,9157.91217152603,0.114371127072113,1.41485716687698,0.00104367384953938,0.676271336631986,0
"DTXSID8020913",128.18,10.4145703375216,0.205116622930341,1412.98445721314,1.08022191799823,0.00143147548340637,1.13202260566074,0
