"dtxsid","molwt","vapor","solub","kow","decay.air","decay.sur","diffus.air","conc.out"
"DTXSID2021781",278.35,0.0071655713228235,0.0656082567714066,48758.4995098025,0.501314672249335,0.000485001955875728,0.470520632332099,0
"DTXSID3020205",312.37,0.00118731319155861,0.00661263020458854,19358.3501204732,0.441832477090778,0.0010305091794827,0.655968977542093,0
"DTXSID7021360",92.14,9644.86803911243,4.34414321310034,254.939836796778,0.657258399100787,0.000682164115052885,0.555676975849946,0
"DTXSID8020462",106.12,2.05219251196638,8495.2809095186,0.101676036263386,2.58256400173779,0.00161603138923365,0.721936313908354,0
"DTXSID8020913",128.18,3.07979687027122,0.160356150686904,1912.86225045185,1.86952363934474,0.00102571068883366,0.92083821052514,0
