"dtxsid","molwt","vapor","solub","kow","decay.air","decay.sur","diffus.air","conc.out"
"DTXSID2021781",278.35,0.00318263608843308,0.0266617133938382,30176.3204705863,0.500785085863306,0.00123165544408911,0.44432974768269,0
"DTXSID3020205",312.37,0.000504043003922185,0.0089763624708249,32521.7746793655,0.561544348707348,0.00072052529448862,0.448622287634741,0
"DTXSID7021360",92.14,25591.4984365618,5.96090478521518,518.493805337907,0.282693255059828,0.000905821100960982,1.13440973378125,0
"DTXSID8020462",106.12,1.97290964738146,8387.12032567183,0.0519103587396085,2.09268364742854,0.000346358147981651,1.03847706222023,0
"DTXSID8020913",128.18,19.0683471123953,0.192113933441693,2493.44186572879,1.55959509238867,0.000709505357764608,0.73569172704595,0
