"dtxsid","molwt","vapor","solub","kow","decay.air","decay.sur","diffus.air","conc.out"
"DTXSID2021781",278.35,0.00287759087022995,0.0295728255976149,26057.6960721732,0.499009275832364,0.00136633694708425,0.625239462957623,0
"DTXSID3020205",312.37,0.000737249710306993,0.0196141534037266,11020.1277612686,0.812532378938561,0.000748832741352305,0.554362526466148,0
"DTXSID7021360",92.14,1921.8793657799,3.17050207452175,483.275886440738,0.680732001048457,0.00066392768618713,0.781675192296098,0
"DTXSID8020462",106.12,0.711143124441373,9221.66003981333,0.073081429555324,0.980104907577182,0.00170046664810618,1.37594246813898,0
"DTXSID8020913",128.18,20.8467049640063,0.140178299087371,1542.75549894422,1.60431899836487,0.00145660569408926,0.469338543637307,0
