"dtxsid","molwt","vapor","solub","kow","decay.air","decay.sur","diffus.air","conc.out"
"DTXSID2021781",278.35,0.00172874658297127,0.0388528580662857,74977.4234544371,0.567683634435251,0.000638649250634496,0.530651244349963,0
"DTXSID3020205",312.37,0.00154800574641295,0.00586576972171885,25273.0889282246,0.585342699263575,0.00122410644604046,0.789803002397119,0
"DTXSID7021360",92.14,3202.3394463986,5.035796657997,499.559139177143,0.263559919168479,0.000651768905411602,0.490653055740045,0
"DTXSID8020462",106.12,0.5125239304755,7177.31321198833,0.0730345221925964,1.54694322642854,0.00152603795626055,0.715178638085584,0
"DTXSID8020913",128.18,3.71699426239418,0.172640346860809,1456.48843658015,1.12967152261208,0.00081404500813269,0.76475607430063,0
