"dtxsid","molwt","vapor","solub","kow","decay.air","decay.sur","diffus.air","conc.out"
"DTXSID2021781",278.35,0.0014196467426876,0.0383151283152918,40719.5010584215,0.541720677214344,0.00160126136474222,0.630397259455011,0
"DTXSID3020205",312.37,0.000966821712519657,0.00712265509887538,10753.694961984,0.600340692555256,0.000991973825996229,0.457435844086796,0
"DTXSID7021360",92.14,4800.95471657319,4.06602575948048,468.182869075314,0.298663509271645,0.000968265530955765,0.598735615578148,0
"DTXSID8020462",106.12,0.642809346839989,5960.88278100685,0.155501141832525,1.80065382278967,0.00120500816999173,0.565589253335202,0
"DTXSID8020913",128.18,9.31685441699439,0.162586351794498,1832.62361885108,2.72859620127281,0.00117351060304848,0.715616809735032,0
