"dtxsid","molwt","vapor","solub","kow","decay.air","decay.sur","diffus.air","conc.out"
"DTXSID2021781",278.35,0.0113903020093956,0.0242765860013575,22791.52503351,0.548340124195124,0.000621456664642037,0.663627659232518,0
"DTXSID3020205",312.37,0.000319470730039894,0.0116163567775032,13405.001550707,0.437020125592583,0.00161718211484967,0.499773587041633,0
"DTXSID7021360",92.14,1455.38998719383,5.79222710290751,474.878098474798,0.552919122064957,0.000897592848085832,0.736150019315013,0
"DTXSID8020462",106.12,0.613207222968589,5511.92888792518,0.0876217992125652,0.975247320160683,0.000942374564996358,0.896799228541567,0
"DTXSID8020913",128.18,16.4187831143446,0.177453431203297,2392.91466952359,0.649759191859187,0.00198597228784681,0.920348004676348,0
