"dtxsid","molwt","vapor","solub","kow","decay.air","decay.sur","diffus.air","conc.out"
"DTXSID2021781",278.35,0.00251176120174646,0.0367729117934632,13096.8836333133,0.404475147213715,0.00140973209620485,0.415595278045084,0
"DTXSID3020205",312.37,0.000326800141477612,0.011693602011011,11578.1575948077,1.40203793935067,0.00105457893021726,0.679165967415577,0
"DTXSID7021360",92.14,6589.84876415874,4.78725486926596,559.791794521951,0.500287669002416,0.00065796583472866,0.822495180947979,0
"DTXSID8020462",106.12,1.13312176347857,7892.02643927371,0.121038537345637,1.26158737559988,0.000874114270354549,0.898317910742788,0
"DTXSID8020913",128.18,1.6785376731017,0.17018877623913,4002.86074013641,1.25855151219315,0.00212898977335782,0.875053217180289,0
