"dtxsid","molwt","vapor","solub","kow","decay.air","decay.sur","diffus.air","conc.out"
"DTXSID2021781",278.35,0.00618183534104151,0.0445367740458166,23686.4216357251,0.310453414460041,0.00147517228170693,0.435183058046011,0
"DTXSID3020205",312.37,0.000238472708048158,0.0100602527142008,28325.4030253964,1.05452209255144,0.00102076563605966,0.656036337872552,0
"DTXSID7021360",92.14,10526.1499057009,4.83023932564419,673.105378324915,0.431761410255452,0.00143715171016952,1.02139140063928,0
"DTXSID8020462",106.12,0.465902555650093,11940.5968037168,0.0763741328768639,3.40264060290692,0.00115766950628815,0.659318065159298,0
"DTXSID8020913",128.18,9.46849760615288,0.170781714983617,681.75410523509,2.0628082590119,0.00184916957089133,0.647460879785148,0
