"dtxsid","molwt","vapor","solub","kow","decay.air","decay.sur","diffus.air","conc.out"
"DTXSID2021781",278.35,0.00235013485874015,0.0358503955421457,84968.2152480991,0.396043687178056,0.000746767578961758,0.378000590503387,0
"DTXSID3020205",312.37,0.000290580800320619,0.0103092052588287,26682.2669603423,0.853733942976509,0.00118275695312347,0.41343489406069,0
"DTXSID7021360",92.14,6427.38027291667,3.57599457868488,904.515652241148,0.26723982492946,0.0022424660758191,0.838323833132448,0
"DTXSID8020462",106.12,1.09873405493388,10080.5167440521,0.103767804703596,1.30267813144665,0.00133150219528709,0.658797372297399,0
"DTXSID8020913",128.18,16.8246618958517,0.234639735200454,2306.68429030575,0.668763717657676,0.000559716436399085,0.997358220271704,0
