"dtxsid","molwt","vapor","solub","kow","decay.air","decay.sur","diffus.air","conc.out"
"DTXSID2021781",278.35,0.0179583176933273,0.0238875911865266,19726.5119611293,1.05203411182307,0.000641656498768891,0.778418779584511,0
"DTXSID3020205",312.37,0.000727158072022459,0.0105024559184514,19211.3191963998,0.554920990547002,0.00141935919360389,0.29005870998994,0
"DTXSID7021360",92.14,2387.97468273291,3.79294889462508,446.416961080591,0.43357886821136,0.00113582273883862,0.768284355253999,0
"DTXSID8020462",106.12,6.24068111367831,8882.39882450351,0.135443143911343,2.59187423251843,0.000754809364595114,0.79484319623962,0
"DTXSID8020913",128.18,8.32015993410527,0.119269613486254,1715.38746420278,0.743297904377937,0.000534306941190471,0.906189287715049,0
