"dtxsid","molwt","vapor","solub","kow","decay.air","decay.sur","diffus.air","conc.out"
"DTXSID2021781",278.35,0.00292906202563171,0.0318868703620327,27126.626254483,1.41881897054228,0.00077105686543302,0.447124597772648,0
"DTXSID3020205",312.37,0.000385468649482228,0.0108054982991224,5706.08296325353,0.550404066988945,0.00152522873761957,0.38160272441458,0
"DTXSID7021360",92.14,2557.61672117868,2.91428798177405,316.932809902619,0.399344869050562,0.00135462323605302,0.833980278990419,0
"DTXSID8020462",106.12,0.470757992561167,5178.14523520408,0.138057428546641,1.76743880386331,0.000805613234485688,0.759436168878606,0
"DTXSID8020913",128.18,44.624903233411,0.136869410415096,2479.27937961862,1.57422591024865,0.000730011404766667,0.850946108587628,0
