"dtxsid","molwt","vapor","solub","kow","decay.air","decay.sur","diffus.air","conc.out"
"DTXSID2021781",278.35,0.00848727493283126,0.03246695306551,33476.6961942394,0.616027011995395,0.000926771462589769,0.807753824263938,0
"DTXSID3020205",312.37,0.00102178361873938,0.00924613761118371,14345.6709656179,0.679346040746021,0.00125031199303153,0.382906077100143,0
"DTXSID7021360",92.14,4054.3365250207,3.77741517330828,374.970641408321,0.337812741838316,0.000448983512546657,0.649302288288861,0
"DTXSID8020462",106.12,0.823573147404504,12131.6880687189,0.0408656186473159,2.98891810440124,0.00169660975100803,0.948294433223799,0
"DTXSID8020913",128.18,68.9118266218857,0.0999325104357307,2854.98028965521,1.22715869383908,0.000729989467995526,0.673589158309558,0
