"dtxsid","molwt","vapor","solub","kow","decay.air","decay.sur","diffus.air","conc.out"
"DTXSID2021781",278.35,0.00143715816551417,0.0377230707833186,42792.5412460316,0.618701796587573,0.00138598391290164,0.843327315220754,0
"DTXSID3020205",312.37,0.00105404164221494,0.00781426945298511,18639.2424312354,0.497423857129709,0.000864817228970975,0.443525783556567,0
"DTXSID7021360",92.14,3967.05919065958,6.26372389768776,588.729572799857,0.57693450385899,0.000630250921998518,1.22288799774062,0
"DTXSID8020462",106.12,0.575817290229404,7123.68983457876,0.0771978704638856,1.45388501922904,0.00115614429391465,0.694801433766692,0
"DTXSID8020913",128.18,23.6994119559899,0.079882242306876,1389.17468215346,2.06887651132518,0.000909142119683128,1.00152886134655,0
