"dtxsid","molwt","vapor","solub","kow","decay.air","decay.sur","diffus.air","conc.out"
"DTXSID2021781",278.35,0.00301324184440696,0.0294350813101336,103457.357844834,0.756712536878763,0.000756116627810524,0.577248967082438,0
"DTXSID3020205",312.37,0.000738424334064937,0.0111896257386551,29759.2354508918,0.686982259500743,0.000264849818711174,0.590389228309862,0
"DTXSID7021360",92.14,1392.58785699373,5.04305925104127,479.862468619932,0.275106445416639,0.000610244089609315,0.824989705561477,0
"DTXSID8020462",106.12,0.535833154982525,6238.45314253015,0.0785338419397096,3.52341928741045,0.000720119308715471,0.643976890596591,0
"DTXSID8020913",128.18,13.4047481006102,0.163485505254673,1887.27636972262,0.568881151437898,0.000827355275862415,0.647266202734721,0
