"dtxsid","molwt","vapor","solub","kow","decay.air","decay.sur","diffus.air","conc.out"
"DTXSID2021781",278.35,0.00363549490882831,0.041328955521271,50623.2006167459,0.317571614057215,0.000692706584781848,0.53348628186204,0
"DTXSID3020205",312.37,0.000289404799267386,0.00847681654975923,19896.8410505864,0.514560052469267,0.000914538834585981,0.437233061119411,0
"DTXSID7021360",92.14,2802.00089888371,4.6811097752499,631.369308127258,0.332758921786528,0.000885598782088694,1.02742867878289,0
"DTXSID8020462",106.12,0.248794253240401,12744.8459433543,0.0773190909259384,1.51733921183597,0.000619524411220888,0.504627679291701,0
"DTXSID8020913",128.18,3.49005728614853,0.154275776920231,1240.21098168434,2.51120754477495,0.000578082086662329,0.480545559201168,0
