"dtxsid","molwt","vapor","solub","kow","decay.air","decay.sur","diffus.air","conc.out"
"DTXSID2021781",278.35,0.00360189399139766,0.0299939738385041,46755.6871163213,0.762465606190289,0.000895048378847473,0.390662510278296,0
"DTXSID3020205",312.37,0.000937508354167759,0.00771885384657615,13076.9213701804,0.508291706845144,0.00178287721756422,0.697707735206202,0
"DTXSID7021360",92.14,2385.75111184346,6.5358061383745,495.605041124277,0.464561491448785,0.00171416598336711,1.00042651190317,0
"DTXSID8020462",106.12,0.854848784219637,6037.0301871417,0.184658943147724,1.70668462071674,0.000617562747735065,1.01476778724582,0
"DTXSID8020913",128.18,6.42311172157159,0.106391528115733,1862.00810710123,1.43947970035667,0.00059789072845979,0.669580923592504,0
