"dtxsid","molwt","vapor","solub","kow","decay.air","decay.sur","diffus.air","conc.out"
"DTXSID2021781",278.35,0.0146425869837521,0.0267657287692582,31160.9815860382,0.285878127660073,0.00145839498515915,0.610345639898455,0
"DTXSID3020205",312.37,0.000958000805080927,0.00535569964323124,34923.9620013153,1.31608664574239,0.000792110278117888,0.589544156524746,0
"DTXSID7021360",92.14,9884.55991451656,4.36452545459977,373.457462254852,0.571680633878051,0.00069027605136925,0.63833879252251,0
"DTXSID8020462",106.12,1.16779539172636,7437.28186868509,0.11849718626872,2.71177972057096,0.000646160832486299,0.880711881919045,0
"DTXSID8020913",128.18,46.8166536584319,0.121398926543031,1786.476301931,0.987087259118584,0.000487791496846597,0.783753776760222,0
