"dtxsid","molwt","vapor","solub","kow","decay.air","decay.sur","diffus.air","conc.out"
"DTXSID2021781",278.35,0.0025227281559971,0.025022594894888,24930.7707221376,0.412213300694939,0.00049294428717228,0.741036402247515,0
"DTXSID3020205",312.37,0.000926394351453141,0.0145456236681834,39191.1614456935,1.12143576059257,0.000992482011000961,0.398418617542784,0
"DTXSID7021360",92.14,5511.6017810853,3.99829281801326,366.4625757095,0.408478675731786,0.00116303666462704,0.68605935161414,0
"DTXSID8020462",106.12,0.422449789118574,11978.9174405716,0.041997798925499,0.661589113003525,0.00106334642313653,0.467750674482431,0
"DTXSID8020913",128.18,2.09724165772905,0.178717775742531,2977.00406361361,0.926490156837653,0.00125580949992726,0.750327794217164,0
