"dtxsid","molwt","vapor","solub","kow","decay.air","decay.sur","diffus.air","conc.out"
"DTXSID2021781",278.35,0.00407010568856996,0.0315989295726696,84495.230788654,0.600780144510482,0.00210351757443812,0.661461450662694,0
"DTXSID3020205",312.37,0.00157072532942574,0.00890864463198234,15934.2172645813,1.08271200203239,0.00122525850591916,0.353887107547671,0
"DTXSID7021360",92.14,1767.00328846643,6.37614243016447,661.459372837705,0.271058636510749,0.00093866045727926,0.979212668475022,0
"DTXSID8020462",106.12,0.794195880556534,7247.03747230428,0.053926977539927,2.97941486548944,0.00100315610388072,0.888395278629986,0
"DTXSID8020913",128.18,3.5767432053937,0.139199390635567,2200.52089488007,1.45435661513084,0.000759976093186369,0.804246327464197,0
