"dtxsid","molwt","vapor","solub","kow","decay.air","decay.sur","diffus.air","conc.out"
"DTXSID2021781",278.35,0.0104145289806364,0.0256344916433566,41506.7695255282,0.445499664589453,0.00190478670185171,0.421347893939021,0
"DTXSID3020205",312.37,0.000278490614419898,0.00877325655411547,15832.3270153533,0.763082311838127,0.00162102163230857,0.412599858861165,0
"DTXSID7021360",92.14,8227.88165634439,4.51477712607873,781.388259636469,0.637902585535596,0.000935818549511142,0.743309043643013,0
"DTXSID8020462",106.12,0.331108327484669,11799.5778254309,0.0780814445254586,1.69952471856631,0.00064012413508507,0.833639688100863,0
"DTXSID8020913",128.18,2.44109041942571,0.117252410949059,5807.09647586761,1.34503343073551,0.00121904577410211,0.707171473663851,0
