"dtxsid","molwt","vapor","solub","kow","decay.air","decay.sur","diffus.air","conc.out"
"DTXSID2021781",278.35,0.00243992555515128,0.0417305133059006,43937.7289005436,0.438341728050829,0.00109326807733702,0.753825581271619,0
"DTXSID3020205",312.37,0.000826231027306693,0.0065250417679961,16924.5364168469,0.289507271622018,0.00102292513475749,0.312719056070099,0
"DTXSID7021360",92.14,1546.69204214833,4.76043513819513,569.342208746888,0.549470440945182,0.00112312984868581,0.653799020154715,0
"DTXSID8020462",106.12,0.788524843970773,10697.7608388576,0.0670397510962305,1.98477817452026,0.00113592710717335,0.647063375065624,0
"DTXSID8020913",128.18,20.4483897888081,0.118641989304648,3611.06741614096,1.24826983010211,0.00125718188929201,0.697781907897061,0
