"dtxsid","molwt","vapor","solub","kow","decay.air","decay.sur","diffus.air","conc.out"
"DTXSID2021781",278.35,0.00462981566573278,0.0286446175066975,29826.8670888988,0.852458997560596,0.000750190520342721,0.511310229940312,0
"DTXSID3020205",312.37,0.000617637328693476,0.0133300095318499,16980.4815500188,0.493909502745937,0.00145208634860181,0.566511779284251,0
"DTXSID7021360",92.14,3869.17238780127,4.16231110380788,467.03846577568,0.407803856475256,0.00125400287327804,1.01373913417432,0
"DTXSID8020462",106.12,0.735468395081072,7951.83418763363,0.0814686797494191,1.61122141283186,0.00384979869814348,0.675046704392424,0
"DTXSID8020913",128.18,1.14946651752691,0.114885174164641,2101.09058831692,1.26229884504651,0.00164424569100429,0.512507277995009,0
