"dtxsid","molwt","vapor","solub","kow","decay.air","decay.sur","diffus.air","conc.out"
"DTXSID2021781",278.35,0.0113353676313902,0.0323238484728053,42810.946971999,0.820043722386205,0.000795636371402836,0.752501714744765,0
"DTXSID3020205",312.37,0.000804137382332574,0.00881932664153454,13278.5026764225,0.677220067564844,0.00108337665555581,0.559013533645699,0
"DTXSID7021360",92.14,6313.86514524122,5.54024720411246,333.354385742864,0.23481736460628,0.000869243077433738,0.739105503647945,0
"DTXSID8020462",106.12,0.861748505297363,8712.72381198856,0.097128591719548,2.03658203327645,0.0017828560515234,0.954137367984327,0
"DTXSID8020913",128.18,7.82095388868385,0.162863919586387,1202.63896998918,1.36633975931658,0.00125096237742383,0.844719526155692,0
