"dtxsid","molwt","vapor","solub","kow","decay.air","decay.sur","diffus.air","conc.out"
"DTXSID2021781",278.35,0.0045307827839734,0.0329655761316802,64024.5990600632,0.435606876748435,0.00100768467325479,0.36057715650204,0
"DTXSID3020205",312.37,0.000395718439327981,0.0105915645281444,33259.969639949,1.27846942271632,0.000946829900436011,0.446036583937766,0
"DTXSID7021360",92.14,2015.43478167712,4.96015287395855,1280.18184146609,0.443541252963961,0.00142361630538075,0.996476376390579,0
"DTXSID8020462",106.12,1.74523807409661,5926.49902308101,0.145961888718493,1.98457978563476,0.000854967763652943,0.721773179685038,0
"DTXSID8020913",128.18,2.71929666614626,0.137091756013434,3601.61834310091,2.06528733065994,0.00125351486574953,0.686940277844808,0
