"dtxsid","molwt","vapor","solub","kow","decay.air","decay.sur","diffus.air","conc.out"
"DTXSID2021781",278.35,0.00171719306352953,0.0271433167553081,21698.546412944,0.461264177118866,0.000730791704652314,0.738920206484529,0
"DTXSID3020205",312.37,0.000537390649539817,0.00825833384808707,12335.3313202693,0.588526414209377,0.000567255231928802,0.40292633785658,0
"DTXSID7021360",92.14,14485.9947214148,4.78580433943522,596.845180030588,0.33764537052343,0.000742405685592855,0.922255093377757,0
"DTXSID8020462",106.12,0.480765887435851,8127.76323940096,0.106578734114051,1.37351410573028,0.000660875565232508,1.0476138904639,0
"DTXSID8020913",128.18,8.33221054113459,0.162055416559664,2846.26648597101,1.14636588356965,0.000812015403104117,0.671627786646643,0
