"dtxsid","molwt","vapor","solub","kow","decay.air","decay.sur","diffus.air","conc.out"
"DTXSID2021781",278.35,0.00817250004398716,0.0379932479527592,17725.7493772048,0.753346376162135,0.00142800904920072,0.432526341477787,0
"DTXSID3020205",312.37,0.000905154844362264,0.00727024055931167,17748.9669335818,1.22737125420706,0.00039235089722563,0.66569468491097,0
"DTXSID7021360",92.14,3505.1529590513,3.99437674901122,262.238638261391,0.231720067787689,0.000775145507343564,0.836329725811528,0
"DTXSID8020462",106.12,0.661985125495352,7368.29330056028,0.0748867402834062,2.60482317907837,0.00242926297974581,0.846439316144975,0
"DTXSID8020913",128.18,11.8248017988167,0.235689155156274,2953.60911954329,1.37125531080758,0.000751106640239394,0.882872398678455,0
