"dtxsid","molwt","vapor","solub","kow","decay.air","decay.sur","diffus.air","conc.out"
"DTXSID2021781",278.35,0.00537854469776656,0.0408102572328173,50770.0371085229,0.467391858547034,0.000389929392631143,0.501093573881505,0
"DTXSID3020205",312.37,0.00162097819267968,0.0087943878510453,14234.6907534839,0.582056269250439,0.000986828376837973,0.542859241618562,0
"DTXSID7021360",92.14,2293.82079540961,5.1883414515762,553.070630976697,0.326842756191771,0.000749627409385218,1.38173140093361,0
"DTXSID8020462",106.12,0.789143783550493,9058.70847589308,0.0452109783266803,2.22954523793427,0.000759618308694945,0.863165780246165,0
"DTXSID8020913",128.18,4.17486943714894,0.13348460068849,2085.17007727763,0.995580828920905,0.000265801816475729,0.757682326524058,0
