"dtxsid","molwt","vapor","solub","kow","decay.air","decay.sur","diffus.air","conc.out"
"DTXSID2021781",278.35,0.00438004254310653,0.0568212038822303,55190.1037065,0.385656136474744,0.000878452399282073,0.506759957553489,0
"DTXSID3020205",312.37,0.000183398066460149,0.00968597214352781,18288.7275146474,0.619790766582196,0.00125478121868335,0.533520377871003,0
"DTXSID7021360",92.14,5340.16265528775,5.79121681255836,279.735710225792,0.420699590442305,0.000933817960139189,1.00253924936925,0
"DTXSID8020462",106.12,0.407013140870957,9150.34623751815,0.0946783863059578,1.12607374893472,0.000939384755456245,0.646439541528061,0
"DTXSID8020913",128.18,4.35350150371583,0.12135608678804,1492.42434980863,3.20517296759607,0.000667579726782926,0.499901081475427,0
