"dtxsid","molwt","vapor","solub","kow","decay.air","decay.sur","diffus.air","conc.out"
"DTXSID2021781",278.35,0.00252803426071564,0.0243192498957425,24139.3830227352,0.529545017068885,0.000863403906199929,0.720806204085092,0
"DTXSID3020205",312.37,0.000923023497776805,0.00682424223758661,14660.8792773183,0.511474553577624,0.00125452986244884,0.472587807925576,0
"DTXSID7021360",92.14,1756.03102393697,4.66426125342973,377.51751847804,0.176611794791906,0.000691325402754693,0.725406044081016,0
"DTXSID8020462",106.12,0.918999767657568,10128.2564983522,0.0707684478068974,1.12623368438623,0.00164087661411531,0.757094741340078,0
"DTXSID8020913",128.18,5.44649872607964,0.187911968523758,1957.4665229358,1.08736309248574,0.000863125176071077,0.834459188142887,0
