"dtxsid","molwt","vapor","solub","kow","decay.air","decay.sur","diffus.air","conc.out"
"DTXSID2021781",278.35,0.00224818901078516,0.0240687601396482,27312.2910077103,0.391044923506543,0.00234329465895966,0.716128461465728,0
"DTXSID3020205",312.37,0.000584591416964976,0.00551674137513882,23848.1926694707,0.584426602656865,0.000531768279362225,0.367692930625188,0
"DTXSID7021360",92.14,4728.71614054303,4.40118935426638,342.748070095627,0.374864824975045,0.000722247002345035,0.861154258670455,0
"DTXSID8020462",106.12,2.26515345095892,9737.4645156705,0.0914526860235231,7.53244592482449,0.00128388680714219,0.703744120408,0
"DTXSID8020913",128.18,8.3618198520963,0.166300710488972,4090.34776540562,1.55584644203699,0.00161888218645761,0.581957587543515,0
