"dtxsid","molwt","vapor","solub","kow","decay.air","decay.sur","diffus.air","conc.out"
"DTXSID2021781",278.35,0.00459920464721039,0.0243830129155964,25986.9847850682,0.606842920265757,0.00113858538950041,0.605490754530103,0
"DTXSID3020205",312.37,0.000266120976970901,0.00736225761987588,19408.4478227727,0.518641846858792,0.000620977579946877,0.46652543040189,0
"DTXSID7021360",92.14,5321.07656334133,6.1229146281519,724.137141470281,0.673300900430039,0.0015664454437139,0.64026648904055,0
"DTXSID8020462",106.12,0.461264503421602,6984.31394597986,0.0430712109896096,3.56684769586142,0.00181122148865308,0.668564918775131,0
"DTXSID8020913",128.18,4.39183043531138,0.133165736955698,1671.28161694696,0.998224864510813,0.00120121458431626,0.792407392568149,0
