"dtxsid","molwt","vapor","solub","kow","decay.air","decay.sur","diffus.air","conc.out"
"DTXSID2021781",278.35,0.00140075648222452,0.0274322761074695,20325.5010315801,0.711417240585602,0.00125561787496028,0.439001500152804,0
"DTXSID3020205",312.37,0.000564791150922753,0.00587491124359833,34990.5779329998,1.0703195192734,0.000678869965234869,0.556384487664723,0
"DTXSID7021360",92.14,4978.86470034922,5.00066954252472,380.704000952351,0.160197513548129,0.00108217983919807,0.899268187258774,0
"DTXSID8020462",106.12,0.351687500374578,6785.81463032963,0.0568463132787491,3.48192278047695,0.00126390035231519,0.693978827951895,0
"DTXSID8020913",128.18,3.79425047040283,0.10866752616225,4890.71535553943,1.92590453369894,0.000628144783988384,1.1691067683031,0
