"dtxsid","molwt","vapor","solub","kow","decay.air","decay.sur","diffus.air","conc.out"
"DTXSID2021781",278.35,0.00860932223507536,0.0415321070221564,37733.7212984037,0.192528674481951,0.000821914970632702,0.732731383544696,0
"DTXSID3020205",312.37,0.000846427663246309,0.0139864037034107,19693.6998440149,0.632944351574449,0.000868790836263972,0.520821497954163,0
"DTXSID7021360",92.14,908.873768173754,4.65986471492023,187.178994372526,0.512359187494168,0.00273057030753821,0.568743734088536,0
"DTXSID8020462",106.12,1.43787655496423,8156.77954188973,0.119022733665774,3.15624722630127,0.000877959729698635,0.728493650707273,0
"DTXSID8020913",128.18,19.5176192559894,0.17159061384306,2683.88412679253,1.5354424090957,0.00033037467836564,0.614917166652091,0
