"dtxsid","molwt","vapor","solub","kow","decay.air","decay.sur","diffus.air","conc.out"
"DTXSID2021781",278.35,0.011618944291177,0.0346229607529922,8966.17086967187,0.760802795448515,0.00152307189313885,0.542873186589365,0
"DTXSID3020205",312.37,0.00172008217750765,0.0116260101899363,12493.4466317304,0.327509764706074,0.000847031845090504,0.61629971698822,0
"DTXSID7021360",92.14,4117.8432960279,3.96370672750586,443.393165536448,0.324796251623132,0.00111988942006156,0.868531397003107,0
"DTXSID8020462",106.12,1.01065604745283,15844.6243533965,0.097970929953297,4.35388503064371,0.000727107523125882,0.888092583246338,0
"DTXSID8020913",128.18,11.4675661827704,0.129765771737014,3266.92166208065,1.25921903142861,0.000984713197948993,0.765830140119179,0
