"dtxsid","molwt","vapor","solub","kow","decay.air","decay.sur","diffus.air","conc.out"
"DTXSID2021781",278.35,0.00259084303455762,0.0469808643656099,33431.363404195,0.9723268405248,0.000850750659651248,0.442953717230524,0
"DTXSID3020205",312.37,0.000393963870985657,0.00940677966965137,22957.4331389234,1.23433003618284,0.00108009529408386,0.495708295217439,0
"DTXSID7021360",92.14,1059.33470835322,4.28878170618919,158.40701287171,0.719278347036785,0.0012360748183216,0.613287062789752,0
"DTXSID8020462",106.12,2.84638192559671,7475.7656405801,0.0453104338925339,1.54776780856307,0.00065304617920332,0.571280592520792,0
"DTXSID8020913",128.18,2.8918090953689,0.0941036981058188,1518.29341600641,1.44326868238648,0.000780650549007901,1.36401625424031,0
