"dtxsid","molwt","vapor","solub","kow","decay.air","decay.sur","diffus.air","conc.out"
"DTXSID2021781",278.35,0.0114759248402632,0.0478454177447647,12266.2071937892,0.412442392633218,0.00149407644452133,0.406774157650224,0
"DTXSID3020205",312.37,0.000418232737103789,0.0120942371187971,16873.0170443848,0.801387217346124,0.000943613853493729,0.60778542623669,0
"DTXSID7021360",92.14,1775.2541305819,4.34673888568639,479.986576710218,0.189393937271827,0.00115154776348462,0.992134699699015,0
"DTXSID8020462",106.12,0.867882715079892,7548.73203612281,0.161477696935308,1.89386921681452,0.00148099615879397,0.930316389045226,0
"DTXSID8020913",128.18,7.38669291751279,0.131278965668617,1822.94655597229,1.39658158225948,0.000456662294580767,0.644711609862645,0
