"dtxsid","molwt","vapor","solub","kow","decay.air","decay.sur","diffus.air","conc.out"
"DTXSID2021781",278.35,0.00201564946785423,0.0303812317286162,46300.1921049941,0.659230635436799,0.000856697957439088,0.331911127852723,0
"DTXSID3020205",312.37,0.00050671674282333,0.00976313235729988,15040.8208332411,0.801059541568198,0.000462005510144324,0.672858825399322,0
"DTXSID7021360",92.14,950.307767256069,3.6704146652663,399.689745193737,0.439972694581612,0.000699857970810586,0.852514310175607,0
"DTXSID8020462",106.12,0.440470093148866,7246.47817806591,0.127773966731364,1.88894297546048,0.000691170602660634,0.40517711697255,0
"DTXSID8020913",128.18,10.3077689330039,0.157933820336705,1834.29701136451,1.97683811694455,0.000847958782930525,1.29957593132445,0
