"dtxsid","molwt","vapor","solub","kow","decay.air","decay.sur","diffus.air","conc.out"
"DTXSID2021781",278.35,0.00557133107582122,0.0464078835948477,49203.6727984831,0.936694312003213,0.000663436192720437,0.484751079107633,0
"DTXSID3020205",312.37,0.000479204560363534,0.00766857285027242,23739.3789761034,0.950679386727943,0.000961188543540115,0.452210788449568,0
"DTXSID7021360",92.14,2229.87422956301,5.55632699171158,296.515567766329,0.452197023478283,0.000645383924938545,0.77380053115264,0
"DTXSID8020462",106.12,2.20145357712924,11872.4829041771,0.223925615266201,1.58784249453461,0.00109116241283257,0.631382521378246,0
"DTXSID8020913",128.18,9.96538933831881,0.126314295498034,3211.69686656314,1.1853334335068,0.000774369719647544,0.680474139817371,0
