"dtxsid","molwt","vapor","solub","kow","decay.air","decay.sur","diffus.air","conc.out"
"DTXSID2021781",278.35,0.00264372183593671,0.0324227416080001,26355.8027002819,0.342086082800359,0.00119788257916457,0.645424492037146,0
"DTXSID3020205",312.37,0.00132847395961036,0.00766900553507473,21146.6789203049,0.859491499277796,0.00104685240037735,0.425530012692936,0
"DTXSID7021360",92.14,2273.12920652135,5.4402166435237,369.212076385337,0.298967621539974,0.000905837892578858,0.822838852581822,0
"DTXSID8020462",106.12,1.54872784479313,6844.26044083107,0.0901060053511706,1.9151976243223,0.00166442002880751,0.700619374784005,0
"DTXSID8020913",128.18,23.6915414846144,0.1095243800125,3388.59587943666,1.71802111274111,0.00132166021514354,0.563551272757309,0
