"dtxsid","molwt","vapor","solub","kow","decay.air","decay.sur","diffus.air","conc.out"
"DTXSID2021781",278.35,0.00458981646678934,0.0516952977821844,25809.6765582494,0.406272331990372,0.000954725345334759,0.753185416744429,0
"DTXSID3020205",312.37,0.00117863385671503,0.011285550167596,15518.3980918954,0.855924255780008,0.000801065679657565,0.470323502305729,0
"DTXSID7021360",92.14,3594.77469587026,5.48755275335881,517.438941458296,0.262786669592915,0.00133132242264396,0.665366740478545,0
"DTXSID8020462",106.12,1.24325252644805,5805.76650527701,0.0953172631234848,1.33785975482393,0.00128948388543753,0.797672451901483,0
"DTXSID8020913",128.18,2.15151164358865,0.222343949078299,2603.27236227496,2.01692046088194,0.000713285260514224,0.713916489482156,0
