"dtxsid","molwt","vapor","solub","kow","decay.air","decay.sur","diffus.air","conc.out"
"DTXSID2021781",278.35,0.00246702702491262,0.0382015105966219,29901.3147849362,0.214642145394769,0.000975064798374297,0.386371553085924,0
"DTXSID3020205",312.37,0.00187804030485525,0.00769758026026372,16083.6752319569,1.29142932864605,0.00117838318216995,0.553125367708653,0
"DTXSID7021360",92.14,1397.7306517448,3.92715585994527,742.340484456758,0.586566161373963,0.000926017081590786,1.21310862683141,0
"DTXSID8020462",106.12,1.21051724974747,9477.72934719124,0.108574958572916,2.08934735989951,0.00281173561156628,0.481095597470473,0
"DTXSID8020913",128.18,11.3989088770771,0.131587066840796,2607.51185041212,2.24957757580318,0.00133549781122893,0.859708785394773,0
