"dtxsid","molwt","vapor","solub","kow","decay.air","decay.sur","diffus.air","conc.out"
"DTXSID2021781",278.35,0.0083614045427204,0.0308349656075816,16251.3139621828,0.61735527456895,0.00079424354326934,0.470539122731708,0
"DTXSID3020205",312.37,0.000411254066507625,0.00837002019229871,14444.8529184287,0.749550782528766,0.000707744636363623,0.648056966316178,0
"DTXSID7021360",92.14,2200.65420167835,3.79839426252419,422.509144515122,0.411264202965757,0.00134451249452161,0.747231758562657,0
"DTXSID8020462",106.12,1.14415614106005,7912.17905341543,0.096780165520185,2.53869825705009,0.00100659489460244,1.52016746374076,0
"DTXSID8020913",128.18,20.0455837644041,0.145801080810673,3392.96942741345,1.5308146968386,0.000560769198987307,0.653797736823412,0
