"dtxsid","molwt","vapor","solub","kow","decay.air","decay.sur","diffus.air","conc.out"
"DTXSID2021781",278.35,0.00191213339338512,0.0269527169410313,11783.8524274691,0.465643825632827,0.000942087745014441,0.526026905781896,0
"DTXSID3020205",312.37,0.000767075822621584,0.00751899457137955,35236.6449591596,0.5896653291144,0.00118793005165712,0.510081336084741,0
"DTXSID7021360",92.14,817.794374738658,2.44340544571896,449.336976711475,0.33612208692325,0.00154892762226534,0.430670769297091,0
"DTXSID8020462",106.12,0.704501854154127,10521.1765154618,0.0797344249430996,1.33089072936161,0.00144110777886979,0.688714618376203,0
"DTXSID8020913",128.18,8.81169331092877,0.205137464505084,2089.01281358895,2.82182360833016,0.000397847161368949,0.757651701215647,0
