"dtxsid","molwt","vapor","solub","kow","decay.air","decay.sur","diffus.air","conc.out"
"DTXSID2021781",278.35,0.00305823479897798,0.0419019552659428,42873.9055081735,0.824118508752601,0.000725614535098775,0.344130318057739,0
"DTXSID3020205",312.37,0.000476599654851082,0.00781466240282454,40512.3582743029,0.640436050986568,0.00119749819508334,0.557899391299842,0
"DTXSID7021360",92.14,1972.76346363854,2.74026942300482,364.784911943725,1.24680941921252,0.000633414194282181,0.982419165627697,0
"DTXSID8020462",106.12,0.414155198234347,10095.8866841414,0.0862131331596885,2.92063462137484,0.00146084830513873,0.513541493398615,0
"DTXSID8020913",128.18,5.43359652340666,0.127845520304192,3059.23423437242,1.70551439267262,0.000792781141171728,0.678883390908966,0
