"dtxsid","molwt","vapor","solub","kow","decay.air","decay.sur","diffus.air","conc.out"
"DTXSID2021781",278.35,0.00211730360047799,0.043659740816543,61572.118648323,0.44222224607219,0.000964199809275037,0.684362060609974,0
"DTXSID3020205",312.37,0.00101164714102375,0.0122118971387867,21362.5809678317,0.42036044521785,0.000942097315608235,0.804118005107332,0
"DTXSID7021360",92.14,1018.52626353772,5.6469643032467,302.198426143424,0.796845922406636,0.000707832940936658,0.663027765337723,0
"DTXSID8020462",106.12,0.867599812972802,12149.266984929,0.117098827001344,3.26917029105934,0.000439938981477324,0.777405708251114,0
"DTXSID8020913",128.18,19.8489397550563,0.0874122624525306,2152.12481803612,1.57550344189769,0.00136200149781375,0.74935726708271,0
