"dtxsid","molwt","vapor","solub","kow","decay.air","decay.sur","diffus.air","conc.out"
"DTXSID2021781",278.35,0.00729353487701017,0.0462456207534733,22614.1837671595,0.306402460751647,0.00152649886137577,0.751483337076645,0
"DTXSID3020205",312.37,0.000563824626595639,0.0116375629001767,20377.375173223,0.545931761028892,0.00103941208787461,0.598895501651881,0
"DTXSID7021360",92.14,7360.60879290802,3.85099827670095,385.030414354213,0.368707046643185,0.000557185458815488,0.810010215098937,0
"DTXSID8020462",106.12,0.761276214826665,10575.9325806527,0.103752251893163,1.53308054144769,0.00074663134527618,0.969296529281898,0
"DTXSID8020913",128.18,8.14711822658743,0.181579567399679,1096.03466154384,2.79256170605208,0.00135327284688416,1.18344428830959,0
