"dtxsid","molwt","vapor","solub","kow","decay.air","decay.sur","diffus.air","conc.out"
"DTXSID2021781",278.35,0.00277740176497093,0.063282751585261,59381.4508346991,0.323151510712758,0.000911256831819579,0.56714714125412,0
"DTXSID3020205",312.37,0.00112080775387054,0.00743316069593623,14613.5011934026,0.96880790120511,0.000421925686675532,0.471740645608913,0
"DTXSID7021360",92.14,5218.24093067511,4.43680087830628,840.63582616762,0.378628414692563,0.000703980580766786,0.918421329787702,0
"DTXSID8020462",106.12,0.429360703705499,5985.55147130143,0.0599101310239501,2.3194589766688,0.00152786460595117,0.723411125030166,0
"DTXSID8020913",128.18,9.77668088546426,0.126358106985852,2333.95322933242,1.29869359581918,0.000462982834515491,0.820489990021047,0
