"dtxsid","molwt","vapor","solub","kow","decay.air","decay.sur","diffus.air","conc.out"
"DTXSID2021781",278.35,0.00173106522425983,0.0454981863577798,12007.2326230138,0.887252779704335,0.000504848059342013,0.558903743971922,0
"DTXSID3020205",312.37,0.000361409475573263,0.00790007792203295,12246.1200854184,0.843014809137522,0.00187171709026774,0.502918500598826,0
"DTXSID7021360",92.14,3736.98141937199,5.69807483191976,766.07445401495,0.378362976215839,0.000687970894617742,0.879116153940249,0
"DTXSID8020462",106.12,1.07252357418963,13814.9366199175,0.0384097379221688,0.92168685125648,0.000655837299122076,0.736272210330604,0
"DTXSID8020913",128.18,13.6992119496459,0.135837183836421,1482.6970327765,2.57320699754914,0.000891305023274669,0.762011916486406,0
