"dtxsid","molwt","vapor","solub","kow","decay.air","decay.sur","diffus.air","conc.out"
"DTXSID2021781",278.35,0.00426916382057497,0.0446730328336864,36874.3962472524,0.933262397835221,0.000827420906348664,0.536556205775445,0
"DTXSID3020205",312.37,0.000555112073331114,0.00854047040136672,28710.2091518425,0.599295071702074,0.00102781428748011,0.501545957858577,0
"DTXSID7021360",92.14,2584.02013428163,6.69939353305393,569.195405970502,0.541607281322408,0.00166198947505386,0.914699547640868,0
"DTXSID8020462",106.12,0.457723617607058,7161.69245707731,0.153171909684053,1.11663346363129,0.000572434909239241,0.847805797033019,0
"DTXSID8020913",128.18,1.60111087776963,0.200643057835853,1393.19342571003,1.45040671445169,0.000952639706937507,0.866468456596752,0
