"dtxsid","molwt","vapor","solub","kow","decay.air","decay.sur","diffus.air","conc.out"
"DTXSID2021781",278.35,0.0070269217277455,0.0569796302266464,44882.617225216,0.489509214732754,0.000537088159335922,0.530470532180759,0
"DTXSID3020205",312.37,0.000325656327503528,0.00857886264110883,26602.5887861347,0.758749519973327,0.000558367969768331,0.529356535297539,0
"DTXSID7021360",92.14,3997.73183683013,7.17098400135595,521.263976244325,0.547278946490996,0.000753364958242137,0.79112924390566,0
"DTXSID8020462",106.12,4.08175109843401,7483.18602698025,0.0954622941719012,1.08954131130447,0.000934876607780915,0.683179942459937,0
"DTXSID8020913",128.18,7.29575001983458,0.176349725820282,2593.90457580363,1.40377913231429,0.00110953265812397,0.648292851006737,0
