"dtxsid","molwt","vapor","solub","kow","decay.air","decay.sur","diffus.air","conc.out"
"DTXSID2021781",278.35,0.00311704257450249,0.0451019929282924,42724.5322163257,0.576822568532744,0.000884890757346066,0.640429340843767,0
"DTXSID3020205",312.37,0.000536203808072341,0.0091711225360353,10046.1920285874,0.70692405897201,0.000923421527769147,0.4571340119724,0
"DTXSID7021360",92.14,2464.494992076,6.86489338766932,253.194933990764,0.391482351345505,0.000960053795218141,0.740865855248427,0
"DTXSID8020462",106.12,0.59713064865477,7592.87373715165,0.0719250942826892,1.63614040373624,0.00080481582591599,0.555850182596478,0
"DTXSID8020913",128.18,3.19945697539919,0.0990054196101494,2757.96431812948,0.929039470307064,0.000840363261343065,0.979492898428984,0
