"dtxsid","molwt","vapor","solub","kow","decay.air","decay.sur","diffus.air","conc.out"
"DTXSID2021781",278.35,0.00336261316049463,0.0382443511292767,48000.8438786306,1.1220930723065,0.000850004061245343,0.761178955580273,0
"DTXSID3020205",312.37,0.000339094784534457,0.013092319398007,9674.95438211272,1.03968448151378,0.000955215072875046,0.384788105626788,0
"DTXSID7021360",92.14,2897.72008751026,4.23110935421324,558.700814212249,0.479698740349696,0.000669568194209216,0.946831354437793,0
"DTXSID8020462",106.12,0.40207852535186,6758.05056011051,0.162447130005152,1.23698848703789,0.000917773962624352,0.946129758567441,0
"DTXSID8020913",128.18,1.24287988056939,0.149384993176489,1521.0030449559,0.931928078182247,0.000624092114997992,0.696899833349746,0
