"dtxsid","molwt","vapor","solub","kow","decay.air","decay.sur","diffus.air","conc.out"
"DTXSID2021781",278.35,0.00702138120469322,0.0465462501318244,26911.6908162809,1.30188877237384,0.000699028447620303,0.560312867782821,0
"DTXSID3020205",312.37,0.000222544169481806,0.00754262015001825,31979.5070725714,0.527341018280512,0.00117014688983461,0.784133673525816,0
"DTXSID7021360",92.14,3225.89866725083,4.55250388393813,192.560103659491,0.377820429894679,0.000880355991389093,1.05443906069404,0
"DTXSID8020462",106.12,1.25468245592052,8042.20081515935,0.0856849957301091,1.68782895333891,0.00129376354179107,0.686071500896926,0
"DTXSID8020913",128.18,16.0012151306254,0.19210854717216,1329.26370150612,1.41932836360323,0.000963244544661175,0.459150457544203,0
