"dtxsid","molwt","vapor","solub","kow","decay.air","decay.sur","diffus.air","conc.out"
"DTXSID2021781",278.35,0.00550861735276442,0.0373092973757393,57531.2300804104,0.521363251530948,0.00053134274254472,0.595524752382685,0
"DTXSID3020205",312.37,0.000689301151834736,0.0103829358818835,9787.08666182083,0.69640485593748,0.00127757878370373,0.439113354409134,0
"DTXSID7021360",92.14,6029.68065228315,5.39186186961415,478.142075630298,0.419398467005943,0.00153922777050751,0.812781317205873,0
"DTXSID8020462",106.12,1.00911223905839,7230.43761287174,0.105783116792311,1.34502557988093,0.000980718659001563,0.569109933667565,0
"DTXSID8020913",128.18,6.34102205628161,0.1377450949338,3573.32143008929,1.05881215153141,0.00111991037644394,0.602492086339811,0
