"dtxsid","molwt","vapor","solub","kow","decay.air","decay.sur","diffus.air","conc.out"
"DTXSID2021781",278.35,0.00130463707106009,0.0304460902730351,28034.7216291426,0.507395603450456,0.00106035995552374,0.453152759007934,0
"DTXSID3020205",312.37,0.000427324814770911,0.00759844310457758,15990.9348431454,1.15349993751707,0.00263643856332449,0.497770343826925,0
"DTXSID7021360",92.14,5683.04297716907,5.40298513998521,386.875278175334,0.356537484840325,0.00126301005913105,1.08425746984379,0
"DTXSID8020462",106.12,0.242172908583016,12522.6258822162,0.0677767151682261,1.41933936596846,0.00123973441194941,0.778698333258344,0
"DTXSID8020913",128.18,13.843674853018,0.205116793889285,1728.39182979633,1.14335874844058,0.000929046770389525,0.686215690289911,0
