"dtxsid","molwt","vapor","solub","kow","decay.air","decay.sur","diffus.air","conc.out"
"DTXSID2021781",278.35,0.00297101138461893,0.0418870324641614,24434.7738116846,0.96481106880615,0.00145010478133693,0.818556033361994,0
"DTXSID3020205",312.37,0.000786978337630115,0.0122604268053418,14347.0437648608,0.65753814671975,0.00107726495791171,0.470508324176598,0
"DTXSID7021360",92.14,1524.10985465771,4.38460173793622,316.074801106894,0.759683751767697,0.00115026968752971,0.695825632945206,0
"DTXSID8020462",106.12,0.616011890113113,9204.66928357812,0.0565606481129947,2.17565586849222,0.00144587784501352,0.645524373047696,0
"DTXSID8020913",128.18,1.48695422628095,0.184157478872294,1463.86859882928,1.5126282934581,0.0016124981472811,0.737900483492519,0
