"dtxsid","molwt","vapor","solub","kow","decay.air","decay.sur","diffus.air","conc.out"
"DTXSID2021781",278.35,0.00654713697231252,0.0341312165630455,23836.1123656421,0.948855666527445,0.000908700986439913,0.93227652391172,0
"DTXSID3020205",312.37,0.000245511231013631,0.00852145158168247,17273.8890010335,0.711727934757738,0.00147536253712573,0.643666607064849,0
"DTXSID7021360",92.14,838.216207500251,2.87773601966684,410.314840278689,0.237778190367901,0.00184911825647207,1.1173578271012,0
"DTXSID8020462",106.12,0.523382904911559,5059.79603797884,0.0892512628350566,2.65447038752,0.00056728058160798,1.22667080713149,0
"DTXSID8020913",128.18,4.77918070854312,0.301546610503399,2890.18656566803,0.87259950193965,0.000695269947223148,0.859550258813463,0
