"dtxsid","molwt","vapor","solub","kow","decay.air","decay.sur","diffus.air","conc.out"
"DTXSID2021781",278.35,0.00138347439758652,0.0425322322156931,38515.4662134398,0.636954370360982,0.00205754990320973,0.780203317032819,0
"DTXSID3020205",312.37,0.000407571657440419,0.00864065800121042,26789.7842805141,0.477764061066711,0.000756459373320358,0.654339432842959,0
"DTXSID7021360",92.14,2223.57533653363,3.501291588135,225.464523041498,0.514459063479414,0.000899629482714901,0.767712393153778,0
"DTXSID8020462",106.12,0.799227011873418,5249.72263254252,0.0518247788406214,2.16530686306559,0.00139491374010678,0.596111667578607,0
"DTXSID8020913",128.18,13.8217826089713,0.163577159489714,1672.95320295921,1.15598182182104,0.0019161067870283,0.903362040863987,0
