"dtxsid","molwt","vapor","solub","kow","decay.air","decay.sur","diffus.air","conc.out"
"DTXSID2021781",278.35,0.0049598227398682,0.041393936135514,28150.779035844,0.818826929475382,0.00077913706145579,0.377614524006418,0
"DTXSID3020205",312.37,0.000313601183883551,0.00859720976051433,20757.3439590204,0.683462511467834,0.00102872127976466,0.716839473184232,0
"DTXSID7021360",92.14,1915.15510961803,4.06536143224789,325.583371192387,0.244133763505551,0.000930659937911704,1.08016111319492,0
"DTXSID8020462",106.12,1.13264557527949,8737.40648970573,0.0741001276091513,1.79291572963642,0.001943968499829,0.728907870692081,0
"DTXSID8020913",128.18,6.3995673789347,0.124086293128211,2462.59685333173,1.20549836649779,0.00152567946604317,0.76244688740149,0
