"dtxsid","molwt","vapor","solub","kow","decay.air","decay.sur","diffus.air","conc.out"
"DTXSID2021781",278.35,0.00130994015807427,0.0606507229332864,42600.2809923624,0.667682780566176,0.00106742519400112,0.512528622348295,0
"DTXSID3020205",312.37,0.00035103522030671,0.0071058463475185,18008.0044822525,0.761979979507742,0.000923402626047661,0.851968596269767,0
"DTXSID7021360",92.14,1271.70976876369,6.24886725637089,581.708309862382,0.393249252684163,0.000500336264989657,0.652382871350735,0
"DTXSID8020462",106.12,0.469392323468779,10535.9551132969,0.0742620071094843,1.51868727170076,0.000964518169594348,0.603519915614853,0
"DTXSID8020913",128.18,20.2179837597058,0.0812610505310767,1106.48561184381,1.94009637703115,0.000575101843367629,1.02058191388814,0
