"dtxsid","molwt","vapor","solub","kow","decay.air","decay.sur","diffus.air","conc.out"
"DTXSID2021781",278.35,0.00502821183553251,0.0195320373142336,25050.4138427851,0.71790987809324,0.000950988066379996,0.71173558967121,0
"DTXSID3020205",312.37,0.000779279227474143,0.00905097965090656,56195.6775964381,0.46911932658125,0.00140993910386807,0.4994137762919,0
"DTXSID7021360",92.14,3627.41878389749,6.84281675042351,518.206500192553,0.440347302028096,0.000717090408459868,1.51087247348899,0
"DTXSID8020462",106.12,0.809036817270788,7390.26627469215,0.0748845921338878,1.16751535912325,0.00112246093661677,0.809472063392694,0
"DTXSID8020913",128.18,7.34018430416961,0.177467075457557,1502.87893764603,1.61167866042572,0.000421765873306952,0.537705358511899,0
