"dtxsid","molwt","vapor","solub","kow","decay.air","decay.sur","diffus.air","conc.out"
"DTXSID2021781",278.35,0.0038243338117582,0.0420828110773875,27723.2746816289,0.434280910008644,0.000630868833545134,0.513624518054628,0
"DTXSID3020205",312.37,0.00110543925438479,0.011710186171773,19336.3832522815,0.465457362189895,0.00127764030394177,0.682232165980005,0
"DTXSID7021360",92.14,3411.97290867549,4.58110717494669,448.051546091231,0.215528758232973,0.00160082056872858,0.93618880554599,0
"DTXSID8020462",106.12,1.38054863532558,8796.01613536748,0.0955584444273121,0.994324785985731,0.000550258360519618,0.787277527156847,0
"DTXSID8020913",128.18,9.00246232474858,0.165876154324776,3037.54487238809,1.50862355475889,0.000731438798098321,0.985265065424617,0
