"dtxsid","molwt","vapor","solub","kow","decay.air","decay.sur","diffus.air","conc.out"
"DTXSID2021781",278.35,0.00249774577262485,0.0399141803538468,29198.9363787217,0.509238507048502,0.000933635962492755,0.601447609105315,0
"DTXSID3020205",312.37,0.000163838599683055,0.0148290609806256,21923.6987089078,0.534003866243389,0.00054807000950509,0.592961876252631,0
"DTXSID7021360",92.14,7138.11309756724,4.18653800412258,462.967340395193,0.242750758097344,0.00166410645333561,1.05124772104224,0
"DTXSID8020462",106.12,0.877332526401585,8407.93594729057,0.108348832540082,3.22823335405871,0.00110791355559963,0.962710767665022,0
"DTXSID8020913",128.18,5.34029599267929,0.196296928950295,4128.83910614616,2.14410737202689,0.000927333636919247,1.07503536022327,0
