"dtxsid","molwt","vapor","solub","kow","decay.air","decay.sur","diffus.air","conc.out"
"DTXSID2021781",278.35,0.00450329110638053,0.0403964924739016,26872.7027025504,0.349356345363518,0.00109438945084653,0.602331049144986,0
"DTXSID3020205",312.37,0.0012285424399028,0.0137202639296886,31957.7415683434,0.718743407505811,0.00057994468538089,0.594563365184997,0
"DTXSID7021360",92.14,5742.06205940647,7.28279715802347,349.874765503013,0.672916175805429,0.000904602086210923,0.546143736617766,0
"DTXSID8020462",106.12,8.81555139270702,6349.00152486343,0.126787772270275,1.5137520419417,0.00118020062050318,0.711017012995024,0
"DTXSID8020913",128.18,19.8044586586232,0.137900026767863,2094.17199573183,1.30845536024467,0.00216282620712197,0.701279002087831,0
