"dtxsid","molwt","vapor","solub","kow","decay.air","decay.sur","diffus.air","conc.out"
"DTXSID2021781",278.35,0.00344276851807596,0.0277062535871851,13423.4964130631,0.491010665117752,0.000832228746406702,0.705630647113253,0
"DTXSID3020205",312.37,0.000628786860708608,0.00736673580693952,15006.6639364646,0.591335325914018,0.000852600108693132,0.330629653681595,0
"DTXSID7021360",92.14,7005.25515359518,3.88417826546193,255.666659205941,0.321785785929804,0.00129320316445875,0.856476686512108,0
"DTXSID8020462",106.12,1.79040420117181,13128.9231624775,0.0675480534581908,0.771546143483572,0.00141899352466573,0.890992525836576,0
"DTXSID8020913",128.18,20.6174276842184,0.0641735029282828,2430.80402216483,0.759172230566461,0.000706637019399567,0.579892947546768,0
