"dtxsid","molwt","vapor","solub","kow","decay.air","decay.sur","diffus.air","conc.out"
"DTXSID2021781",278.35,0.00192920897952245,0.0463616454448594,31598.0789119018,0.570370758009141,0.000863912947211843,0.657944874611416,0
"DTXSID3020205",312.37,0.000382817719748328,0.00784183957627703,13644.8952847648,0.669555361602713,0.000636490424830986,0.578861823084697,0
"DTXSID7021360",92.14,3009.7108018668,3.85386945357267,288.784089198101,0.355138651702693,0.000623607080410895,0.925612615311616,0
"DTXSID8020462",106.12,0.830552082018499,4976.82242709842,0.124138123578375,2.5756238023433,0.00096796171654919,1.22939571120282,0
"DTXSID8020913",128.18,3.6008513956904,0.138057419305452,2389.75413035476,1.14639421838501,0.000957629587736958,0.727880535750036,0
