"dtxsid","molwt","vapor","solub","kow","decay.air","decay.sur","diffus.air","conc.out"
"DTXSID2021781",278.35,0.00143465825726219,0.0468586060727264,24122.4368551828,0.401837097015771,0.000714661346804778,0.406112816669085,0
"DTXSID3020205",312.37,0.000509874383194671,0.0107779719188949,22834.3776230074,1.4412546312699,0.00174424207289995,0.479592546279027,0
"DTXSID7021360",92.14,10001.074890774,6.03941494378514,1121.76509434248,0.511203808643211,0.00163113297494823,0.763994953584969,0
"DTXSID8020462",106.12,0.482742224712639,9517.4251820632,0.069774917423091,2.07977140574182,0.00158884328279107,0.703824458413521,0
"DTXSID8020913",128.18,13.8010122418808,0.152261717266682,2964.6308903958,1.61445056768396,0.00150805525771064,0.759897512937687,0
