"dtxsid","molwt","vapor","solub","kow","decay.air","decay.sur","diffus.air","conc.out"
"DTXSID2021781",278.35,0.0029308668156829,0.0497091867128933,33271.3088270149,1.13468419222383,0.00106021934627519,0.478819292035078,0
"DTXSID3020205",312.37,0.00048421417149487,0.010370217626444,33027.533989805,1.3319451864658,0.00123658051016565,0.488679743061262,0
"DTXSID7021360",92.14,4543.27011933023,4.77119608465615,799.495624891976,0.707277982296466,0.000764843651634758,0.935117162075866,0
"DTXSID8020462",106.12,1.0461745923185,5170.30583708749,0.0643594897864556,2.27552409133471,0.00103475115874286,0.851092067249267,0
"DTXSID8020913",128.18,11.7052575832823,0.178826124877623,2657.50971928306,1.92051670410348,0.000577806057497674,1.18834340027348,0
