"dtxsid","molwt","vapor","solub","kow","decay.air","decay.sur","diffus.air","conc.out"
"DTXSID2021781",278.35,0.00642020977197427,0.0333989189124408,21586.9272785977,0.739329972352584,0.00171614986586562,0.751927909514003,0
"DTXSID3020205",312.37,0.000140491316998638,0.00867465048013096,20751.0730323942,0.614994343247761,0.000492719044001439,0.525540365819031,0
"DTXSID7021360",92.14,1577.46499655415,4.02780108234607,576.304636011865,0.148357081386097,0.000664068319386482,0.753970459014624,0
"DTXSID8020462",106.12,0.602860336884625,6707.94467148944,0.052438886925098,2.12532327066658,0.000704646969971711,0.518131054176712,0
"DTXSID8020913",128.18,6.74512950319483,0.119459702048594,2318.97935383612,0.917759576193381,0.00081774064629573,0.882086131350216,0
