"dtxsid","molwt","vapor","solub","kow","decay.air","decay.sur","diffus.air","conc.out"
"DTXSID2021781",278.35,0.00261809578290405,0.032512042345648,35475.324411733,0.379518573122829,0.00110881762978583,0.612056439148332,0
"DTXSID3020205",312.37,0.00089675765858846,0.0129545479917125,27506.79038496,0.720620600281043,0.00124089501684539,0.474737743592535,0
"DTXSID7021360",92.14,7140.97833795509,4.50797019877626,254.454381155956,0.624159265349172,0.00115577653401142,1.14212721826146,0
"DTXSID8020462",106.12,0.472024166290953,6509.01601544262,0.0638377760753435,1.81854055868857,0.00132159028535649,0.821999725597003,0
"DTXSID8020913",128.18,8.71938643876885,0.172033424828547,2206.52727966205,2.03727738484547,0.00122394021785748,0.487321075806443,0
