"dtxsid","molwt","vapor","solub","kow","decay.air","decay.sur","diffus.air","conc.out"
"DTXSID2021781",278.35,0.0016005382079626,0.0515752598081845,28782.3245283083,0.908234564559057,0.000660649973831521,0.482557474466781,0
"DTXSID3020205",312.37,0.000729462021114888,0.00873108911007122,15642.9168333487,0.432982544678925,0.00138849667097148,0.67460628379733,0
"DTXSID7021360",92.14,4036.1110999379,4.97099840130365,315.71407545203,0.337180846386974,0.00046218832369089,0.836944887027898,0
"DTXSID8020462",106.12,0.355967650259545,6673.10938201432,0.0488225762657226,2.60548877980503,0.000905643592165118,0.668762686673922,0
"DTXSID8020913",128.18,5.43764364088409,0.165111414877662,4772.27446349161,1.86906584155212,0.0011577768844012,0.798474383616845,0
