"dtxsid","molwt","vapor","solub","kow","decay.air","decay.sur","diffus.air","conc.out"
"DTXSID2021781",278.35,0.00475987654719536,0.0254964669038432,16682.686802694,0.650233605025564,0.000610805687538222,0.735675817327851,0
"DTXSID3020205",312.37,0.000164318427989084,0.0128600053866416,22136.1434431482,0.40530660982921,0.00161479311417218,0.967486985714546,0
"DTXSID7021360",92.14,4712.64321032447,2.98390210112028,232.701399133427,0.420628424424719,0.000510208266837923,1.02992543749682,0
"DTXSID8020462",106.12,0.277118345729687,10197.8861621319,0.090176220823266,0.998025196720637,0.000692057646187448,0.805088422992511,0
"DTXSID8020913",128.18,11.9045263498163,0.152840541647917,1487.1716797498,2.44692275124081,0.00085452426387844,0.818334078439515,0
