"dtxsid","molwt","vapor","solub","kow","decay.air","decay.sur","diffus.air","conc.out"
"DTXSID2021781",278.35,0.00578650471031363,0.0347483512136622,27555.1118485024,0.38224383771121,0.000905133503555518,0.551048206205213,0
"DTXSID3020205",312.37,0.000649445004167786,0.0107885616957249,15060.0084598024,0.53941843494846,0.00128033217766599,0.33927475714756,0
"DTXSID7021360",92.14,1875.13797539438,5.4357467968011,686.471668196722,0.330948624961969,0.000401318605693343,0.50645539486267,0
"DTXSID8020462",106.12,0.135334060561545,10162.6623579631,0.107784691703454,1.4897865421835,0.000584434250236158,0.985849774785847,0
"DTXSID8020913",128.18,7.50860362275908,0.099733309672148,2664.00285987099,0.866900798155945,0.000879674250415844,0.742414476551556,0
