"dtxsid","molwt","vapor","solub","kow","decay.air","decay.sur","diffus.air","conc.out"
"DTXSID2021781",278.35,0.00174195972680052,0.0519607942334007,38326.3212272735,0.489695630643076,0.000639432306614423,0.623809415770598,0
"DTXSID3020205",312.37,0.000604114082636306,0.00826365572786123,24605.4699702839,0.518823538623051,0.00217683376151139,0.695232162359732,0
"DTXSID7021360",92.14,3739.88853055874,5.14420568778017,606.116596174089,0.23902165576983,0.0011248175046988,1.28595690084643,0
"DTXSID8020462",106.12,2.49065310161236,6505.93072097358,0.118920784585189,1.30835586589331,0.000900264227619756,0.612409857126881,0
"DTXSID8020913",128.18,4.34735282156749,0.152338135371391,3448.01828610509,0.585084959533595,0.0004903744697133,0.575930687567546,0
