"dtxsid","molwt","vapor","solub","kow","decay.air","decay.sur","diffus.air","conc.out"
"DTXSID2021781",278.35,0.0139069525336233,0.0563066645939762,72075.1729824867,0.712728103154431,0.000940862376122345,0.482335529464585,0
"DTXSID3020205",312.37,0.000325648680976371,0.0091399128271605,26196.4106345437,0.715623778463509,0.00108681460741586,0.5845366694023,0
"DTXSID7021360",92.14,2218.56450766697,8.82250857669109,448.426686877316,0.324569641440324,0.00118466656922859,1.21343291189618,0
"DTXSID8020462",106.12,0.836880899095037,8547.30836293154,0.0680128240300469,1.48547316800867,0.00147122840579292,0.658151593285324,0
"DTXSID8020913",128.18,12.7175635310717,0.100704420723494,1356.90975607417,0.85856816988534,0.00172300666004564,0.730933446684318,0
