"dtxsid","molwt","vapor","solub","kow","decay.air","decay.sur","diffus.air","conc.out"
"DTXSID2021781",278.35,0.00163590490998431,0.038200881268371,16750.2815051197,0.667406785339221,0.000655952962460611,0.838684071940007,0
"DTXSID3020205",312.37,0.00068163368692727,0.00995723630294397,21896.9935544429,0.557798979011943,0.000963358461368811,0.696706310516019,0
"DTXSID7021360",92.14,2961.14569024637,4.87129018883181,436.060878415049,0.710247089938767,0.000797697345913757,0.770588795388557,0
"DTXSID8020462",106.12,1.99425352238704,5445.2616232218,0.0439726737249634,1.03297655027363,0.00108002084515544,0.696368299543533,0
"DTXSID8020913",128.18,5.14642611864859,0.0996295999133788,2542.63099057346,1.72356136399174,0.000902923163714064,0.885530105931961,0
