"dtxsid","molwt","vapor","solub","kow","decay.air","decay.sur","diffus.air","conc.out"
"DTXSID2021781",278.35,0.00262824313263478,0.0346628730382388,32203.2382314794,0.568296035637474,0.00137530673325114,0.384658035640397,0
"DTXSID3020205",312.37,0.000587779984890374,0.00669834589405114,25224.0816948305,0.348518326450196,0.00160678448564412,0.371670892727176,0
"DTXSID7021360",92.14,5256.67243103499,7.19700004193687,656.440030927348,0.442278322156847,0.000678698598338918,1.3224780637376,0
"DTXSID8020462",106.12,1.92325650716078,8707.23828078434,0.0431948848944227,1.38377506915299,0.000940863524734107,0.979506651329708,0
"DTXSID8020913",128.18,4.04050513641122,0.123023098954267,1777.42168129248,2.97418361712622,0.00128352218370701,0.925337903503514,0
