"dtxsid","molwt","vapor","solub","kow","decay.air","decay.sur","diffus.air","conc.out"
"DTXSID2021781",278.35,0.00680893319310902,0.0338471831011995,24640.511621795,0.486635583476243,0.000892931035752087,0.67518897081539,0
"DTXSID3020205",312.37,0.000585604638002717,0.0125499392989954,18136.862047232,0.62319146174469,0.0010624211186881,0.363436075189129,0
"DTXSID7021360",92.14,6180.9201115439,5.15979303589431,243.916060903781,0.359201892045785,0.000964794047123998,0.83377505601356,0
"DTXSID8020462",106.12,0.752558220234613,9472.94684165507,0.0591278717103064,1.07695586861894,0.00197036143863202,0.766445327723977,0
"DTXSID8020913",128.18,6.61306886362284,0.114890977786067,1983.80251633409,1.33411934560708,0.00154469223315064,0.556678956317269,0
