"dtxsid","molwt","vapor","solub","kow","decay.air","decay.sur","diffus.air","conc.out"
"DTXSID2021781",278.35,0.00456957764527182,0.0383821492085846,9938.8681519735,1.12146280366691,0.000893428923094705,0.324395357396787,0
"DTXSID3020205",312.37,0.00021143680013029,0.0106695399016968,21758.3852135834,1.44922711928488,0.0015288152161967,0.424318711616288,0
"DTXSID7021360",92.14,4003.62203197168,5.4480792521124,624.175082581574,0.883026334281262,0.00104127490533668,1.03605523438796,0
"DTXSID8020462",106.12,0.240071340883381,8407.11092504161,0.0737520691914568,2.43643568236554,0.00187179751450758,0.504377545373457,0
"DTXSID8020913",128.18,5.75910301442275,0.159799124662282,5142.01105406738,1.66941114971217,0.00113942851716791,0.748476569170833,0
