"dtxsid","molwt","vapor","solub","kow","decay.air","decay.sur","diffus.air","conc.out"
"DTXSID2021781",278.35,0.007644695470628,0.0267617816577653,26561.5396815104,0.40032072953369,0.00120552993343754,0.405107420053214,0
"DTXSID3020205",312.37,0.00135206808631026,0.0129557974668343,20459.2500615956,0.687265729716832,0.000883170576992478,0.526618256274885,0
"DTXSID7021360",92.14,1309.28299384386,7.35501825843391,532.574947480236,0.513884186549511,0.000838565328379553,0.889363534731334,0
"DTXSID8020462",106.12,0.327269042959188,9911.55734223463,0.138998271434001,1.17389967389829,0.000839929739375493,0.890330605086993,0
"DTXSID8020913",128.18,6.15288674803096,0.14705944669977,1341.1151892196,1.74144797049801,0.000795161882494367,0.388304345927269,0
