"dtxsid","molwt","vapor","solub","kow","decay.air","decay.sur","diffus.air","conc.out"
"DTXSID2021781",278.35,0.00348702369664538,0.030292235087271,53310.5793572125,0.957115987103777,0.00132221793478318,0.582156964692706,0
"DTXSID3020205",312.37,0.000803446899513409,0.0101527095377078,9991.4014361441,0.393906203836801,0.00177238028605637,0.550037887774683,0
"DTXSID7021360",92.14,1491.69071239756,5.28725871760996,418.657629623869,0.299818895883414,0.000959608174290803,0.871779789881402,0
"DTXSID8020462",106.12,0.519519627274069,7592.83692584856,0.0947401508786026,2.69431128796297,0.000834812488279089,1.01290905400896,0
"DTXSID8020913",128.18,3.17309999235985,0.175030160435538,3248.42483486523,1.70325081725709,0.00156872290090418,0.720104404303072,0
