"dtxsid","molwt","vapor","solub","kow","decay.air","decay.sur","diffus.air","conc.out"
"DTXSID2021781",278.35,0.00196219132741109,0.034806590654966,39881.9367098814,0.78772952708996,0.00128569447025324,0.680101676371556,0
"DTXSID3020205",312.37,0.000628592496868383,0.00985604609108031,18397.8296571895,0.411887256154363,0.00046748919649975,0.492744410314057,0
"DTXSID7021360",92.14,294.485377022172,6.35673108151996,238.506157226988,0.357661883470214,0.00100355845533785,1.15915016579302,0
"DTXSID8020462",106.12,0.52976483766541,4951.4314084139,0.110197295154586,2.56872641151309,0.00214654421316915,0.710412740262022,0
"DTXSID8020913",128.18,12.0150819470288,0.111320035256345,2259.48536807002,1.07747368234227,0.000943848815655788,1.14694380011021,0
