"dtxsid","molwt","vapor","solub","kow","decay.air","decay.sur","diffus.air","conc.out"
"DTXSID2021781",278.35,0.000791326002284043,0.0449485709886332,30939.4427206804,0.603903715985484,0.00215745899433352,0.603944239660105,0
"DTXSID3020205",312.37,0.000486880380928158,0.0144074340351727,40230.5186872348,0.303082730651085,0.000754826944034867,0.531230012461828,0
"DTXSID7021360",92.14,7612.24964416556,3.06364214611936,300.139636888568,0.398140315020631,0.00121198891448945,0.966682033573517,0
"DTXSID8020462",106.12,0.510773941709701,4130.76297978295,0.0992576804746342,2.81729388170169,0.00168612620220931,0.863510968617733,0
"DTXSID8020913",128.18,8.59210225625457,0.110249088605169,1591.32212499559,1.1004189070438,0.000845609096707729,0.853251413224666,0
