"dtxsid","molwt","vapor","solub","kow","decay.air","decay.sur","diffus.air","conc.out"
"DTXSID2021781",278.35,0.0020613693530102,0.0381209064469763,37041.7244348265,0.715466105685614,0.000563865001437932,0.441681005863364,0
"DTXSID3020205",312.37,0.0020705145073014,0.0139573433397974,19604.6714326256,0.783608226661287,0.00117025050019776,0.521475411929213,0
"DTXSID7021360",92.14,2550.15022235621,4.96569636616738,619.721982651092,0.389328685728105,0.00213054366160732,1.28245389564877,0
"DTXSID8020462",106.12,0.343373362559276,8288.79301053976,0.0952897546878115,4.65319773607655,0.00151060097448679,1.17158955645155,0
"DTXSID8020913",128.18,3.41431377731942,0.202984333748488,2273.73292955707,1.00582844985334,0.000672106834926248,0.819384899553387,0
