"dtxsid","molwt","vapor","solub","kow","decay.air","decay.sur","diffus.air","conc.out"
"DTXSID2021781",278.35,0.00465072421609792,0.0310468779914608,69942.8628926067,0.528364163311191,0.000845902321702114,0.605848883463371,0
"DTXSID3020205",312.37,0.00151161310551965,0.00535140430196689,40721.9212738235,0.761326333353161,0.00120314915348167,0.431012889508994,0
"DTXSID7021360",92.14,4103.80479111295,5.35552011149683,345.501061720603,0.503068218227089,0.00107770478441587,0.837470934963088,0
"DTXSID8020462",106.12,1.82098656382265,10635.7192805596,0.0661951928548547,1.59331178806114,0.00154569826549331,0.573983819901326,0
"DTXSID8020913",128.18,2.41401393041152,0.151818657433996,1873.17453909737,1.32064758000643,0.00132462694060231,0.635932632175676,0
