"dtxsid","molwt","vapor","solub","kow","decay.air","decay.sur","diffus.air","conc.out"
"DTXSID2021781",278.35,0.0038328169790206,0.0317587246958521,49236.4200966565,0.354446363581665,0.00115250200651226,0.552462557128193,0
"DTXSID3020205",312.37,0.000446314064545185,0.00602319390844793,58077.4593882505,0.525787232955096,0.0028782172547869,0.570971077771782,0
"DTXSID7021360",92.14,3129.09153305355,5.98945037890002,525.29576688285,0.329994710001461,0.00142254877557788,0.626654673584625,0
"DTXSID8020462",106.12,0.507821467282195,6356.25282050364,0.124457161598401,1.04876226368768,0.000722210248526259,0.633702556534461,0
"DTXSID8020913",128.18,2.53239464718939,0.209949620704466,6012.08110769624,1.04209911433353,0.000446269636945957,0.850887738856769,0
