"dtxsid","molwt","vapor","solub","kow","decay.air","decay.sur","diffus.air","conc.out"
"DTXSID2021781",278.35,0.00893778664675468,0.0292834268537141,24759.5961085113,1.19966620795365,0.000915376118164612,0.538492661706735,0
"DTXSID3020205",312.37,0.00022582981611835,0.00606423027909052,20193.1973257842,0.933654453354059,0.001239626390126,0.472671470057869,0
"DTXSID7021360",92.14,859.169940745815,5.17155107867776,503.367725713767,0.398421778256269,0.00139631306337972,0.847056161095823,0
"DTXSID8020462",106.12,0.41769305206162,7986.36733553057,0.138853285035992,1.53862037383803,0.00153511296352655,0.849301353619407,0
"DTXSID8020913",128.18,3.18818763575135,0.126660733434545,1486.74186590333,2.0938570310643,0.00193125630960546,0.734277865151908,0
