"dtxsid","molwt","vapor","solub","kow","decay.air","decay.sur","diffus.air","conc.out"
"DTXSID2021781",278.35,0.00233158483395303,0.0274464247452447,18512.8487182361,0.56877823062661,0.000529456235392855,0.53147236047498,0
"DTXSID3020205",312.37,0.000988006301523384,0.00973508821165128,35804.8523583856,1.08140383497553,0.000929700275262972,0.560228405736865,0
"DTXSID7021360",92.14,1738.34375395674,4.74360659086121,339.15467074855,0.291455033683862,0.00141804568890307,0.923888028528498,0
"DTXSID8020462",106.12,1.0449876772403,8198.44714159566,0.0520422247819533,1.39236132285868,0.00131024434557919,0.638932091293776,0
"DTXSID8020913",128.18,10.4322033299897,0.214620298741786,4870.54883847877,0.957022895469952,0.000626351389740794,0.898711117232541,0
