"dtxsid","molwt","vapor","solub","kow","decay.air","decay.sur","diffus.air","conc.out"
"DTXSID2021781",278.35,0.00338434835050058,0.0410564032650795,26305.0570585135,0.541429814386053,0.001248833407741,0.65243723924078,0
"DTXSID3020205",312.37,0.000247135205814462,0.00849035257708691,26269.7149213111,0.591275878836097,0.00117862852588777,0.350441254013661,0
"DTXSID7021360",92.14,8154.16282649014,3.39777016177853,1138.12060139868,0.288704757524888,0.00154081695373512,0.814515453532051,0
"DTXSID8020462",106.12,0.775352431853653,8883.16407216979,0.0737298094983967,5.51525216606993,0.0016738524761795,0.881693276644964,0
"DTXSID8020913",128.18,3.84097166588572,0.125665949831572,3409.39473956187,0.491647476726283,0.00059127311195064,0.534517521248616,0
