"dtxsid","molwt","vapor","solub","kow","decay.air","decay.sur","diffus.air","conc.out"
"DTXSID2021781",278.35,0.00330023833062797,0.0480468622048142,38058.0270305729,1.27632152967074,0.000958688295425015,0.572987471017253,0
"DTXSID3020205",312.37,0.000340196259318991,0.0074511127473646,22540.4357056815,0.886425370084054,0.00110238526632585,1.0265795568953,0
"DTXSID7021360",92.14,2141.24509046015,9.87967862667521,452.418045066936,0.360350746207737,0.000652040391898288,1.1415261467106,0
"DTXSID8020462",106.12,0.183458870309579,7507.09668417682,0.082132543932248,1.4178829543297,0.00132050668031431,0.997433665389917,0
"DTXSID8020913",128.18,3.99819678442488,0.166439511992294,2204.46728289161,1.28898311566048,0.000812519550584722,0.560757837174691,0
