"dtxsid","molwt","vapor","solub","kow","decay.air","decay.sur","diffus.air","conc.out"
"DTXSID2021781",278.35,0.0102191798817672,0.0303948115090003,24648.4478391236,0.463443860075283,0.00131010833557465,0.857004158401813,0
"DTXSID3020205",312.37,0.00128818395171371,0.00755165211636533,20255.9277468304,0.49634075633411,0.00095386136543001,0.600120736373165,0
"DTXSID7021360",92.14,1018.35238329176,7.29700551909005,311.628035952912,0.231622168846018,0.000940736724312025,0.655205944053114,0
"DTXSID8020462",106.12,3.08746753062206,7730.7689137794,0.0786690050262536,2.01918736485059,0.00188177174505078,0.588011576802605,0
"DTXSID8020913",128.18,10.335008372199,0.132439694742836,2899.77871658845,1.06685723641657,0.0018031273259994,0.670617730073765,0
