"dtxsid","molwt","vapor","solub","kow","decay.air","decay.sur","diffus.air","conc.out"
"DTXSID2021781",278.35,0.00544008788070997,0.035087397287957,26118.6179063512,1.00256916697569,0.0012639082483534,0.62700260237551,0
"DTXSID3020205",312.37,0.00229820126643542,0.014099412961213,19576.326752448,1.16459126461382,0.00147311101655668,0.633293415937089,0
"DTXSID7021360",92.14,5460.64109928153,4.30412386598805,751.742572292126,0.612607096167595,0.0010845148990227,0.889809453307349,0
"DTXSID8020462",106.12,0.166501007009584,6566.33524761664,0.0454453519148052,1.33361840084652,0.00116394688531317,0.902197050226741,0
"DTXSID8020913",128.18,3.80009807011664,0.164971474435237,1721.83329341809,0.865416514736076,0.000897579587211743,0.700820593593296,0
