"dtxsid","molwt","vapor","solub","kow","decay.air","decay.sur","diffus.air","conc.out"
"DTXSID2021781",278.35,0.00474476915735931,0.0282353628239015,29999.690523295,0.472420508930711,0.0005563508772141,0.572674276468457,0
"DTXSID3020205",312.37,0.00154393703267214,0.0148864886145211,30972.7782678209,0.552219686532141,0.00127364896482239,0.427492098153926,0
"DTXSID7021360",92.14,6299.38732599361,3.85714302817748,139.932914327373,0.291475106491773,0.000617403967035238,0.934115610432944,0
"DTXSID8020462",106.12,0.274220551296571,9997.73163451309,0.0737978565185004,4.22484885384256,0.000767210376286532,0.993273948953675,0
"DTXSID8020913",128.18,12.1167520145387,0.150566984802749,3366.09288108983,1.32045457215425,0.00116814452149291,0.841393893339815,0
