"dtxsid","molwt","vapor","solub","kow","decay.air","decay.sur","diffus.air","conc.out"
"DTXSID2021781",278.35,0.0102832509821247,0.0297768104487397,62796.4864174394,0.771890095473834,0.000732420716785195,0.642898901408454,0
"DTXSID3020205",312.37,0.000920451399622874,0.0100768063328047,10614.9442461528,2.35430472993664,0.000573529691040298,0.339094096266636,0
"DTXSID7021360",92.14,1832.87873822176,4.22391180758527,583.321982790806,0.299747644477729,0.0012065896226337,0.761009903652505,0
"DTXSID8020462",106.12,0.203645874266621,7562.06688217327,0.136623678410658,1.33270438033445,0.00175273821822048,0.679004398711294,0
"DTXSID8020913",128.18,3.95210580028842,0.175461353477213,744.194937952484,2.0165718287499,0.00101027010885674,1.08715552356407,0
