"dtxsid","molwt","vapor","solub","kow","decay.air","decay.sur","diffus.air","conc.out"
"DTXSID2021781",278.35,0.00535580523830099,0.0323946687684718,13062.6583850283,1.27998438169274,0.00038180210584991,0.464629322860336,0
"DTXSID3020205",312.37,0.000537751873277785,0.00926523513585669,23978.9723271551,0.424128036790528,0.000536723016225068,0.475894465445862,0
"DTXSID7021360",92.14,27354.2473605821,5.45932518788059,423.618200487731,0.285300424877955,0.00025471241164019,0.643933710154184,0
"DTXSID8020462",106.12,1.05036099183073,5901.65231957686,0.0546628698352004,2.09619199306014,0.000665258556049783,0.597188162321618,0
"DTXSID8020913",128.18,6.7772698001719,0.121030568642156,3341.40921692937,1.98397867638,0.000588266113332937,0.398379379011406,0
