"dtxsid","molwt","vapor","solub","kow","decay.air","decay.sur","diffus.air","conc.out"
"DTXSID2021781",278.35,0.00821111848743266,0.0233749479029742,65174.5859070223,0.59371025350095,0.000845300266329971,0.453780653039806,0
"DTXSID3020205",312.37,0.000316645624072287,0.00737716357648802,16752.1500605409,0.652019997883222,0.000552645344191521,0.433460647513582,0
"DTXSID7021360",92.14,1966.33441286306,3.41530930488321,488.27427377168,0.322187430091244,0.00114682728503084,0.820194631919828,0
"DTXSID8020462",106.12,0.836851490988741,6732.31068246512,0.0326206671797749,1.44007146218172,0.000687951917543612,0.870762379701574,0
"DTXSID8020913",128.18,9.31860327556721,0.130727085223433,2038.50270641447,2.86761269775629,0.00129581146119796,0.809356168536794,0
