"dtxsid","molwt","vapor","solub","kow","decay.air","decay.sur","diffus.air","conc.out"
"DTXSID2021781",278.35,0.00324048026157,0.0384289338816975,29494.7926386953,1.72149735132982,0.000747827470624334,0.368147145903114,0
"DTXSID3020205",312.37,0.000264145174118268,0.00796244133481732,26890.5083463793,0.725632045188827,0.000687240985721648,0.4683503407128,0
"DTXSID7021360",92.14,3705.37168574716,4.52222487912085,518.18723221196,0.178383803595562,0.000367572983226001,0.843608825025575,0
"DTXSID8020462",106.12,0.479295179774178,9945.71266595235,0.039135860951136,1.3239720761379,0.000963542249233502,0.671645283390749,0
"DTXSID8020913",128.18,6.00287882149081,0.139593019258647,2029.46006196436,1.00006666709631,0.000801683071614182,1.04822219175803,0
