"dtxsid","molwt","vapor","solub","kow","decay.air","decay.sur","diffus.air","conc.out"
"DTXSID2021781",278.35,0.00338616580217929,0.053132444315287,26271.7613083487,0.525367276743258,0.00080972242639112,0.471792027037848,0
"DTXSID3020205",312.37,0.000529119755671351,0.00857385540160399,21636.9161362612,1.34644364253249,0.00111055256044481,0.452023036079395,0
"DTXSID7021360",92.14,2186.4029673585,5.18768895813072,498.423855336333,0.390450788448828,0.00167323070190152,0.884487858122556,0
"DTXSID8020462",106.12,0.468854045070904,14617.664217846,0.14193214521781,3.80892300112294,0.000544637025669945,0.911234053795376,0
"DTXSID8020913",128.18,1.5431222801117,0.135100825214271,1556.91273602289,1.24703595937367,0.000867394291767513,0.936985770858844,0
