"dtxsid","molwt","vapor","solub","kow","decay.air","decay.sur","diffus.air","conc.out"
"DTXSID2021781",278.35,0.00290073865287146,0.0397431364901189,21910.2456871839,0.396604758934964,0.000726763765772474,0.412158275438698,0
"DTXSID3020205",312.37,0.000606774436759301,0.0125378467771858,11956.960189488,1.19411438661781,0.00229390854932635,0.609729573122695,0
"DTXSID7021360",92.14,6502.14506044788,5.29849809278674,341.679076292794,0.446642502858632,0.00047598600380043,0.802073802849216,0
"DTXSID8020462",106.12,2.3340034652809,6752.3885952272,0.0602008555535725,2.37069386952198,0.000896957896216534,0.746835258585572,0
"DTXSID8020913",128.18,9.02838490415994,0.140702859626554,1529.36927136878,0.641339749574522,0.000948516668717631,0.830284282463236,0
