"dtxsid","molwt","vapor","solub","kow","decay.air","decay.sur","diffus.air","conc.out"
"DTXSID2021781",278.35,0.00268779753735889,0.038095312585525,25195.9054979793,0.748190214742376,0.00116034854071692,1.02464076971689,0
"DTXSID3020205",312.37,0.00139135450337652,0.00887143118795695,14056.9016409227,0.61293494971541,0.000755227878857911,0.581787088811874,0
"DTXSID7021360",92.14,3750.0582202837,6.33066830100822,393.075453589767,1.04092543183453,0.000589327494715585,0.775440650791418,0
"DTXSID8020462",106.12,0.351915277375098,5834.84009035328,0.0689237102915644,0.694818053182201,0.000824905987579955,0.759719940577938,0
"DTXSID8020913",128.18,4.56984306228997,0.225516221964129,1762.43518025127,1.08909635695931,0.000678358689176947,0.870193763885524,0
