"dtxsid","molwt","vapor","solub","kow","decay.air","decay.sur","diffus.air","conc.out"
"DTXSID2021781",278.35,0.00116721729293143,0.0280557681269114,28580.1911425858,0.653989760503329,0.000548726343083125,0.489741551058148,0
"DTXSID3020205",312.37,0.000457694421736467,0.0157510165478234,9574.68294593006,0.580333653385016,0.0015685452834335,0.684906424251418,0
"DTXSID7021360",92.14,5284.19848579324,4.70350168807887,308.1330144269,0.16622149865415,0.00147503216935217,0.562572684455484,0
"DTXSID8020462",106.12,0.290307547901172,11610.0356524555,0.126946763274363,1.57786197578417,0.000867591821128323,1.0191188367448,0
"DTXSID8020913",128.18,2.97879825743903,0.167277695426074,2338.29560553443,1.85222941277057,0.000834416259409554,0.884822418332189,0
