"dtxsid","molwt","vapor","solub","kow","decay.air","decay.sur","diffus.air","conc.out"
"DTXSID2021781",278.35,0.00170703717057042,0.0350228772443709,39099.1152874012,1.21635847746441,0.00055707098160655,0.683028541364455,0
"DTXSID3020205",312.37,0.000675745165522275,0.00770908510560552,8718.07942498854,0.889202447440537,0.000603783433228307,0.481776851597654,0
"DTXSID7021360",92.14,5464.71807399862,2.61229342667362,410.072673048819,0.36586936542105,0.00245112217139469,1.08583843432015,0
"DTXSID8020462",106.12,0.435531915252246,12651.844293581,0.115896742395815,1.64067623493016,0.000419632868868642,0.749669631237771,0
"DTXSID8020913",128.18,8.74417043114697,0.168831012280957,1491.34961867285,0.78780182779116,0.0016658172157605,0.951725277661999,0
