"dtxsid","molwt","vapor","solub","kow","decay.air","decay.sur","diffus.air","conc.out"
"DTXSID2021781",278.35,0.00747092305146057,0.0517200627976785,18123.5813480169,0.579666143980005,0.000911750345380025,0.447450961831028,0
"DTXSID3020205",312.37,0.000255795677386905,0.00721244063619767,15041.5238789204,0.600234685238448,0.000709402851836918,0.458900149514125,0
"DTXSID7021360",92.14,3428.99219637075,4.36949735339556,265.817027507054,0.273319865316121,0.000747753468708605,0.931217799306753,0
"DTXSID8020462",106.12,1.4127348803769,7703.91781323475,0.0641177856770961,2.8308302204579,0.000484731950118555,0.924936509853685,0
"DTXSID8020913",128.18,2.30179979613083,0.160281205336024,2172.84154850395,1.72933600743648,0.000558161785234095,0.466120049663084,0
