"dtxsid","molwt","vapor","solub","kow","decay.air","decay.sur","diffus.air","conc.out"
"DTXSID2021781",278.35,0.00283802024384864,0.0232239128718182,22895.9942664502,0.335732470445842,0.00112003498102531,0.493864232189924,0
"DTXSID3020205",312.37,0.000591798540904068,0.00761421118838975,28959.1119543066,0.866010210047873,0.000520294687959621,0.568591306365671,0
"DTXSID7021360",92.14,1708.35370124055,5.95443570563887,299.811597074781,0.306442950794604,0.000651621803295561,0.943443373797592,0
"DTXSID8020462",106.12,0.519232220968747,10152.0436748841,0.115782705514592,2.37976925931771,0.000497280377279725,0.785328483338591,0
"DTXSID8020913",128.18,13.5557347886866,0.243547571151071,2131.71088981797,1.83380336322861,0.000638564523378476,1.12545792391841,0
