"dtxsid","molwt","vapor","solub","kow","decay.air","decay.sur","diffus.air","conc.out"
"DTXSID2021781",278.35,0.00959580696276495,0.0720327890543826,68271.0836424611,0.501662345068095,0.00095950114275259,0.765432731981232,0
"DTXSID3020205",312.37,0.000222486758288007,0.00925307707125719,23153.7225960858,0.467399422577681,0.000431862667205031,0.599680834326557,0
"DTXSID7021360",92.14,2568.0750255348,5.20395891331674,578.189310470755,0.796804388820087,0.00137845121320769,0.733152441612679,0
"DTXSID8020462",106.12,0.847402804291672,9059.15803281032,0.0769706572281807,1.55653162385063,0.000540563550506603,0.733498048636099,0
"DTXSID8020913",128.18,6.30770407133546,0.108313662862848,1410.34389723431,2.05229487020329,0.00147505116824527,0.824692880575179,0
