"dtxsid","molwt","vapor","solub","kow","decay.air","decay.sur","diffus.air","conc.out"
"DTXSID2021781",278.35,0.00701083235649388,0.0242966476123019,22153.168727327,0.592167305926897,0.00124074074367736,0.637037144421291,0
"DTXSID3020205",312.37,0.00113159812732709,0.00874311172653692,27331.2190666999,1.64033267511061,0.000789787235933176,0.743630661807001,0
"DTXSID7021360",92.14,3358.86292996855,3.72982325849335,199.557572705705,0.376233380953564,0.00117496857616429,1.23718006807501,0
"DTXSID8020462",106.12,0.807472667849262,6642.49592887426,0.0912334713880659,2.28171822412466,0.00126188750338122,0.863218628044046,0
"DTXSID8020913",128.18,26.5789951909019,0.147579892519863,1652.34321576043,1.6023869541623,0.000582346185258824,0.534627063091431,0
