"dtxsid","molwt","vapor","solub","kow","decay.air","decay.sur","diffus.air","conc.out"
"DTXSID2021781",278.35,0.0149010562503169,0.0303738507896302,18983.037850077,0.704813836870008,0.00330128997413399,0.590879678891895,0
"DTXSID3020205",312.37,0.00239593488602885,0.0120292935877465,12877.5839206318,1.40058974683408,0.000667807476123035,0.496135763906662,0
"DTXSID7021360",92.14,1907.69671663949,4.98485458974177,224.103493146226,0.293473420652255,0.00112719173243908,0.633476610716671,0
"DTXSID8020462",106.12,0.487417103567063,5858.7722725971,0.047325889884789,1.84987447144116,0.00228462690089153,0.938527164864234,0
"DTXSID8020913",128.18,6.74215274404499,0.162449831993364,1453.82630076186,2.729450491923,0.000936416893840164,0.801465706580839,0
