"dtxsid","molwt","vapor","solub","kow","decay.air","decay.sur","diffus.air","conc.out"
"DTXSID2021781",278.35,0.000897192668990057,0.0343842779580909,19202.3556146371,0.374025830568823,0.000713535167637414,0.351024406259171,0
"DTXSID3020205",312.37,0.00203199297997225,0.00801668443651986,11625.0113728212,0.511042450940381,0.000763717040884126,0.589286245658564,0
"DTXSID7021360",92.14,3328.69892440795,2.47187873983895,316.117190677279,0.306235175645014,0.00232158413182991,0.723366407823628,0
"DTXSID8020462",106.12,0.765885988744331,5441.79939233025,0.0599271695839216,2.05371806304276,0.00168464348191695,0.510373764513845,0
"DTXSID8020913",128.18,5.09045215018636,0.210141277704527,1675.73407962166,1.40323708114441,0.00114262557855025,0.731631138649303,0
