"dtxsid","molwt","vapor","solub","kow","decay.air","decay.sur","diffus.air","conc.out"
"DTXSID2021781",278.35,0.00134325831542103,0.0416030786221574,45264.362421016,1.31835307361517,0.000549497212818023,0.779289873354852,0
"DTXSID3020205",312.37,0.000355485020006092,0.00900565971852006,18909.6310344719,0.669704288778218,0.00204264835084312,0.347090622336444,0
"DTXSID7021360",92.14,2053.41950837142,5.72528241125511,520.845579567463,0.639538090794156,0.00140443405838376,1.26168413431338,0
"DTXSID8020462",106.12,0.674752233930786,6511.16089021623,0.0680509623914348,0.812596369619466,0.000809203998911629,0.78039740692324,0
"DTXSID8020913",128.18,3.71929151258927,0.22193319722906,4638.26353213408,0.803414359037088,0.000643830225273816,1.1326580912219,0
