"dtxsid","molwt","vapor","solub","kow","decay.air","decay.sur","diffus.air","conc.out"
"DTXSID2021781",278.35,0.00137554159764479,0.0327433872810666,27900.1059103807,1.0233046516159,0.000813507982080027,0.501664837420854,0
"DTXSID3020205",312.37,0.000355071068257301,0.00587922731386005,31775.7332919425,1.73168116851789,0.00116395995602063,0.503879444965439,0
"DTXSID7021360",92.14,1574.89470935637,4.27255831399291,279.445275263914,0.209163276758827,0.00145596830361812,0.580482998972997,0
"DTXSID8020462",106.12,0.535299441096484,11257.4056567954,0.0952141508410931,3.8725503734229,0.00143001925596407,0.795134516668292,0
"DTXSID8020913",128.18,2.61186958242181,0.151247410996706,1522.50508157484,1.69487362377231,0.00250006385317363,0.881954244420692,0
