"dtxsid","molwt","vapor","solub","kow","decay.air","decay.sur","diffus.air","conc.out"
"DTXSID2021781",278.35,0.00270726138714491,0.044371758843794,24601.5357335849,0.604772087828465,0.000414029186543067,0.595286608446037,0
"DTXSID3020205",312.37,0.00204132326769596,0.00787206160226952,19990.3781714374,0.824108921352227,0.000482505421723502,0.903619302467964,0
"DTXSID7021360",92.14,5723.95994911302,5.81276278149456,405.320882379664,0.516304173095424,0.000866116848895872,0.828434023291499,0
"DTXSID8020462",106.12,0.63803991082205,5459.49823800569,0.0998609661192536,2.3092014445829,0.000962504150531988,0.929494565295169,0
"DTXSID8020913",128.18,2.15109508555238,0.146313425241629,4095.57590924174,2.21467516561271,0.00138249026286065,0.631867057965825,0
