"dtxsid","molwt","vapor","solub","kow","decay.air","decay.sur","diffus.air","conc.out"
"DTXSID2021781",278.35,0.0102670973653954,0.0511644875904354,23644.4738125577,0.761017099293275,0.000472221101859131,0.717780004773405,0
"DTXSID3020205",312.37,0.000218448101970491,0.00592243004106479,21101.2333160475,0.308737370600217,0.0012244489145095,0.560201556702455,0
"DTXSID7021360",92.14,6367.53856084704,7.01999800776048,766.682246862261,0.319058120526816,0.000439193494909913,0.858713787472553,0
"DTXSID8020462",106.12,3.65607012504259,6343.52293800316,0.0606983513070822,2.43486467449123,0.000946781840328437,0.803094020785405,0
"DTXSID8020913",128.18,16.3856135630408,0.125266175354366,2440.28979738094,1.89989214332452,0.00136083430990697,0.575900078395655,0
