"dtxsid","molwt","vapor","solub","kow","decay.air","decay.sur","diffus.air","conc.out"
"DTXSID2021781",278.35,0.0049511716230594,0.028850860144441,22735.8540224177,0.44942327104509,0.00136608398862343,0.570007614172849,0
"DTXSID3020205",312.37,0.000734003394889088,0.0127010656707772,31323.7429959725,0.54781466705749,0.000794857588471768,0.669855352099447,0
"DTXSID7021360",92.14,5321.39315929452,4.71143851185191,284.811725529606,0.301545553200481,0.000578962652047842,0.825661309631262,0
"DTXSID8020462",106.12,1.08363362476672,11189.0851882173,0.119106248541043,3.85493914072859,0.00106420017041524,0.950341110738496,0
"DTXSID8020913",128.18,7.94930318005356,0.149923216156086,2294.0355475928,2.59280914281819,0.000868680277087367,0.657315538608629,0
