"dtxsid","molwt","vapor","solub","kow","decay.air","decay.sur","diffus.air","conc.out"
"DTXSID2021781",278.35,0.00337543115736311,0.0380057054196791,29892.2856408729,0.663408053529949,0.00120247787936276,0.724724598883765,0
"DTXSID3020205",312.37,0.00223303487404337,0.00643339705707553,27565.4516028345,0.23418370185465,0.000575777127998668,0.601914020685103,0
"DTXSID7021360",92.14,4504.60867878663,3.34898563016902,341.559695364312,0.352346518249271,0.00142203436923944,1.10053062439831,0
"DTXSID8020462",106.12,0.403707591543196,10453.2771740204,0.0946339446833468,0.878470389994792,0.0012955149055101,0.620235801919313,0
"DTXSID8020913",128.18,3.52855529106894,0.128513858684232,5498.98418098663,2.73167198987194,0.000959288276225669,0.924650800147038,0
