"dtxsid","molwt","vapor","solub","kow","decay.air","decay.sur","diffus.air","conc.out"
"DTXSID2021781",278.35,0.00426320262881385,0.0432607162244448,16872.1634829112,0.875671371953252,0.00114816102013518,0.648266855989626,0
"DTXSID3020205",312.37,0.000610766969313347,0.0126598552156907,35748.7084613372,0.414490262213397,0.000775619847153004,0.36292210329992,0
"DTXSID7021360",92.14,9450.59980614711,3.50944628070609,350.212488436431,0.33185404858556,0.00097769156923014,0.983789532499802,0
"DTXSID8020462",106.12,1.42238521972056,10529.3610987424,0.0573913955742436,1.33974327197162,0.000763326600989038,1.11941684606731,0
"DTXSID8020913",128.18,13.7204322110863,0.242776997651481,1230.61491950023,1.52767541517636,0.000965050739930619,0.824768883024589,0
