"dtxsid","molwt","vapor","solub","kow","decay.air","decay.sur","diffus.air","conc.out"
"DTXSID2021781",278.35,0.00218776912010597,0.0191089161719102,78015.9819341771,0.64057380697135,0.00163950858980413,0.532044914749551,0
"DTXSID3020205",312.37,0.00053903097087744,0.00642452548919598,16246.253890874,0.781748132825338,0.00111220813396038,0.33488922954268,0
"DTXSID7021360",92.14,9560.75589276392,5.46156028690025,617.535168874297,0.431224038877728,0.00120223448397293,1.03457285779376,0
"DTXSID8020462",106.12,0.329750050634433,5248.88874089448,0.0523899231793374,3.06725194427131,0.00256883592003178,0.947383103573767,0
"DTXSID8020913",128.18,15.9480477323944,0.103731854135009,2211.76382823359,1.38519276044128,0.000535500707233202,0.501517121799137,0
