"dtxsid","molwt","vapor","solub","kow","decay.air","decay.sur","diffus.air","conc.out"
"DTXSID2021781",278.35,0.00296553571768572,0.0466400691350605,12521.9432127991,0.810109557926485,0.00105398242430065,0.521540293885263,0
"DTXSID3020205",312.37,0.00143870504048803,0.00592073555629319,55878.0903412041,0.768427427011552,0.00110492583689681,0.464611252081551,0
"DTXSID7021360",92.14,4231.49755152167,3.15459477194849,390.764441799493,0.336609138145217,0.00279080816024656,1.31562584981177,0
"DTXSID8020462",106.12,0.370840925268528,9678.52443923491,0.0750311384183269,2.22321938082421,0.00154341137707755,0.484831073550003,0
"DTXSID8020913",128.18,6.32840033055171,0.236076199823385,2128.66183919431,1.05766788665906,0.000765455940446494,0.71367669996795,0
