"dtxsid","molwt","vapor","solub","kow","decay.air","decay.sur","diffus.air","conc.out"
"DTXSID2021781",278.35,0.00289551032406176,0.0320795274064314,30789.8471574573,0.436998166490599,0.000904686582754176,0.606724149021889,0
"DTXSID3020205",312.37,0.000238223685854114,0.0116662832215341,38428.7860798388,0.509946922993318,0.00175220102053579,0.546895078313137,0
"DTXSID7021360",92.14,5312.83576796068,4.04829253137854,369.399398181421,0.268591109966303,0.000982755231507487,0.846062801796175,0
"DTXSID8020462",106.12,0.714911870116338,9808.48116953249,0.125566266284561,1.2607308912893,0.000448866662825053,0.736480810956644,0
"DTXSID8020913",128.18,3.51012305343139,0.119616687486508,1961.05831402792,0.92411058923508,0.00109697210651906,0.64990621334961,0
