"dtxsid","molwt","vapor","solub","kow","decay.air","decay.sur","diffus.air","conc.out"
"DTXSID2021781",278.35,0.00241402573564935,0.0382525248589293,26801.5475285784,0.766336915526081,0.000520845700713451,0.591721852830289,0
"DTXSID3020205",312.37,0.000601613292688635,0.00876250136894318,18833.2715241716,1.5953859143889,0.00220268979968481,0.643623251770735,0
"DTXSID7021360",92.14,10037.514418945,2.22351148365945,144.841743301368,0.284916575815768,0.000691981410288647,0.965136651578117,0
"DTXSID8020462",106.12,0.352393622511753,7143.34588811546,0.0472548150780753,4.08533244950387,0.00161439587142118,0.542438678173948,0
"DTXSID8020913",128.18,2.76078371203205,0.107994172668285,1611.9063520865,3.97042497470058,0.000579014911689725,0.869933677602277,0
