"dtxsid","molwt","vapor","solub","kow","decay.air","decay.sur","diffus.air","conc.out"
"DTXSID2021781",278.35,0.00461742486353303,0.051761993376538,43509.3702756277,0.663675195859843,0.000782606405115564,0.506837824750726,0
"DTXSID3020205",312.37,0.000301038429900491,0.00959416607371528,36609.8751254993,0.642447703810339,0.00124970955708631,0.411628845930245,0
"DTXSID7021360",92.14,1698.74555190876,6.19280684095512,294.524500895385,0.270634216201807,0.00128043859800221,0.638159057544835,0
"DTXSID8020462",106.12,1.06036830657402,8750.87630524023,0.0688771421401343,1.19034819573035,0.00160232917087771,0.646796389914632,0
"DTXSID8020913",128.18,15.4738476362319,0.118411410233373,2314.72579742248,1.58523918277409,0.0016727038033497,0.990128770838908,0
