"dtxsid","molwt","vapor","solub","kow","decay.air","decay.sur","diffus.air","conc.out"
"DTXSID2021781",278.35,0.00185812832402515,0.021566227858099,66947.7415230472,0.468854989094735,0.000808580075414691,0.508201983488045,0
"DTXSID3020205",312.37,0.000250046963201195,0.00767474013805599,11844.4524568642,0.764117194551249,0.00168754598207078,0.358202212699024,0
"DTXSID7021360",92.14,4788.62238205184,6.01177516581561,670.291719743871,0.592931334305672,0.000772198050687633,0.945293989866786,0
"DTXSID8020462",106.12,1.00496610372654,9311.57579635261,0.0297621559337719,2.7815496410826,0.000797622765041569,1.12659966490498,0
"DTXSID8020913",128.18,26.9233836196131,0.200416070871933,1484.43591273373,1.43909121861617,0.00116761175908703,1.04695717562992,0
