"dtxsid","molwt","vapor","solub","kow","decay.air","decay.sur","diffus.air","conc.out"
"DTXSID2021781",278.35,0.00370960635019041,0.0559159374403314,30192.9775611617,1.17114328588875,0.00193544017873151,0.505525295166374,0
"DTXSID3020205",312.37,0.000424136494972474,0.00832981927949319,24890.5321187476,0.721917797374737,0.000675408039827908,0.600462106360875,0
"DTXSID7021360",92.14,4408.14454239875,4.01096596986906,638.595901638142,0.208098304065488,0.000528837973314869,0.852348884603897,0
"DTXSID8020462",106.12,0.70688488167943,8607.80528178328,0.0478907980461394,2.03328554665879,0.0015925908184187,0.652874553224069,0
"DTXSID8020913",128.18,12.7007631543685,0.237315345411738,1974.29727399417,1.72703366880875,0.00134208250806036,0.792271270568797,0
