"dtxsid","molwt","vapor","solub","kow","decay.air","decay.sur","diffus.air","conc.out"
"DTXSID2021781",278.35,0.00494684451689731,0.0534931847636583,36511.752067623,0.537231803262734,0.00162200661899142,0.803122196272603,0
"DTXSID3020205",312.37,0.000828876053313996,0.00826687796460537,22349.2649965937,0.912315922680762,0.000766930198447815,0.362932075578637,0
"DTXSID7021360",92.14,4910.73493455267,5.06181715648937,356.977641652276,0.20293553721862,0.00133543834436729,0.846336642165367,0
"DTXSID8020462",106.12,1.15446223799064,10378.3888204263,0.0665568998143321,1.36966260180673,0.000556656655162309,0.922214300396072,0
"DTXSID8020913",128.18,9.00382833690906,0.11551622475519,1828.59070240862,1.34944373384254,0.00108534720060506,0.488051466976964,0
