"dtxsid","molwt","vapor","solub","kow","decay.air","decay.sur","diffus.air","conc.out"
"DTXSID2021781",278.35,0.00366408935647905,0.033038672767836,51479.8989267446,0.474008146155628,0.00112944913696206,0.422598990788871,0
"DTXSID3020205",312.37,0.000897877944746628,0.0126218961187444,25168.9561868601,0.51755273744717,0.00196561505747576,0.607373297949571,0
"DTXSID7021360",92.14,3081.67123215272,3.83096914953035,523.032207073803,0.250379486397362,0.0018582053411475,0.704024938225973,0
"DTXSID8020462",106.12,1.05497714265635,12769.0733579252,0.0839029846462423,1.51765709795615,0.000620670084498486,1.2140511226559,0
"DTXSID8020913",128.18,10.1266142528726,0.139843278676896,2006.16822647877,0.719453736956644,0.000600542226013738,0.641181773805077,0
