"dtxsid","molwt","vapor","solub","kow","decay.air","decay.sur","diffus.air","conc.out"
"DTXSID2021781",278.35,0.00523548748331901,0.0380586788266946,18984.3561375247,0.510987231797691,0.000721946479441913,0.493072048075791,0
"DTXSID3020205",312.37,0.000406871174447102,0.00773596333821428,21388.2842425484,0.68374391556189,0.000787716906812705,0.638757889505763,0
"DTXSID7021360",92.14,585.634749182742,2.92886733250917,825.945945123384,0.411909875436922,0.00103105235825188,0.619621745121513,0
"DTXSID8020462",106.12,0.83040558534674,9042.22944110077,0.0733243522446098,2.21604430783639,0.00129700077405719,0.744389959378136,0
"DTXSID8020913",128.18,4.32725672889926,0.126998356243646,3567.87548560261,2.23814059274524,0.00262241830512386,0.981877880532838,0
