"dtxsid","molwt","vapor","solub","kow","decay.air","decay.sur","diffus.air","conc.out"
"DTXSID2021781",278.35,0.00353027488005194,0.0553843299975023,27755.6541815634,0.916903376469016,0.00183329629981253,0.564202003703346,0
"DTXSID3020205",312.37,0.000329143134641558,0.00785964480844399,11240.6524403986,0.540728460717845,0.00107300331745658,0.552568866877486,0
"DTXSID7021360",92.14,3895.29229830003,4.91846846071121,140.184913568056,0.444859844345253,0.000431725397471544,0.772069185297744,0
"DTXSID8020462",106.12,0.535573564104047,6018.74533488759,0.100771276662203,1.4902080638179,0.00123595494556033,0.719864658258723,0
"DTXSID8020913",128.18,37.7831592836228,0.13587771687459,2125.45385737837,1.71229698590456,0.000656335690408712,0.561657300437194,0
