"dtxsid","molwt","vapor","solub","kow","decay.air","decay.sur","diffus.air","conc.out"
"DTXSID2021781",278.35,0.00363340634790503,0.0493648209073244,57981.8189667712,0.620881451031974,0.001218285692913,0.343728488744298,0
"DTXSID3020205",312.37,0.000634157566778719,0.00521526691899003,27600.8658848345,0.63881697517962,0.000982573576082748,0.481627471834703,0
"DTXSID7021360",92.14,2910.52195207882,3.53854125355941,477.121428723751,0.291661629364489,0.000775865879564016,0.991068232840575,0
"DTXSID8020462",106.12,0.717930262318038,7095.8652897913,0.079324447672043,1.1963183790056,0.000543422692571388,0.542094409585416,0
"DTXSID8020913",128.18,6.57838534754005,0.137229142145581,1942.15188122911,3.10780945818523,0.00152037248827733,0.689572117108001,0
