"dtxsid","molwt","vapor","solub","kow","decay.air","decay.sur","diffus.air","conc.out"
"DTXSID2021781",278.35,0.0015017809058451,0.0369130309239021,37018.2095663139,0.391107781691117,0.000861166703351925,0.503326961375884,0
"DTXSID3020205",312.37,0.000726598478571256,0.0139662362222986,25639.7106858087,0.795967012316665,0.00117675365083146,0.532046890027234,0
"DTXSID7021360",92.14,3337.46072791123,3.79022671427607,284.733472938862,0.204663872410699,0.000936182666649743,0.809654093579916,0
"DTXSID8020462",106.12,0.242741262320844,5108.02994317942,0.0613195120116361,3.31712344042225,0.0011158190956103,0.919188880993723,0
"DTXSID8020913",128.18,6.15969629775127,0.138092565295129,1924.65703380811,1.04194511675128,0.000889152731601483,0.717468900292644,0
