"dtxsid","molwt","vapor","solub","kow","decay.air","decay.sur","diffus.air","conc.out"
"DTXSID2021781",278.35,0.0017656764662897,0.0411644851163574,29318.573071177,0.76278456999401,0.000896161871780029,1.07772863335415,0
"DTXSID3020205",312.37,0.000559963496080716,0.0107753662734743,10135.2208003544,0.502184511710505,0.000965766749364316,0.428263875506323,0
"DTXSID7021360",92.14,1141.43502023755,3.89999242316331,631.874642331945,0.455990836710484,0.00163247833505229,1.0165748583345,0
"DTXSID8020462",106.12,0.597288491257098,7931.71739142541,0.078664589523836,1.59384558872728,0.000994874591425049,0.776218181883988,0
"DTXSID8020913",128.18,3.7723185436779,0.141734965064223,1365.29828742859,1.15112875007755,0.00174803436015652,0.741725214172012,0
