"dtxsid","molwt","vapor","solub","kow","decay.air","decay.sur","diffus.air","conc.out"
"DTXSID2021781",278.35,0.012443138503851,0.0417960381493684,33022.4283168853,0.332927787033595,0.000569287248074183,0.698827792647721,0
"DTXSID3020205",312.37,0.000458772895527814,0.00867731626518997,15191.3043104056,1.15509082152854,0.00253201116601931,0.802429297477537,0
"DTXSID7021360",92.14,2964.78160429645,4.35045512782655,417.175270118071,0.47169351208219,0.00119123745872224,0.647179088770515,0
"DTXSID8020462",106.12,1.73951356504103,9063.35992516421,0.0579275314167835,1.06051660177323,0.00175671734425608,1.15732129973779,0
"DTXSID8020913",128.18,8.83683043921051,0.128845423919285,3950.44077468954,1.02070282541994,0.00110312466790451,0.717622031676705,0
