"dtxsid","molwt","vapor","solub","kow","decay.air","decay.sur","diffus.air","conc.out"
"DTXSID2021781",278.35,0.00153119845225413,0.0383201772836051,50956.5615730921,0.39905037964487,0.000254719551609954,0.431344183904434,0
"DTXSID3020205",312.37,0.000388035187816399,0.00912138814041861,28506.5208849645,0.672622851614059,0.000966550004660551,0.30256066324622,0
"DTXSID7021360",92.14,1143.165512746,3.80840770768078,731.770881253358,0.48881286190959,0.00113558223342291,1.0117680492925,0
"DTXSID8020462",106.12,0.442707686445132,7133.38025354403,0.121035615661885,1.38272183536763,0.00233121965319153,0.900980041415436,0
"DTXSID8020913",128.18,4.4467487716795,0.11419101220943,3109.35832459694,1.22659920755868,0.000643055870156106,0.641150017278691,0
