"dtxsid","molwt","vapor","solub","kow","decay.air","decay.sur","diffus.air","conc.out"
"DTXSID2021781",278.35,0.00514884685975683,0.0352239392789416,15705.5358641627,0.312374388173791,0.000698953073639727,0.555205888126948,0
"DTXSID3020205",312.37,0.000918853126437426,0.00813689203007474,54846.2466063307,1.18065033663092,0.00106262021010219,0.517488543842941,0
"DTXSID7021360",92.14,829.812162873942,4.43906683661407,754.185023262869,0.494659974758268,0.000756216109616889,0.663234105102831,0
"DTXSID8020462",106.12,0.181715070781239,6909.13243580573,0.130830135539207,2.04688316003945,0.00175435140933136,1.02577052185299,0
"DTXSID8020913",128.18,5.17366673498853,0.105143053278657,3460.64603207975,1.70701174268229,0.00111168129048777,0.920536736043862,0
