"dtxsid","molwt","vapor","solub","kow","decay.air","decay.sur","diffus.air","conc.out"
"DTXSID2021781",278.35,0.00164651370018035,0.0356037108066883,41969.7914255055,0.579126558712902,0.00148218015443745,0.72022962227001,0
"DTXSID3020205",312.37,0.000887805367713914,0.00885483547044559,21095.7894862452,1.27427688886027,0.000397742961565798,0.508981305864443,0
"DTXSID7021360",92.14,735.883161363509,5.24364740958869,682.030312217773,0.341633142405238,0.00189197631456498,0.675927681906635,0
"DTXSID8020462",106.12,0.875998712784111,6536.66429396118,0.0970752402176101,1.76968749178718,0.000944681128127034,0.786877894193143,0
"DTXSID8020913",128.18,6.77928865670403,0.109619149467013,2233.52693677424,0.980813987276903,0.000878606048607471,0.745523269384452,0
