"dtxsid","molwt","vapor","solub","kow","decay.air","decay.sur","diffus.air","conc.out"
"DTXSID2021781",278.35,0.00303871353071657,0.0261838122625741,27479.5686533444,0.654888846765089,0.00103840384612371,0.395734935452366,0
"DTXSID3020205",312.37,0.000880760754529094,0.00841042768824745,16326.8791465204,0.905087992667763,0.00123050183649556,0.634397818730277,0
"DTXSID7021360",92.14,1363.94800993926,3.99746104909847,566.187137796709,0.588642913519686,0.000448257390254223,0.663565883625094,0
"DTXSID8020462",106.12,0.624313979453556,5577.14742938505,0.101701215491698,2.01070870216211,0.00169521737579833,0.583871734551241,0
"DTXSID8020913",128.18,5.67309355796485,0.124810234732358,2723.70554805302,1.24446682648776,0.000743012573506139,0.60566047472239,0
