"dtxsid","molwt","vapor","solub","kow","decay.air","decay.sur","diffus.air","conc.out"
"DTXSID2021781",278.35,0.00318027513574671,0.0459142240233703,35423.5162121513,0.638262181130122,0.00102338222677322,0.774171872862575,0
"DTXSID3020205",312.37,0.000492394003193092,0.0067549607929045,76643.9948087166,0.663072563433864,0.000988211025548994,0.903411879800464,0
"DTXSID7021360",92.14,1756.20866525796,5.36965902341799,562.624390212089,0.308104398344392,0.000891184821571814,0.766742713913198,0
"DTXSID8020462",106.12,0.349822215652284,7542.96151587157,0.0547637827817307,2.0116221617968,0.00119643793783328,0.570195046509848,0
"DTXSID8020913",128.18,5.6075457408429,0.162210880320302,2486.07371537505,1.75953142712971,0.00107490648338576,0.904112030715871,0
