"dtxsid","molwt","vapor","solub","kow","decay.air","decay.sur","diffus.air","conc.out"
"DTXSID2021781",278.35,0.0034489995809743,0.0218194745870403,28154.3078793662,0.487067837203694,0.00102028710964637,0.467438676171028,0
"DTXSID3020205",312.37,0.000530859511253115,0.0125789689098236,13919.6789282386,1.05211990099749,0.00123366562261883,0.353606167704659,0
"DTXSID7021360",92.14,3886.32121257768,3.59087492298864,248.610951958787,0.331980464939867,0.000710298190416274,0.714995746600245,0
"DTXSID8020462",106.12,0.839954205511672,6141.24034118016,0.134753079180258,0.806423458139599,0.0014919065531474,0.839037350681332,0
"DTXSID8020913",128.18,18.5649646542558,0.269254748539439,2849.52350805484,0.38986992376096,0.000845801952768602,0.601519413566383,0
