"dtxsid","molwt","vapor","solub","kow","decay.air","decay.sur","diffus.air","conc.out"
"DTXSID2021781",278.35,0.00189596014548871,0.0390090004462611,41328.2148191724,0.327381959365081,0.000965110701625837,0.632380454367768,0
"DTXSID3020205",312.37,0.000181326737660466,0.011952336839735,36089.1446116964,0.378580015954106,0.00090201747230801,0.814393272442782,0
"DTXSID7021360",92.14,3336.2648920967,5.21409829204379,195.751903960701,0.196929412361425,0.000487020239011834,0.920154291464099,0
"DTXSID8020462",106.12,0.636446081868322,10423.7458779254,0.0584928248678078,4.1570175584669,0.00111728491441938,0.64917762436346,0
"DTXSID8020913",128.18,15.1648006811358,0.0943854130182728,2089.01336184288,1.54145510355276,0.000756998908185891,0.742708378749574,0
