"dtxsid","molwt","vapor","solub","kow","decay.air","decay.sur","diffus.air","conc.out"
"DTXSID2021781",278.35,0.0031055201561445,0.0345067353722419,66677.4861415137,0.363761380171236,0.000500916983111395,0.650796646101256,0
"DTXSID3020205",312.37,0.000839594731454042,0.0114826862488067,17968.5818174177,0.648021000971038,0.000981212981420022,0.511417540649149,0
"DTXSID7021360",92.14,9761.19741541944,7.23954584028158,437.078237062266,0.475629105737872,0.00219979062073759,0.929112961425455,0
"DTXSID8020462",106.12,0.397642771765513,5586.23038236146,0.170736456453094,2.53950288963922,0.000735206937915057,0.820620435468515,0
"DTXSID8020913",128.18,4.08027518040579,0.136738549554116,2069.44950428505,2.13309206621439,0.00126166182700482,0.739213319562926,0
