"dtxsid","molwt","vapor","solub","kow","decay.air","decay.sur","diffus.air","conc.out"
"DTXSID2021781",278.35,0.00210850707292769,0.0250199313746344,35665.9335517663,0.478003718311702,0.00101458200895747,0.410377006394331,0
"DTXSID3020205",312.37,0.000280769300011752,0.0123689200806393,19835.7127167348,1.2155648981307,0.00100912869671732,0.712854036166352,0
"DTXSID7021360",92.14,4409.13932585704,4.02568091348258,335.216628118147,0.39491871140383,0.000724117705037046,2.03963609042363,0
"DTXSID8020462",106.12,0.898232099355515,5140.60148310907,0.0544417919335514,1.15140596881129,0.00160501524697637,0.540940488438487,0
"DTXSID8020913",128.18,3.37922184367436,0.180386110108961,1069.77484595396,1.24274410371146,0.00108804202706128,0.964005275649751,0
