"dtxsid","molwt","vapor","solub","kow","decay.air","decay.sur","diffus.air","conc.out"
"DTXSID2021781",278.35,0.00111903217205151,0.0785244208775836,15359.4711557547,0.764470308147055,0.00042566386175278,0.441036417490408,0
"DTXSID3020205",312.37,0.000316747578433252,0.0116894049474757,30158.2715311954,0.786486917603793,0.00123583853323402,0.630082100336944,0
"DTXSID7021360",92.14,10857.2249627217,5.9244152119166,292.532695158827,0.369986860070049,0.000517695207244113,0.866767974896919,0
"DTXSID8020462",106.12,0.300548591568445,6413.78775583206,0.222697689667809,3.15807127170812,0.00211195260032604,1.05021128400462,0
"DTXSID8020913",128.18,6.63008880277937,0.26462556306613,3251.59877804596,3.3352738980436,0.000827616992290993,0.959488171837064,0
