"dtxsid","molwt","vapor","solub","kow","decay.air","decay.sur","diffus.air","conc.out"
"DTXSID2021781",278.35,0.00232924609557338,0.0331706475429438,45176.5588975726,0.709695888788003,0.00120407476982201,0.415872717570183,0
"DTXSID3020205",312.37,0.000559315501030616,0.00996150329043039,24633.6723457717,0.452665275604208,0.000693187200356619,0.328667561326969,0
"DTXSID7021360",92.14,9197.78063114226,3.87780039260126,483.444437773455,0.427320179920712,0.000467075546704943,0.793560406312509,0
"DTXSID8020462",106.12,0.310059824689491,8501.20583677059,0.082868369775015,1.29137461449966,0.00212717833982086,1.04547435253099,0
"DTXSID8020913",128.18,10.0542543554928,0.179088287003594,2104.30375034578,0.737045000305509,0.00144017310302762,0.806913627437372,0
