"dtxsid","molwt","vapor","solub","kow","decay.air","decay.sur","diffus.air","conc.out"
"DTXSID2021781",278.35,0.00424733430524981,0.0287226625859564,37163.2646343057,0.81356211559024,0.00151926640588867,0.497762411849979,0
"DTXSID3020205",312.37,0.000867047489900106,0.0126436699744418,25269.8288052992,0.800886774321891,0.000531052978803527,0.376551536704184,0
"DTXSID7021360",92.14,10359.8588708892,5.34801101599297,512.96619334856,0.364639112364934,0.000976156893665603,1.01650819605584,0
"DTXSID8020462",106.12,0.179591111399762,7288.23868736865,0.106991282573537,1.42012327464621,0.001487729857661,0.714677253571535,0
"DTXSID8020913",128.18,4.32346801262311,0.0905149376279738,3324.64109480393,0.999149758950812,0.000764012646129816,0.547298901910268,0
