"dtxsid","molwt","vapor","solub","kow","decay.air","decay.sur","diffus.air","conc.out"
"DTXSID2021781",278.35,0.00243926374423112,0.0239290990716779,32562.8476828103,0.780612206262116,0.000609083541352403,0.542930099106289,0
"DTXSID3020205",312.37,0.000850521537259493,0.00995499084566903,22758.4718582604,1.59213764285406,0.000715757754978137,0.51146968306159,0
"DTXSID7021360",92.14,1318.92681446189,5.37066978289275,302.923813252084,0.278889832907655,0.000875312285355179,0.75923167753237,0
"DTXSID8020462",106.12,0.738069952014631,9864.99368244062,0.0658287129748658,4.14736179763896,0.000537574380038136,0.923889124034406,0
"DTXSID8020913",128.18,6.5068426816562,0.124654861026253,2087.39322226121,1.96983553028686,0.000740564873604824,0.56826856263973,0
