"dtxsid","molwt","vapor","solub","kow","decay.air","decay.sur","diffus.air","conc.out"
"DTXSID2021781",278.35,0.00138402356723942,0.0347375512487097,35011.1077538086,0.617079289939003,0.00144872326070818,0.418489501044803,0
"DTXSID3020205",312.37,0.000243329085816733,0.00798161799295371,16495.9126162363,0.884629270924502,0.00175632973461416,0.357033683410104,0
"DTXSID7021360",92.14,3119.86323981282,3.00536660486979,415.909604919058,0.609451844230585,0.000961313009684438,0.883028887446649,0
"DTXSID8020462",106.12,0.794963526832622,7489.32618546951,0.0585344715249748,2.00838955902904,0.000997236509441345,0.815626205327796,0
"DTXSID8020913",128.18,6.7026046974897,0.117192755026861,4130.69951458207,1.61935932624485,0.000493837785700116,1.15212152380869,0
