"dtxsid","molwt","vapor","solub","kow","decay.air","decay.sur","diffus.air","conc.out"
"DTXSID2021781",278.35,0.00664862216496898,0.0664982023481843,48665.2289081293,0.495627320441706,0.00199284096914969,0.73752938271229,0
"DTXSID3020205",312.37,0.000266209013285742,0.007330906657105,18415.738192363,0.600392612920913,0.000684269207358445,0.363884741253117,0
"DTXSID7021360",92.14,3308.17455390264,4.63526672312924,767.527014596074,0.328589465105584,0.00106837611386676,0.655981523212251,0
"DTXSID8020462",106.12,1.51790087311324,9067.92366208404,0.0798130118486716,1.64042280759641,0.00185608579809929,0.649725980678051,0
"DTXSID8020913",128.18,4.73173144531859,0.187269847747622,1127.45256116282,1.40257790630658,0.000833333515025929,0.707984901645601,0
