"dtxsid","molwt","vapor","solub","kow","decay.air","decay.sur","diffus.air","conc.out"
"DTXSID2021781",278.35,0.00422484196820455,0.0282290390606207,25763.0071548024,0.555549228021097,0.00115118484287496,0.412532892729148,0
"DTXSID3020205",312.37,0.000314399217462739,0.00584385518570818,10791.2817128008,0.492760027446408,0.000720115827022113,0.560802799192982,0
"DTXSID7021360",92.14,2593.05550424045,3.3021694407118,330.27250888865,0.70600300974839,0.0010015915616022,0.807663554941189,0
"DTXSID8020462",106.12,2.47018225367628,7792.08881861347,0.0405216061386692,1.29375113338965,0.000777351652875617,0.916384398330719,0
"DTXSID8020913",128.18,10.0923540637323,0.125452673131819,3287.57324016546,0.838755113535581,0.00106290085428423,0.842664348086192,0
