"dtxsid","molwt","vapor","solub","kow","decay.air","decay.sur","diffus.air","conc.out"
"DTXSID2021781",278.35,0.000615372834012689,0.0447566363102127,28459.2929883646,0.284595540556411,0.000454406578544997,0.293700979728191,0
"DTXSID3020205",312.37,0.000604353657149823,0.00675095141191857,30025.0128306854,0.787947145474716,0.00130198725425094,0.435124694578009,0
"DTXSID7021360",92.14,2329.91823080743,5.39551898467766,297.542374758736,0.254632396332609,0.00144575611098439,0.721756678254595,0
"DTXSID8020462",106.12,1.65280344993186,14568.132854419,0.0941768340933448,2.26492841317013,0.00147500406406119,0.650276057164542,0
"DTXSID8020913",128.18,9.82486317925588,0.124576727487626,1335.4208902917,1.4014936401769,0.0017097634908253,0.748645831584181,0
