"dtxsid","molwt","vapor","solub","kow","decay.air","decay.sur","diffus.air","conc.out"
"DTXSID2021781",278.35,0.00373291842428431,0.0348142147750522,28076.3731006055,0.499081867542398,0.00137418898117508,0.553238646289242,0
"DTXSID3020205",312.37,0.000523729398208841,0.00849350447907118,17903.999091295,0.647549940661193,0.00121757520708916,0.835146656116014,0
"DTXSID7021360",92.14,804.10962702904,8.42968085445712,345.153409405394,0.37811283775286,0.000854972747422254,0.994666025797577,0
"DTXSID8020462",106.12,1.70383642740366,10800.5080669639,0.0671749409575809,1.95671144823365,0.00208873531089338,0.767273635994467,0
"DTXSID8020913",128.18,6.54440509849339,0.175474224879504,1931.94063874318,1.12535604589747,0.00114231036164247,1.06005514789901,0
