"dtxsid","molwt","vapor","solub","kow","decay.air","decay.sur","diffus.air","conc.out"
"DTXSID2021781",278.35,0.00332301815971689,0.0301465655149237,45057.0490109797,0.406835650925126,0.00216696116407253,0.462276530028647,0
"DTXSID3020205",312.37,0.000737315871785599,0.0112707867239552,16043.0563349525,0.711803533025145,0.000891479145197744,0.370533439717816,0
"DTXSID7021360",92.14,4113.49919251436,4.09619620859146,619.191835392461,0.5582718404168,0.0013376242081109,1.05505805696486,0
"DTXSID8020462",106.12,1.34070202456139,12064.4497906639,0.0664437941693751,1.43444460193481,0.000735046515724023,0.838698564604133,0
"DTXSID8020913",128.18,21.3971102791677,0.138225249781809,3227.91077356621,1.54115214303665,0.00110684939846311,0.648174277578015,0
