"dtxsid","molwt","vapor","solub","kow","decay.air","decay.sur","diffus.air","conc.out"
"DTXSID2021781",278.35,0.00387698077812059,0.0464413075524086,62092.5051443175,0.471132733729245,0.00126155117305591,0.346687147879143,0
"DTXSID3020205",312.37,0.0018082074973692,0.0107993179244621,30175.8641649367,1.15745466749496,0.000898884487800991,0.42025694746432,0
"DTXSID7021360",92.14,8015.94318689845,4.86525091915096,232.46760398344,0.38205956386105,0.00125618154613054,0.524354401935159,0
"DTXSID8020462",106.12,0.500407459575056,10279.486241597,0.16573938439993,1.84992324698611,0.000890433816310257,0.643632282023298,0
"DTXSID8020913",128.18,8.87090315473779,0.163329421746096,3533.28062706257,0.725124963996264,0.00124294075974383,0.430850624461603,0
