"dtxsid","molwt","vapor","solub","kow","decay.air","decay.sur","diffus.air","conc.out"
"DTXSID2021781",278.35,0.00509905633968938,0.0248913212906743,14042.6566927934,0.605752810645389,0.00163092609728134,0.422279389357616,0
"DTXSID3020205",312.37,0.00063199513124331,0.0156429462615771,22411.674114363,0.70554878310497,0.000886513866298035,0.539494070949392,0
"DTXSID7021360",92.14,3557.44723773334,5.74177279679082,589.020966516034,0.371318472432156,0.000671868739916717,0.791155279823163,0
"DTXSID8020462",106.12,0.639346099992523,7233.01986743506,0.0715873855700444,1.07991878842658,0.00108736101169595,1.06363926971563,0
"DTXSID8020913",128.18,3.10565884714025,0.11790637069425,4633.57860900173,3.00997816309993,0.000866579701613362,0.793832187447708,0
