"dtxsid","molwt","vapor","solub","kow","decay.air","decay.sur","diffus.air","conc.out"
"DTXSID2021781",278.35,0.00261396172448838,0.0294246376037376,43460.8954482381,1.15287499440186,0.000794011864944582,0.368101748389604,0
"DTXSID3020205",312.37,0.000610003279664357,0.00998548814152512,9440.23986687513,0.609297731534468,0.000989333775075281,0.657355849125272,0
"DTXSID7021360",92.14,2318.30583742962,2.56528955937977,455.729477961486,0.503339526626258,0.000912285965721323,0.693517370057151,0
"DTXSID8020462",106.12,0.765469076174641,9370.27517252785,0.121451905990802,1.85646060877062,0.00116501397106073,1.19392407009687,0
"DTXSID8020913",128.18,9.87752467245333,0.102058902046171,1356.81700277277,2.2722502947894,0.00107170002856572,0.673670697179054,0
