"dtxsid","molwt","vapor","solub","kow","decay.air","decay.sur","diffus.air","conc.out"
"DTXSID2021781",278.35,0.00133723362413601,0.0587245262615057,18451.3468415364,1.85034082379717,0.000784742873252827,0.387343067242449,0
"DTXSID3020205",312.37,0.000591416941040683,0.0170336577597372,18519.5402717524,0.685480788277538,0.000470336798780907,0.793354324149835,0
"DTXSID7021360",92.14,4061.59042070102,4.81233211573279,411.439541074867,0.673634054696301,0.00108059817062269,0.835134066178596,0
"DTXSID8020462",106.12,0.278033736208433,7303.18232934101,0.115994424815166,1.24827105896766,0.00162637106081709,0.966785760028247,0
"DTXSID8020913",128.18,1.7190216917872,0.130422202243259,1485.18852339004,0.915954381358622,0.000930233026527607,0.964888442721596,0
