"dtxsid","molwt","vapor","solub","kow","decay.air","decay.sur","diffus.air","conc.out"
"DTXSID2021781",278.35,0.00537266458028814,0.030125455557524,43572.7947087959,0.876264856154588,0.000848851692304661,0.599760366800721,0
"DTXSID3020205",312.37,0.000157783220793848,0.00804626540920725,30820.0633959775,0.873172521702122,0.000879009566371491,0.598996934126321,0
"DTXSID7021360",92.14,9025.96962381474,3.77862204321557,273.323870441063,0.406529061789563,0.000543358253601572,0.926366596382699,0
"DTXSID8020462",106.12,0.435882754128024,8123.5989355116,0.0590072992231075,2.27299479937538,0.00301733169286341,0.984468411775682,0
"DTXSID8020913",128.18,5.80403976689223,0.147291154649906,1852.27984384467,1.27601776005064,0.00121958610355425,0.788784578161035,0
