"dtxsid","molwt","vapor","solub","kow","decay.air","decay.sur","diffus.air","conc.out"
"DTXSID2021781",278.35,0.00142084279884912,0.0339516520896229,45782.1522310102,0.536345845650347,0.00112752930644417,0.608926991524298,0
"DTXSID3020205",312.37,0.000505538678952561,0.00734554176637011,16931.8067057519,0.833331857305249,0.000580559379499287,0.439417874757294,0
"DTXSID7021360",92.14,1121.74932008797,4.45547428200162,767.819488113927,0.648887341793949,0.00195373926191183,0.723115729020662,0
"DTXSID8020462",106.12,0.610230980633958,7207.11789999203,0.0765862872304165,1.4846401096051,0.00172865114297904,0.732779869466533,0
"DTXSID8020913",128.18,3.54241167227037,0.104250312137667,4650.23298861817,3.96220999579654,0.00135334581168714,0.982468469489337,0
