"dtxsid","molwt","vapor","solub","kow","decay.air","decay.sur","diffus.air","conc.out"
"DTXSID2021781",278.35,0.000850601285300766,0.0274003214330701,35448.1149983093,0.665755285237658,0.000790546304613863,0.790504306145633,0
"DTXSID3020205",312.37,0.00106259251836641,0.0170128770804012,16221.5201738439,0.647253651443553,0.000775373086093315,0.423502494723196,0
"DTXSID7021360",92.14,595.160078389217,7.4218984191221,485.770595578213,0.275141307277449,0.00122468114586166,0.984834106502411,0
"DTXSID8020462",106.12,1.31606535416467,8059.62121258566,0.0680845272589784,2.35434546670384,0.00140523253879893,1.09774732748804,0
"DTXSID8020913",128.18,10.1067773442095,0.128218233761926,984.114996182554,1.55845576660717,0.00073668141052427,0.736558673713777,0
