"dtxsid","molwt","vapor","solub","kow","decay.air","decay.sur","diffus.air","conc.out"
"DTXSID2021781",278.35,0.0064296640685529,0.0216396784771564,47988.9493659333,0.89171928815275,0.00117156955715885,0.695354001338525,0
"DTXSID3020205",312.37,0.000207403285872682,0.0168091664073731,21528.9794116996,0.979549057002889,0.000750281486529936,0.569273768930916,0
"DTXSID7021360",92.14,3339.74863764145,3.90827462911757,334.684973137029,0.491877399948172,0.000605987472273759,0.614146968758023,0
"DTXSID8020462",106.12,1.361647430332,6810.90226831842,0.0315672166609439,2.40149842172732,0.00038595200148449,0.854931004112414,0
"DTXSID8020913",128.18,5.47580787254853,0.116051448778766,2964.29729742398,2.80243693993337,0.00160540602638182,0.680310379140926,0
