"dtxsid","molwt","vapor","solub","kow","decay.air","decay.sur","diffus.air","conc.out"
"DTXSID2021781",278.35,0.00542193700965015,0.024060432684354,37509.8388791458,1.09052002530695,0.000912117707570087,0.607934243752317,0
"DTXSID3020205",312.37,0.00169681687892995,0.0104730354841111,17345.0796634647,1.29343476773783,0.0013333278796039,0.312733297048088,0
"DTXSID7021360",92.14,811.979868949628,5.69252092021047,471.492260579085,0.693315938053894,0.000504747566312819,0.720752152504586,0
"DTXSID8020462",106.12,0.422594434836248,14125.9028872605,0.0664840689055348,1.96609632609575,0.00176553772700815,0.566559923908987,0
"DTXSID8020913",128.18,16.6357879493151,0.150171139153,716.315618565411,0.660057942353303,0.000715391643167144,0.975401550559548,0
