"dtxsid","molwt","vapor","solub","kow","decay.air","decay.sur","diffus.air","conc.out"
"DTXSID2021781",278.35,0.00885781139982371,0.0345345163071624,78436.2626880859,0.525681442760413,0.000277178696370619,0.267837446673549,0
"DTXSID3020205",312.37,0.000231266663268492,0.0116413266116504,24108.3600322114,0.351388291745886,0.000582298911437795,0.407052454992002,0
"DTXSID7021360",92.14,5466.71431965251,5.20287356865565,325.31718025294,0.482636968504232,0.00131347140414338,1.22661761500997,0
"DTXSID8020462",106.12,2.8880805113446,15642.752628358,0.158908803859185,1.59156525513339,0.000849227994834687,0.847981857781296,0
"DTXSID8020913",128.18,9.35932433161337,0.130168784552527,2669.79298161434,1.37379002961526,0.000304545177137609,0.950131861473681,0
