"dtxsid","molwt","vapor","solub","kow","decay.air","decay.sur","diffus.air","conc.out"
"DTXSID2021781",278.35,0.00200910022185375,0.026422971009636,26810.4342037741,0.593700209851642,0.00126481931204555,0.559969055190707,0
"DTXSID3020205",312.37,0.00091438854112444,0.00818062811534921,11426.8271156437,0.386835929978496,0.00144661176085399,0.436678704622772,0
"DTXSID7021360",92.14,2937.44562051984,3.67136094440198,310.630170702803,0.447059975048136,0.000709545522701754,1.10203019997563,0
"DTXSID8020462",106.12,3.31456841478319,10111.8802632972,0.183190599733511,2.23889266009516,0.000266130766982304,1.03767592666193,0
"DTXSID8020913",128.18,3.80574556193482,0.305551757542695,2951.3964806202,2.43043684125576,0.00088395661662915,0.543559187291083,0
