"dtxsid","molwt","vapor","solub","kow","decay.air","decay.sur","diffus.air","conc.out"
"DTXSID2021781",278.35,0.000802946407114235,0.0266374746936826,45658.1027718163,0.557599525504552,0.0012902008411636,0.773817552108317,0
"DTXSID3020205",312.37,0.000189821719942071,0.01211208001587,6728.67595739462,0.379367337064598,0.000843238212674021,0.803462643088192,0
"DTXSID7021360",92.14,4136.60309463111,5.23997488810552,521.018026564493,0.472483367719702,0.00105124817851825,0.758639418262547,0
"DTXSID8020462",106.12,1.13640384129054,11891.0858123178,0.136817192643023,2.92223226939773,0.000793365617404497,0.662322744643909,0
"DTXSID8020913",128.18,16.3018010027407,0.15674654501216,1358.25416653076,1.56008074328044,0.000995965753065865,0.881227463311934,0
