"dtxsid","molwt","vapor","solub","kow","decay.air","decay.sur","diffus.air","conc.out"
"DTXSID2021781",278.35,0.00824357042242367,0.0272472317406969,24205.5033593633,0.36283215446723,0.00089537632166759,0.592989884849066,0
"DTXSID3020205",312.37,0.00040196775190861,0.00731022165927449,13397.2130709836,0.417452783650027,0.00104656899715039,0.621756575367172,0
"DTXSID7021360",92.14,10309.3382460345,4.37558406654245,836.015655367785,0.215929532427042,0.000331052551933662,1.02070587111892,0
"DTXSID8020462",106.12,0.574979779053647,7368.34922184278,0.125107254853204,4.0592174160443,0.000872035831615333,0.891703497242374,0
"DTXSID8020913",128.18,19.8566403031604,0.132914738015939,3107.77518032668,0.937105699335333,0.00146378504843606,0.999258545996825,0
