"dtxsid","molwt","vapor","solub","kow","decay.air","decay.sur","diffus.air","conc.out"
"DTXSID2021781",278.35,0.00192858841490988,0.0358389261853472,32546.4368400286,0.778021811910273,0.000753198946201404,0.402419626409346,0
"DTXSID3020205",312.37,0.000422557763252076,0.00913042669469818,24333.7094493415,0.465530122822552,0.00068365952013622,0.349938409276159,0
"DTXSID7021360",92.14,5804.82181241037,3.42795546100224,219.901128692797,0.40637467714208,0.00105184082765233,0.58750651429813,0
"DTXSID8020462",106.12,2.01043035886255,7327.75673208634,0.0580594665155299,1.36875567627159,0.000674228843795342,0.71140451859952,0
"DTXSID8020913",128.18,10.2624698249155,0.127653845890487,2006.73387689249,1.10712887539018,0.00104256200796759,0.448523700897427,0
