"dtxsid","molwt","vapor","solub","kow","decay.air","decay.sur","diffus.air","conc.out"
"DTXSID2021781",278.35,0.00118575404002663,0.0272523721267756,29288.9551459324,0.538928509307748,0.00101081107935242,0.50521405292736,0
"DTXSID3020205",312.37,0.000501156611454414,0.0074724497076304,25228.0892404849,0.767675212171796,0.000827642130983637,0.6250853797238,0
"DTXSID7021360",92.14,5045.17020434133,4.80147134447491,311.889057904455,0.501509226028131,0.00069245727547682,0.884838838629405,0
"DTXSID8020462",106.12,0.325130574685681,10963.7247422926,0.0829325339600634,1.31584015085694,0.000809737006268752,0.862994754556991,0
"DTXSID8020913",128.18,11.6028272517473,0.213106550041279,3314.88859177857,1.6331851170593,0.000671809245755668,0.861076362576225,0
