"dtxsid","molwt","vapor","solub","kow","decay.air","decay.sur","diffus.air","conc.out"
"DTXSID2021781",278.35,0.00319808343836439,0.0432460135955779,25265.0966555504,0.567202615270411,0.000432267520272734,0.46259813686428,0
"DTXSID3020205",312.37,0.0011492890378043,0.00827256099951139,45039.2607545881,0.553541280669359,0.000932751585593386,0.367707898520656,0
"DTXSID7021360",92.14,1466.2743716083,5.7055537150092,445.796531468124,0.218435639977331,0.00149024061548137,0.610969337871696,0
"DTXSID8020462",106.12,0.757150347670246,6897.52310666484,0.0623765808014515,2.75551609837879,0.000658572604608071,0.471365925583979,0
"DTXSID8020913",128.18,11.2262863065714,0.186352272501193,4524.78128786685,1.43336192004678,0.00105992926275065,1.0872903997884,0
