"dtxsid","molwt","vapor","solub","kow","decay.air","decay.sur","diffus.air","conc.out"
"DTXSID2021781",278.35,0.00753884506065387,0.038143017837454,22549.4759460179,0.583373070869181,0.00221956444979379,0.597864775735498,0
"DTXSID3020205",312.37,0.000439716076819274,0.00769791714614852,26987.7748868563,1.99774440646909,0.00104827377877559,0.405624875207323,0
"DTXSID7021360",92.14,7186.59501586132,5.15526315159096,874.531156347658,0.393646720795327,0.000756886932890192,0.723800595181653,0
"DTXSID8020462",106.12,0.579243536691423,13615.9606420598,0.0831074270084913,2.37821196160183,0.00110433541077674,0.463450096605,0
"DTXSID8020913",128.18,8.22435729715349,0.155313018681558,1337.33154864878,3.80966000115808,0.00080510969394895,1.01923430926744,0
