"dtxsid","molwt","vapor","solub","kow","decay.air","decay.sur","diffus.air","conc.out"
"DTXSID2021781",278.35,0.00851846691103597,0.023487726606827,58745.8412094566,0.530804476713356,0.000878086082333559,0.768237373149363,0
"DTXSID3020205",312.37,0.000497232991442834,0.0119908597253159,26876.6632697185,0.326090608598255,0.000951575887097262,0.489854437090022,0
"DTXSID7021360",92.14,4829.74066174804,7.33595246263922,210.053681904485,0.463255959737865,0.000916637931680648,0.602211866832067,0
"DTXSID8020462",106.12,0.469881645489191,6539.01158784382,0.126930455278935,2.69516348647294,0.0015264126749952,0.664563810621082,0
"DTXSID8020913",128.18,2.73427492116799,0.263906522142589,2844.61860109358,1.95281016408426,0.00143891543358379,0.630715191116293,0
