"dtxsid","molwt","vapor","solub","kow","decay.air","decay.sur","diffus.air","conc.out"
"DTXSID2021781",278.35,0.00122395423208113,0.0410987874479111,22671.1476807454,0.672470554518811,0.000799400192152633,0.548495119265432,0
"DTXSID3020205",312.37,0.000289306866874066,0.0131097605930754,32294.7017938798,0.403269815592321,0.000756374458131873,0.570899434577286,0
"DTXSID7021360",92.14,1195.07084329655,6.25440182264222,380.165458709943,0.405391469033851,0.000566044885443783,0.643355423168967,0
"DTXSID8020462",106.12,0.390093466229145,13635.4944391616,0.046558117632661,3.17257140303978,0.00138213285737504,0.805328332924665,0
"DTXSID8020913",128.18,32.7389257530276,0.113980348124519,3098.56542498752,0.844462319245674,0.00113463923815979,0.889395603407224,0
