"dtxsid","molwt","vapor","solub","kow","decay.air","decay.sur","diffus.air","conc.out"
"DTXSID2021781",278.35,0.0033609525369613,0.0345196180952188,29647.7287871424,1.21346535998063,0.00136257245495673,0.635017440729143,0
"DTXSID3020205",312.37,0.000848785707121718,0.00647320548398849,10661.3685143901,1.21880630126329,0.00203267486938491,0.437022524703713,0
"DTXSID7021360",92.14,3400.31818101172,3.36678373985127,349.305813660617,0.589596150597099,0.00153635772420218,1.02078233531925,0
"DTXSID8020462",106.12,1.23675631311076,7747.70997705903,0.164268784745517,1.85713139367404,0.000911175416947391,1.14713432073642,0
"DTXSID8020913",128.18,5.10872412954068,0.102075892724268,2543.0001157595,1.89355850606221,0.000812799240154549,0.905582175673912,0
