"dtxsid","molwt","vapor","solub","kow","decay.air","decay.sur","diffus.air","conc.out"
"DTXSID2021781",278.35,0.00838821311392564,0.0296361616674489,23153.4676167134,1.31616816798099,0.00107385812605737,0.650834478195074,0
"DTXSID3020205",312.37,0.000813305200269623,0.00578789304667602,43634.8148991504,0.646976544805897,0.000679824351592519,0.34251849459207,0
"DTXSID7021360",92.14,1624.33484054781,4.4383104729917,434.257182793181,0.566274587923646,0.00103673252325244,1.28026904084095,0
"DTXSID8020462",106.12,2.43119535322081,5655.37444678136,0.0653151920905345,1.08981924677506,0.00127347547356517,0.880537080914142,0
"DTXSID8020913",128.18,5.09826801555205,0.201304178086773,1200.45879777904,0.814581024087235,0.000579716615832719,0.54002321355448,0
