"dtxsid","molwt","vapor","solub","kow","decay.air","decay.sur","diffus.air","conc.out"
"DTXSID2021781",278.35,0.00399715209387691,0.0228512718005578,23385.6208354373,0.399819496180846,0.00119811752786131,0.511331929077939,0
"DTXSID3020205",312.37,0.000799061530911824,0.008433615449376,23744.1941103169,1.34460932218761,0.00190729635499088,0.454404120215751,0
"DTXSID7021360",92.14,4402.73993615224,6.03637059117065,321.783844182875,0.490708714635979,0.000737925444938426,1.0664583256249,0
"DTXSID8020462",106.12,1.25901983765383,7258.97092038287,0.0990557784910108,2.39270032911894,0.00124028865436472,0.795725582564124,0
"DTXSID8020913",128.18,1.43840009549235,0.156491391276366,1435.63317966847,1.69180182968456,0.00240382356932415,0.588200494434747,0
