"dtxsid","molwt","vapor","solub","kow","decay.air","decay.sur","diffus.air","conc.out"
"DTXSID2021781",278.35,0.00230222193969224,0.0454929228652512,31282.6867153553,0.568010684398855,0.000533599260494259,0.435047974348405,0
"DTXSID3020205",312.37,0.000686406487301451,0.00905380224660196,21676.2526178187,1.03046686866415,0.00122005800638168,0.602409912766412,0
"DTXSID7021360",92.14,2812.42329664333,4.1776031316066,327.210662123567,0.26836430433295,0.00186691734946022,0.757603852766356,0
"DTXSID8020462",106.12,1.20259995803808,8857.94800891907,0.0698505121007506,1.36555261770238,0.00146704376479661,0.843433877897006,0
"DTXSID8020913",128.18,4.83922341921241,0.122232245304989,2189.09951521805,2.03641876933541,0.000562239717835728,0.716105339298839,0
