"dtxsid","molwt","vapor","solub","kow","decay.air","decay.sur","diffus.air","conc.out"
"DTXSID2021781",278.35,0.00726453762689852,0.0396419296545597,45649.9083138131,0.490018671616873,0.000812774183224094,0.416157823908238,0
"DTXSID3020205",312.37,0.00067074989220691,0.0142462815650002,51038.7436615959,0.799378939702528,0.00332778172039047,0.78625430787913,0
"DTXSID7021360",92.14,2945.37192093256,2.88024150614168,505.440353960165,0.655697884761384,0.00184464738024857,0.811623746560247,0
"DTXSID8020462",106.12,0.415562336866973,11074.0615476469,0.125821923387179,2.4841424449217,0.000899475859572411,0.77014523618483,0
"DTXSID8020913",128.18,9.54090260670428,0.114669863360279,1121.17025070709,1.9492032617829,0.000839398355787671,0.846898488975826,0
