"dtxsid","molwt","vapor","solub","kow","decay.air","decay.sur","diffus.air","conc.out"
"DTXSID2021781",278.35,0.00737279634332835,0.0374233203836678,34909.9673128524,0.942187479485865,0.0013016499046745,0.443207917143949,0
"DTXSID3020205",312.37,0.000315472172758065,0.0105518988571552,15891.5028072928,0.601902675587687,0.00247599753993634,0.412856149409293,0
"DTXSID7021360",92.14,2119.43743843734,3.32321564430408,377.324966459022,0.543649966805861,0.00055429248250281,0.798937797433178,0
"DTXSID8020462",106.12,0.937387428458609,9253.33820708008,0.0468007745162148,2.4705662862382,0.00112668326606318,0.552997465505925,0
"DTXSID8020913",128.18,4.18625048052782,0.183332439332287,3144.62399019477,1.37979498091467,0.0012385744801864,0.781582026987386,0
