"dtxsid","molwt","vapor","solub","kow","decay.air","decay.sur","diffus.air","conc.out"
"DTXSID2021781",278.35,0.00423141856321135,0.0323842667130602,65002.5286658438,0.57752103257592,0.000820942006198775,0.668160551509805,0
"DTXSID3020205",312.37,0.00100780521365521,0.00706567835685983,9575.62481865097,0.842290515824468,0.000750524242618112,0.471446870574094,0
"DTXSID7021360",92.14,2534.57357262776,5.69534119526291,382.689559695885,0.585954151347585,0.0012060354906823,1.03959822449086,0
"DTXSID8020462",106.12,0.820893349553114,11838.6165632917,0.080372598733944,1.68103921255107,0.000937633287871135,0.806781513771283,0
"DTXSID8020913",128.18,7.31591296748976,0.168498217127246,2493.85617286974,1.24258108250645,0.00159534933664744,0.891641774905954,0
