"dtxsid","molwt","vapor","solub","kow","decay.air","decay.sur","diffus.air","conc.out"
"DTXSID2021781",278.35,0.0053576803330756,0.0540423599402419,29465.8519465241,0.875190452020987,0.00121351288756773,0.440708286905157,0
"DTXSID3020205",312.37,0.000346129227184031,0.0121507040280089,34533.2482199906,0.415150703496268,0.000966239319926009,0.80259654583686,0
"DTXSID7021360",92.14,6612.9527718861,3.2907119297246,426.141273304238,0.332443212529702,0.000960571621832161,0.668480839894508,0
"DTXSID8020462",106.12,0.563947896505719,6145.72632182389,0.0284892349609548,2.60732189743775,0.00110916576107347,0.827273852060246,0
"DTXSID8020913",128.18,3.4322519116162,0.0932972835884937,2296.29589641281,1.24639473036619,0.00110246761669346,0.55600362488495,0
