"dtxsid","molwt","vapor","solub","kow","decay.air","decay.sur","diffus.air","conc.out"
"DTXSID2021781",278.35,0.00332723494873338,0.0486962471353957,43575.1981120338,0.457841078349638,0.0019143490426249,0.726247154137607,0
"DTXSID3020205",312.37,0.000745328269690621,0.00437955651886742,13216.9346818029,0.831726272981013,0.0010842427806407,0.499302364264274,0
"DTXSID7021360",92.14,7857.08627284403,3.8592192968437,385.1479969157,0.184467015721341,0.000899767904670888,1.68231699732422,0
"DTXSID8020462",106.12,0.211659691955536,7085.12668107644,0.112318213740376,1.65813778031015,0.000643102020319797,0.778160468326036,0
"DTXSID8020913",128.18,4.60929377526435,0.137088855334364,1540.8882322821,2.11354479370635,0.00199984208567701,0.538975740919467,0
