"dtxsid","molwt","vapor","solub","kow","decay.air","decay.sur","diffus.air","conc.out"
"DTXSID2021781",278.35,0.00573518042999874,0.0353137455916799,43323.1459089321,0.734615383478235,0.000717002003173989,0.533453431700712,0
"DTXSID3020205",312.37,0.000343386605444474,0.00744736122636131,34995.1810349097,0.856603608751625,0.000762568958303099,0.617229901760417,0
"DTXSID7021360",92.14,1480.32242206618,6.03350903143672,385.484284754768,0.45163125240913,0.00146509250984741,0.98313136935552,0
"DTXSID8020462",106.12,0.879585041447329,13663.578656391,0.0861552375034107,0.814636056529028,0.00138690027633876,0.534986713153052,0
"DTXSID8020913",128.18,18.8330989413941,0.164917923853399,2866.59163007324,2.42211933622594,0.000869448586658843,1.1158034028554,0
