"dtxsid","molwt","vapor","solub","kow","decay.air","decay.sur","diffus.air","conc.out"
"DTXSID2021781",278.35,0.00301782474361448,0.0515716696006944,65597.2065891499,0.42042977933078,0.00114249596889878,0.399295521023559,0
"DTXSID3020205",312.37,0.000372690325220936,0.0153077810476685,25411.6307483004,0.470328455142871,0.000769528681716993,0.568220977932677,0
"DTXSID7021360",92.14,1989.79000675887,5.03063160970602,588.414157723957,0.234626409144178,0.000640430914807524,0.68554148092491,0
"DTXSID8020462",106.12,0.281499110882596,5174.55489157496,0.0854381161116051,1.78946711065178,0.000868248680365149,0.590778820762131,0
"DTXSID8020913",128.18,6.88106188174102,0.102556906288956,1888.02603695462,3.12677836103743,0.000751515363505149,0.636168842583912,0
