"dtxsid","molwt","vapor","solub","kow","decay.air","decay.sur","diffus.air","conc.out"
"DTXSID2021781",278.35,0.00159331028225732,0.0336608127624676,28916.6154068562,0.79550118491748,0.000909417501587154,0.480941868874932,0
"DTXSID3020205",312.37,0.00118120927429314,0.0116679307942528,30981.4763439243,1.35569146712555,0.000853371056712021,0.385712673154123,0
"DTXSID7021360",92.14,3798.21961820782,3.56658326492345,257.863103027594,0.244006472857221,0.000909360022645698,0.651808390268125,0
"DTXSID8020462",106.12,0.562733760813494,7609.18852100665,0.0863215272167285,1.25949909602631,0.000804157638789462,0.441919584607552,0
"DTXSID8020913",128.18,24.5741970330101,0.182564606708106,809.693036859397,1.09830901322349,0.000859974165710804,1.30226706910841,0
