"dtxsid","molwt","vapor","solub","kow","decay.air","decay.sur","diffus.air","conc.out"
"DTXSID2021781",278.35,0.00265778289456777,0.022177695828292,15891.8767685444,1.09478806711688,0.00055655148401173,0.629330190506174,0
"DTXSID3020205",312.37,0.000365778243004995,0.0105863279470141,25256.5308665505,0.761776669141854,0.000948793095696029,0.688919298748895,0
"DTXSID7021360",92.14,1579.28443091802,3.3377377092694,220.63696232429,0.270173507231099,0.00173618763258966,0.861118374086863,0
"DTXSID8020462",106.12,0.220245883079087,7809.30950998076,0.102586368091774,1.96780501551143,0.000555666098741099,1.08334400905014,0
"DTXSID8020913",128.18,10.0834891377349,0.101068105896733,2067.18584984864,2.52153803572892,0.00103988450019484,0.65227559470845,0
