"dtxsid","molwt","vapor","solub","kow","decay.air","decay.sur","diffus.air","conc.out"
"DTXSID2021781",278.35,0.00882359760396803,0.0264821176851911,45975.7444236792,1.69488982782237,0.00150183096984775,0.399634841685482,0
"DTXSID3020205",312.37,0.000478612869153905,0.010101914427444,15693.8250725335,1.43725807344994,0.00115182511003905,0.645719531372181,0
"DTXSID7021360",92.14,3539.66983791233,5.76444475926469,468.773174615786,0.681903993274329,0.000719842096787998,1.13866431412884,0
"DTXSID8020462",106.12,0.249802009527266,6571.72210424531,0.043425118448304,2.71936970926009,0.0012319560597677,1.04751479943096,0
"DTXSID8020913",128.18,4.06695368815571,0.164732115514111,2349.36695444674,1.33117377422809,0.000779027056819775,0.791473397199771,0
