"dtxsid","molwt","vapor","solub","kow","decay.air","decay.sur","diffus.air","conc.out"
"DTXSID2021781",278.35,0.00229175456072334,0.0382026576052256,17915.4021699541,0.808989084405671,0.00156716495066114,0.638443425355782,0
"DTXSID3020205",312.37,0.000528623393869235,0.00679783535678616,17649.3496116287,1.02717406706354,0.00186183487735576,0.2890080656933,0
"DTXSID7021360",92.14,2237.54703377105,5.60445052352802,926.898952178498,0.595062986862923,0.00140730512790005,1.10115914914491,0
"DTXSID8020462",106.12,0.724778411148098,8871.81997935764,0.0624862415139003,1.43402280359786,0.00259142101021754,1.57250754536491,0
"DTXSID8020913",128.18,10.7559279387199,0.112060094954977,2451.59387619185,1.24734997753876,0.00153176465911881,1.10765944493887,0
