"dtxsid","molwt","vapor","solub","kow","decay.air","decay.sur","diffus.air","conc.out"
"DTXSID2021781",278.35,0.00240844959554973,0.0396451898125992,31273.2010109837,0.483489819099424,0.00148146563062966,0.431551001438507,0
"DTXSID3020205",312.37,0.000392665296187997,0.014604769397115,8948.61352698732,0.474040717074393,0.00114471824151542,0.746586362768525,0
"DTXSID7021360",92.14,2986.12202972277,3.47018230779091,254.467493132192,0.152886190791735,0.00126948409404223,0.700092264790839,0
"DTXSID8020462",106.12,0.698174898170355,4933.94068502387,0.0947217163673549,1.80095736202907,0.000874510893220648,0.571670088504718,0
"DTXSID8020913",128.18,4.46957744498716,0.129243443052615,1629.75822730284,0.89324559242187,0.000961830384703777,0.624259041786411,0
