"dtxsid","molwt","vapor","solub","kow","decay.air","decay.sur","diffus.air","conc.out"
"DTXSID2021781",278.35,0.00161030517524003,0.0452780349436133,36895.886979198,0.506979377340815,0.00151173545707604,0.355476657486998,0
"DTXSID3020205",312.37,0.00135063526081077,0.01073777908252,24200.6144206518,1.76684865340144,0.00169360185605452,0.469246508541963,0
"DTXSID7021360",92.14,2789.58527585016,4.53624228574084,514.658589071911,0.445375449517312,0.00145517947387541,1.02552924499193,0
"DTXSID8020462",106.12,0.419575920834867,7509.31427308444,0.103258074403513,1.57057275579194,0.00132638140308826,0.632383586647974,0
"DTXSID8020913",128.18,12.9718802417336,0.123079633523286,3064.72676361335,2.0447356758001,0.0012039418450604,0.722707536148499,0
