"dtxsid","molwt","vapor","solub","kow","decay.air","decay.sur","diffus.air","conc.out"
"DTXSID2021781",278.35,0.00400976856396586,0.0301179597787372,24624.9266351777,0.7712299234608,0.000939800920116337,0.365412839966824,0
"DTXSID3020205",312.37,0.00022605194449026,0.00833463069866598,9014.09985864081,0.697840182183399,0.00180555805069181,0.559277506997625,0
"DTXSID7021360",92.14,1179.45538986275,4.55374829258981,330.538263254181,0.281032895021376,0.00211917289980368,0.904500117092162,0
"DTXSID8020462",106.12,0.842159388046893,5635.05765180388,0.0408110239077344,1.87900622059963,0.00101865272588354,0.556397961424536,0
"DTXSID8020913",128.18,2.70490003968858,0.111493812099373,3300.32800582338,1.09129902536872,0.00106169402629889,0.543901994342433,0
