"dtxsid","molwt","vapor","solub","kow","decay.air","decay.sur","diffus.air","conc.out"
"DTXSID2021781",278.35,0.0018256303833625,0.0441740774250357,83074.7763234228,1.19566512784363,0.00119992379338324,0.244299889216333,0
"DTXSID3020205",312.37,0.000930557637995838,0.0150838868304591,41701.7916397072,0.791994011431328,0.00149626708361843,0.388466823646345,0
"DTXSID7021360",92.14,3727.37848431991,4.43085581198252,630.831407721766,0.289928023066052,0.000867539523830138,0.590677153366668,0
"DTXSID8020462",106.12,0.39313249581597,8376.87015198778,0.117518850729407,2.72406310744409,0.00141435255677677,1.21796228592202,0
"DTXSID8020913",128.18,29.1463902418094,0.170301902793996,3250.45862772782,1.75670327852493,0.000833702950351482,0.569949526740961,0
