"dtxsid","molwt","vapor","solub","kow","decay.air","decay.sur","diffus.air","conc.out"
"DTXSID2021781",278.35,0.00426217673210334,0.0560557501077869,20494.9514683777,0.419510410757722,0.000873546368289348,0.57644846215286,0
"DTXSID3020205",312.37,0.000199633008706011,0.0107353129602368,31404.2089751892,1.42633004352989,0.00117514445366967,0.602814636162885,0
"DTXSID7021360",92.14,6069.33145503305,4.93437350041773,353.372760475146,0.491209351774956,0.000836990128559049,1.20853857848113,0
"DTXSID8020462",106.12,0.485492307505102,5918.17345884857,0.043913302062107,1.49691461068145,0.00136186863926131,1.07326791128168,0
"DTXSID8020913",128.18,13.8322506150616,0.189287571390058,3214.771276086,0.976363244918324,0.000952832158474196,0.601378208739509,0
