"dtxsid","molwt","vapor","solub","kow","decay.air","decay.sur","diffus.air","conc.out"
"DTXSID2021781",278.35,0.00366299819065287,0.0441190323606007,51788.5479145069,0.923433846320453,0.000761295657291922,0.399058241051391,0
"DTXSID3020205",312.37,0.000496027177987154,0.00608404868559075,13477.0605254367,0.594982994411956,0.00142982650944329,0.329004038311724,0
"DTXSID7021360",92.14,665.991040300618,5.52640246809739,210.942168840485,0.536252764139162,0.000676720524166794,1.2205929570426,0
"DTXSID8020462",106.12,1.53287392880227,9014.72493624052,0.0667653457806054,3.12820233743233,0.000654093429376693,0.752960951275964,0
"DTXSID8020913",128.18,2.83764079126449,0.219277699763413,2554.85730059247,1.87650473330201,0.00100430849748813,0.848836311477917,0
