"dtxsid","molwt","vapor","solub","kow","decay.air","decay.sur","diffus.air","conc.out"
"DTXSID2021781",278.35,0.00328154377037032,0.0341748934174645,28375.1502273163,0.386762495921771,0.00183386708093953,0.766419147668022,0
"DTXSID3020205",312.37,0.000646170213356222,0.0107002753926492,22898.4727484053,0.733544500031746,0.000977305667049,0.502489874943225,0
"DTXSID7021360",92.14,3720.93235919023,2.82756888045284,622.415886994086,0.659519694155145,0.000547144843468019,1.32927194638954,0
"DTXSID8020462",106.12,1.0403192012543,7160.09146907426,0.0440983169222844,1.55474020685169,0.00118367305398711,0.774049627223425,0
"DTXSID8020913",128.18,11.8991998568837,0.153248212147452,1872.04982833501,1.77593932243506,0.000762949773915219,0.364876893789354,0
