"dtxsid","molwt","vapor","solub","kow","decay.air","decay.sur","diffus.air","conc.out"
"DTXSID2021781",278.35,0.00487851407388088,0.0276323791281591,27651.3027410491,0.769172508315977,0.00115712378709487,0.683205921124477,0
"DTXSID3020205",312.37,0.000219148662410783,0.00952928970414432,19559.6706933446,0.45220217366353,0.00149460684842686,0.624972570783157,0
"DTXSID7021360",92.14,15136.0125574016,4.69318419651463,468.41021321813,0.397390352423291,0.00111149198857455,0.516092521273484,0
"DTXSID8020462",106.12,0.580007580165009,13085.1293807498,0.10189247529333,4.72840760049389,0.000928462868831684,0.7213178605553,0
"DTXSID8020913",128.18,5.32733758538634,0.127661614512964,3339.33386373336,0.547271571633367,0.000701576146338325,0.611163027032108,0
