"dtxsid","molwt","vapor","solub","kow","decay.air","decay.sur","diffus.air","conc.out"
"DTXSID2021781",278.35,0.00360258016627022,0.0314403397059427,40906.4764025901,0.576425787497444,0.000936317444276091,0.490916569207216,0
"DTXSID3020205",312.37,0.00524815970306064,0.00928423582882111,21699.6383505754,0.950609488825049,0.00089013798665179,0.501851335017918,0
"DTXSID7021360",92.14,2442.62210070824,3.8803211258196,166.926877013409,0.201227232103237,0.000802201310830835,0.772521457166232,0
"DTXSID8020462",106.12,1.48962417356857,5518.478637669,0.121688945475858,4.12607924230599,0.00144419180351449,1.091274500242,0
"DTXSID8020913",128.18,14.7272233450115,0.121002991428665,2803.18740069138,2.08528922828779,0.00127269956223325,0.66991241433975,0
