"dtxsid","molwt","vapor","solub","kow","decay.air","decay.sur","diffus.air","conc.out"
"DTXSID2021781",278.35,0.00125749343730095,0.0238432200393552,28264.8951802448,0.556548614826825,0.000689384999611026,0.318522051250102,0
"DTXSID3020205",312.37,0.000263012028921944,0.0116050104636021,12927.3880098953,0.876893986505182,0.00233101034018062,0.330086402727167,0
"DTXSID7021360",92.14,2117.45476122128,4.6891659659156,518.766049681903,0.768514285680985,0.00193267625864048,0.70098761072758,0
"DTXSID8020462",106.12,0.586389718296542,5738.08691626325,0.0773603038038616,1.00791277270728,0.00131059230343359,0.671667421776632,0
"DTXSID8020913",128.18,5.9465807418349,0.182968771083781,1662.55424288977,1.14982057178487,0.00125750665586954,0.708743438442984,0
