"dtxsid","molwt","vapor","solub","kow","decay.air","decay.sur","diffus.air","conc.out"
"DTXSID2021781",278.35,0.00267839900402169,0.0367301647938692,31163.2321938261,0.68448740880802,0.00129329939831105,0.851980541067568,0
"DTXSID3020205",312.37,0.00101836316924254,0.00992819175932519,13593.9029289939,0.892320444986242,0.00107365779104055,0.721582373583375,0
"DTXSID7021360",92.14,2728.51920753006,4.04827833330719,295.079776920314,0.5319346937144,0.00122117328277814,1.0858422068498,0
"DTXSID8020462",106.12,1.54136587350539,9619.97785708288,0.130395084493273,1.42963325512932,0.000679391584282599,0.583427504953318,0
"DTXSID8020913",128.18,16.5783823047625,0.181426748476464,2482.83075386865,2.74448638375478,0.000798589111427619,0.839545331801614,0
