"dtxsid","molwt","vapor","solub","kow","decay.air","decay.sur","diffus.air","conc.out"
"DTXSID2021781",278.35,0.00152920716065497,0.0281607225102921,22862.155924562,0.741425614736897,0.00260954699966546,0.477944299153323,0
"DTXSID3020205",312.37,0.000325346625797627,0.00789225853268846,38879.4647169146,0.656761228208314,0.000647847378856498,0.620165273362381,0
"DTXSID7021360",92.14,2002.39685510845,2.54655550079518,334.947169260587,0.245108227064147,0.000844602331553286,1.20219899565814,0
"DTXSID8020462",106.12,0.576295161457234,9428.75835889427,0.0390490254603357,1.8754240196198,0.000661192846018495,0.899459066089591,0
"DTXSID8020913",128.18,2.42644010186371,0.179868499930704,3163.48913060499,2.10997637896339,0.000855462467938703,0.731527914124553,0
