"dtxsid","molwt","vapor","solub","kow","decay.air","decay.sur","diffus.air","conc.out"
"DTXSID2021781",278.35,0.00434667347214671,0.0394323655449948,18887.1577892581,1.54762177840669,0.00213719522498909,0.645803540289202,0
"DTXSID3020205",312.37,0.00140614844458837,0.00714271047634319,16106.9420048583,0.450492780970702,0.00206001120784974,0.349083209174947,0
"DTXSID7021360",92.14,1223.23655474263,6.41398757791098,509.861749537273,0.298584225388232,0.00186637855094179,1.27675562401166,0
"DTXSID8020462",106.12,0.565803636963279,8989.44681953395,0.130070602311975,2.21455559474802,0.000648553505399749,0.507599663310696,0
"DTXSID8020913",128.18,12.2540870268737,0.113246626589678,1253.10407890293,3.06195336891691,0.00061872369806883,0.544743214550856,0
