"dtxsid","molwt","vapor","solub","kow","decay.air","decay.sur","diffus.air","conc.out"
"DTXSID2021781",278.35,0.00220931454585486,0.0426753413287069,32438.3977330652,0.238488384471996,0.000655602217291883,0.560906192614934,0
"DTXSID3020205",312.37,0.000401920743424877,0.0106329030367294,11561.7847255153,0.433544793046897,0.00157355123114421,0.425437452126893,0
"DTXSID7021360",92.14,1856.4401951967,6.04516974486962,662.579720451788,0.276312361073159,0.00106390049714253,0.825252805986503,0
"DTXSID8020462",106.12,0.476693412430924,5147.71145167531,0.0759398292322536,2.0099065878444,0.000986926895174604,1.15683923351193,0
"DTXSID8020913",128.18,6.71208972087014,0.0713052952283503,7435.79255562347,2.07838514174094,0.00068942825324692,0.667925513781293,0
