"dtxsid","molwt","vapor","solub","kow","decay.air","decay.sur","diffus.air","conc.out"
"DTXSID2021781",278.35,0.00294367447382378,0.0323240561102628,18151.051206882,1.1495807154735,0.000980569612666716,0.784523654816898,0
"DTXSID3020205",312.37,0.00153944466564007,0.0116307731357795,15196.9538032189,0.203250322549543,0.0012055835579578,0.552352634900469,0
"DTXSID7021360",92.14,2513.61692348059,3.94027077069349,363.497063969892,0.203483773148955,0.00167801314125504,0.730854170684786,0
"DTXSID8020462",106.12,1.71814279896053,9486.27359233185,0.083168248854679,1.1449551508261,0.00060084821682599,1.24235542577536,0
"DTXSID8020913",128.18,5.69211421438197,0.114230411145062,2824.24717321507,0.934037461773357,0.000832878509018875,0.811455807375098,0
