"dtxsid","molwt","vapor","solub","kow","decay.air","decay.sur","diffus.air","conc.out"
"DTXSID2021781",278.35,0.00346983203927507,0.037995052473503,21358.5578823883,1.11809003548039,0.000807896264902792,0.372179519976247,0
"DTXSID3020205",312.37,0.00128952892170275,0.0160355233091963,47762.5395015524,1.23292426616637,0.00103019912389708,0.503152113680892,0
"DTXSID7021360",92.14,3627.24058369615,4.3375719171026,367.822414109081,0.624671751660376,0.000691362690743494,0.710791340219853,0
"DTXSID8020462",106.12,2.31115541162596,7617.08921516817,0.0577865280713954,1.82335297744163,0.000919074325512896,0.866288847411825,0
"DTXSID8020913",128.18,4.89736851029072,0.183211259111016,1024.12486281074,1.28262695770263,0.000549122810166262,0.697858483331985,0
