"dtxsid","molwt","vapor","solub","kow","decay.air","decay.sur","diffus.air","conc.out"
"DTXSID2021781",278.35,0.00275037033493923,0.0486490272736122,35994.4526004022,0.675359526749449,0.000755711991160923,0.595363000345251,0
"DTXSID3020205",312.37,0.003556243439313,0.00979004635519423,23895.4577514122,0.789566553835956,0.00119812303285727,0.374386082675563,0
"DTXSID7021360",92.14,5115.18639324977,4.01835136033905,423.81180119261,0.417242396256673,0.000810494557428344,0.97500914377548,0
"DTXSID8020462",106.12,0.615248494739657,10409.9124679809,0.0857103305731294,1.73082249584002,0.00134180570366165,0.592459129996448,0
"DTXSID8020913",128.18,58.5993080218762,0.144994372242913,2562.55614098215,1.26667718134375,0.000898446045919577,0.883264970607636,0
