"dtxsid","molwt","vapor","solub","kow","decay.air","decay.sur","diffus.air","conc.out"
"DTXSID2021781",278.35,0.00747262366991185,0.0347822311953071,27799.587501273,0.285007734361445,0.00146922124573023,0.444755307510175,0
"DTXSID3020205",312.37,0.000820494926621639,0.010329150265558,30985.1419752976,0.73916682155769,0.00100033048209474,0.430074982517882,0
"DTXSID7021360",92.14,5083.69234630374,7.39594887734194,257.197376956432,0.176789447062883,0.000986888583827822,0.771044981045233,0
"DTXSID8020462",106.12,0.875292870033405,13318.688926031,0.0896151143656067,1.59578266728244,0.000773888200972647,0.675486664451517,0
"DTXSID8020913",128.18,7.00149655703123,0.112443522230767,1314.99104378802,2.44008604208253,0.000761041650822244,0.727838391448934,0
