"dtxsid","molwt","vapor","solub","kow","decay.air","decay.sur","diffus.air","conc.out"
"DTXSID2021781",278.35,0.00158236188863735,0.0336657594765832,16356.3608496202,0.710734129387904,0.000507414302826334,0.422353203876956,0
"DTXSID3020205",312.37,0.00151098102961522,0.00627272170539517,24166.4389634169,0.728809600492019,0.0010395281972828,0.366559322866464,0
"DTXSID7021360",92.14,2709.85858609712,7.83649549424871,530.223642899669,0.338498100806931,0.00142819259666395,0.75917821497361,0
"DTXSID8020462",106.12,0.43930015537989,5871.26403087513,0.068739781345878,2.3340975177359,0.00103206483505513,0.480834712260988,0
"DTXSID8020913",128.18,4.10175575697781,0.176566691528835,4707.94337008146,1.85901607846882,0.00141338366671332,0.733505881484759,0
