"dtxsid","molwt","vapor","solub","kow","decay.air","decay.sur","diffus.air","conc.out"
"DTXSID2021781",278.35,0.00202084203088246,0.031445038874636,20835.2620833248,0.502183788813239,0.0020277372826186,0.703032350408823,0
"DTXSID3020205",312.37,0.000465062296840394,0.0115662164698552,13841.0663682229,1.5317770650362,0.0013496405321378,0.584571599310749,0
"DTXSID7021360",92.14,2822.1716200803,4.24175893209463,325.671978132126,0.432944372143656,0.00108925064123677,0.767074483534705,0
"DTXSID8020462",106.12,0.892638250127232,12856.7828089183,0.0653537984219806,1.62879426566468,0.000979067495589708,0.572545549895438,0
"DTXSID8020913",128.18,12.6468486470034,0.13848202877254,1936.37138573665,0.73484320012625,0.000801387201737407,0.974263707826881,0
