"dtxsid","molwt","vapor","solub","kow","decay.air","decay.sur","diffus.air","conc.out"
"DTXSID2021781",278.35,0.00165446985922446,0.0267177165947883,21489.3984822566,0.705932601573448,0.00163408684025252,0.67473411578931,0
"DTXSID3020205",312.37,0.00382467297248652,0.0105963924406982,23856.0960709,1.1057232767309,0.000770933135673827,0.335385102907412,0
"DTXSID7021360",92.14,1231.33044069923,5.05904238696731,320.149396066567,0.205685337852269,0.00172710901684937,1.03221029767513,0
"DTXSID8020462",106.12,2.17734755656824,7143.69402626708,0.106200715381794,1.72580358759056,0.00121509075645337,0.862761933055162,0
"DTXSID8020913",128.18,3.73630629992405,0.19380281505545,1742.48899922965,3.45015084652961,0.000841429160171842,0.871882679401739,0
