"dtxsid","molwt","vapor","solub","kow","decay.air","decay.sur","diffus.air","conc.out"
"DTXSID2021781",278.35,0.00267953890933914,0.0439443039573356,29782.3682492922,0.608457834919706,0.00116789580495271,0.514444618982297,0
"DTXSID3020205",312.37,0.00266456473279438,0.0112441810609204,21556.1133607985,0.53177275179282,0.000842902583030563,0.613813717352889,0
"DTXSID7021360",92.14,3517.41229147633,5.84050245956364,526.189357353691,0.748214705797226,0.000507098201702368,1.30416463335108,0
"DTXSID8020462",106.12,0.420178561190328,10659.7412729049,0.121697739025742,2.43205388144389,0.00140972105023934,0.637837234262853,0
"DTXSID8020913",128.18,15.160719790247,0.186380703352994,4820.00722705185,1.3899854773764,0.00101204055902331,0.720227220887753,0
