"dtxsid","molwt","vapor","solub","kow","decay.air","decay.sur","diffus.air","conc.out"
"DTXSID2021781",278.35,0.000916554750849278,0.0403847505473822,12033.6538024506,0.694139102629736,0.00148600301027293,0.53132890661544,0
"DTXSID3020205",312.37,0.00251241624329348,0.00692845601310205,12428.2151314227,0.675975431351375,0.000677791048687997,0.707864897638799,0
"DTXSID7021360",92.14,5440.62330403648,5.02208830677046,358.992176535539,0.292350602955178,0.000888288553397603,0.62258350388018,0
"DTXSID8020462",106.12,1.2473879943308,6749.65973686485,0.0782376754785807,1.36634710515574,0.00130856217016561,0.79586496177281,0
"DTXSID8020913",128.18,11.3334651312128,0.165720912878501,2513.4888592673,0.624321376079408,0.0020611347408628,0.885317132232405,0
