"dtxsid","molwt","vapor","solub","kow","decay.air","decay.sur","diffus.air","conc.out"
"DTXSID2021781",278.35,0.00174544586865227,0.0301028098424058,28628.6455005517,1.03467610827937,0.00110786467772602,0.314106261594798,0
"DTXSID3020205",312.37,0.000724613820770096,0.0102443375032233,17213.5318600795,0.622610792445782,0.00165981846874038,0.586319418777166,0
"DTXSID7021360",92.14,4687.46767012481,5.00500870251462,278.016801422522,0.558560367878493,0.00168733772601851,1.15200794026016,0
"DTXSID8020462",106.12,0.398493359300061,11348.3196113253,0.0486188205713063,1.27888217789584,0.00138402297414807,1.23267624271125,0
"DTXSID8020913",128.18,3.99470982384711,0.1238046810114,1179.70345224561,0.989708027428402,0.00139818845717939,0.867762010542494,0
