"dtxsid","molwt","vapor","solub","kow","decay.air","decay.sur","diffus.air","conc.out"
"DTXSID2021781",278.35,0.00212671937671019,0.0532552706662391,13890.2085228853,0.59171960041683,0.00073827705128482,0.658290550797905,0
"DTXSID3020205",312.37,0.000104406672040119,0.00941242345382191,23621.1888646606,0.968165846668036,0.000894532158180045,0.552831176308878,0
"DTXSID7021360",92.14,1133.62454760609,4.70936613106531,364.232100117104,0.202816711330351,0.00168110282240758,1.14092118352902,0
"DTXSID8020462",106.12,1.4401325031902,6570.37064903231,0.315815833836711,1.8416346903286,0.00101503171929014,0.665392214384851,0
"DTXSID8020913",128.18,0.957951558287793,0.176077758638084,2657.17965375409,0.968195108845596,0.000444984213797476,1.18637638175727,0
