"dtxsid","molwt","vapor","solub","kow","decay.air","decay.sur","diffus.air","conc.out"
"DTXSID2021781",278.35,0.00203751783909696,0.0272959272823111,28168.5851792157,0.680115880571489,0.000720756808192018,0.468759972014158,0
"DTXSID3020205",312.37,0.000485484388083157,0.0106434805439891,17258.6432741101,0.309111510672793,0.000914398270075624,0.52714944733027,0
"DTXSID7021360",92.14,4736.29847791832,6.77294018404875,551.627484215168,0.355514361998635,0.00153134948767006,0.914281207734617,0
"DTXSID8020462",106.12,1.7565142431508,12036.5341080552,0.102456471475552,1.52134449247492,0.00131645921950567,0.60875591963038,0
"DTXSID8020913",128.18,10.8067997217027,0.140399581686331,2822.05517760901,1.21696542647355,0.000702446225082822,1.0823311639811,0
