"dtxsid","molwt","vapor","solub","kow","decay.air","decay.sur","diffus.air","conc.out"
"DTXSID2021781",278.35,0.00388946143134356,0.0330641658525789,33606.2318996455,0.37527574501578,0.000666790799139418,0.460843102175616,0
"DTXSID3020205",312.37,0.000502177532502795,0.00762348977024977,24371.1455730808,0.758264304089182,0.00136358590389104,0.425021564625177,0
"DTXSID7021360",92.14,1139.89241212954,5.91942509024569,488.544697940987,0.948661636748344,0.000791477175439761,0.883090137397855,0
"DTXSID8020462",106.12,1.75068090168994,8391.29712409527,0.109963350534937,1.54560319760221,0.00117442372218988,0.960938175813172,0
"DTXSID8020913",128.18,6.56047452024376,0.134659426735791,3860.26106298449,1.35707563035939,0.000666337382333885,0.963183616764653,0
