"dtxsid","molwt","vapor","solub","kow","decay.air","decay.sur","diffus.air","conc.out"
"DTXSID2021781",278.35,0.00188671285403753,0.0316029725441722,45342.8790897023,1.16218055926727,0.000895634197431242,0.773540288934657,0
"DTXSID3020205",312.37,0.00138806649837823,0.0127327670074606,21617.1896440762,0.688145831503187,0.00139718058820334,0.519892921481912,0
"DTXSID7021360",92.14,818.901704036893,3.04260605931539,385.225796880875,0.833904465474019,0.0011961970602443,0.790610057723699,0
"DTXSID8020462",106.12,1.111563753418,9728.49413273469,0.0557802709074686,2.15418622452734,0.00118744128642966,0.744352838177761,0
"DTXSID8020913",128.18,25.7437132655459,0.128123604891773,4243.86720482189,1.73438881813457,0.00104106239433376,0.993048722319075,0
