"dtxsid","molwt","vapor","solub","kow","decay.air","decay.sur","diffus.air","conc.out"
"DTXSID2021781",278.35,0.00406137545105712,0.0231709352933797,50266.6483639653,0.629686406149365,0.000840143126527003,0.665808548796084,0
"DTXSID3020205",312.37,0.000505263206809312,0.00896159882054368,16365.6807492373,1.18630901833981,0.00134141171393681,0.668072034013351,0
"DTXSID7021360",92.14,3515.57109707824,4.00860170486479,571.26492690576,0.290212066945039,0.00112459641647376,0.760546754704516,0
"DTXSID8020462",106.12,0.618027506076568,9610.73230034607,0.058479389817704,2.27074631705822,0.00102709773580985,1.12604742773368,0
"DTXSID8020913",128.18,9.3531269492558,0.106198073854327,2693.5346874494,1.36469931607872,0.000878458257246101,1.01335979563909,0
