"dtxsid","molwt","vapor","solub","kow","decay.air","decay.sur","diffus.air","conc.out"
"DTXSID2021781",278.35,0.00423065903349454,0.028255080532113,18338.7411496015,0.426645654978794,0.000566875314416155,0.78225437139347,0
"DTXSID3020205",312.37,0.000147827170957056,0.0186147760397549,21301.0370181659,0.865131698066442,0.000705050927407659,0.461349363517676,0
"DTXSID7021360",92.14,1721.22740642824,3.4530014018593,408.885250630212,0.257237594877055,0.000635660296042551,1.32599538979511,0
"DTXSID8020462",106.12,0.899838604920065,7804.16173236552,0.15506313819049,1.20286244711969,0.00105439835549865,0.530712121783376,0
"DTXSID8020913",128.18,4.80415555881781,0.121896663923605,2118.4798463745,2.37039524938734,0.000989391884519652,1.35315126253508,0
