"dtxsid","molwt","vapor","solub","kow","decay.air","decay.sur","diffus.air","conc.out"
"DTXSID2021781",278.35,0.00275721840505945,0.0687438591844966,31259.4497715417,0.683099865979639,0.0011667228573801,0.616871794017618,0
"DTXSID3020205",312.37,0.00169822164467703,0.00597834934313483,31840.9559675473,0.715196354771887,0.00165331044438189,0.561110360293441,0
"DTXSID7021360",92.14,4577.99907580153,5.06856886971982,422.38965884136,0.338271711403027,0.000914453279395107,0.996900177843252,0
"DTXSID8020462",106.12,0.494783249488679,12916.7921099876,0.136150552982143,1.97390941052861,0.000716122300033451,0.578654129492967,0
"DTXSID8020913",128.18,5.50459188523125,0.0798115602372543,1848.31899026313,2.59292005825322,0.0012747524500387,0.889579031781692,0
