"dtxsid","molwt","vapor","solub","kow","decay.air","decay.sur","diffus.air","conc.out"
"DTXSID2021781",278.35,0.00778223773876083,0.0322066043216547,36693.7946422424,0.500030900061118,0.00169088923757578,0.689571832825025,0
"DTXSID3020205",312.37,0.000969440513561845,0.0118430461523983,10761.5303730215,0.495998795779237,0.000575528257174924,0.575462026152874,0
"DTXSID7021360",92.14,1430.35285659045,4.04593304013024,802.378689403789,0.188085154570848,0.00140458753559452,0.501755090716218,0
"DTXSID8020462",106.12,0.148839695770184,6911.49310752919,0.0705496986156789,1.68963063435297,0.00235806676001363,1.05373465923807,0
"DTXSID8020913",128.18,16.0845591794171,0.172913986605546,3223.52682084658,1.02315321688347,0.00123013124112175,0.599579477425645,0
