"dtxsid","molwt","vapor","solub","kow","decay.air","decay.sur","diffus.air","conc.out"
"DTXSID2021781",278.35,0.00199171126713106,0.0284519841330214,36616.9707002347,0.433210398069827,0.00143110101303463,0.517470908537636,0
"DTXSID3020205",312.37,0.000771555821329024,0.00499966437061649,31774.1781847501,1.11587416310834,0.00108613683224217,0.61968750843385,0
"DTXSID7021360",92.14,569.497767875101,6.3322896746938,281.475855222401,0.392564221935754,0.000818470608537999,1.33173689033858,0
"DTXSID8020462",106.12,0.658784203500964,10095.2446626931,0.0728508883104484,1.46853529512495,0.000619588455736757,0.659907159557954,0
"DTXSID8020913",128.18,15.3193525236552,0.155943890676088,2658.87925850653,2.5913105425201,0.00151905409037394,0.723401629773452,0
