"dtxsid","molwt","vapor","solub","kow","decay.air","decay.sur","diffus.air","conc.out"
"DTXSID2021781",278.35,0.00413607039691759,0.0470457589101791,28906.7868579822,0.459608684544578,0.00108712842945395,0.696885952917814,0
"DTXSID3020205",312.37,0.000889973937740975,0.0128986694590103,6955.26787767745,0.430766792735423,0.00118986062733566,0.4034580625689,0
"DTXSID7021360",92.14,2354.80281610022,3.52667080273941,309.809720591159,0.766497167742758,0.000830939476406665,0.945704153529586,0
"DTXSID8020462",106.12,0.707010739071287,10542.586708173,0.119587753510256,1.83081692121241,0.00113133233601874,0.981965505617512,0
"DTXSID8020913",128.18,11.6010438739048,0.198939760833617,2170.41195029715,1.40148745056152,0.000787175596310181,0.728279368605363,0
