"dtxsid","molwt","vapor","solub","kow","decay.air","decay.sur","diffus.air","conc.out"
"DTXSID2021781",278.35,0.00142165948051965,0.03203500806599,36114.0174854921,0.517886754694419,0.00156668765821525,0.261573818197087,0
"DTXSID3020205",312.37,0.000563620182686949,0.020033779383251,18787.8424657094,0.635576803401791,0.000918442323201873,0.439676171616655,0
"DTXSID7021360",92.14,2840.38931531099,4.26445913151937,316.960686415276,0.352289374827501,0.00114173149937184,1.0677874844513,0
"DTXSID8020462",106.12,1.47881510584532,5826.87276716124,0.0420309539368563,1.87928007549698,0.0015851453711121,0.737034854891187,0
"DTXSID8020913",128.18,16.108788167301,0.176563789522146,3567.93431183296,0.972756295190768,0.000570676542542661,0.794421910797094,0
