"dtxsid","molwt","vapor","solub","kow","decay.air","decay.sur","diffus.air","conc.out"
"DTXSID2021781",278.35,0.000617746509425167,0.035354093090949,72876.4541340559,0.830002589686053,0.00057653295089258,0.679188870606336,0
"DTXSID3020205",312.37,0.00030908045186667,0.0108453628547131,10899.3025460531,0.623351415369164,0.00121054327401235,0.360964381586422,0
"DTXSID7021360",92.14,2335.53308711879,8.93764911615317,266.087497644293,0.73232984116554,0.000816314854200239,0.762434399538912,0
"DTXSID8020462",106.12,0.810374619096385,6737.41727392311,0.0591929011790737,1.96797877725287,0.00180938737642527,0.846966368076537,0
"DTXSID8020913",128.18,11.0234565138267,0.142253062306624,1895.69581072428,0.860115636097405,0.00105798062512153,0.994196209886519,0
