"dtxsid","molwt","vapor","solub","kow","decay.air","decay.sur","diffus.air","conc.out"
"DTXSID2021781",278.35,0.00709178969954583,0.0464527631056967,30183.8201239699,0.259145349667329,0.000650313340709146,0.470318171016597,0
"DTXSID3020205",312.37,0.000755985866557497,0.00883860902248545,22247.6882810868,0.723158928086718,0.00113114686334188,0.73663364330159,0
"DTXSID7021360",92.14,1586.1883208235,5.16939161483873,463.315437621273,1.21511913476467,0.00161961993756691,1.38684160501923,0
"DTXSID8020462",106.12,2.36753945323088,6078.12300092005,0.105950422940194,1.69766621170669,0.00046304455476914,1.13184923849244,0
"DTXSID8020913",128.18,5.97960864182161,0.166332876496338,3797.77064117556,1.4405479668311,0.00080108609099858,0.805731767741137,0
