"dtxsid","molwt","vapor","solub","kow","decay.air","decay.sur","diffus.air","conc.out"
"DTXSID2021781",278.35,0.00258188754247489,0.0511144932987502,76730.3333773378,0.763767582823112,0.000803316893876894,0.611266586951003,0
"DTXSID3020205",312.37,0.000747149147669318,0.010094546033678,30177.0273308233,0.36287676896464,0.000943530460647572,0.71944612563789,0
"DTXSID7021360",92.14,3074.42515332471,3.71503986309225,761.150324739935,0.338027569955597,0.000742787729307635,1.41294419548434,0
"DTXSID8020462",106.12,1.30825714579258,6224.90872056252,0.111239273561247,3.65685626602373,0.000778211166986858,0.693645385256787,0
"DTXSID8020913",128.18,19.7109996844828,0.190637198684766,2685.05804276972,0.920887380285847,0.000526507290377533,0.622705170220479,0
