"dtxsid","molwt","vapor","solub","kow","decay.air","decay.sur","diffus.air","conc.out"
"DTXSID2021781",278.35,0.0026809342176937,0.0452481050097937,44956.0252935322,0.761685609936768,0.000627125438336232,0.490789772771792,0
"DTXSID3020205",312.37,0.000619631963859353,0.0107857617343954,36986.831374885,0.97209304019694,0.00128264770560687,0.520862424932558,0
"DTXSID7021360",92.14,6327.20265699657,4.50987380598759,511.483114669203,0.565942172388624,0.0010510049956192,0.657900754337315,0
"DTXSID8020462",106.12,4.28682241975959,4691.92709225819,0.118058647928688,1.98571952642208,0.000390204163661445,0.777695170638223,0
"DTXSID8020913",128.18,30.002484116611,0.208309999821338,4542.97277095078,1.30070607558636,0.0014690517783442,1.22525279020244,0
