"dtxsid","molwt","vapor","solub","kow","decay.air","decay.sur","diffus.air","conc.out"
"DTXSID2021781",278.35,0.00575549597823631,0.0360053725759912,36531.7323839186,0.739130091771725,0.00147568828038439,0.451935614960324,0
"DTXSID3020205",312.37,0.000468965236860189,0.0110350544350702,19229.5190859885,0.960280644495099,0.000424847255560848,0.583398899058689,0
"DTXSID7021360",92.14,2233.73434059138,4.08638382845771,286.774513039793,0.572396675839026,0.00112574792193625,1.1046289284305,0
"DTXSID8020462",106.12,1.95620089237008,8080.17215694358,0.216763347186627,2.85082215702777,0.000643467647724213,1.18330967028303,0
"DTXSID8020913",128.18,13.7689665502431,0.170208938863997,3302.01417459045,1.04145349673442,0.00129154031120039,0.704220052305408,0
