"dtxsid","molwt","vapor","solub","kow","decay.air","decay.sur","diffus.air","conc.out"
"DTXSID2021781",278.35,0.00243209408003559,0.0317130487468496,43014.3028408471,0.720066895566018,0.000948667058152493,0.487543565136565,0
"DTXSID3020205",312.37,0.000159507969004842,0.0100197941871492,13646.7034967465,0.946803249187363,0.00163877297231797,0.430222523815643,0
"DTXSID7021360",92.14,4308.32357471702,4.53622489431952,265.900836889853,0.57348666173488,0.000825634432915343,1.43474299967477,0
"DTXSID8020462",106.12,0.639945667086628,7357.26607785777,0.0832044311131797,1.94167651053945,0.000838803795116776,0.691972763504057,0
"DTXSID8020913",128.18,9.78264775474427,0.158691838071608,4096.33809629381,0.924237476972249,0.00133535387314361,0.787256327062703,0
