"dtxsid","molwt","vapor","solub","kow","decay.air","decay.sur","diffus.air","conc.out"
"DTXSID2021781",278.35,0.00424174648094919,0.0426950985122232,32103.2952190987,0.6104331627894,0.000875422245846541,0.463882114229794,0
"DTXSID3020205",312.37,0.00117441628094402,0.00845411980776689,21673.3640544051,0.525149459053334,0.000885973277356505,0.329356973062629,0
"DTXSID7021360",92.14,6194.70804255972,5.59570127429413,450.334307475047,0.696233395987807,0.00074220469361804,0.524081814221051,0
"DTXSID8020462",106.12,0.231459805262625,7328.85362650056,0.0929762487103853,2.14897768625469,0.000504951074117369,1.46750806944891,0
"DTXSID8020913",128.18,1.99498620111451,0.244105347355652,2844.19227014463,0.844154781439963,0.00166032746609615,0.902259649357422,0
