"dtxsid","molwt","vapor","solub","kow","decay.air","decay.sur","diffus.air","conc.out"
"DTXSID2021781",278.35,0.00262897178340647,0.0329746999016703,25118.8991753917,0.262502179173005,0.00138007612509639,0.639290842814168,0
"DTXSID3020205",312.37,0.00139280100313112,0.0103190081408328,33395.9733401219,1.17613272460295,0.00130727400028652,0.451692033000019,0
"DTXSID7021360",92.14,1937.3469017762,5.94323404673862,423.883452827708,0.513207987084446,0.00108437431681053,1.2832824652239,0
"DTXSID8020462",106.12,1.30992886623272,6160.0530380054,0.0513127830903819,2.27294136009142,0.000938501339060136,0.854722145920776,0
"DTXSID8020913",128.18,3.97299967817529,0.13666961838511,3027.96001203229,1.28555157873107,0.00078126865928949,0.555884588508501,0
