"dtxsid","molwt","vapor","solub","kow","decay.air","decay.sur","diffus.air","conc.out"
"DTXSID2021781",278.35,0.00658481416794879,0.053711199914167,18766.597414695,0.586491232058113,0.00201101141849075,0.472575224590986,0
"DTXSID3020205",312.37,0.00272023608741085,0.00931642018514515,14296.535131484,0.779467311120123,0.00103435218977783,0.536205703322861,0
"DTXSID7021360",92.14,1896.54777018476,3.47632198506695,313.49252358594,0.471071271717246,0.000756703666840467,1.01518479110821,0
"DTXSID8020462",106.12,0.644886079268413,8964.87349663545,0.0685995959525767,2.55047122276446,0.00174878341932169,1.13008107731359,0
"DTXSID8020913",128.18,9.33280089692096,0.115240989382718,2192.44049481275,2.70313621636177,0.00114235927186864,0.589223704580126,0
