"dtxsid","molwt","vapor","solub","kow","decay.air","decay.sur","diffus.air","conc.out"
"DTXSID2021781",278.35,0.00121747296683279,0.0439672493097817,41214.5075023821,0.540321038538304,0.00158917845762377,0.812937956953322,0
"DTXSID3020205",312.37,0.00058711159125414,0.00982480830757102,14469.0034154628,0.58849793293188,0.000855261535464153,0.599819021661088,0
"DTXSID7021360",92.14,3665.63437286447,6.09943016138275,382.259418038218,0.28629720928005,0.00104814318868407,0.711007620038997,0
"DTXSID8020462",106.12,0.217190259002166,7676.66735055506,0.130974209233151,3.30011214931052,0.0010019371299088,0.821096029107694,0
"DTXSID8020913",128.18,20.0020436250868,0.11724227547005,1984.89155544635,1.12920794784343,0.00123426480481977,0.764703228855904,0
