"dtxsid","molwt","vapor","solub","kow","decay.air","decay.sur","diffus.air","conc.out"
"DTXSID2021781",278.35,0.00510627170333457,0.040198416369985,34529.7782739241,0.593673404932067,0.00125860767918464,0.660494583927491,0
"DTXSID3020205",312.37,0.000704605078635093,0.0110884061246484,15535.9761962528,1.29598313780457,0.000753916589973746,0.561182896616975,0
"DTXSID7021360",92.14,7082.92715058656,4.04654253560461,811.248793178846,0.337069391048281,0.000733479601113144,1.36615908592818,0
"DTXSID8020462",106.12,1.21887137594432,7704.35938810135,0.0919204988567684,2.8697683379865,0.00073845011530354,0.710839587346926,0
"DTXSID8020913",128.18,2.70847150592495,0.144206119795241,1878.21173282996,1.83219830666967,0.000717617278780139,0.560031481874336,0
