"dtxsid","molwt","vapor","solub","kow","decay.air","decay.sur","diffus.air","conc.out"
"DTXSID2021781",278.35,0.00457453038488621,0.0407780255841733,13498.9260554815,0.811493772848195,0.00127123076777006,0.57862989871685,0
"DTXSID3020205",312.37,0.000260256366244086,0.0115614860182187,17326.1926797644,1.10973324627656,0.00118325647571196,0.456904418549643,0
"DTXSID7021360",92.14,1551.30944019215,4.4788833627217,452.389039566759,0.746481050807518,0.000745746733779556,0.894044766136417,0
"DTXSID8020462",106.12,0.918322507748614,8011.05354846969,0.141496890171107,3.71186928727063,0.00126274494578662,0.950291237918548,0
"DTXSID8020913",128.18,8.34646735556321,0.152978839165064,1768.52383454753,1.51385949279585,0.000800181042951013,0.76141963147861,0
