"dtxsid","molwt","vapor","solub","kow","decay.air","decay.sur","diffus.air","conc.out"
"DTXSID2021781",278.35,0.00546819700602549,0.0350631926480453,16502.6719926583,0.482117655474513,0.00101204950443899,0.283427039925798,0
"DTXSID3020205",312.37,0.000785821869023146,0.00723210528943169,26392.5146806424,1.4180685912272,0.000986134254304113,0.572420007334942,0
"DTXSID7021360",92.14,1284.61804482708,3.05277440106758,182.13867966909,0.434837365084332,0.000495273812833975,0.864255845606055,0
"DTXSID8020462",106.12,4.44258417034004,7417.60159184669,0.101153819179849,3.04931146096515,0.000700979863631116,0.316186238926,0
"DTXSID8020913",128.18,2.32862950042382,0.10115326567364,2100.6311494596,1.73089558280449,0.00130744738234203,0.47899111344268,0
