"dtxsid","molwt","vapor","solub","kow","decay.air","decay.sur","diffus.air","conc.out"
"DTXSID2021781",278.35,0.00202691657250631,0.0220488904882935,69600.1755458689,1.03826237827011,0.000647349094371229,0.571192021535361,0
"DTXSID3020205",312.37,0.00029142585551256,0.013899299301201,23043.3929538198,0.78165163179268,0.00101146835601551,0.401874208201883,0
"DTXSID7021360",92.14,3693.47712621711,7.20676232083475,594.447323170209,0.296901348392632,0.000955466913715888,0.597273886872768,0
"DTXSID8020462",106.12,0.806490636580784,7563.96634724849,0.0778715564004022,1.89060360670596,0.00189534095970383,0.826168575986694,0
"DTXSID8020913",128.18,7.99639495091494,0.124265204003495,1422.25115027305,1.08166455970112,0.0016325917009547,0.782238413276323,0
