"dtxsid","molwt","vapor","solub","kow","decay.air","decay.sur","diffus.air","conc.out"
"DTXSID2021781",278.35,0.00293603533780696,0.0323619607014413,15868.4168731073,0.986199943554663,0.00122720888992621,0.484826061589767,0
"DTXSID3020205",312.37,0.000367698707073204,0.00969471501686716,41543.4383823566,0.970899882838898,0.000940870181565738,0.415711242798302,0
"DTXSID7021360",92.14,6249.50328092019,3.56964778104604,393.139310196287,0.45521161277283,0.000362117543962049,0.611449490603359,0
"DTXSID8020462",106.12,1.02113028721808,12882.6969274055,0.0704785801544476,1.17986055650655,0.000647721968079522,0.83910056274265,0
"DTXSID8020913",128.18,14.9767936347252,0.112544234392727,1854.28542001308,1.23682412321641,0.00124849971951482,0.987561452453962,0
