"dtxsid","molwt","vapor","solub","kow","decay.air","decay.sur","diffus.air","conc.out"
"DTXSID2021781",278.35,0.00415462878711184,0.0394194862095547,67207.8108621489,0.497510368138919,0.000489861168161501,0.606659399659119,0
"DTXSID3020205",312.37,0.000135635567140159,0.00866693219421792,21998.442350252,1.06854251644449,0.000587787471524551,0.523990738029461,0
"DTXSID7021360",92.14,733.56185709378,7.30737054840166,362.335562663093,0.332209772408856,0.00136910071401386,0.779271847514132,0
"DTXSID8020462",106.12,0.642741661471588,11485.7717771815,0.186875007627755,1.00863152907506,0.00116871961342154,0.749998797736065,0
"DTXSID8020913",128.18,8.5891833683997,0.159939880695921,2565.00847033725,1.23796549751237,0.000841757783054841,0.503701946093089,0
