"dtxsid","molwt","vapor","solub","kow","decay.air","decay.sur","diffus.air","conc.out"
"DTXSID2021781",278.35,0.00488732717435859,0.0274411840399374,50579.8989154845,0.678190385690625,0.000717128577647997,0.681099069244982,0
"DTXSID3020205",312.37,0.00120422942772457,0.0115021570077647,20727.4064541487,1.01943694997767,0.0021531759710098,0.68097787233596,0
"DTXSID7021360",92.14,419.504890969101,4.71179680313221,309.962401980412,1.16242955915673,0.00135339280443969,0.98178349810288,0
"DTXSID8020462",106.12,0.344373878625418,6749.57945294728,0.130907023660365,1.49508107666038,0.00116479138408318,0.87675276676573,0
"DTXSID8020913",128.18,5.68611101801242,0.196133455079411,2402.95902204469,1.48315075079102,0.000948542576534804,0.790690903491326,0
