"dtxsid","molwt","vapor","solub","kow","decay.air","decay.sur","diffus.air","conc.out"
"DTXSID2021781",278.35,0.00241937805610413,0.0421715809793585,26259.4456662971,0.673647829181642,0.000751353054007943,0.641232600185537,0
"DTXSID3020205",312.37,0.000410574994127405,0.010835638206551,10014.6224549835,0.807563520241345,0.000926105397458523,0.544230797962539,0
"DTXSID7021360",92.14,426.020468352917,3.48558860226985,392.174647091324,0.437475102150451,0.000863862716340347,0.734167401957047,0
"DTXSID8020462",106.12,2.59927537830725,10353.0982024707,0.0546853804185097,1.58660913945181,0.0022766332959788,0.907095591692538,0
"DTXSID8020913",128.18,5.68334534302687,0.182059583871461,3819.21329755628,1.83160243179538,0.00173499943597027,0.951543220279813,0
