"dtxsid","molwt","vapor","solub","kow","decay.air","decay.sur","diffus.air","conc.out"
"DTXSID2021781",278.35,0.00121780006759175,0.0364110556907701,45727.1577331719,1.07387707632787,0.00129523029185714,0.879670360974794,0
"DTXSID3020205",312.37,0.000346639767256182,0.0110011486479215,21467.5485605372,0.745951087906592,0.000703972367039387,0.277051705957138,0
"DTXSID7021360",92.14,2502.66568513131,4.05811815968919,456.011624441081,0.255681121665982,0.00123618043648379,0.78989740456851,0
"DTXSID8020462",106.12,0.828650783237553,10571.5355222593,0.0678465178034013,1.06846158595551,0.00100761418427043,0.55162798098525,0
"DTXSID8020913",128.18,2.07713598775598,0.0985231871596794,1282.57245275166,0.679828805516265,0.000408581892578182,0.932534784821948,0
