"dtxsid","molwt","vapor","solub","kow","decay.air","decay.sur","diffus.air","conc.out"
"DTXSID2021781",278.35,0.00944181988998299,0.0398701808385429,49501.8040913684,0.494043936190855,0.00176713359731643,0.489551957336025,0
"DTXSID3020205",312.37,0.00109132991436749,0.00765192514786895,27217.2660842266,0.635744229542729,0.000875686050729302,0.906472591611346,0
"DTXSID7021360",92.14,1272.34592691756,5.32643856151048,264.28239761319,0.368244898086759,0.000768323885738097,0.704889775896888,0
"DTXSID8020462",106.12,3.27567168092239,9753.9810554021,0.0387955178962008,4.85874814701319,0.00112265350741821,1.28692138022539,0
"DTXSID8020913",128.18,11.8681607853616,0.128437764542835,4331.37343925675,2.82944988528506,0.000998468227474324,0.543636008084858,0
