"dtxsid","molwt","vapor","solub","kow","decay.air","decay.sur","diffus.air","conc.out"
"DTXSID2021781",278.35,0.00296276607502927,0.0353828796912272,26166.9471275574,0.549573612858462,0.000730832709379383,0.5373675443973,0
"DTXSID3020205",312.37,0.000885281943904158,0.0100437215849496,29782.0586593999,0.340062274798291,0.00126742602326503,0.538847476376061,0
"DTXSID7021360",92.14,5876.42909458302,4.95747182391925,349.123985441149,0.453476856171445,0.000563942785131128,1.03572218444553,0
"DTXSID8020462",106.12,0.323735401072147,9701.54406059612,0.122541172411639,1.51813507816729,0.000937272573924742,1.47095079368395,0
"DTXSID8020913",128.18,4.41167422187079,0.201860435317708,2014.84702040026,1.8317557318044,0.00139629704447765,0.488859609031474,0
