"dtxsid","molwt","vapor","solub","kow","decay.air","decay.sur","diffus.air","conc.out"
"DTXSID2021781",278.35,0.00436936697771094,0.0714499248444111,43848.1444788366,0.781866288173703,0.000581864049885897,0.574303299927624,0
"DTXSID3020205",312.37,0.00050027345790172,0.00794419670236515,31308.0730051237,1.3027805800706,0.0013557774349349,0.687312051733812,0
"DTXSID7021360",92.14,2151.6305112706,5.9591778331033,206.409309487678,0.238669585025105,0.00116616223757866,0.976104179581079,0
"DTXSID8020462",106.12,0.256195301747174,6577.26007543582,0.0494868321206288,1.79164282706425,0.0011543835962114,0.889724348446664,0
"DTXSID8020913",128.18,2.9970074471183,0.140230329303397,1617.86005637555,2.44281506649915,0.00101276829939868,0.928538362130176,0
