"dtxsid","molwt","vapor","solub","kow","decay.air","decay.sur","diffus.air","conc.out"
"DTXSID2021781",278.35,0.00217435566436406,0.0334901701333577,46747.9642657065,0.952522854543427,0.00107650560761611,0.664238758761182,0
"DTXSID3020205",312.37,0.000233867616596576,0.00799010507288899,14320.3425454137,0.991390152298795,0.000656255215608,0.593431947725594,0
"DTXSID7021360",92.14,3551.61903911343,5.52528244734421,386.604106909393,0.480411404234235,0.000938327247878822,0.6508780804373,0
"DTXSID8020462",106.12,0.657074159850174,8222.05579299902,0.113269683085313,1.93016289944224,0.00110849482807699,0.789348083489965,0
"DTXSID8020913",128.18,13.2588080277211,0.135254380772131,1562.51451413779,3.88293479501454,0.0016389339369024,0.747630910726629,0
