"dtxsid","molwt","vapor","solub","kow","decay.air","decay.sur","diffus.air","conc.out"
"DTXSID2021781",278.35,0.00777252074460584,0.0334659756972124,25239.5328811101,0.719609732265052,0.00081045798906796,0.506762773656044,0
"DTXSID3020205",312.37,0.00131879739517245,0.0135544433098299,46109.7946389521,0.364559640430972,0.00207713012885413,0.552629903908858,0
"DTXSID7021360",92.14,3558.69836149872,4.21207733241225,591.068691457948,0.357589629746933,0.000884946614562593,1.02349336615969,0
"DTXSID8020462",106.12,0.888915707108654,5321.47314738333,0.081119983746302,3.62083231215833,0.00186513269738356,0.535229046571112,0
"DTXSID8020913",128.18,6.80830378864943,0.15219408763982,1648.11845184589,1.00404118008071,0.000860182663338975,0.540393939586738,0
