"dtxsid","molwt","vapor","solub","kow","decay.air","decay.sur","diffus.air","conc.out"
"DTXSID2021781",278.35,0.00257893094681138,0.0344266728294689,48590.3797163471,0.447706429494795,0.000644112689850404,0.521538825116536,0
"DTXSID3020205",312.37,0.000633795241426567,0.0126198195952126,11772.985542348,0.751676770073516,0.000952357092803569,0.30582766078704,0
"DTXSID7021360",92.14,2357.39219108027,4.96673026518912,756.386291291466,0.597574975980836,0.000939894055694652,0.980357872446869,0
"DTXSID8020462",106.12,0.818426073690076,9110.30655170983,0.0547292170490205,2.64438989115168,0.00047333145041929,0.3965698819136,0
"DTXSID8020913",128.18,30.5667720734637,0.106819725258645,2116.68113943855,1.21978504515254,0.000433768745369108,1.21017674516456,0
