"dtxsid","molwt","vapor","solub","kow","decay.air","decay.sur","diffus.air","conc.out"
"DTXSID2021781",278.35,0.00300000613147192,0.0357966681160421,19090.5414578644,0.813721006559396,0.00134901910697362,0.60264732472252,0
"DTXSID3020205",312.37,0.000655472657521562,0.0111817429071044,26909.8593129549,0.54396244573538,0.0012234364969347,0.652100969643503,0
"DTXSID7021360",92.14,6389.70241335868,6.29005728169502,209.657614039269,0.49150716754819,0.00146381817657903,0.829429497498488,0
"DTXSID8020462",106.12,2.70424390499722,10069.3066654325,0.0998351312619018,2.89449684866125,0.00111049669269587,0.959097523544714,0
"DTXSID8020913",128.18,19.360636503147,0.098285975309091,1996.13071434272,0.944458199065715,0.00129443336386209,0.62517175113934,0
