"dtxsid","molwt","vapor","solub","kow","decay.air","decay.sur","diffus.air","conc.out"
"DTXSID2021781",278.35,0.00466190430355746,0.0315060452284595,24810.9567105554,1.43835979406774,0.00146995664705482,0.619903405487775,0
"DTXSID3020205",312.37,0.000586255798722365,0.00789457811654175,13008.4473239035,0.681976495257907,0.000645706851650225,0.407636682075261,0
"DTXSID7021360",92.14,1793.65924673052,3.39677830407787,783.501471498757,0.678731642122507,0.000909981770556464,1.08144652357607,0
"DTXSID8020462",106.12,0.198729839961026,4999.95551383928,0.11485942350138,1.61879892710548,0.00112966142708823,0.747965010086525,0
"DTXSID8020913",128.18,10.9033836372148,0.070835816449622,2793.68950953913,1.71175784645546,0.00162983928437249,1.11568014042572,0
