"dtxsid","molwt","vapor","solub","kow","decay.air","decay.sur","diffus.air","conc.out"
"DTXSID2021781",278.35,0.00277719815933286,0.0428900733986033,44345.0521602778,0.639008043666899,0.000626062879170648,0.835943833781942,0
"DTXSID3020205",312.37,0.00110877837557462,0.00780454791638915,40407.9855990249,1.12556135171079,0.00091428739863151,0.509162888747502,0
"DTXSID7021360",92.14,4886.97043121476,5.70875463872512,461.423064561546,0.264031508914356,0.000761389717114131,0.833047312100331,0
"DTXSID8020462",106.12,0.394974961870196,10005.9567379056,0.108449788274651,4.15164693808856,0.00108424130475591,1.25759166684186,0
"DTXSID8020913",128.18,8.95343855561705,0.124060260231489,4181.70589298039,1.15041025208334,0.000918706685620386,1.43290828865828,0
