"dtxsid","molwt","vapor","solub","kow","decay.air","decay.sur","diffus.air","conc.out"
"DTXSID2021781",278.35,0.00316069153835901,0.030606554274585,19533.4434972565,0.334396885683983,0.00131569947480668,0.674387247510485,0
"DTXSID3020205",312.37,0.000433130754062576,0.0168474556786227,27378.7134011779,0.778984776448756,0.00122776099967027,0.380160701621461,0
"DTXSID7021360",92.14,1202.7489506327,5.69172743106951,434.120553795464,0.223256204987851,0.00108045749399333,0.712141212280933,0
"DTXSID8020462",106.12,2.17884375005506,8929.19472263251,0.0575010518711359,2.45507330120137,0.00108692067612741,0.800926577309561,0
"DTXSID8020913",128.18,14.3845575464027,0.131637976321463,3576.54912974133,1.11337744923901,0.000963551427707124,0.844911509277012,0
