"dtxsid","molwt","vapor","solub","kow","decay.air","decay.sur","diffus.air","conc.out"
"DTXSID2021781",278.35,0.0026754840997905,0.02389187288011,32363.5081006977,0.801971052090949,0.000889218837301026,0.425678897247585,0
"DTXSID3020205",312.37,0.00228270128630741,0.00793503081779074,18820.8033246214,0.93192505063571,0.000985529337234029,0.570682284233532,0
"DTXSID7021360",92.14,2185.38796596937,3.72202250318585,332.661468412088,0.489904096209141,0.000866107477158379,0.79838235656385,0
"DTXSID8020462",106.12,1.98153028636241,7430.91598125622,0.0575641929889913,2.3021145686671,0.000711485163776975,0.5959128852859,0
"DTXSID8020913",128.18,4.4749952196323,0.149871081564084,1409.54849337759,1.23546134675133,0.000560088921835569,0.804238332069129,0
