"dtxsid","molwt","vapor","solub","kow","decay.air","decay.sur","diffus.air","conc.out"
"DTXSID2021781",278.35,0.00113077434220829,0.0491065574967225,25533.4694075955,0.722479569710808,0.000747233329672271,0.596373988358421,0
"DTXSID3020205",312.37,7.3871635508351e-05,0.00655771621188713,23906.991575595,0.611352328909444,0.00161479787210893,0.564715846645863,0
"DTXSID7021360",92.14,3982.32108273312,4.04945347888599,333.212695326281,0.165889344368691,0.000765859613131535,0.754354934990986,0
"DTXSID8020462",106.12,0.922124698395279,10118.042693548,0.0952387408459274,4.15585373462148,0.00171857227041172,0.695723236695645,0
"DTXSID8020913",128.18,8.02891383859884,0.0841372790452603,975.889025917063,1.63355203187814,0.000792443212036663,0.388095455780358,0
