"dtxsid","molwt","vapor","solub","kow","decay.air","decay.sur","diffus.air","conc.out"
"DTXSID2021781",278.35,0.00236513500234184,0.059378762949085,46940.8213309019,0.582371882642318,0.00111138125918887,0.371807498593668,0
"DTXSID3020205",312.37,0.000916872174162624,0.0107013784167157,28454.0303648916,0.650082181132025,0.0013387798572461,0.512964579477788,0
"DTXSID7021360",92.14,1770.48857615767,7.47427914740158,304.856290508048,0.326988674287462,0.000418706578108793,1.1578017878818,0
"DTXSID8020462",106.12,0.980833131461812,6166.47794630611,0.0566127039177742,2.51535631444767,0.00128443147466989,0.942378330737491,0
"DTXSID8020913",128.18,8.77161950875257,0.191768279235463,1543.59269490655,1.03141369775136,0.00236920059439933,0.834401390628718,0
