"dtxsid","molwt","vapor","solub","kow","decay.air","decay.sur","diffus.air","conc.out"
"DTXSID2021781",278.35,0.00412514535017421,0.0479188432420491,80822.8771703347,1.06787237676039,0.00173710737827285,0.403631276857933,0
"DTXSID3020205",312.37,0.000486928876581528,0.00672793602427513,13314.6519208427,0.963938840948864,0.000605175314729277,0.49227553057446,0
"DTXSID7021360",92.14,3625.67794977697,3.91176208807846,534.322804545169,0.434325733140816,0.00137753379043908,0.783744550083287,0
"DTXSID8020462",106.12,0.604674487184492,12301.2465886267,0.134342965131803,3.15845271209054,0.00164355132578071,0.962302431343589,0
"DTXSID8020913",128.18,1.85378304957157,0.113512057297938,1215.79726955941,1.61628906685893,0.00107115057512678,0.801185164614469,0
