"dtxsid","molwt","vapor","solub","kow","decay.air","decay.sur","diffus.air","conc.out"
"DTXSID2021781",278.35,0.00310894136061181,0.0442236696262497,36243.2232949298,1.53079846262891,0.000842892934715649,0.680107360244488,0
"DTXSID3020205",312.37,0.000566769262821615,0.00861520931751533,27592.2132132899,0.645914712834381,0.000449735708591736,0.25575645318565,0
"DTXSID7021360",92.14,3945.54702665767,5.07671040496904,370.095190511598,0.549958454084235,0.00171952145214087,0.563466543571946,0
"DTXSID8020462",106.12,1.01530132788172,9381.722333728,0.0840620015219919,2.36351752034397,0.000773946041725615,0.842469789331936,0
"DTXSID8020913",128.18,5.29655362527338,0.125624698178737,2837.21108623194,1.86345747236604,0.000655386538126161,0.643621553323646,0
