"dtxsid","molwt","vapor","solub","kow","decay.air","decay.sur","diffus.air","conc.out"
"DTXSID2021781",278.35,0.0015779479890212,0.0284212147001874,29880.9327678579,1.0562416325321,0.000930117533792353,0.4906723744011,0
"DTXSID3020205",312.37,0.000533820097933924,0.00853540270382773,15006.552560122,0.687245037274315,0.00075245312165444,0.471330529941798,0
"DTXSID7021360",92.14,3994.35986989576,4.16013700487732,652.746102030919,1.28855765762641,0.00373195548765913,0.98172062910263,0
"DTXSID8020462",106.12,2.48863847316157,7503.03737202694,0.0952144883418181,1.74221554700519,0.00112274507877604,1.14286652632518,0
"DTXSID8020913",128.18,2.22698411662121,0.14946696549004,2203.61333060755,1.80227675113516,0.000874381748586133,0.493541337646696,0
