"dtxsid","molwt","vapor","solub","kow","decay.air","decay.sur","diffus.air","conc.out"
"DTXSID2021781",278.35,0.00151363377662115,0.0456746593374101,16702.7274963878,0.70186999842166,0.00102806619855302,0.585432260610102,0
"DTXSID3020205",312.37,0.000374785618802075,0.00700686717234371,17104.7139219788,0.762691064002804,0.00113657069591121,0.545793416907058,0
"DTXSID7021360",92.14,2357.28294046372,5.68415896155719,760.420254985331,0.375735856689694,0.00127698516543441,1.18739112036512,0
"DTXSID8020462",106.12,0.752075201331287,7731.70054079066,0.0585309236012293,2.40539115916721,0.000654699037934878,0.815495770317703,0
"DTXSID8020913",128.18,20.209275428186,0.171553927346618,2316.36423874649,2.59119016016846,0.0007616408524264,0.576478991952103,0
