"dtxsid","molwt","vapor","solub","kow","decay.air","decay.sur","diffus.air","conc.out"
"DTXSID2021781",278.35,0.00382453506111942,0.0478830989398753,26179.8682023465,0.850230348833712,0.00116627600909874,0.418256474495799,0
"DTXSID3020205",312.37,0.000646620932323797,0.00856119492434198,24769.1728060289,0.839049609037744,0.00147223849599226,0.544540397495413,0
"DTXSID7021360",92.14,4799.62100976756,5.28323395651558,468.405390274477,0.385790044870781,0.0007823013551814,0.911699003458286,0
"DTXSID8020462",106.12,1.12724996996095,9822.11159459127,0.204747301441803,3.3099186189545,0.000786355416776579,0.638870855128867,0
"DTXSID8020913",128.18,7.16094366832597,0.122313152602893,2019.44927047021,1.50778828782226,0.00126528257503876,0.47974925815235,0
