"dtxsid","molwt","vapor","solub","kow","decay.air","decay.sur","diffus.air","conc.out"
"DTXSID2021781",278.35,0.00208130272630695,0.042372123537943,26799.5572579957,0.175502897710804,0.000705357749793859,0.606829424977525,0
"DTXSID3020205",312.37,0.000667559341540095,0.00596322252688264,14572.6807375234,0.514915477778164,0.00124276991266983,0.609992315420669,0
"DTXSID7021360",92.14,1715.37345091097,4.44449951774906,580.693860460639,0.353842948262624,0.00106616630122408,0.421502250619763,0
"DTXSID8020462",106.12,0.794719160735719,8048.97609225666,0.0962733745389206,1.64835020610212,0.000651278135963965,1.54954629826513,0
"DTXSID8020913",128.18,17.5678064168794,0.181420258528964,2418.64135081175,1.58420010818757,0.000339589102332968,0.656171112578271,0
