"dtxsid","molwt","vapor","solub","kow","decay.air","decay.sur","diffus.air","conc.out"
"DTXSID2021781",278.35,0.00455432897593913,0.020983793896264,46078.8837647389,1.28265190564738,0.00100626167568409,0.52096887901262,0
"DTXSID3020205",312.37,0.000398923788958005,0.00956624298663928,74135.0641504867,0.890680582882502,0.00126711118044815,0.598989755168287,0
"DTXSID7021360",92.14,3511.78183700477,5.19750851756563,240.546629577615,0.363097629842011,0.00118218375270005,0.808964558377506,0
"DTXSID8020462",106.12,0.419115356127948,5752.22361030944,0.0630055658611756,1.11317377285777,0.00101278823101563,0.526546838536064,0
"DTXSID8020913",128.18,6.42255747451349,0.152264663679341,2213.75621279161,1.3381937934915,0.000952562463324331,0.692181768902451,0
