"dtxsid","molwt","vapor","solub","kow","decay.air","decay.sur","diffus.air","conc.out"
"DTXSID2021781",278.35,0.00483591583741699,0.0307363719801599,24932.2719470121,0.95436033233567,0.000645022363347001,0.583996768724143,0
"DTXSID3020205",312.37,0.00127181766125162,0.010130783903551,20285.3383959683,1.20999170621497,0.002593720728814,0.560166004124227,0
"DTXSID7021360",92.14,1773.81246313815,4.46544578679897,916.218825838561,0.703238831386877,0.000542486668686382,1.17192352474309,0
"DTXSID8020462",106.12,0.616409952739134,5427.10372848873,0.0573343284890583,1.40507092782836,0.000897407573421336,0.752891039696457,0
"DTXSID8020913",128.18,51.1010636009268,0.134776864015443,2154.2706432477,1.76689820575769,0.000969792293720552,0.567934652948826,0
