"dtxsid","molwt","vapor","solub","kow","decay.air","decay.sur","diffus.air","conc.out"
"DTXSID2021781",278.35,0.00205952266958626,0.0405800671644393,20671.3320884886,0.60843559312898,0.00192571896566163,0.490407167113599,0
"DTXSID3020205",312.37,0.00141658627269605,0.00925618030560424,23103.6856220274,0.770287674264154,0.00102764162975105,0.53893718428341,0
"DTXSID7021360",92.14,1404.93987585679,6.53546910467249,245.819950166981,0.441356264371977,0.00126276859313196,0.658646478178656,0
"DTXSID8020462",106.12,1.30942727050209,9451.49216118372,0.0877016714606479,2.34975711980075,0.00169612853632099,0.964452459428287,0
"DTXSID8020913",128.18,1.8342804650496,0.146524440339413,1233.29594233393,1.18774945337426,0.000586948492212722,1.24404246142234,0
