"dtxsid","molwt","vapor","solub","kow","decay.air","decay.sur","diffus.air","conc.out"
"DTXSID2021781",278.35,0.00390668425017009,0.0366570042313318,21209.5128025583,0.588887584252756,0.00132057751606781,0.261378860829169,0
"DTXSID3020205",312.37,0.000974488665172568,0.0125164817857621,16020.6381276429,1.10519912288315,0.000993528088407412,0.603956632942266,0
"DTXSID7021360",92.14,2660.16963125772,5.56196172211638,378.291494272444,0.288005949522227,0.00133023023673034,1.17412561713899,0
"DTXSID8020462",106.12,0.906210269052789,6049.50191874356,0.0834874474383127,2.20774487034611,0.000488324069310589,0.545794757873042,0
"DTXSID8020913",128.18,4.99392703752294,0.14130928574985,2730.60803734061,1.45468740972558,0.000812365257471525,0.901247984667533,0
