"dtxsid","molwt","vapor","solub","kow","decay.air","decay.sur","diffus.air","conc.out"
"DTXSID2021781",278.35,0.00565116429602185,0.0419341971822832,29772.1501059431,0.578792696434823,0.000892545322922553,0.704755315698937,0
"DTXSID3020205",312.37,0.000771077736699713,0.00832414913108815,18835.3847067325,0.899399028935757,0.000781149460003578,0.78376914292371,0
"DTXSID7021360",92.14,6056.70835621015,4.14817227450626,398.163721752942,0.786686537894669,0.00100300729699826,0.904864873341698,0
"DTXSID8020462",106.12,1.11725229275178,4558.26865318275,0.0769059917652314,1.48763960515904,0.00137041935113814,0.693522129011738,0
"DTXSID8020913",128.18,24.3385259410377,0.155400780045486,2195.00830262977,2.35020886396739,0.000406610038546141,0.663809965197609,0
