"dtxsid","molwt","vapor","solub","kow","decay.air","decay.sur","diffus.air","conc.out"
"DTXSID2021781",278.35,0.00272351751156317,0.0299993093561231,50515.1271652268,0.570978203392367,0.000989377432331956,0.473274162485506,0
"DTXSID3020205",312.37,0.000268457925651825,0.0110780495756739,26458.6609989743,0.57494307044875,0.000526963504604633,0.497793348699567,0
"DTXSID7021360",92.14,2816.58633738144,6.32591404494546,472.085263764097,0.24758532166426,0.000760061300900683,1.23246697885269,0
"DTXSID8020462",106.12,0.424680702032948,7604.14256784802,0.0805359264181264,5.31664706690271,0.000957184190467432,0.753986580213225,0
"DTXSID8020913",128.18,8.17733776021906,0.205811411863945,2029.00823594086,1.36443430953562,0.00116818779293273,0.752294496916437,0
