"dtxsid","molwt","vapor","solub","kow","decay.air","decay.sur","diffus.air","conc.out"
"DTXSID2021781",278.35,0.000769049466274975,0.0352276283499805,23379.9372674629,0.961189080119415,0.000845165906057076,0.467821535195749,0
"DTXSID3020205",312.37,0.00182414056039892,0.0112003595114819,28707.4516642016,0.799903311188583,0.00158505225491465,0.598861522346353,0
"DTXSID7021360",92.14,1816.88051720031,3.19395370009154,202.521610891623,0.325712715123384,0.00135371767063316,0.819649542934064,0
"DTXSID8020462",106.12,0.395830327600634,5176.5720293493,0.091272484199332,2.47126513168866,0.000837735785469041,1.03679986414472,0
"DTXSID8020913",128.18,3.29376061541044,0.12811963279644,1647.05518731401,1.36767009521521,0.000742712233225175,0.786881952078943,0
