"dtxsid","molwt","vapor","solub","kow","decay.air","decay.sur","diffus.air","conc.out"
"DTXSID2021781",278.35,0.00443812895142461,0.0350220735748078,38341.3848710586,0.829319268490355,0.00146084478689805,0.587046854387367,0
"DTXSID3020205",312.37,0.000564993841995616,0.0102953622989049,22662.9745239241,0.982626442519853,0.00155385143896952,0.442794146174112,0
"DTXSID7021360",92.14,5792.05824972257,5.41653409448918,632.380379826169,0.526175925701445,0.000969986412142491,0.988282464381207,0
"DTXSID8020462",106.12,0.963569922347763,6765.65213699265,0.110460334146307,1.12608953465448,0.000899897669820613,0.786678818020611,0
"DTXSID8020913",128.18,5.250263721741,0.137440992907028,2908.87023567558,3.0851678009546,0.000360646573299698,0.928672569481552,0
