"dtxsid","molwt","vapor","solub","kow","decay.air","decay.sur","diffus.air","conc.out"
"DTXSID2021781",278.35,0.0121910322169947,0.0291789972706794,24109.2069396421,0.689584250292591,0.00052538809113114,0.615576679708586,0
"DTXSID3020205",312.37,0.000294644637735462,0.0129345288782748,19705.5232739547,0.969214122980252,0.00125647155358592,0.523020173199052,0
"DTXSID7021360",92.14,1198.55267319524,5.39218166376885,229.558773651313,0.665009462531153,0.000633610581260307,1.07948131365735,0
"DTXSID8020462",106.12,0.512024038573809,10062.7437678443,0.0649705461371162,1.80741063335849,0.00181341653455695,0.79939398829382,0
"DTXSID8020913",128.18,8.83271239360321,0.141144903312505,2373.34618806223,1.74660108477673,0.000851464826723637,1.13152407848414,0
