"dtxsid","molwt","vapor","solub","kow","decay.air","decay.sur","diffus.air","conc.out"
"DTXSID2021781",278.35,0.0031598064482725,0.0440656625660806,22902.7717942609,0.723269880238495,0.00115357650490901,0.455714589345058,0
"DTXSID3020205",312.37,0.000646664855265638,0.00710960987924592,8009.69905021556,0.533784294244907,0.00177511519122362,0.501662421262056,0
"DTXSID7021360",92.14,1015.81657228559,4.11546825269221,277.24981344643,0.536468102287469,0.0011823634764812,0.845481451886815,0
"DTXSID8020462",106.12,0.343138906403513,5431.66562849088,0.165619915134893,2.3941882422631,0.00131275753787573,1.09314154838478,0
"DTXSID8020913",128.18,35.025413793152,0.136929663168554,3119.67518470567,0.739265940013141,0.000987534231860018,0.863449639024505,0
