"dtxsid","molwt","vapor","solub","kow","decay.air","decay.sur","diffus.air","conc.out"
"DTXSID2021781",278.35,0.00317233219401288,0.0311422948660954,30399.189668231,0.834391276654456,0.000944314041900159,0.818219595776069,0
"DTXSID3020205",312.37,0.000274285219997297,0.0126191097385644,21943.3463972655,0.734883238725428,0.00141846615427657,0.380836381536817,0
"DTXSID7021360",92.14,2348.926175307,5.00790619524501,315.168892783007,0.296922944922257,0.00133847378772311,0.900080146076082,0
"DTXSID8020462",106.12,0.166227353177451,9883.30328598012,0.0705868349957075,2.03907529431267,0.000789007891218282,0.860007928505966,0
"DTXSID8020913",128.18,13.556822875417,0.130816889390405,2303.19831519151,1.306385287195,0.000748690636122688,0.608409106038035,0
