"dtxsid","molwt","vapor","solub","kow","decay.air","decay.sur","diffus.air","conc.out"
"DTXSID2021781",278.35,0.00425075865224474,0.0223775001194752,64034.6781352683,0.497828207596921,0.00189836453438422,0.777994246867878,0
"DTXSID3020205",312.37,0.000713395129205688,0.00984608731977928,20595.1836882224,0.407314453157689,0.000940630581299006,0.707583721924867,0
"DTXSID7021360",92.14,1450.51759323871,3.17011381298468,386.510753171365,0.580241254024859,0.00103977582673554,0.860085808964126,0
"DTXSID8020462",106.12,0.318318809632363,13899.8843719287,0.200195778028171,4.04674165007594,0.000255560936580471,0.808413541760201,0
"DTXSID8020913",128.18,1.66983497336242,0.143555671868558,2441.20455161871,1.70849723928206,0.00059294322197706,0.543248155552861,0
