"dtxsid","molwt","vapor","solub","kow","decay.air","decay.sur","diffus.air","conc.out"
"DTXSID2021781",278.35,0.00738924293713084,0.0359167525460207,24813.1449408201,0.526959600429041,0.000600673034238646,0.713890808194577,0
"DTXSID3020205",312.37,0.000981801344561939,0.00591494489120959,13712.8993945665,0.731913957513486,0.000748837732497406,0.703524879298856,0
"DTXSID7021360",92.14,1645.37010783768,2.62485594228585,722.784687225841,0.460767031622208,0.00179674630850182,0.930824714090396,0
"DTXSID8020462",106.12,0.290504454946907,7737.39398524986,0.115441131502886,2.31850868151062,0.000968623533902749,0.668754999037656,0
"DTXSID8020913",128.18,5.86235932971211,0.0731346932025082,2903.59204272594,1.02821304794535,0.000664433548948833,0.696887864910347,0
