"dtxsid","molwt","vapor","solub","kow","decay.air","decay.sur","diffus.air","conc.out"
"DTXSID2021781",278.35,0.00248473809538057,0.0479376811676774,40729.0195759763,0.758133977725711,0.000780275278901702,0.591841065706925,0
"DTXSID3020205",312.37,0.000710693100427785,0.0123783631056105,10900.5537868042,0.542321408671324,0.00138466375858121,0.462176239230535,0
"DTXSID7021360",92.14,8699.55436110901,4.04984999963896,547.053900556568,0.524621640248697,0.000902043997539836,0.693119919584206,0
"DTXSID8020462",106.12,0.417203237775781,9083.58834074683,0.0464179910188414,2.30188964663268,0.000874341948457379,0.779085666117597,0
"DTXSID8020913",128.18,17.2251465753543,0.160130738563571,2146.64289483842,1.62030278731457,0.00231897723485771,0.919573530458538,0
