"dtxsid","molwt","vapor","solub","kow","decay.air","decay.sur","diffus.air","conc.out"
"DTXSID2021781",278.35,0.00580569930489932,0.0605946354898034,37025.9758982581,0.599309811114574,0.0010589732098754,0.61439884389679,0
"DTXSID3020205",312.37,0.000522419060295393,0.00963348929617295,27603.4932177767,0.691831948956334,0.00106727445154753,0.445581457498655,0
"DTXSID7021360",92.14,1901.73117476042,5.3603332771679,335.352168944998,0.360807809175661,0.00137885269059969,1.13943851168348,0
"DTXSID8020462",106.12,1.77671302623791,9123.4138580736,0.075227424735338,2.72474884282874,0.000909179125225477,1.04847460296813,0
"DTXSID8020913",128.18,3.3131514536319,0.118303807662705,2473.3367235188,1.23279949497292,0.00114317990926508,0.47707640593188,0
