"dtxsid","molwt","vapor","solub","kow","decay.air","decay.sur","diffus.air","conc.out"
"DTXSID2021781",278.35,0.00270533152398483,0.0346905782975746,43822.2424864153,0.681382095380443,0.00188617045157105,0.479758468558846,0
"DTXSID3020205",312.37,0.000222696760040368,0.0104366243996245,16584.7677124016,0.961937248530041,0.000892582708057157,0.529209943506196,0
"DTXSID7021360",92.14,5099.78510980656,4.47175946463423,359.703778158031,0.664710949285935,0.00156447231676463,0.938022977015946,0
"DTXSID8020462",106.12,0.722706841849689,6608.55842273054,0.131766788311393,2.12393714438675,0.00159406542494875,0.692824855285958,0
"DTXSID8020913",128.18,10.7287118771511,0.137968258107575,2124.41571856382,1.11889770328096,0.000855765044371051,1.21659045542377,0
