"dtxsid","molwt","vapor","solub","kow","decay.air","decay.sur","diffus.air","conc.out"
"DTXSID2021781",278.35,0.00183220867946368,0.0444146372227725,13973.1770937899,0.434193009316352,0.000840140557513401,0.858594607858628,0
"DTXSID3020205",312.37,0.000170213896274953,0.00757676374837794,13551.9813261049,0.727262138564118,0.000665940823220497,0.438733243905566,0
"DTXSID7021360",92.14,813.359465652264,8.33779201959812,403.832571685066,0.557264607191549,0.000655604445770071,0.547937125997003,0
"DTXSID8020462",106.12,1.63037067315941,8631.88130846643,0.0909011691912575,1.56493586193772,0.000825704226086631,0.42326218165741,0
"DTXSID8020913",128.18,2.11521816511442,0.0893652057919234,3073.16692893133,2.66158219219658,0.000817115109587795,0.549308814315561,0
