"dtxsid","molwt","vapor","solub","kow","decay.air","decay.sur","diffus.air","conc.out"
"DTXSID2021781",278.35,0.00462065008290943,0.0392789453305385,23063.3219400367,0.285986294476016,0.000435864449838518,0.970415891408883,0
"DTXSID3020205",312.37,0.00104629602370356,0.0110871804511175,54502.4846542972,0.616357986613343,0.000985113639312919,0.442289045741581,0
"DTXSID7021360",92.14,669.545185614095,4.62371625365909,326.333301688169,0.465212143718614,0.000565471028572912,0.803726892589582,0
"DTXSID8020462",106.12,0.330155745207635,6093.07608041466,0.0423627732743612,1.95328071955746,0.000693357874601634,0.541544817902989,0
"DTXSID8020913",128.18,14.9023862599375,0.120811959983728,3453.91408438258,1.34795860933837,0.00136360010848968,0.965540928149572,0
