"dtxsid","molwt","vapor","solub","kow","decay.air","decay.sur","diffus.air","conc.out"
"DTXSID2021781",278.35,0.00481576771295391,0.0439097074975127,34479.6315368839,0.478446911229977,0.000809347509164863,0.485207028487648,0
"DTXSID3020205",312.37,0.000527349028639591,0.00672408539801211,30824.1263814684,0.831483116154254,0.00165101666681764,0.427421610148364,0
"DTXSID7021360",92.14,2297.1529949453,4.16930799724225,585.704934614476,1.2073699427069,0.00123532883863576,0.866770415532928,0
"DTXSID8020462",106.12,0.2783544687471,7460.86247647772,0.0445672582427962,0.960252962082631,0.000705128248363148,0.80731044617591,0
"DTXSID8020913",128.18,10.3737784018559,0.166134533701696,1972.58178912315,1.13099513708729,0.000298551551644877,0.858345620682841,0
