"dtxsid","molwt","vapor","solub","kow","decay.air","decay.sur","diffus.air","conc.out"
"DTXSID2021781",278.35,0.00199030083985371,0.0359208592656956,20679.2712506784,1.39844459910005,0.000986934787070728,0.467961893527011,0
"DTXSID3020205",312.37,0.00164781930584923,0.00945334306728948,13766.484966272,0.339843640092644,0.00106056219740224,0.519948130665694,0
"DTXSID7021360",92.14,2353.8276743061,4.30516122109253,329.318581353881,0.221247785819973,0.00088707124754837,1.03980638753075,0
"DTXSID8020462",106.12,0.260270837838009,8215.39216347271,0.0661287443252788,1.43938038108348,0.000812315541279253,0.605261670030025,0
"DTXSID8020913",128.18,8.72787564129259,0.147941373059661,1960.61673285149,0.886289326306018,0.00063364736982639,0.624925289515254,0
