"dtxsid","molwt","vapor","solub","kow","decay.air","decay.sur","diffus.air","conc.out"
"DTXSID2021781",278.35,0.00391279060929364,0.0242869126301551,21401.4701962659,2.47639866529199,0.00115877744330491,0.511464851457192,0
"DTXSID3020205",312.37,0.00089589223446874,0.0137664639731564,26092.8451943381,0.605393292033093,0.00115227782742911,0.528678095714452,0
"DTXSID7021360",92.14,1306.69773342347,5.47337904623442,843.958106390783,0.465857306413831,0.00174900114023169,0.534936972741956,0
"DTXSID8020462",106.12,0.46424467078858,6889.81951416703,0.0831408384895589,2.34457181933712,0.0015458166152339,0.642789771133591,0
"DTXSID8020913",128.18,5.07527506333773,0.107026984224052,1364.04787028426,2.90669650149586,0.000642942387996263,0.817768788672036,0
