"dtxsid","molwt","vapor","solub","kow","decay.air","decay.sur","diffus.air","conc.out"
"DTXSID2021781",278.35,0.00183548454142337,0.0553314190719786,14125.5392599243,0.354184491194152,0.000910353594191852,0.378958910699955,0
"DTXSID3020205",312.37,0.000320833925448657,0.0107216659974439,12619.6376581655,0.977852475841067,0.00121749125253029,0.40945843943288,0
"DTXSID7021360",92.14,2701.18451631315,3.99103735495951,567.554961056298,0.371197950955892,0.000759108981957351,1.14526877001001,0
"DTXSID8020462",106.12,0.677578833172955,8646.29650512761,0.129967386205819,2.41780232448825,0.000878280648024084,0.58857566350117,0
"DTXSID8020913",128.18,4.67111532377482,0.128459087345108,5198.25027957703,1.04250281445506,0.0018564997844568,0.817649035520677,0
