"dtxsid","molwt","vapor","solub","kow","decay.air","decay.sur","diffus.air","conc.out"
"DTXSID2021781",278.35,0.0061300637175462,0.0410237409132577,14885.5674888795,0.488449992692781,0.00098653448379004,0.699597225832323,0
"DTXSID3020205",312.37,0.000252302981874127,0.00961602925729429,12344.1259052893,0.673703286269783,0.000791844428860265,0.387622382042707,0
"DTXSID7021360",92.14,1393.19382262275,4.76555991396558,454.154458635904,0.416683492415695,0.00145907956371352,1.16174718147075,0
"DTXSID8020462",106.12,0.674237422935734,10237.6956575016,0.0965895082717194,1.17670060836455,0.00134522663076612,0.495155108384478,0
"DTXSID8020913",128.18,15.5202602164958,0.160745486812708,3061.79249534762,1.24743745575239,0.000817484945485026,1.08363773912398,0
