"dtxsid","molwt","vapor","solub","kow","decay.air","decay.sur","diffus.air","conc.out"
"DTXSID2021781",278.35,0.00337353574876974,0.0338702714765799,66551.1399105824,0.888342316593934,0.000832453437412206,0.78162610409894,0
"DTXSID3020205",312.37,0.00174117032327809,0.00675328400414768,13652.1639095223,0.408252193100092,0.00130758247977271,0.487505788656686,0
"DTXSID7021360",92.14,790.294865036488,3.54468097633406,180.332289319745,0.324365963108746,0.00149772060267646,1.20684546544136,0
"DTXSID8020462",106.12,0.697091973356349,8263.41350044124,0.0589877331813769,1.46119316676847,0.00110180277687695,0.539083859293757,0
"DTXSID8020913",128.18,4.0432635047076,0.119383753346691,2142.67495562129,2.03949362796577,0.0012214172201572,1.02838207603425,0
