"dtxsid","molwt","vapor","solub","kow","decay.air","decay.sur","diffus.air","conc.out"
"DTXSID2021781",278.35,0.00303024194383475,0.0388830522056811,27927.6882535908,0.693173292823591,0.00104403400494406,0.706314986321866,0
"DTXSID3020205",312.37,0.00198560789083136,0.0105032520697741,16478.5801329985,1.52832753377675,0.000898635204243257,0.486200791055606,0
"DTXSID7021360",92.14,2432.3504918322,3.48106100801778,511.761620479785,0.312703993989455,0.00069419752349467,0.601650813694938,0
"DTXSID8020462",106.12,1.7758019675531,9147.45115028016,0.0921624566285591,1.15692310914882,0.000942354398763333,0.668373532736423,0
"DTXSID8020913",128.18,12.8107514762243,0.17017086949286,2465.03060921934,2.07588984897605,0.000740915194943487,0.660417210901386,0
