"dtxsid","molwt","vapor","solub","kow","decay.air","decay.sur","diffus.air","conc.out"
"DTXSID2021781",278.35,0.00228649550078619,0.0311251802026733,42433.5860540682,0.325829566678658,0.00106587757094531,0.452249586638813,0
"DTXSID3020205",312.37,0.000987006251424106,0.0161366722128234,27929.4489017496,0.936219060788764,0.00103624048117025,0.66991615546908,0
"DTXSID7021360",92.14,1234.49720625097,4.37985363693262,487.010957317555,0.357775296139842,0.000889918801122189,1.10775886730039,0
"DTXSID8020462",106.12,0.85730059481479,14289.5871803746,0.0973845637930905,3.83750804354271,0.000579987355770623,0.916412975283084,0
"DTXSID8020913",128.18,11.7999249925037,0.162075115310568,2879.40647794336,1.21209101070594,0.00188732972919842,0.706214867595839,0
