"dtxsid","molwt","vapor","solub","kow","decay.air","decay.sur","diffus.air","conc.out"
"DTXSID2021781",278.35,0.000928625912434902,0.0334232430847876,19150.0880521636,1.11671200457239,0.000854242047031129,0.437505119666935,0
"DTXSID3020205",312.37,0.0001979875034976,0.00726000290791015,34906.7541270108,1.25698370456628,0.00074505319367247,0.459102989698261,0
"DTXSID7021360",92.14,8689.66772289924,6.13199894743311,542.780286011498,0.645723916795808,0.00237489174958451,0.850190952024402,0
"DTXSID8020462",106.12,2.59252714716609,9217.87846086067,0.0852004629100082,3.36854635043971,0.00134746017842524,0.92653564348651,0
"DTXSID8020913",128.18,16.6791221861576,0.140963139150747,2005.94194917504,1.94610944791992,0.00101904978387104,0.912590364396329,0
