"dtxsid","molwt","vapor","solub","kow","decay.air","decay.sur","diffus.air","conc.out"
"DTXSID2021781",278.35,0.00205278105185404,0.0242902487091648,50707.3514870366,0.41561208295556,0.00152690543739313,0.572227373714138,0
"DTXSID3020205",312.37,0.000580889674001712,0.00710995423845342,27670.3447330348,0.72758657074468,0.0012267415987522,0.594731606690962,0
"DTXSID7021360",92.14,1366.64486432894,3.68987147988545,306.008912797287,0.585614789479829,0.00197201587925263,0.739177883857401,0
"DTXSID8020462",106.12,0.602285252331155,10383.9252806107,0.0511133327878608,2.48854123037939,0.00133694393763933,0.768938918972526,0
"DTXSID8020913",128.18,8.19561408146131,0.203914254188511,1084.746327184,0.653167721190416,0.000445865811484728,0.407750041654339,0
