"dtxsid","molwt","vapor","solub","kow","decay.air","decay.sur","diffus.air","conc.out"
"DTXSID2021781",278.35,0.00423940282792823,0.0358030812412366,40679.4033546483,0.31541668061508,0.00183411418600956,0.802928867233749,0
"DTXSID3020205",312.37,0.000458725696849457,0.00919357825496764,11547.3399954412,0.728870764855669,0.000638718501729996,0.424135469853604,0
"DTXSID7021360",92.14,3805.64547402968,7.3196438901424,349.527974943951,0.8629317151563,0.00179436392140934,0.622706677484227,0
"DTXSID8020462",106.12,0.581753853366017,10772.3394695118,0.098931338244829,1.64432818481233,0.00113223535041995,1.14641560044348,0
"DTXSID8020913",128.18,7.87943824829178,0.189306643279441,1156.85091810654,1.12133518273381,0.000913027731782824,0.641953745444915,0
