"dtxsid","molwt","vapor","solub","kow","decay.air","decay.sur","diffus.air","conc.out"
"DTXSID2021781",278.35,0.00351084395223897,0.0221727336006481,24910.9619593824,1.05145570368427,0.000948126951220413,0.484003833949361,0
"DTXSID3020205",312.37,0.00044996714645508,0.0089147618036457,22237.5353325783,1.12973142620948,0.00076771147135048,0.722955268651213,0
"DTXSID7021360",92.14,3511.96088763123,6.04071283385275,403.908130519171,0.561927852375218,0.00102837324054825,1.11361080604882,0
"DTXSID8020462",106.12,0.638320552723101,10200.7244493889,0.111965532105774,1.6587535050092,0.00087595889535797,0.732800505290234,0
"DTXSID8020913",128.18,4.36751216664355,0.114346839597879,1393.66032518255,1.17677548604256,0.0011592592561754,0.669079752468928,0
