"dtxsid","molwt","vapor","solub","kow","decay.air","decay.sur","diffus.air","conc.out"
"DTXSID2021781",278.35,0.00385377637465456,0.0478938703230276,52215.8990222241,1.6132268353373,0.00150714378039444,0.628033971032815,0
"DTXSID3020205",312.37,0.00141088691909595,0.00628027157124119,21315.7254586287,1.35345421829451,0.00129983835005138,0.45755877165808,0
"DTXSID7021360",92.14,5025.31205240852,4.35089385367511,542.737507334772,0.636480293886495,0.000740879346202048,0.707837354259175,0
"DTXSID8020462",106.12,0.279458465046477,6283.12212759975,0.073378172452216,1.72187755831179,0.000772291862819993,0.923176782712789,0
"DTXSID8020913",128.18,7.38770846262641,0.131199325594454,1248.74841131625,1.35146745919232,0.00131555846233197,0.893447713787626,0
