"dtxsid","molwt","vapor","solub","kow","decay.air","decay.sur","diffus.air","conc.out"
"DTXSID2021781",278.35,0.00325411474878044,0.050024610152236,25837.7139760449,0.626530902055529,0.000812613638993575,0.360976822519375,0
"DTXSID3020205",312.37,0.00114738004613821,0.00936562384774978,22702.5004087694,0.787000017542774,0.000654965120697143,0.609848277498403,0
"DTXSID7021360",92.14,2896.56354823721,4.18351193925,601.306882406095,0.447385986077009,0.000835815754258104,0.710599683403413,0
"DTXSID8020462",106.12,1.42472232628084,10956.6656084506,0.0505568127707878,2.15487537510266,0.000922595474980445,0.897626384813838,0
"DTXSID8020913",128.18,6.03147742553272,0.140709786970559,2164.6508026611,2.33956979941675,0.00111056625439074,0.704923117552824,0
