"dtxsid","molwt","vapor","solub","kow","decay.air","decay.sur","diffus.air","conc.out"
"DTXSID2021781",278.35,0.00290591276140969,0.0347376162412927,17696.02606672,0.398649930940089,0.000585693293221571,0.478904646863528,0
"DTXSID3020205",312.37,0.000371047575693562,0.0111421784750181,17009.9046448213,0.672642710624793,0.00114565634602521,0.480689201804544,0
"DTXSID7021360",92.14,7259.62037833646,4.11972251402578,160.73483027761,0.489195132670244,0.000420947739028558,1.02415327731671,0
"DTXSID8020462",106.12,1.13149122481207,5561.14556432318,0.0628000799532854,1.79685101440124,0.00146066938072091,0.828636430233645,0
"DTXSID8020913",128.18,12.9253685300782,0.132399607730132,2389.3463695379,3.10182205110116,0.000721170317802411,0.590767149537313,0
