"dtxsid","molwt","vapor","solub","kow","decay.air","decay.sur","diffus.air","conc.out"
"DTXSID2021781",278.35,0.00688845379307817,0.0237618888263077,38980.6386812642,0.602645927542575,0.00166963487250225,1.01825345149289,0
"DTXSID3020205",312.37,0.000767935851051772,0.0108132151333474,15280.2100025655,1.00760444508251,0.00205003192828889,0.802916116362198,0
"DTXSID7021360",92.14,2065.46365972897,3.5097500659207,511.745097628063,0.227465096580145,0.0017085596032915,0.687978183828465,0
"DTXSID8020462",106.12,0.294643644072552,9348.60968888506,0.0612773126031351,1.57430270814173,0.00133613916269493,0.736596601566413,0
"DTXSID8020913",128.18,9.7142159932522,0.129575599005588,3256.9704537093,1.24649682293091,0.00124810805524091,0.702828194477638,0
