"dtxsid","molwt","vapor","solub","kow","decay.air","decay.sur","diffus.air","conc.out"
"DTXSID2021781",278.35,0.00408700054685035,0.0213325419411668,20446.4453337111,0.472365439766389,0.000664734788489818,0.653220228647788,0
"DTXSID3020205",312.37,0.000449689109389929,0.0132845453087928,14836.0398302268,1.5783202193148,0.0024467992551166,0.491335149092482,0
"DTXSID7021360",92.14,1917.69663531874,3.87447433501131,433.507062290392,0.463167482580559,0.000467252200552455,0.779934600610819,0
"DTXSID8020462",106.12,3.06297483620476,7470.99007028838,0.092080644513433,2.18678698067001,0.000827196150312932,0.835171481970703,0
"DTXSID8020913",128.18,3.5672752817307,0.120811619992666,2907.2850595569,1.89135806741214,0.000868366442901993,1.28539274565463,0
