"dtxsid","molwt","vapor","solub","kow","decay.air","decay.sur","diffus.air","conc.out"
"DTXSID2021781",278.35,0.000947641572980328,0.0554237794515461,42429.9668849126,0.562589938137459,0.000422048541554361,0.528831470180093,0
"DTXSID3020205",312.37,0.000780329574135916,0.0138016716784721,46289.8017787583,0.51430292282937,0.000878196426101432,0.742446073653633,0
"DTXSID7021360",92.14,5456.8003389455,4.96865421005555,352.058688132124,0.865183503947256,0.000790059037421128,0.856344131041311,0
"DTXSID8020462",106.12,0.673907709577726,9599.4504885779,0.086063203807777,3.23962317467479,0.000842593269047716,0.674678005501699,0
"DTXSID8020913",128.18,11.4068462204836,0.166610711738046,3179.0881065752,1.21481161655793,0.000753488150518899,0.764276949283146,0
