"dtxsid","molwt","vapor","solub","kow","decay.air","decay.sur","diffus.air","conc.out"
"DTXSID2021781",278.35,0.00247092498875999,0.0393619489963639,69524.5925544242,0.956958336390497,0.00224985753003562,0.838612458615231,0
"DTXSID3020205",312.37,0.000354347455870463,0.0129292159923769,24825.4401246048,0.838036063205137,0.00139288185404288,0.808262788495342,0
"DTXSID7021360",92.14,1046.32892704263,6.12491446739582,265.247351978589,0.358195620741683,0.00107627543401932,0.867227313852087,0
"DTXSID8020462",106.12,2.33014299105305,10829.9333320874,0.123634288337625,3.53589792254677,0.000567391343010881,1.03764328809828,0
"DTXSID8020913",128.18,7.58684463741689,0.107706508622901,2505.89656393291,1.2592450756549,0.00154943599124359,0.536211057888424,0
