"dtxsid","molwt","vapor","solub","kow","decay.air","decay.sur","diffus.air","conc.out"
"DTXSID2021781",278.35,0.0215988903101926,0.0458743242151378,39340.9116396435,0.556475237470072,0.000463276777126089,0.529944196280175,0
"DTXSID3020205",312.37,0.000509182141422838,0.00519622611757973,16318.4684997595,0.940091045141129,0.00112373454471036,0.406260266017912,0
"DTXSID7021360",92.14,8705.79785746417,2.52038122853291,440.716207889347,0.21292908026245,0.000823190219817901,0.804399946949393,0
"DTXSID8020462",106.12,0.592116828067126,11137.5484008477,0.0534759112294438,1.05781879992328,0.0012254926948824,0.712287212480328,0
"DTXSID8020913",128.18,8.15705085036281,0.100795925294464,3056.82511407356,0.966397029327172,0.000897143225505774,0.672215169262617,0
