"dtxsid","molwt","vapor","solub","kow","decay.air","decay.sur","diffus.air","conc.out"
"DTXSID2021781",278.35,0.00783035889756518,0.0506904329398686,39260.8480059713,0.531237664736227,0.000623884468078556,0.462001560727559,0
"DTXSID3020205",312.37,0.00028142787409032,0.00889887683136887,20861.6270378165,0.538332696471377,0.000512499828501556,0.424033257496179,0
"DTXSID7021360",92.14,11259.5061733042,4.90454879249742,377.006651607529,0.229258887562778,0.00107450048624948,0.830145473028562,0
"DTXSID8020462",106.12,0.443528286725741,6306.64621773084,0.0603211815567588,0.792037174760942,0.00065392499615395,0.963954681506316,0
"DTXSID8020913",128.18,3.08199282051731,0.16244356970865,1243.96625400395,1.42928624997797,0.00119277115446273,0.817436758547012,0
