"dtxsid","molwt","vapor","solub","kow","decay.air","decay.sur","diffus.air","conc.out"
"DTXSID2021781",278.35,0.00108137129330837,0.0374282682004898,15864.051529479,0.461899824591159,0.00117587069826023,0.501247903635902,0
"DTXSID3020205",312.37,0.000562588224205584,0.0114595715366303,13182.8662096717,1.48346177589989,0.00231841194937436,0.378881230744598,0
"DTXSID7021360",92.14,732.549623660897,3.70543786567232,327.661702887777,0.461548436577529,0.000953085313680077,0.920276335777534,0
"DTXSID8020462",106.12,0.6822065488152,7970.77914649165,0.0716011039131084,1.77634707384898,0.00207255297214193,0.617511739187327,0
"DTXSID8020913",128.18,1.9307124800772,0.165537571280307,2292.02749576546,1.13342025934557,0.000936511156522198,0.970097762940852,0
