"dtxsid","molwt","vapor","solub","kow","decay.air","decay.sur","diffus.air","conc.out"
"DTXSID2021781",278.35,0.00279449867260339,0.0379720925033904,37060.6276212831,0.600204489286228,0.00152435620365712,0.632525754797232,0
"DTXSID3020205",312.37,0.00143103374719166,0.00837537968962325,24204.0818021372,1.98188211753318,0.00121686430730992,0.761336287343755,0
"DTXSID7021360",92.14,2249.79234407505,3.43682902578609,538.208056897821,0.38234609979635,0.000990638652491908,0.55210543996251,0
"DTXSID8020462",106.12,1.48146155385301,12849.2740144512,0.107630229961511,0.949822725785106,0.000856727686251028,0.654551911952837,0
"DTXSID8020913",128.18,5.48159160424501,0.167179806848579,3183.69512294405,1.48444592309024,0.000664110039028198,0.674808242838881,0
