"dtxsid","molwt","vapor","solub","kow","decay.air","decay.sur","diffus.air","conc.out"
"DTXSID2021781",278.35,0.001715989027173,0.0355990679395803,28482.1032425148,1.38157287442143,0.000469614210194764,0.556137605988321,0
"DTXSID3020205",312.37,0.000486309485281221,0.00619121496664937,21492.1321677809,0.711461582787656,0.00121285205893524,0.415713543203239,0
"DTXSID7021360",92.14,7158.05090183155,4.77683692304915,336.615534131678,0.134468872413468,0.0011633182263702,0.778348869849631,0
"DTXSID8020462",106.12,0.320608966429072,9548.61276432729,0.0780994708928439,1.1713167446381,0.000707808016832218,0.592622692323734,0
"DTXSID8020913",128.18,4.19211490763327,0.126923601281905,2660.48021438758,1.42368049771588,0.000667656245993005,0.587894313719112,0
