"dtxsid","molwt","vapor","solub","kow","decay.air","decay.sur","diffus.air","conc.out"
"DTXSID2021781",278.35,0.00377513570218957,0.0229100081238223,37655.1169563043,0.553453180770753,0.000924294855650189,0.6270515801111,0
"DTXSID3020205",312.37,0.00130711164630089,0.00961341727183621,15111.1868952034,0.592996156557549,0.0025479325354181,0.48991312551168,0
"DTXSID7021360",92.14,2120.19357684774,4.10593090923506,770.135380826276,0.28259501190511,0.00126259601723584,0.966445274102892,0
"DTXSID8020462",106.12,0.915859111388654,12855.8017557606,0.0814641080896503,1.48574702772895,0.00108574222475451,0.566974087817284,0
"DTXSID8020913",128.18,3.90834088734592,0.137869272578347,1305.41546934052,1.32853581034995,0.000816303678255938,0.821413293960199,0
