"dtxsid","molwt","vapor","solub","kow","decay.air","decay.sur","diffus.air","conc.out"
"DTXSID2021781",278.35,0.00277362059073916,0.0426330450247624,82319.9509910343,1.57675872090009,0.00121773776318958,0.640222877652899,0
"DTXSID3020205",312.37,0.000200864295407243,0.00444625158943017,25585.1637027141,0.427737511231122,0.00141776788417807,0.518003183279166,0
"DTXSID7021360",92.14,2250.18579578412,5.8967066813052,349.777160304797,0.279461665853565,0.00107064265904061,1.08386175686998,0
"DTXSID8020462",106.12,4.3869418145468,4236.50313912847,0.0435093077435705,1.42047639832572,0.000738028620081956,0.511016271667862,0
"DTXSID8020913",128.18,3.92664343122234,0.122365895847543,3230.71769048453,2.21066659985599,0.00250871231235619,1.04018438372575,0
