"dtxsid","molwt","vapor","solub","kow","decay.air","decay.sur","diffus.air","conc.out"
"DTXSID2021781",278.35,0.00203627426627436,0.0305756963062645,54545.0511033063,0.492692018797343,0.00145012538175968,0.3164903698924,0
"DTXSID3020205",312.37,0.000614588192927773,0.00781248559598679,16343.5157278397,0.622064156998093,0.00103830445626249,0.382671052013192,0
"DTXSID7021360",92.14,1690.94267817434,4.38889967728533,391.441723082854,0.354002495461007,0.0012106671195362,0.72716209208545,0
"DTXSID8020462",106.12,0.737283192192356,6354.19274674098,0.119395176651043,1.43247611719293,0.00109442074941022,0.635293658829715,0
"DTXSID8020913",128.18,20.6834830337224,0.110977182054012,1703.82208931193,1.3508687369869,0.00128593962753394,0.752664543656714,0
