"dtxsid","molwt","vapor","solub","kow","decay.air","decay.sur","diffus.air","conc.out"
"DTXSID2021781",278.35,0.0028614202131384,0.0416061389382134,37693.5607165312,0.441677709140581,0.00101539192588337,0.615128706178831,0
"DTXSID3020205",312.37,0.00185963980787597,0.00582521994634709,24720.9595184489,0.439858751263633,0.000335406578075481,0.406060887490894,0
"DTXSID7021360",92.14,1147.08016741235,5.07664054488864,355.53255051615,0.131235824418346,0.000605951868349566,1.01924640329498,0
"DTXSID8020462",106.12,0.927073624222926,8830.08757096962,0.0711091459644971,2.02347130357146,0.00154722578616473,1.39965694612487,0
"DTXSID8020913",128.18,6.06621266705028,0.246864328145376,2100.86245264195,1.71270215056784,0.0020731025357346,0.938978076259972,0
