"dtxsid","molwt","vapor","solub","kow","decay.air","decay.sur","diffus.air","conc.out"
"DTXSID2021781",278.35,0.000814027073933968,0.0472199286293682,26558.6909048163,0.43042013214976,0.00111866403220372,0.529203097111992,0
"DTXSID3020205",312.37,0.000508299382286548,0.00836284673935055,30970.8757412269,0.79876649381537,0.00141431200523001,0.523786327761393,0
"DTXSID7021360",92.14,12299.8306381554,6.05585125267262,299.860232209249,0.132919772367455,0.000694653191749154,0.974269786685286,0
"DTXSID8020462",106.12,0.605897713350063,6381.23523819553,0.104207338093423,1.4689573328743,0.00090874195391764,0.931143667860423,0
"DTXSID8020913",128.18,12.5535979137205,0.160152093887997,1787.14459810225,1.67424757526966,0.00138181186675639,1.08807781270056,0
