"dtxsid","molwt","vapor","solub","kow","decay.air","decay.sur","diffus.air","conc.out"
"DTXSID2021781",278.35,0.00782838838035577,0.0342877577744244,35120.7528913024,0.524727794343922,0.00161327817290763,0.580897926318562,0
"DTXSID3020205",312.37,0.000366555759156423,0.0111106147599012,11066.8868168927,0.734370147653373,0.000809688489764304,0.472084782842155,0
"DTXSID7021360",92.14,3974.71649709036,4.23167593867496,544.235193709863,0.466251091514547,0.00141436122119471,0.911873064112258,0
"DTXSID8020462",106.12,0.146723674601743,11721.315408628,0.0590241857638512,0.979397932461993,0.0010210184228237,0.538163982580126,0
"DTXSID8020913",128.18,9.58109725764338,0.119568467133728,2846.38200762498,1.39184767826814,0.00044487705984994,0.788825377393091,0
