"dtxsid","molwt","vapor","solub","kow","decay.air","decay.sur","diffus.air","conc.out"
"DTXSID2021781",278.35,0.00106313414623614,0.0454063232967264,36580.1624297935,0.459459381689027,0.00132169247166625,0.422727415758911,0
"DTXSID3020205",312.37,0.000560035646438333,0.0075315040394193,22612.6098573441,0.619401445268485,0.00116934173010229,0.634345570298703,0
"DTXSID7021360",92.14,3336.948393329,3.50140049422964,380.404739107854,0.372809934458359,0.000753530648117191,0.400328813795059,0
"DTXSID8020462",106.12,3.17243104797129,7531.52735042216,0.0718222712137849,1.77921182046183,0.0012097007491705,0.537028507245517,0
"DTXSID8020913",128.18,20.6509111260168,0.177086675264591,2002.10182882131,0.745464751364991,0.000782925581443313,0.940752432449928,0
