"dtxsid","molwt","vapor","solub","kow","decay.air","decay.sur","diffus.air","conc.out"
"DTXSID2021781",278.35,0.00438375946282976,0.0412600690475619,39699.8822451767,1.37261866701171,0.00160264839697156,0.415817517108611,0
"DTXSID3020205",312.37,0.000528039557193631,0.0122731238508686,15597.0776615054,0.701959512327326,0.000863297358491425,0.437682754603144,0
"DTXSID7021360",92.14,9718.35699183568,4.75350416099644,444.912594181857,0.881834413388242,0.00111403956220076,0.576471844191952,0
"DTXSID8020462",106.12,1.14746472591232,7961.32060292125,0.0500150150285088,1.46706317381289,0.00112801375567787,0.876585374366273,0
"DTXSID8020913",128.18,1.49321171401811,0.156710219074827,2779.20449334575,1.096764363198,0.00155913657239226,1.26498686991601,0
