"dtxsid","molwt","vapor","solub","kow","decay.air","decay.sur","diffus.air","conc.out"
"DTXSID2021781",278.35,0.00812219745339982,0.047226550130867,27035.7216558258,0.504941176806531,0.00095540028639837,0.856285371655934,0
"DTXSID3020205",312.37,0.00138062862343246,0.00841669351487851,12867.6585384289,0.918885439412537,0.00204839239208514,0.741070540330057,0
"DTXSID7021360",92.14,4032.64678500866,4.73977316387267,589.331660103987,0.242570566397753,0.000784633694640529,0.72451908739307,0
"DTXSID8020462",106.12,1.00901539854773,12105.9743057377,0.0889087005052688,1.77975563884265,0.000982232463015109,0.811118019722577,0
"DTXSID8020913",128.18,5.46772496301514,0.136275814073207,2054.7698886626,1.4129729455041,0.00139809442769362,0.778599358151885,0
