"dtxsid","molwt","vapor","solub","kow","decay.air","decay.sur","diffus.air","conc.out"
"DTXSID2021781",278.35,0.00364406676328917,0.0349802100517552,38422.1062232901,0.465951833382214,0.0010938034466773,0.49129604142662,0
"DTXSID3020205",312.37,0.000720543752131122,0.00895866657994651,25769.6236742368,0.630242279015295,0.00165431754016367,0.697429087746175,0
"DTXSID7021360",92.14,3614.19054335705,2.24220338000555,362.748385008875,0.380859339006972,0.000674165372040695,0.678115130949495,0
"DTXSID8020462",106.12,1.01216102416108,8674.3545117557,0.0739356495559488,1.39121372310379,0.000511049678754306,0.593983314489865,0
"DTXSID8020913",128.18,4.84405054175643,0.151977621202187,2224.77171191887,2.31104998107329,0.000828712200858448,0.454789314298978,0
