"dtxsid","molwt","vapor","solub","kow","decay.air","decay.sur","diffus.air","conc.out"
"DTXSID2021781",278.35,0.00815988557371574,0.037571141949667,22372.3468375054,1.12622738454661,0.000816200980630551,0.419668330030253,0
"DTXSID3020205",312.37,0.000309649814158414,0.0184469948660939,27791.0662243678,0.774376972456812,0.00123401227742312,0.407727271161073,0
"DTXSID7021360",92.14,657.504128361377,3.86896979048725,453.398329577859,0.279347611647963,0.00119182212166316,0.662371562914442,0
"DTXSID8020462",106.12,0.511484844594642,11858.9755369528,0.0553310005076548,1.0647925890187,0.00154711305857945,0.737799047916588,0
"DTXSID8020913",128.18,5.57719554947756,0.131043573098755,3112.60968505095,1.40728931804165,0.00146890960853726,0.576052702316575,0
