"dtxsid","molwt","vapor","solub","kow","decay.air","decay.sur","diffus.air","conc.out"
"DTXSID2021781",278.35,0.00372738913713669,0.0456401681821509,23827.0906221195,0.606464881248445,0.00093136485101793,0.684005918640411,0
"DTXSID3020205",312.37,0.000383809726495715,0.0116168360077825,28044.1009095047,0.686745878985473,0.0014018041760116,0.722310058329405,0
"DTXSID7021360",92.14,4419.38310997556,6.3288480179598,491.226222065848,0.351140865798584,0.00187838317527578,0.874441690314265,0
"DTXSID8020462",106.12,0.646538154053381,6503.08930435175,0.0583563307949274,2.35719322476615,0.000913641876328102,0.809115721956644,0
"DTXSID8020913",128.18,3.99201998802154,0.113235947304167,3099.61806696116,1.80479164973382,0.00105690325460634,0.628546156291626,0
