"dtxsid","molwt","vapor","solub","kow","decay.air","decay.sur","diffus.air","conc.out"
"DTXSID2021781",278.35,0.00178950473003773,0.0315921678664436,41552.0679751181,0.95009943879526,0.000510923444220582,0.474140061168267,0
"DTXSID3020205",312.37,0.000757489473444545,0.0126889875512313,27935.8609939879,0.597012853004913,0.000838058808378404,0.576424067074108,0
"DTXSID7021360",92.14,11016.650816238,4.60936250492727,851.844802951295,0.52937238656399,0.00101212295201089,1.09084959123295,0
"DTXSID8020462",106.12,0.656434093748078,6626.45187161553,0.293844939246243,1.71063177687107,0.00148110692875499,0.601846042523022,0
"DTXSID8020913",128.18,17.115593005105,0.178948036933389,1128.59342739755,2.20856588356503,0.000410181101510017,0.664481617897882,0
