"dtxsid","molwt","vapor","solub","kow","decay.air","decay.sur","diffus.air","conc.out"
"DTXSID2021781",278.35,0.00644320690745768,0.042529978897277,32132.0474170302,1.17866020434205,0.000644496359108945,0.733827146170304,0
"DTXSID3020205",312.37,0.000178437479273878,0.00977518312276983,34926.5651012566,0.983216357231008,0.00121638972895038,0.682001707818777,0
"DTXSID7021360",92.14,4068.73046622093,3.85016390804681,520.099100958896,0.434151003596955,0.00119197811712433,0.894942992699596,0
"DTXSID8020462",106.12,1.73131518644045,8039.5529920563,0.0492035214967432,2.95050396142027,0.000525080682973536,0.924258648632387,0
"DTXSID8020913",128.18,19.7960475637673,0.127007799281935,2354.22190120114,1.42785777507329,0.000487245261726753,0.632102991313466,0
