"dtxsid","molwt","vapor","solub","kow","decay.air","decay.sur","diffus.air","conc.out"
"DTXSID2021781",278.35,0.00480455295820958,0.0326806081196265,22223.0697183824,0.796910855108026,0.000568739536856616,0.464016889840905,0
"DTXSID3020205",312.37,0.00215928136698337,0.00919136341979157,18990.0118430524,0.704607674983115,0.000916880012716969,0.361260084429396,0
"DTXSID7021360",92.14,8608.78145030709,4.45787077701234,590.364554145975,0.278291345439098,0.000965946665350315,1.20544896013771,0
"DTXSID8020462",106.12,0.419899896726179,9346.60618604844,0.0420213275827808,1.05113865685165,0.00116617542096694,1.06345359152448,0
"DTXSID8020913",128.18,5.05322413774207,0.185283488386928,1883.621547297,1.61445448619762,0.0012346145075684,0.752385987189705,0
