"dtxsid","molwt","vapor","solub","kow","decay.air","decay.sur","diffus.air","conc.out"
"DTXSID2021781",278.35,0.00635126597592066,0.0264149278524761,24924.6572046845,0.359915272770904,0.000933165500378229,0.485822091200225,0
"DTXSID3020205",312.37,0.000148003582619553,0.00598312388115011,18828.08111848,0.847445187749821,0.00140370534672937,0.574087030001695,0
"DTXSID7021360",92.14,2972.06109812591,5.98885897551535,269.167194964019,0.281465325731679,0.000958568016868305,0.868568363586451,0
"DTXSID8020462",106.12,1.08676705840892,7258.09286442303,0.0649697380184163,1.64660790294362,0.00121824918090639,1.41784998896512,0
"DTXSID8020913",128.18,11.5451039944115,0.121526768196366,2207.40750247357,1.86162439996067,0.000852327764438298,0.861385617069921,0
