"dtxsid","molwt","vapor","solub","kow","decay.air","decay.sur","diffus.air","conc.out"
"DTXSID2021781",278.35,0.00499119657491355,0.0372265878312408,18894.4261879127,0.685914381937353,0.000993012981081208,0.628168488317915,0
"DTXSID3020205",312.37,0.00120171968941223,0.00883330392593747,8665.97812432574,0.625900138294722,0.00195403693947507,0.371641266216451,0
"DTXSID7021360",92.14,1645.17328078558,5.54610126924496,277.114872039237,0.234762884442109,0.00117377787947373,1.05089528130464,0
"DTXSID8020462",106.12,0.544424158667554,10782.7697647355,0.0455525710820666,1.0836872548097,0.00108773388641316,0.919323202936083,0
"DTXSID8020913",128.18,17.276997080073,0.168617225803798,6713.43722931667,1.11169093613712,0.000794332790606501,0.984050280779232,0
