"dtxsid","molwt","vapor","solub","kow","decay.air","decay.sur","diffus.air","conc.out"
"DTXSID2021781",278.35,0.00231130536189877,0.0413054029378056,50859.5114808411,1.01638385558282,0.000857580630360216,0.445998771293674,0
"DTXSID3020205",312.37,0.000403421650627777,0.00715190629172651,12830.3476770094,0.773902438412004,0.00100560556193575,0.716631415672457,0
"DTXSID7021360",92.14,1380.07201077664,5.25005225363158,445.57256458924,0.292984284328363,0.00103676209560397,0.734523794044396,0
"DTXSID8020462",106.12,0.327467954262027,7302.71841677562,0.117740753970942,1.18294581731383,0.00132728420641718,1.08826338397461,0
"DTXSID8020913",128.18,3.6058803281408,0.18090362488581,1296.87589402069,2.13240356502367,0.00138181645016277,0.663862485695791,0
