"dtxsid","molwt","vapor","solub","kow","decay.air","decay.sur","diffus.air","conc.out"
"DTXSID2021781",278.35,0.00102453518960871,0.0334209034966427,23071.591702537,0.405462360675749,0.000852189393306727,0.49529098216059,0
"DTXSID3020205",312.37,0.00102353683453726,0.00846847553610075,27559.9715818154,0.458307946055456,0.00146405673946693,0.643685771807672,0
"DTXSID7021360",92.14,2487.63011778887,3.98218570993697,376.118075211063,0.2318470686376,0.000703542068124848,0.674110656217127,0
"DTXSID8020462",106.12,0.358682081878807,7252.80532654176,0.167917831411946,1.26707699004291,0.00114804717747891,0.885471424446232,0
"DTXSID8020913",128.18,14.2764177567696,0.125693043608515,2391.41537568276,0.779305944291477,0.004073823058461,0.398516271198118,0
