"dtxsid","molwt","vapor","solub","kow","decay.air","decay.sur","diffus.air","conc.out"
"DTXSID2021781",278.35,0.00820555000176881,0.0361416214073678,34493.0236462557,0.407796569590522,0.00196065432955224,0.40963458602038,0
"DTXSID3020205",312.37,0.000400426610418205,0.0101201676622615,14654.536017858,1.399337524845,0.000707764956667711,0.572087253421318,0
"DTXSID7021360",92.14,3275.74088820643,5.31226000933235,693.019814482202,0.496597529659934,0.000852105378824302,0.633662515712368,0
"DTXSID8020462",106.12,2.15923804189879,11201.6610446772,0.0831760650547233,2.08849608457221,0.00105765935763486,0.896783921210261,0
"DTXSID8020913",128.18,4.79577953213259,0.085024041162949,1549.93831022779,1.14875053605243,0.00124349206534542,0.539545107317374,0
