"dtxsid","molwt","vapor","solub","kow","decay.air","decay.sur","diffus.air","conc.out"
"DTXSID2021781",278.35,0.0047132561226678,0.0423172777132505,61748.0522487169,0.763544035110619,0.00126477343378181,0.699873536751022,0
"DTXSID3020205",312.37,0.000486067291576887,0.0124176431630661,22217.6307276445,0.922095180128179,0.00108695908258619,0.359108552654802,0
"DTXSID7021360",92.14,2535.74735555144,5.79538278780868,500.547700895456,0.503307055800306,0.00139713079711488,0.570256946704855,0
"DTXSID8020462",106.12,0.304601549673231,7589.4719643499,0.0667663470354815,1.39346799371289,0.000963910760505921,0.797629765640496,0
"DTXSID8020913",128.18,8.40128766154345,0.146824262442868,4646.23800720435,0.614469502995535,0.00120564387442259,0.635509892858306,0
