"dtxsid","molwt","vapor","solub","kow","decay.air","decay.sur","diffus.air","conc.out"
"DTXSID2021781",278.35,0.0105984280089434,0.0317765324702211,31532.0729724321,0.387323184349427,0.00108809213476483,0.488257105272238,0
"DTXSID3020205",312.37,0.000243378985754384,0.0102591841814979,16758.033252179,1.17772068213949,0.00248424379536072,0.849785037724701,0
"DTXSID7021360",92.14,3158.70598995661,2.74409081520205,693.547710925784,0.447025834719468,0.00122529206276152,1.03499864903238,0
"DTXSID8020462",106.12,1.06315842658776,5900.99859838127,0.102769974403725,1.26793038495453,0.00066055474495072,0.714202574532394,0
"DTXSID8020913",128.18,16.5231831718975,0.137270535570081,2449.20953453396,2.74680714276165,0.00154264004716391,0.58932805922391,0
