"dtxsid","molwt","vapor","solub","kow","decay.air","decay.sur","diffus.air","conc.out"
"DTXSID2021781",278.35,0.00355169207315769,0.0294078657851947,74318.678863914,0.540154149511692,0.00153945250890588,0.513062509185577,0
"DTXSID3020205",312.37,0.000355171275118853,0.0084174053899323,23420.6647278804,0.8848036080108,0.0013976120737737,0.498544010611898,0
"DTXSID7021360",92.14,1835.0368802938,4.52050398607717,789.50896534349,1.35151760064986,0.000564649498118302,1.07664356510083,0
"DTXSID8020462",106.12,2.03951326842367,6795.93278354785,0.0896366252505267,3.82028318866574,0.00041634319924408,1.03790814727944,0
"DTXSID8020913",128.18,8.65429713643303,0.131835648447838,1788.05229787406,1.06365595738233,0.000807682499733017,0.596005820365289,0
