"dtxsid","molwt","vapor","solub","kow","decay.air","decay.sur","diffus.air","conc.out"
"DTXSID2021781",278.35,0.00406359549472217,0.0409348958438825,63269.2893137302,0.525533658186112,0.000996710159544506,0.377137626464586,0
"DTXSID3020205",312.37,0.000626469809788432,0.00759380240521235,13282.394105163,0.405151070789676,0.00125946174961356,0.436992565094945,0
"DTXSID7021360",92.14,987.072651182681,3.48286963409351,246.65033101338,0.535092714056557,0.00106611174133693,0.7305425635399,0
"DTXSID8020462",106.12,2.52182690008597,7785.50720375428,0.0648542705472307,1.49389944149435,0.000681040293800191,0.541171277759819,0
"DTXSID8020913",128.18,4.58902409607418,0.26376777302677,2300.1952256493,1.20525610278066,0.000431651959795287,0.7267148250039,0
