"dtxsid","molwt","vapor","solub","kow","decay.air","decay.sur","diffus.air","conc.out"
"DTXSID2021781",278.35,0.00322305358916898,0.0362665519843796,54044.3149973861,0.666208592323183,0.00117658291385981,0.621450315898802,0
"DTXSID3020205",312.37,0.00462718591997599,0.0129983614979779,14659.8138442178,0.851020684161147,0.000823046055241458,0.664529454090132,0
"DTXSID7021360",92.14,1998.37436135772,6.78135982123586,358.149331905989,0.493785215929793,0.00133525026906275,0.837625975497062,0
"DTXSID8020462",106.12,1.33677575837513,6336.82335249114,0.0962157312773295,2.23157646596622,0.000519401231848389,1.34212998321392,0
"DTXSID8020913",128.18,19.5387907183301,0.149793635710892,5008.86859668623,1.16618805465728,0.000999668079753799,0.619308888250692,0
