"dtxsid","molwt","vapor","solub","kow","decay.air","decay.sur","diffus.air","conc.out"
"DTXSID2021781",278.35,0.00224237632965692,0.048987193904552,37850.3104721896,1.30558934401394,0.00193242227153967,0.425974951665768,0
"DTXSID3020205",312.37,9.0551468529974e-05,0.00775643605910194,18374.6991225682,0.552757960764795,0.00107564611954157,0.441816361489871,0
"DTXSID7021360",92.14,5704.85910423924,3.33536242281632,425.356406945445,0.406565105125157,0.000822658553306782,0.829488545350381,0
"DTXSID8020462",106.12,0.8157172057339,10756.9551446588,0.0623737530689263,1.43435364396902,0.000949146587419839,0.515004801085829,0
"DTXSID8020913",128.18,11.7584348967197,0.116614365714462,6477.88538897865,0.63299164286584,0.000703152460398678,0.876248823116501,0
