"dtxsid","molwt","vapor","solub","kow","decay.air","decay.sur","diffus.air","conc.out"
"DTXSID2021781",278.35,0.00389818241038524,0.0376833718343389,50874.7085913544,0.416372451393006,0.00118179792615504,0.706327053642968,0
"DTXSID3020205",312.37,0.000343146680930358,0.0201057885826992,27535.0220969219,0.728994092035407,0.00129481559272954,0.424946635854406,0
"DTXSID7021360",92.14,6031.34129055329,3.39265558136494,338.441504591978,0.588299147750238,0.00150958610141083,0.738298741129367,0
"DTXSID8020462",106.12,0.711402784087476,6554.46116333639,0.0579330703348581,2.82912350874433,0.00109957098179321,0.434456821965891,0
"DTXSID8020913",128.18,11.3178836319868,0.158757441834955,1390.85040778483,2.04259609215895,0.00123642626893544,0.876654002378427,0
