"dtxsid","molwt","vapor","solub","kow","decay.air","decay.sur","diffus.air","conc.out"
"DTXSID2021781",278.35,0.00214429481983618,0.0424952595292237,34221.6578679649,0.586598407466652,0.00115912655071585,0.689963261790756,0
"DTXSID3020205",312.37,0.00105604312974552,0.012138966419754,21222.4581025793,0.71159102330414,0.00124581484647258,0.444737971963481,0
"DTXSID7021360",92.14,2303.04866699615,3.88108859425791,555.931933807395,0.390070132107816,0.0014401143472382,0.672084284493604,0
"DTXSID8020462",106.12,1.72881497308694,8794.30617471267,0.104426188407176,2.65026836127376,0.000689628904808804,0.717786143084875,0
"DTXSID8020913",128.18,10.5583127773767,0.169006192433736,2905.46021664095,0.818616145783023,0.0007984630290907,0.75890249915508,0
