"dtxsid","molwt","vapor","solub","kow","decay.air","decay.sur","diffus.air","conc.out"
"DTXSID2021781",278.35,0.006392023379854,0.0359153012655708,64263.152676424,0.386287332721734,0.00108729460742418,0.459486854858151,0
"DTXSID3020205",312.37,0.00222851337485767,0.00768037432545209,23138.7258948505,0.723774925139561,0.00166037324066327,0.634082104581553,0
"DTXSID7021360",92.14,4306.59340458132,5.51060343909888,402.690455925009,0.62316524825071,0.00142302401138048,0.757733961004313,0
"DTXSID8020462",106.12,1.537892356069,9121.32688067013,0.0521374175900627,1.81093735396344,0.00168547104999084,0.536364252456632,0
"DTXSID8020913",128.18,11.9390898089079,0.135256477560483,3316.1559071229,1.52089230362085,0.00143717811548775,0.686167881651367,0
