"dtxsid","molwt","vapor","solub","kow","decay.air","decay.sur","diffus.air","conc.out"
"DTXSID2021781",278.35,0.00154497349100213,0.030970027090772,32828.4489859762,0.653528554729934,0.000690458082172943,0.424441207028214,0
"DTXSID3020205",312.37,0.00073728340392332,0.0127239038233248,7642.4072682038,0.520674815338804,0.000803080656475187,0.619366937051271,0
"DTXSID7021360",92.14,2979.70114710937,4.81891263355108,272.844794393769,0.586298279938401,0.00144033263470646,0.896570814831962,0
"DTXSID8020462",106.12,3.30418187811547,10578.7172611786,0.0922409896587437,1.27400488573853,0.000365518671463226,0.553418846321029,0
"DTXSID8020913",128.18,7.85249370325688,0.138216498108507,1393.16064760318,2.158615706926,0.00102901924144301,1.33596760280181,0
