"dtxsid","molwt","vapor","solub","kow","decay.air","decay.sur","diffus.air","conc.out"
"DTXSID2021781",278.35,0.00262794338975765,0.042693911632298,14864.8108191965,1.09609727165391,0.0014920864546955,0.635467393985731,0
"DTXSID3020205",312.37,0.00165217053006056,0.0106626284991798,32736.1559269496,0.415170341000085,0.00209783895275723,0.574919612453123,0
"DTXSID7021360",92.14,2531.89749952698,4.64103816859804,487.255277639097,0.29305853891841,0.000464885708366845,1.05328222285809,0
"DTXSID8020462",106.12,2.58024847213767,7539.55993426424,0.0813862160684205,1.62626357633544,0.000428837571782465,1.05650735916571,0
"DTXSID8020913",128.18,5.83825784195215,0.12915152365735,2010.49417411326,1.19439169078734,0.000568234751374882,0.972666168779876,0
