"dtxsid","molwt","vapor","solub","kow","decay.air","decay.sur","diffus.air","conc.out"
"DTXSID2021781",278.35,0.00175147097420006,0.0357655769469055,28125.3734307003,0.494561735020502,0.00168262120065512,0.456457252265145,0
"DTXSID3020205",312.37,0.00218300225465392,0.00895709173948686,14889.3832007854,0.515225519241476,0.000947804710943913,0.365599757184496,0
"DTXSID7021360",92.14,3910.13294861038,4.50138616755291,305.867924140958,0.229552259045062,0.00168352641516982,0.962243596106806,0
"DTXSID8020462",106.12,0.690956487922191,8575.49409991954,0.043942717532825,1.29285179756557,0.00102112148358307,0.767355807096436,0
"DTXSID8020913",128.18,5.06002279533919,0.146896584075569,3974.22066421203,0.871321688943092,0.00219422854285583,0.531170255987539,0
