"dtxsid","molwt","vapor","solub","kow","decay.air","decay.sur","diffus.air","conc.out"
"DTXSID2021781",278.35,0.00484758904636115,0.0362970394571185,22985.4427882018,0.529063598294633,0.00264518249618658,0.541376443679511,0
"DTXSID3020205",312.37,0.000366254848660727,0.00821680901312753,14516.593929294,0.723720937009189,0.00128733194406319,0.411056090905466,0
"DTXSID7021360",92.14,3774.87183798292,2.81431890301213,304.998488719843,0.447848968200004,0.000856559138903188,1.27272215059814,0
"DTXSID8020462",106.12,0.385192409876329,10950.6035664568,0.0588285213990146,2.75001310353255,0.000264153671508446,0.9262584942875,0
"DTXSID8020913",128.18,8.60403817917251,0.161927636720636,1676.16844946141,2.10472667702239,0.00112999214655436,0.674304844962439,0
