"dtxsid","molwt","vapor","solub","kow","decay.air","decay.sur","diffus.air","conc.out"
"DTXSID2021781",278.35,0.00310372415663388,0.0507346929167297,50456.5476172591,0.479041205626798,0.000755160922029274,0.420708597529688,0
"DTXSID3020205",312.37,0.00164372820944386,0.00913381109710291,24803.3030417106,0.521857566443944,0.00130423506080862,0.62891327193848,0
"DTXSID7021360",92.14,2292.66509302841,5.90218232480505,347.621147571639,0.25175967373219,0.000731084170935844,1.00378350509708,0
"DTXSID8020462",106.12,1.41250238937197,6579.80572886199,0.0529734942164258,3.28114841272987,0.00102583920213925,0.815442828436425,0
"DTXSID8020913",128.18,2.62675204704443,0.173873533362788,4819.39735449698,1.6087392076543,0.000291408004486508,0.644011018637103,0
