"dtxsid","molwt","vapor","solub","kow","decay.air","decay.sur","diffus.air","conc.out"
"DTXSID2021781",278.35,0.00359279522420841,0.0334227061061662,39565.8228131898,0.856008933563641,0.00115366929506172,0.496860530208801,0
"DTXSID3020205",312.37,0.000590649281536584,0.0103556200568152,30321.2978390081,0.69836185469565,0.00230355646230478,0.491772381553359,0
"DTXSID7021360",92.14,4779.95827977148,6.72588735286173,480.421359015549,0.24923662083387,0.00116890818026897,1.0583195308939,0
"DTXSID8020462",106.12,1.08624984935009,10941.1193736371,0.109847420589443,1.89852532558161,0.00267415803900243,1.04455328075753,0
"DTXSID8020913",128.18,9.2103536792965,0.108806439956266,3984.02260155264,0.905689718112867,0.00118465243734957,0.602272013965537,0
