"dtxsid","molwt","vapor","solub","kow","decay.air","decay.sur","diffus.air","conc.out"
"DTXSID2021781",278.35,0.00478930161399146,0.0423999820029487,21602.865448842,0.743613065989213,0.001303141071708,0.865662541618371,0
"DTXSID3020205",312.37,0.000285698730933878,0.0118624477736025,20637.4421155937,1.87123587188908,0.00171759535086749,0.597340581828281,0
"DTXSID7021360",92.14,2771.72166177128,4.17651459005956,377.730133599786,0.305864180785923,0.00207155754581252,0.828640258607131,0
"DTXSID8020462",106.12,1.82432890467953,4063.727860402,0.106961685545544,1.21167590499971,0.00107339404730675,0.967855055689785,0
"DTXSID8020913",128.18,12.1327126377719,0.101863848403498,1383.68935518118,2.13504191288025,0.00113693064440175,1.18813795335522,0
