"dtxsid","molwt","vapor","solub","kow","decay.air","decay.sur","diffus.air","conc.out"
"DTXSID2021781",278.35,0.0036079554949177,0.0345440935412103,15336.8020748851,0.629673649196435,0.00106778792075893,0.477414466807784,0
"DTXSID3020205",312.37,0.000323088133277359,0.010299709242386,29139.2562307639,0.592001388987251,0.000912466455768635,0.507861004803409,0
"DTXSID7021360",92.14,6971.33583998737,4.31252173569189,212.744125095757,0.224636356452577,0.000841249982556646,0.924025892323629,0
"DTXSID8020462",106.12,0.793826744541492,5616.22506908506,0.118602819826494,1.61166998786692,0.00126599639272309,0.663637421615787,0
"DTXSID8020913",128.18,10.2560478146457,0.124127565692776,2600.72392690269,1.60314138937441,0.00116134297944052,1.09606216740599,0
