"dtxsid","molwt","vapor","solub","kow","decay.air","decay.sur","diffus.air","conc.out"
"DTXSID2021781",278.35,0.00231274251191981,0.038773387120824,20889.5457180799,0.799656825921269,0.000760341518547832,0.682850951151116,0
"DTXSID3020205",312.37,0.000340326517520953,0.01273948071726,25617.9808563753,0.441749771869334,0.000624701039517192,0.505539691236882,0
"DTXSID7021360",92.14,2489.62902046548,5.54914720543542,447.709941317741,0.376109453698058,0.000803112111421213,0.699092367711556,0
"DTXSID8020462",106.12,0.532391706185919,7258.36369422776,0.0523396675025606,1.21460445332016,0.00133245729107351,0.688657162091816,0
"DTXSID8020913",128.18,12.782697021284,0.154949965877863,2912.84408848026,0.773321538204211,0.00182961408700118,0.81049561625421,0
