"dtxsid","molwt","vapor","solub","kow","decay.air","decay.sur","diffus.air","conc.out"
"DTXSID2021781",278.35,0.00347028477902146,0.0291649039137273,32051.0778947365,1.10053381682196,0.000811775623670017,0.650874441452895,0
"DTXSID3020205",312.37,0.0010876517623462,0.0147755769751728,25661.116910402,0.524152928571905,0.000619623992392296,0.947408835683342,0
"DTXSID7021360",92.14,1129.73185564562,5.32123807753368,700.23013284253,0.389731907710422,0.00189775989553547,0.712441498714125,0
"DTXSID8020462",106.12,0.588462418851741,7792.32270508664,0.0492551087228646,2.62732349428519,0.00130422360288675,0.793527346171418,0
"DTXSID8020913",128.18,8.8285777480973,0.114889869081608,1930.08054780737,0.700986658984193,0.0010717258492314,0.87238816640281,0
