"dtxsid","molwt","vapor","solub","kow","decay.air","decay.sur","diffus.air","conc.out"
"DTXSID2021781",278.35,0.00781457355389685,0.0340147243342508,25271.3091580035,0.328212467710554,0.00159857256183991,0.446714774420036,0
"DTXSID3020205",312.37,0.000605673877181489,0.0117004147254639,21216.0192124337,1.17260766889553,0.000585036013841024,0.545400774914591,0
"DTXSID7021360",92.14,5306.27224896185,5.62561576485513,503.643483088737,0.482363738129803,0.00262575811682582,0.832007684128481,0
"DTXSID8020462",106.12,0.658411186594868,5491.57131946082,0.152285188204285,1.77850807329645,0.00136199372123586,0.666280782638627,0
"DTXSID8020913",128.18,8.64932120495671,0.139707865548796,1651.91663320534,1.97132330337987,0.00120233319184021,0.846956426876815,0
