"dtxsid","molwt","vapor","solub","kow","decay.air","decay.sur","diffus.air","conc.out"
"DTXSID2021781",278.35,0.00494312574123553,0.0551915071169959,55944.7460001852,0.489466555325296,0.00221626443585452,0.479779817302493,0
"DTXSID3020205",312.37,0.00187250842143755,0.00866634050113462,14586.7371426497,1.19678549104376,0.00129650536914282,0.740758892968644,0
"DTXSID7021360",92.14,11246.4363656586,6.39106418653797,558.910251908077,0.381624592215008,0.000812247161539613,0.646809507257056,0
"DTXSID8020462",106.12,0.423162518203198,8651.36133669393,0.0427869215666022,1.66515296883573,0.000650222223089974,0.888820826181991,0
"DTXSID8020913",128.18,7.27450972838949,0.0905799510063973,1990.83077650844,0.595615714034298,0.00125034753221146,1.2271944274833,0
