"dtxsid","molwt","vapor","solub","kow","decay.air","decay.sur","diffus.air","conc.out"
"DTXSID2021781",278.35,0.00813368869525862,0.0390247332681063,38379.3795933287,0.397483833289917,0.000693178537369409,0.657512768284282,0
"DTXSID3020205",312.37,0.000546441076682735,0.0129246296558073,15858.2951335298,0.54843959131081,0.000280866717011078,0.508091762083472,0
"DTXSID7021360",92.14,551.744700450962,5.54204216996461,383.026005004303,0.332426304670316,0.00148458674202432,0.523514212488386,0
"DTXSID8020462",106.12,0.837695502913512,8688.00429675545,0.0330237858464839,0.821042468010539,0.000743173836382651,0.609361523973458,0
"DTXSID8020913",128.18,10.0038033241103,0.199342808027268,2601.20847354768,1.72083669440607,0.000543490275136012,0.635591240719753,0
