"dtxsid","molwt","vapor","solub","kow","decay.air","decay.sur","diffus.air","conc.out"
"DTXSID2021781",278.35,0.001633645580449,0.0246443150575093,64838.1286879819,0.787339517631873,0.000862644674582529,0.519573043350614,0
"DTXSID3020205",312.37,0.000187552544710737,0.00838351409859525,17483.3700658259,0.846217969275256,0.000734858239071767,0.567446572056347,0
"DTXSID7021360",92.14,3907.20777758994,5.39379331249926,273.682966689784,0.415218240853837,0.00143411210280823,0.742229393119488,0
"DTXSID8020462",106.12,0.827699984282593,7514.38530105991,0.0850075109269732,3.15018842045667,0.00141855542027343,0.732884426784173,0
"DTXSID8020913",128.18,8.11447715165676,0.157824149662548,4428.56401562551,2.4759387399468,0.000897755888054813,0.571141761386463,0
