"dtxsid","molwt","vapor","solub","kow","decay.air","decay.sur","diffus.air","conc.out"
"DTXSID2021781",278.35,0.00278095508336852,0.0468147452761533,28093.4921325847,0.396607758792668,0.00107221411196688,0.590269685376289,0
"DTXSID3020205",312.37,0.00047255576120452,0.00779453069527125,16166.2487829525,0.859801974839532,0.00103600177038668,0.854447951626625,0
"DTXSID7021360",92.14,1621.62921598405,4.27844861143991,219.430207824966,0.272058288632817,0.000875022686141325,0.976910518374702,0
"DTXSID8020462",106.12,0.373470482134334,9031.00587110394,0.167174473043264,2.10884559040364,0.000557345913416485,0.697227353920604,0
"DTXSID8020913",128.18,14.7479074714043,0.097945675355767,3675.80260005534,2.08115550598646,0.00172618685717939,0.896586913185743,0
