"dtxsid","molwt","vapor","solub","kow","decay.air","decay.sur","diffus.air","conc.out"
"DTXSID2021781",278.35,0.00507359902234693,0.0337096034454651,45348.7974654967,0.469617305853084,0.00188300255168215,0.449119757048896,0
"DTXSID3020205",312.37,0.000391283431583141,0.0103309223720989,17265.1498058407,1.08897080524591,0.00144525234583642,0.574912497147234,0
"DTXSID7021360",92.14,1477.23596200568,2.75753145584343,478.71675400922,0.358380204499284,0.000518711794553479,0.675116935677669,0
"DTXSID8020462",106.12,1.08134881123836,5254.98127392887,0.0552244640572362,2.60058141959429,0.000512034011433998,0.790636164000467,0
"DTXSID8020913",128.18,5.5188884722656,0.124809703565386,2912.86407391136,1.34152054447602,0.000793320599687884,0.554937628586778,0
