"dtxsid","molwt","vapor","solub","kow","decay.air","decay.sur","diffus.air","conc.out"
"DTXSID2021781",278.35,0.00224153843167787,0.0310467198734724,46743.416115658,0.434660877004103,0.000671486935745561,0.570296970416387,0
"DTXSID3020205",312.37,0.000562613834039327,0.00988572352203458,17836.5961261248,0.590484055580819,0.000895561512792705,0.599597779019764,0
"DTXSID7021360",92.14,9817.86850596658,6.15862154501008,445.281308225121,0.356222117477165,0.00191937018376027,0.690136756653456,0
"DTXSID8020462",106.12,0.348610097138551,10349.7008154828,0.0497108528944654,1.33179914403599,0.000659516036308602,0.730364188701999,0
"DTXSID8020913",128.18,4.84078684093829,0.106790182387261,2758.75030358747,1.07079237273331,0.00124507778174854,0.962536898455228,0
