"dtxsid","molwt","vapor","solub","kow","decay.air","decay.sur","diffus.air","conc.out"
"DTXSID2021781",278.35,0.00138647083546377,0.0366107736960997,28307.6280134994,0.801058982577255,0.00168538515740383,0.578633377920165,0
"DTXSID3020205",312.37,0.000456941757404324,0.00880459040493363,14251.4302228293,0.499889949320877,0.000976746193196891,0.437326630115372,0
"DTXSID7021360",92.14,5263.60893845186,6.49762949247158,368.042644839888,0.43432055547832,0.000770749274947382,1.2419806708756,0
"DTXSID8020462",106.12,0.223819456243592,6456.50627049074,0.0564694198550273,1.8099747445647,0.000937181970058655,1.40015999309433,0
"DTXSID8020913",128.18,16.5051829044623,0.101264266384265,5915.97889237572,1.33683570684413,0.000731122501829997,0.614543280864782,0
