"dtxsid","molwt","vapor","solub","kow","decay.air","decay.sur","diffus.air","conc.out"
"DTXSID2021781",278.35,0.0068485384644375,0.0484952482219872,19676.2253391161,1.37846195918285,0.00145105327010691,0.746314569770938,0
"DTXSID3020205",312.37,0.00126172935621349,0.0131022475629608,12081.3628384633,0.544820461638157,0.000885714121940767,0.599595560692007,0
"DTXSID7021360",92.14,783.087383594959,10.2097969417383,916.494465220821,0.394152652546449,0.000610158646365783,0.894885499562067,0
"DTXSID8020462",106.12,0.203908760249139,11926.1957077656,0.161414275239459,2.35432386793452,0.00129004618494069,0.716026782686253,0
"DTXSID8020913",128.18,2.90705222683584,0.233386158923981,4338.50037903168,0.567486747165178,0.000964248583493034,0.625897223242455,0
