"dtxsid","molwt","vapor","solub","kow","decay.air","decay.sur","diffus.air","conc.out"
"DTXSID2021781",278.35,0.00363880579582205,0.0354928038178555,24860.2565687566,0.681641319464118,0.000585891480216274,0.550153871365171,0
"DTXSID3020205",312.37,0.000208405232171284,0.010717109490821,21859.7708737268,0.679712313602974,0.00118663260777736,0.504724039669803,0
"DTXSID7021360",92.14,2316.86764659836,3.11600451428324,296.925116668795,0.302664671426094,0.000476990763264244,1.24057918959974,0
"DTXSID8020462",106.12,1.62983719426406,8870.03653566144,0.0812755799074046,1.81583480818169,0.00129888897702616,0.931164364483345,0
"DTXSID8020913",128.18,7.31390670848967,0.192986190829895,3298.20926403029,1.25505424058017,0.00060939394427297,0.650924934846113,0
