"dtxsid","molwt","vapor","solub","kow","decay.air","decay.sur","diffus.air","conc.out"
"DTXSID2021781",278.35,0.00309705577617782,0.0228691653774728,51010.0573308024,1.07530609998046,0.000517678959335347,0.634814767120835,0
"DTXSID3020205",312.37,0.000615405255571589,0.00899896130619167,48794.4236748362,1.04075514255125,0.00100732184826187,0.550241826181493,0
"DTXSID7021360",92.14,5967.96476710084,4.07475082532487,332.000986290837,0.488389750470506,0.000756353870377923,1.02845970397741,0
"DTXSID8020462",106.12,1.78882349935459,11647.2126386027,0.072912730897234,2.79951907793033,0.000696588920441376,0.603936164820953,0
"DTXSID8020913",128.18,6.38532635330864,0.125005564403418,2346.9853300796,0.991021068794926,0.0017905715680607,0.920817073410678,0
