"dtxsid","molwt","vapor","solub","kow","decay.air","decay.sur","diffus.air","conc.out"
"DTXSID2021781",278.35,0.00310224407448026,0.0345289052392834,41964.5547161252,0.994713173540307,0.000570249281481553,0.642865385545237,0
"DTXSID3020205",312.37,0.000503454925086144,0.0104622311249635,24536.7761715166,0.451667283964895,0.00109626906044818,0.446900859379434,0
"DTXSID7021360",92.14,5964.62726706306,5.46404101114495,743.780085678478,0.334900602228157,0.00111949655748388,0.95523863179261,0
"DTXSID8020462",106.12,1.29086415341409,7077.62375315256,0.123267239836608,3.40516828447577,0.00195997755738485,0.736180732430741,0
"DTXSID8020913",128.18,7.84813058686498,0.146982200055797,3174.7034867143,3.39669153885912,0.00216333442406834,0.786133707154404,0
