"dtxsid","molwt","vapor","solub","kow","decay.air","decay.sur","diffus.air","conc.out"
"DTXSID2021781",278.35,0.00312324614503554,0.064383540379861,35684.3040408074,0.851649728035092,0.00105775060002583,0.513394905408474,0
"DTXSID3020205",312.37,0.00159065800336719,0.00876619431678424,10802.8626649554,1.00649224513485,0.00116565485296772,1.00635783251351,0
"DTXSID7021360",92.14,1806.4294710002,5.93434623050351,486.769536880815,0.537624934142719,0.0011256628676023,0.787609269230127,0
"DTXSID8020462",106.12,1.06577424027042,7504.47952633306,0.048197959173412,3.57604956977874,0.00128464224661055,1.18254541267138,0
"DTXSID8020913",128.18,3.57500446448536,0.17724403957274,2450.97149005493,2.73696391602269,0.00123572211616787,0.665413628412217,0
