"dtxsid","molwt","vapor","solub","kow","decay.air","decay.sur","diffus.air","conc.out"
"DTXSID2021781",278.35,0.00297815928071865,0.0301835367565085,43292.3491110863,0.470705715822057,0.00103998691265233,0.480089418580681,0
"DTXSID3020205",312.37,0.000835775996834036,0.00796836483920581,31655.9902431678,0.774636157394934,0.000591991303253336,0.569678142088578,0
"DTXSID7021360",92.14,7090.89376204412,5.147415613232,349.000067114974,0.619419727542359,0.00114738417875147,0.68601302850544,0
"DTXSID8020462",106.12,0.353925056648386,5625.25767196081,0.0746796571252687,2.08166721428556,0.0010587948669791,0.615354665552533,0
"DTXSID8020913",128.18,11.2785475526959,0.103862577217307,2352.25476260643,1.03978797243619,0.000581736716788892,0.517553433219826,0
