"dtxsid","molwt","vapor","solub","kow","decay.air","decay.sur","diffus.air","conc.out"
"DTXSID2021781",278.35,0.00195425807074369,0.0274909246474911,20741.277440496,0.886728030845318,0.00162061119876851,0.427176070322051,0
"DTXSID3020205",312.37,0.000504963982874317,0.00823905209506544,15319.3370540454,0.462993814599998,0.000610193728094016,0.398347495738527,0
"DTXSID7021360",92.14,2660.72292593502,4.32132236853009,373.531463836093,0.367249472462858,0.000714124959889239,0.646785028313285,0
"DTXSID8020462",106.12,0.936259545360989,8814.4262938091,0.0805739880283804,2.806993491058,0.000860039072926658,0.639532903490899,0
"DTXSID8020913",128.18,10.7611260256867,0.177230248281981,2567.69236455994,0.716897781355224,0.000947018649445866,0.536201912215259,0
