"dtxsid","molwt","vapor","solub","kow","decay.air","decay.sur","diffus.air","conc.out"
"DTXSID2021781",278.35,0.00167734560857669,0.0399101524321038,20411.6833125697,0.504951732342476,0.000753680501211234,0.753908163456465,0
"DTXSID3020205",312.37,0.00151896453915526,0.0131075547510205,18446.8437636686,0.916858715435564,0.000797517059264935,0.534118784091241,0
"DTXSID7021360",92.14,608.900178719357,6.40389022643901,205.347374016774,0.240823431327346,0.00122861847651321,0.610733403265838,0
"DTXSID8020462",106.12,1.23028030850528,8228.61260886261,0.0661690108564885,3.14736760211998,0.000968212633794245,0.48419929784388,0
"DTXSID8020913",128.18,4.31311458941265,0.176529802871335,2529.99830745772,0.485678677575419,0.00159129535781414,0.645732910489908,0
