"dtxsid","molwt","vapor","solub","kow","decay.air","decay.sur","diffus.air","conc.out"
"DTXSID2021781",278.35,0.00293340746711267,0.0517472066746244,17135.3665268952,0.932040021686948,0.00123426620678474,0.552484852848979,0
"DTXSID3020205",312.37,0.000211429494745261,0.0112243543748613,12772.3970200583,1.04212937817921,0.00128467136782671,0.386872780518501,0
"DTXSID7021360",92.14,3196.44566958238,2.97549604130647,570.979000699347,0.531082832281876,0.00113090668509374,0.961558064475747,0
"DTXSID8020462",106.12,0.396077757638295,8005.23756448157,0.122722425848005,1.64653562685272,0.000600819242152989,1.02433738873929,0
"DTXSID8020913",128.18,4.57060955145591,0.126499603807319,4021.13400295415,1.84719344464387,0.00265784827992568,0.945578725458808,0
