"dtxsid","molwt","vapor","solub","kow","decay.air","decay.sur","diffus.air","conc.out"
"DTXSID2021781",278.35,0.00169039413317167,0.0422031660987811,44802.4894322041,0.930618332692461,0.00110882868025681,0.347237238117474,0
"DTXSID3020205",312.37,0.000876129587918865,0.0105362965742025,13915.2184875177,0.869725985865094,0.000776361256906932,0.427526241547392,0
"DTXSID7021360",92.14,11511.2266904792,6.3312865208321,230.91631272133,0.38924284088824,0.00118246135935564,0.932906771064078,0
"DTXSID8020462",106.12,0.78404731187585,7417.59536667815,0.0767472732066149,2.98833542765892,0.00108656850840376,0.837403204693781,0
"DTXSID8020913",128.18,5.15430634029339,0.126872706060395,3390.94999602335,2.57341718894083,0.00221763222440907,0.609156061021695,0
