"dtxsid","molwt","vapor","solub","kow","decay.air","decay.sur","diffus.air","conc.out"
"DTXSID2021781",278.35,0.00154725689196972,0.0320585209617304,22281.4163789604,0.251363921234677,0.000814880486937789,0.484595577242023,0
"DTXSID3020205",312.37,0.00107437199749466,0.00654157926313823,30249.9563839501,1.02470497819409,0.0013549135611483,0.366540546232725,0
"DTXSID7021360",92.14,1179.03283032387,7.31583027258633,807.519473478916,0.43123446134253,0.00158273084037331,0.728338528169658,0
"DTXSID8020462",106.12,1.23029703040129,6497.48810057813,0.08929323939484,3.05896451032292,0.000938144340306614,1.18591064950345,0
"DTXSID8020913",128.18,7.4994520500156,0.246746884615958,1757.76728604774,1.86901408587861,0.00103689299769123,0.60027174081646,0
