"dtxsid","molwt","vapor","solub","kow","decay.air","decay.sur","diffus.air","conc.out"
"DTXSID2021781",278.35,0.0121579993262176,0.0263721766443705,41399.875361822,0.314077667265732,0.00102513213322331,1.05509404420073,0
"DTXSID3020205",312.37,0.000576871952218187,0.00719122538533636,26791.7231416832,0.372688322375045,0.000938182320830474,0.405224746981073,0
"DTXSID7021360",92.14,4459.36159886257,6.09214648872434,500.768193199888,0.199808798236139,0.000572964213535013,1.04509135556203,0
"DTXSID8020462",106.12,0.463459099898542,10283.2464008571,0.0988185289166705,4.14424986309614,0.00117071955696035,0.702635965653042,0
"DTXSID8020913",128.18,6.12967755589929,0.190641543713334,2881.97347398051,1.58367984623768,0.000807118172899637,0.774296902589838,0
