"dtxsid","molwt","vapor","solub","kow","decay.air","decay.sur","diffus.air","conc.out"
"DTXSID2021781",278.35,0.00428582467663654,0.0361751431243652,15308.0369796728,0.24936941736044,0.00117613544191998,0.51706664735113,0
"DTXSID3020205",312.37,0.000306918106958599,0.0107989533229122,21396.8803044377,0.566019915758357,0.00119737924198654,0.770972544155305,0
"DTXSID7021360",92.14,13644.4602478965,3.14286857701526,712.696952032639,0.404853344811688,0.00272739573115344,0.816444864802268,0
"DTXSID8020462",106.12,0.766279158589023,6043.2675744186,0.0749295863415392,2.28077197761605,0.000667257097424632,0.98726841939133,0
"DTXSID8020913",128.18,3.69856486339095,0.128484536709568,4377.12709127602,0.76379351367854,0.000980806028095843,0.71042282330857,0
