"dtxsid","molwt","vapor","solub","kow","decay.air","decay.sur","diffus.air","conc.out"
"DTXSID2021781",278.35,0.00271568265296226,0.0428255011209814,35913.3943418499,0.44948947268022,0.000618420519781943,0.671227027814424,0
"DTXSID3020205",312.37,0.0016289762353316,0.00607901582635529,16477.7013963787,0.348259694452825,0.00109450916910439,0.495605182631895,0
"DTXSID7021360",92.14,2172.83247700921,3.42212779922172,648.984837182191,0.576562768136833,0.00184303646423076,0.814884757150309,0
"DTXSID8020462",106.12,1.60319033002552,7188.82139452062,0.0850837025837119,1.97894280791251,0.000668893300192314,0.706092298546157,0
"DTXSID8020913",128.18,3.46968009783084,0.157113960453426,1736.68713222974,0.777847402301017,0.00100686198161457,0.510238534982317,0
