"dtxsid","molwt","vapor","solub","kow","decay.air","decay.sur","diffus.air","conc.out"
"DTXSID2021781",278.35,0.00228887820272026,0.0395812591616916,33470.1100390468,0.601049725817549,0.000829153298586367,0.444010478106682,0
"DTXSID3020205",312.37,0.000304794522942577,0.0093386615433909,22535.5389659525,1.19682165814696,0.00131204583120022,0.411461290102116,0
"DTXSID7021360",92.14,945.230691078958,4.58485176637742,545.085934808664,0.310134920669124,0.000711679262952056,1.24440151175557,0
"DTXSID8020462",106.12,1.93151781833446,7883.8776818516,0.113788309666515,2.69554626864932,0.00132192517474113,0.962366571017568,0
"DTXSID8020913",128.18,17.4630955769276,0.127029472440077,3547.21842229188,1.14756757698192,0.000717648517326391,0.799489960367453,0
