"dtxsid","molwt","vapor","solub","kow","decay.air","decay.sur","diffus.air","conc.out"
"DTXSID2021781",278.35,0.00385831831673936,0.0393902623796469,87987.4747759553,1.34756893007167,0.000457707957384868,0.330496940290944,0
"DTXSID3020205",312.37,0.0012170726174916,0.0105081647297098,13915.8507529918,0.609293033560678,0.000687775307600038,0.49650757038503,0
"DTXSID7021360",92.14,3822.94679934925,5.70119818304148,665.274880881194,0.48480746982681,0.00160205080189959,0.713939490823841,0
"DTXSID8020462",106.12,1.82316259263174,7377.249496568,0.0430920217175235,2.15436325121385,0.000593455721460175,0.848012110405853,0
"DTXSID8020913",128.18,4.24243458142207,0.134501350327563,1758.74102836494,0.680829194058191,0.00140374114167805,0.725456293048084,0
