"dtxsid","molwt","vapor","solub","kow","decay.air","decay.sur","diffus.air","conc.out"
"DTXSID2021781",278.35,0.00132835330621567,0.0472648427370487,44309.8461539372,1.02126295086943,0.00120645466889402,0.485257618381491,0
"DTXSID3020205",312.37,0.000252670557115726,0.0114141615104359,13270.338428914,0.773893417189676,0.000994077867008219,0.453380339178448,0
"DTXSID7021360",92.14,4432.70089331752,6.00565963949215,193.181538470564,0.292210456129895,0.00174469258688297,0.910771132123064,0
"DTXSID8020462",106.12,1.17361350135372,7078.55284729189,0.0716706665366115,1.83857155876244,0.00157094262109784,0.763999984965086,0
"DTXSID8020913",128.18,16.3064260521474,0.118213127241697,3011.73016448998,1.06588664566636,0.00079736397949855,0.989231073206222,0
