"dtxsid","molwt","vapor","solub","kow","decay.air","decay.sur","diffus.air","conc.out"
"DTXSID2021781",278.35,0.0025742434378803,0.038285621020253,28868.1047947652,0.800988527774825,0.000974737453455877,0.436044717017944,0
"DTXSID3020205",312.37,0.00102886911119055,0.00736720123381445,45611.6633231164,0.403512528765344,0.00135093541494871,0.577622116976342,0
"DTXSID7021360",92.14,4061.06348027345,7.13280821142697,308.283816846065,0.347265231249767,0.00104784104592038,0.720734753796282,0
"DTXSID8020462",106.12,0.304705002410044,6739.77184545688,0.114278718263429,1.75152631928103,0.000375114832861269,0.82750683849489,0
"DTXSID8020913",128.18,10.0139787384929,0.187192932018927,2047.42867508604,2.25821207344392,0.00137282863281831,0.652963562696184,0
