"dtxsid","molwt","vapor","solub","kow","decay.air","decay.sur","diffus.air","conc.out"
"DTXSID2021781",278.35,0.00816101239378548,0.0305503248325639,26914.9735640519,0.529167218872901,0.00075617772177595,0.535975110216551,0
"DTXSID3020205",312.37,0.000412888095895801,0.00855463090197158,17170.1897232676,0.727392478020783,0.000749203327955539,0.634710968912131,0
"DTXSID7021360",92.14,1485.69463992864,4.40031218205152,596.457140832637,0.452659080681551,0.00124434102644867,0.933408688305882,0
"DTXSID8020462",106.12,0.838201215267063,4809.24699559542,0.116001676887682,1.51085572027001,0.00117158580749914,1.38625581813227,0
"DTXSID8020913",128.18,17.4241822174512,0.106539440340353,3334.02377009745,1.20613526745239,0.000619522159600309,0.91225562888376,0
