"dtxsid","molwt","vapor","solub","kow","decay.air","decay.sur","diffus.air","conc.out"
"DTXSID2021781",278.35,0.00282397618937093,0.0312576342594585,25622.927422941,0.524981157281714,0.00166517240690903,0.597883390120878,0
"DTXSID3020205",312.37,0.000995280855715607,0.0073386880678563,58672.8412458373,0.738430427069317,0.000943803061749095,0.669039958979441,0
"DTXSID7021360",92.14,2928.24639612973,2.71412173409388,320.813281044315,0.47179638329809,0.000872005753040092,0.848845996304416,0
"DTXSID8020462",106.12,1.54576277632449,8023.16869173625,0.16533402777676,1.78809470940501,0.00156187820761005,0.941342479156997,0
"DTXSID8020913",128.18,3.49106721896911,0.13176606562666,2756.40047332567,1.43601257749985,0.00138432820888088,0.664269832246722,0
