"dtxsid","molwt","vapor","solub","kow","decay.air","decay.sur","diffus.air","conc.out"
"DTXSID2021781",278.35,0.00471699746272674,0.0400399552339583,26388.50506575,0.608450023247322,0.00157627905651843,0.444908891668025,0
"DTXSID3020205",312.37,0.000583319837623386,0.00878990674312168,18882.5667629602,0.610340094259661,0.000608601492319899,0.462641280378135,0
"DTXSID7021360",92.14,2896.8802747413,4.38535400866584,444.84124812731,0.266186708933884,0.00107680065120441,0.64334745064953,0
"DTXSID8020462",106.12,0.502313008471759,6628.27999893847,0.0971528961150323,0.992103218734122,0.000553296131001877,1.53116859288794,0
"DTXSID8020913",128.18,5.2187820913429,0.274352871029911,3186.07468815278,0.901994556780489,0.00103546842461059,0.489922575887576,0
