"dtxsid","molwt","vapor","solub","kow","decay.air","decay.sur","diffus.air","conc.out"
"DTXSID2021781",278.35,0.00115778459605406,0.0421846060184788,11330.0539361493,0.638579579093178,0.000860567034261321,0.64757855482313,0
"DTXSID3020205",312.37,0.000954847874622542,0.00846745483071089,14308.349582933,0.622087875153035,0.000762931487511135,0.594086053565185,0
"DTXSID7021360",92.14,3846.78587187678,5.00507300690014,585.801335629991,0.261011279130135,0.00086821508037302,0.899925563103914,0
"DTXSID8020462",106.12,0.567567934087282,9146.12886463333,0.213693680561282,1.73673105402174,0.00167057966973624,1.11337665893323,0
"DTXSID8020913",128.18,9.62910096823512,0.125675250608307,1612.53710736398,2.05951881729204,0.00038067793381972,0.697807762445312,0
