"dtxsid","molwt","vapor","solub","kow","decay.air","decay.sur","diffus.air","conc.out"
"DTXSID2021781",278.35,0.0017756383413161,0.0317106334568282,26448.9608819613,0.231292019401932,0.000837305921839607,0.989981097125651,0
"DTXSID3020205",312.37,0.00237220035429183,0.00911802015235439,28242.8059993002,0.575171419185642,0.00109002365183339,0.460513960742776,0
"DTXSID7021360",92.14,7677.07865504556,3.72529602495117,508.109251009488,0.418689414886691,0.00270378561120018,0.93428615357491,0
"DTXSID8020462",106.12,1.10497069045141,10114.1848359325,0.0539024340597052,1.56619610613829,0.0014908646184962,0.742189815964367,0
"DTXSID8020913",128.18,2.71631213893694,0.230996977845291,2654.95812199071,0.953387934876522,0.000757238248234027,0.63956060954177,0
