"dtxsid","molwt","vapor","solub","kow","decay.air","decay.sur","diffus.air","conc.out"
"DTXSID2021781",278.35,0.00107140507888606,0.0329067194620925,29761.6578923024,0.414636190557714,0.000500655606579046,0.464509777778098,0
"DTXSID3020205",312.37,0.00067296889619915,0.00923153961740142,14347.535863987,0.603501940885922,0.00211098015053602,0.610393147556936,0
"DTXSID7021360",92.14,13071.5418501272,3.9227217748479,523.06600361883,0.383062686276062,0.00139039925008897,1.02217935496951,0
"DTXSID8020462",106.12,0.76575357758175,6232.75737005213,0.0789905245754756,1.77004445773339,0.000883587319830857,0.823175725100807,0
"DTXSID8020913",128.18,10.1265959169746,0.122816428185089,1742.40410119735,1.03421805180747,0.000715617895645387,0.609956594181567,0
