"dtxsid","molwt","vapor","solub","kow","decay.air","decay.sur","diffus.air","conc.out"
"DTXSID2021781",278.35,0.00222394393737726,0.045875869757798,28198.5473853662,0.902496591893109,0.000521851664295149,0.63401478606185,0
"DTXSID3020205",312.37,0.000814642694580371,0.00804869978029103,18594.5949617247,1.0932205335118,0.000400162731810162,0.447491656175901,0
"DTXSID7021360",92.14,3534.91847761171,6.8894531392281,233.919620417283,0.598724452753066,0.00101910414303206,0.514772055473899,0
"DTXSID8020462",106.12,3.28472177718282,5198.4989174468,0.048964640509915,1.95416972737648,0.00118602775718252,0.746428450645065,0
"DTXSID8020913",128.18,8.02082633590962,0.143375119075824,1496.57663694132,1.73061463636691,0.000678869506859321,0.652273300124743,0
