"dtxsid","molwt","vapor","solub","kow","decay.air","decay.sur","diffus.air","conc.out"
"DTXSID2021781",278.35,0.00315498112586815,0.036269551462256,29614.6266264196,0.703334053242758,0.00135387301404082,0.54541375582424,0
"DTXSID3020205",312.37,0.000238904858314811,0.00878214911864413,21829.9362402705,1.09907868573491,0.00100280554850694,0.319013449175391,0
"DTXSID7021360",92.14,1479.90246149732,7.10644489651488,681.273660326658,0.203262703810826,0.00122349611698036,0.993895475043774,0
"DTXSID8020462",106.12,1.27635493166997,5161.55934418886,0.0373120230596439,1.82881066644297,0.000532851315431734,0.853598725310079,0
"DTXSID8020913",128.18,1.65939288138925,0.222138361531093,1577.90432869521,1.10664833715194,0.00075887816746023,1.10133403188695,0
