"dtxsid","molwt","vapor","solub","kow","decay.air","decay.sur","diffus.air","conc.out"
"DTXSID2021781",278.35,0.0014692383125424,0.0208543154161183,41401.9007133789,0.349671477206067,0.000717534553980553,0.574799512955565,0
"DTXSID3020205",312.37,0.000122202656150248,0.00578208476185907,47613.6773409743,0.832647374276459,0.00156786622503214,0.612642130250468,0
"DTXSID7021360",92.14,2229.06827070671,7.40456096632646,506.03682288259,0.273617467980816,0.00218981313569891,0.849598368884808,0
"DTXSID8020462",106.12,0.456748853522472,7795.62621255978,0.146119006666033,1.41731585641213,0.00105168182791322,0.937787886947065,0
"DTXSID8020913",128.18,1.93033601539084,0.13836158559286,1576.44826384588,1.70347494991751,0.00117753354831313,0.692107715192207,0
