"dtxsid","molwt","vapor","solub","kow","decay.air","decay.sur","diffus.air","conc.out"
"DTXSID2021781",278.35,0.00319120165392022,0.0433287013071361,25066.9509976823,0.439514014161674,0.000735000598794278,0.655318886569798,0
"DTXSID3020205",312.37,0.000804412036800199,0.0101070064305222,56088.7300195806,0.797041197979272,0.000674566318951448,0.424237877784953,0
"DTXSID7021360",92.14,1462.26596625858,4.54024967864144,370.545214000946,0.93387542722091,0.00092208492857286,0.342718180271362,0
"DTXSID8020462",106.12,0.567268953875869,4938.5529152431,0.0487187589237785,1.00423019663807,0.000864744143199142,0.774689002935169,0
"DTXSID8020913",128.18,7.41428129871432,0.198302605034974,3381.92259034353,1.30319642303621,0.00112579899882353,0.604522837226397,0
