"dtxsid","molwt","vapor","solub","kow","decay.air","decay.sur","diffus.air","conc.out"
"DTXSID2021781",278.35,0.00126130311581546,0.0406471159686453,60968.3089598051,0.452142451595856,0.00136520426718006,0.421040461892386,0
"DTXSID3020205",312.37,0.00036344990774049,0.00975642783298173,14611.5629999204,1.41988414720522,0.000959531552988986,0.396498952622274,0
"DTXSID7021360",92.14,2148.71524069588,3.59916665937204,314.355018069698,0.460382418829067,0.00055841391256798,0.9372198050657,0
"DTXSID8020462",106.12,0.734177905307328,10612.5765456146,0.0817768352138022,1.29065116940188,0.000969510864942128,1.15045276454752,0
"DTXSID8020913",128.18,5.513962965306,0.169602400173856,3161.85733091119,1.52021893253895,0.000574045476056397,0.543244489028962,0
