"household","dtxsid","total.used","dir.derm.exp","dir.derm.max","dir.derm.abs","dir.inhal.exp","dir.inhal.max","dir.inhal.mass","dir.inhal.abs","dir.ingest.exp","dir.ingest.abs","dir.release","ind.derm.exp","ind.derm.pr.exp","ind.derm.ar.exp","ind.derm.max","ind.derm.abs","ind.inhal.exp","ind.inhal.pr.exp","ind.inhal.ar.exp","ind.inhal.amb.in","ind.inhal.amb.out","ind.inhal.max","ind.inhal.mass","ind.inhal.abs","ind.ingest.exp","ind.ingest.abs","out.sur","out.air","drain","waste","food.ing","food.abs"
874,"DTXSID2021781",0,0,0,0,0,0,0,0,0,0,0,0,0,0,0,0,0,0,0,0,0,0,0,0,0,0,0,0,0,0,0,0
874,"DTXSID3020205",0,0,0,0,0,0,0,0,0,0,0,0,0,0,0,0,0,0,0,0,0,0,0,0,0,0,0,0,0,0,0,0
874,"DTXSID7021360",1206295,8.1395989010989,0.0135579728984954,0.00544693238348919,1.65742432891401,241.984288110734,83.534186177266,13.3654697883626,0,0,1627.91978021978,0.337505945687243,0.337505945687243,0,5.70514848644846e-05,0.00022585534531088,0.325033473536176,0.325033473536176,0,0,0,3.53454947490437,7.86055772456261,1.25768923593002,2.65322428450408e-08,2.65241086961583e-08,0,1970.56620650315,0,37.1903098973484,0,0
874,"DTXSID8020462",54012.078268902,1.49794651600465,0.00222336776059304,0.0054976461664086,0.00072145192096165,0.0362570164909338,0.0363584518042003,0.00581735228867204,0.000132970202618926,0.00010621869279754,148.384830409071,10.4621851597156,10.4621851597156,0,0.00119598906535273,1.25050811690775,0.0120351896306217,0.0120351896306217,0,0,0,0.0132206061659348,0.255850313524538,0.040936050163926,0.0966187310311943,0.0771805645758254,0,1.7326503238374,1.46757282415628,16.026681561083,0,0
874,"DTXSID8020913",0,0,0,0,0,0,0,0,0,0,0,0,0,0,0,0,0,0,0,0,0,0,0,0,0,0,0,0,0,0,0,0
