"household","dtxsid","total.used","dir.derm.exp","dir.derm.max","dir.derm.abs","dir.inhal.exp","dir.inhal.max","dir.inhal.mass","dir.inhal.abs","dir.ingest.exp","dir.ingest.abs","dir.release","ind.derm.exp","ind.derm.pr.exp","ind.derm.ar.exp","ind.derm.max","ind.derm.abs","ind.inhal.exp","ind.inhal.pr.exp","ind.inhal.ar.exp","ind.inhal.amb.in","ind.inhal.amb.out","ind.inhal.max","ind.inhal.mass","ind.inhal.abs","ind.ingest.exp","ind.ingest.abs","out.sur","out.air","drain","waste","food.ing","food.abs"
37,"DTXSID2021781",0,0,0,0,0,0,0,0,0,0,0,0,0,0,0,0,0,0,0,0,0,0,0,0,0,0,0,0,0,0,0,0
37,"DTXSID3020205",8281.632,0.146872144615168,0.000273148337762657,0.0489593306915085,0.000333724247897297,0.0219669109082127,0.0106079273813849,0.00169726838102159,1.35569877986585e-07,1.35504913714473e-07,22.7517362637363,3.82309953350387,3.82309953350387,0,0.000368284668081543,1.4653416195863,0.00111449790654245,0.00111449790654245,0,0,0,0.0014735247338388,0.0290747469099903,0.00465195950559845,0.000132978633091502,0.000132914910528396,0,0.0777811636416196,0.0642790758108262,2.54120164634052,0,0
37,"DTXSID7021360",0,0,0,0,0,0,0,0,0,0,0,0,0,0,0,0,0,0,0,0,0,0,0,0,0,0,0,0,0,0,0,0
37,"DTXSID8020462",0,0,0,0,0,0,0,0,0,0,0,0,0,0,0,0,0,0,0,0,0,0,0,0,0,0,0,0,0,0,0,0
37,"DTXSID8020913",14027.657111832,0.19268759769,0.00032395117277873,0.000839381172159969,0.00315671386497946,0.126342254247489,0.159098378794965,0.0254557406071944,0,0,38.537519538,0.884109877053467,0.884109877053467,0,8.94886449137173e-05,0.00385133832347153,0.00288654755956496,0.00288654755956496,0,0,0,0.00440926243091618,0.0701592280927054,0.0112254764948329,6.5532869270846e-08,6.55140297505223e-08,0,1.90218019487415,0,3.95369164127703,0,0
