"household","dtxsid","total.used","dir.derm.exp","dir.derm.max","dir.derm.abs","dir.inhal.exp","dir.inhal.max","dir.inhal.mass","dir.inhal.abs","dir.ingest.exp","dir.ingest.abs","dir.release","ind.derm.exp","ind.derm.pr.exp","ind.derm.ar.exp","ind.derm.max","ind.derm.abs","ind.inhal.exp","ind.inhal.pr.exp","ind.inhal.ar.exp","ind.inhal.amb.in","ind.inhal.amb.out","ind.inhal.max","ind.inhal.mass","ind.inhal.abs","ind.ingest.exp","ind.ingest.abs","out.sur","out.air","drain","waste","food.ing","food.abs"
556,"DTXSID2021781",0,0,0,0,0,0,0,0,0,0,0,0,0,0,0,0,0,0,0,0,0,0,0,0,0,0,0,0,0,0,0,0
556,"DTXSID3020205",3630.48,0.0660830541800029,0.000129902465120902,0.0215874495183329,0.000142300115017061,0.0119038208059438,0.00452295710195302,0.000723673136312482,9.99368396508928e-07,9.98889505169532e-07,9.97384615384615,4.90362117541796,4.90362117541796,0,0.000502384857886316,1.89331163913709,0.00559192684864311,0.00559192684864311,0,0,0,0.0071470308559527,0.146000614960014,0.0233600983936022,0.00302403120334198,0.00302258210573352,0,0.0286631902344995,0.0314738925032636,1.08329663512919,0,0
556,"DTXSID7021360",1431267.55,16.1919340659341,0.0319830882411024,0.0108927517069712,4.08341674613114,374.936539797542,205.804204005009,32.9286726408015,0,0,3932.05370879121,3.49937549873798,3.49937549873798,0,0.000479966431673149,0.0023541240481281,1.50739794715109,1.50739794715109,0,0,0,13.1809822792261,38.8071266226054,6.20914025961686,6.48454519747812e-07,6.48255719154966e-07,0,2475.68527910689,0,41.3478636918807,0,0
556,"DTXSID8020462",0,0,0,0,0,0,0,0,0,0,0,0,0,0,0,0,0,0,0,0,0,0,0,0,0,0,0,0,0,0,0,0
556,"DTXSID8020913",0,0,0,0,0,0,0,0,0,0,0,0,0,0,0,0,0,0,0,0,0,0,0,0,0,0,0,0,0,0,0,0
