"household","dtxsid","total.used","dir.derm.exp","dir.derm.max","dir.derm.abs","dir.inhal.exp","dir.inhal.max","dir.inhal.mass","dir.inhal.abs","dir.ingest.exp","dir.ingest.abs","dir.release","ind.derm.exp","ind.derm.pr.exp","ind.derm.ar.exp","ind.derm.max","ind.derm.abs","ind.inhal.exp","ind.inhal.pr.exp","ind.inhal.ar.exp","ind.inhal.amb.in","ind.inhal.amb.out","ind.inhal.max","ind.inhal.mass","ind.inhal.abs","ind.ingest.exp","ind.ingest.abs","out.sur","out.air","drain","waste","food.ing","food.abs"
994,"DTXSID2021781",0,0,0,0,0,0,0,0,0,0,0,0,0,0,0,0,0,0,0,0,0,0,0,0,0,0,0,0,0,0,0,0
994,"DTXSID3020205",3572.304,0.0603388181842121,0.000117026116836243,0.0212144849583076,0.000149746993710923,0.0119571447234109,0.00476042790279861,0.000761668464447778,1.32790664441941e-07,1.32727031952285e-07,9.81402197802198,2.78768623856952,2.78768623856952,0,0.000336933835222353,1.07456554448719,0.00246728912730562,0.00246728912730562,0,0,0,0.00381761838394983,0.064140585571316,0.0102624936914106,0.000406240072256833,0.000406045404451648,0,0.0324115495676011,0.0218745513944337,1.07584440560026,0,0
994,"DTXSID7021360",21056.52,0.289237912087912,0.000563033812863905,0.000194217958342748,0.0600645486705504,5.77582304411302,3.02725325299574,0.484360520479318,0,0,57.8475824175824,0.0268867144587733,0.0268867144587733,0,4.25277921576189e-06,1.80539353294018e-05,0.015115008476753,0.015115008476753,0,0,0,0.135834820703412,0.383383249360555,0.0613413198976889,1.17708478680278e-09,1.17672392085719e-09,0,36.6814463779383,0,0.609349727539489,0,0
994,"DTXSID8020462",0,0,0,0,0,0,0,0,0,0,0,0,0,0,0,0,0,0,0,0,0,0,0,0,0,0,0,0,0,0,0,0
994,"DTXSID8020913",0,0,0,0,0,0,0,0,0,0,0,0,0,0,0,0,0,0,0,0,0,0,0,0,0,0,0,0,0,0,0,0
