"household","dtxsid","total.used","dir.derm.exp","dir.derm.max","dir.derm.abs","dir.inhal.exp","dir.inhal.max","dir.inhal.mass","dir.inhal.abs","dir.ingest.exp","dir.ingest.abs","dir.release","ind.derm.exp","ind.derm.pr.exp","ind.derm.ar.exp","ind.derm.max","ind.derm.abs","ind.inhal.exp","ind.inhal.pr.exp","ind.inhal.ar.exp","ind.inhal.amb.in","ind.inhal.amb.out","ind.inhal.max","ind.inhal.mass","ind.inhal.abs","ind.ingest.exp","ind.ingest.abs","out.sur","out.air","drain","waste","food.ing","food.abs"
916,"DTXSID2021781",0,0,0,0,0,0,0,0,0,0,0,0,0,0,0,0,0,0,0,0,0,0,0,0,0,0,0,0,0,0,0,0
916,"DTXSID3020205",0,0,0,0,0,0,0,0,0,0,0,0,0,0,0,0,0,0,0,0,0,0,0,0,0,0,0,0,0,0,0,0
916,"DTXSID7021360",2901797.128,14.6769343406593,0.0270596441979107,0.00981993540656348,4.79074749108965,438.23159522797,180.047276732409,28.8075642771855,0,0,4627.86686813187,1.99440980873511,1.99440980873511,0,0.000325915867963847,0.00133440500810339,0.747767902379682,0.747767902379682,0,0,0,11.7370026986958,17.2088984509254,2.75342375214807,8.21246202236478e-08,8.20994427860781e-08,0,4142.60611090891,0,90.597325597828,0,0
916,"DTXSID8020462",4646.410186437,0.114325676785916,0.000208696238802192,0.00119969383240495,9.84172340621054e-07,0.000262260125754314,1.95108811894081e-05,3.1217409903053e-06,6.06736807207756e-06,4.84670920735953e-06,11.3339544255,0.00346751412037383,0.00346751412037383,0,4.43161438097169e-07,0.000459756661312508,1.97645149216992e-06,1.97645149216992e-06,0,0,0,4.84915152092493e-06,4.20981893877395e-05,6.73571030203831e-06,1.86099396755979e-05,1.48659130124672e-05,0,0.00998031837075955,1.50931588825697,0.128703170996769,0,0
916,"DTXSID8020913",0,0,0,0,0,0,0,0,0,0,0,0,0,0,0,0,0,0,0,0,0,0,0,0,0,0,0,0,0,0,0,0
