"household","dtxsid","total.used","dir.derm.exp","dir.derm.max","dir.derm.abs","dir.inhal.exp","dir.inhal.max","dir.inhal.mass","dir.inhal.abs","dir.ingest.exp","dir.ingest.abs","dir.release","ind.derm.exp","ind.derm.pr.exp","ind.derm.ar.exp","ind.derm.max","ind.derm.abs","ind.inhal.exp","ind.inhal.pr.exp","ind.inhal.ar.exp","ind.inhal.amb.in","ind.inhal.amb.out","ind.inhal.max","ind.inhal.mass","ind.inhal.abs","ind.ingest.exp","ind.ingest.abs","out.sur","out.air","drain","waste","food.ing","food.abs"
854,"DTXSID2021781",0,0,0,0,0,0,0,0,0,0,0,0,0,0,0,0,0,0,0,0,0,0,0,0,0,0,0,0,0,0,0,0
854,"DTXSID3020205",8671.44,0.169986631233499,0.000331766117844534,0.0498107502681739,0.000309540224554096,0.0245209724860134,0.00983649879665675,0.00157383980746508,1.46740709247615e-06,1.46670391980187e-06,23.8226373626374,3.43925117648491,3.43925117648491,0,0.000887336717204788,1.32723316474511,0.00124747283684688,0.00124747283684688,0,0,0,0.00412298465638335,0.0316777447162499,0.00506843915459999,0.000714151275465113,0.000713809058458818,0,0.361556452768791,0.098754333286488,2.94434053077455,0,0
854,"DTXSID7021360",711765.100219315,8.21881936813187,0.016135511638681,0.00552457424781584,2.02454816356225,199.511974890172,102.037227443537,16.325956390966,0,0,1955.39862697614,0.378486150558272,0.378486150558272,0,0.000100489451101033,0.000254413026525628,0.451624640671436,0.451624640671436,0,0,0,4.15465077852781,11.2835182369516,1.80536291791225,2.3608497573819e-08,2.36012597750668e-08,0,1461.79195554905,0,21.1394909237718,0,0
854,"DTXSID8020462",140366.021543424,0,0,0,0.0020158250481915,0.180926705896021,0.0181424254337235,0.00290278806939575,0.0544272763011704,0.043477365811113,385.62093830611,0.417470759840152,0.417470759840152,0,0.000108202010385279,0.133070781822344,0.000620768510559667,0.000620768510559667,0,0,0,0.00193695305105104,0.0121466489341502,0.00194346382946404,0.00812162509249288,0.00648768208008665,0,2.42384942670079,376.489359182725,3.90150792351155,0,0
854,"DTXSID8020913",0,0,0,0,0,0,0,0,0,0,0,0,0,0,0,0,0,0,0,0,0,0,0,0,0,0,0,0,0,0,0,0
