"household","dtxsid","total.used","dir.derm.exp","dir.derm.max","dir.derm.abs","dir.inhal.exp","dir.inhal.max","dir.inhal.mass","dir.inhal.abs","dir.ingest.exp","dir.ingest.abs","dir.release","ind.derm.exp","ind.derm.pr.exp","ind.derm.ar.exp","ind.derm.max","ind.derm.abs","ind.inhal.exp","ind.inhal.pr.exp","ind.inhal.ar.exp","ind.inhal.amb.in","ind.inhal.amb.out","ind.inhal.max","ind.inhal.mass","ind.inhal.abs","ind.ingest.exp","ind.ingest.abs","out.sur","out.air","drain","waste","food.ing","food.abs"
879,"DTXSID2021781",0,0,0,0,0,0,0,0,0,0,0,0,0,0,0,0,0,0,0,0,0,0,0,0,0,0,0,0,0,0,0,0
879,"DTXSID3020205",5840.136,0,0,0,0,0,0,0,0,0,0,4.11378674980838,4.11378674980838,0,0.000374234042018116,1.57967398625358,0.00459474525111165,0.00459474525111165,0,0,0,0.00586482855469126,0.120090561888635,0.0192144899021816,0.000631381333460424,0.000631078779313718,0,0.450207749164189,0.0799656876659202,2.39000087072122,0,0
879,"DTXSID7021360",64975.8546944,0.0411721249230769,7.18469201463645e-05,2.75545095876559e-05,0.00840828317830287,0.203697915105273,0.267418611478961,0.0427869778366338,0,0,8.23442498461538,0.012356661506724,0.012356661506724,0,1.60787414452846e-06,8.26971483393248e-06,0.00478074322654785,0.00478074322654785,0,0,0,0.0835473159417198,0.125614596680433,0.0200983354688692,5.70034078625284e-10,5.69859319857595e-10,0,78.3297770695599,0,1.78933922000755,0,0
879,"DTXSID8020462",182358.867771808,0,0,0,0,0,0,0,0,0,0,6.84029565158885e-06,6.84029565158885e-06,0,6.30134724172186e-10,8.08769274215454e-07,1.54769907708405e-08,1.54769907708405e-08,0,0,0,1.48330639341046e-07,3.87226556961769e-07,6.1956249113883e-08,3.66662211770001e-08,2.92895551525023e-08,0,0.00025073519680189,4.95917519975032,5.00986010297528,0,0
879,"DTXSID8020913",0,0,0,0,0,0,0,0,0,0,0,0,0,0,0,0,0,0,0,0,0,0,0,0,0,0,0,0,0,0,0,0
