"household","dtxsid","total.used","dir.derm.exp","dir.derm.max","dir.derm.abs","dir.inhal.exp","dir.inhal.max","dir.inhal.mass","dir.inhal.abs","dir.ingest.exp","dir.ingest.abs","dir.release","ind.derm.exp","ind.derm.pr.exp","ind.derm.ar.exp","ind.derm.max","ind.derm.abs","ind.inhal.exp","ind.inhal.pr.exp","ind.inhal.ar.exp","ind.inhal.amb.in","ind.inhal.amb.out","ind.inhal.max","ind.inhal.mass","ind.inhal.abs","ind.ingest.exp","ind.ingest.abs","out.sur","out.air","drain","waste","food.ing","food.abs"
741,"DTXSID2021781",0,0,0,0,0,0,0,0,0,0,0,0,0,0,0,0,0,0,0,0,0,0,0,0,0,0,0,0,0,0,0,0
741,"DTXSID3020205",0,0,0,0,0,0,0,0,0,0,0,0,0,0,0,0,0,0,0,0,0,0,0,0,0,0,0,0,0,0,0,0
741,"DTXSID7021360",56583.072,0.0404607692307692,7.3081359622112e-05,2.71706234614786e-05,0.163453813131421,8.62833799564,8.08128775391782,1.29300604062685,0,0,155.448,0.180280752773749,0.180280752773749,0,3.24999082967435e-05,0.000121063941236223,0.201715937875509,0.201715937875509,0,0,0,1.19581117330175,5.17205086791722,0.827528138866756,9.64277792129225e-09,9.63982167700826e-09,0,114.240595614475,0,1.56698942301835,0,0
741,"DTXSID8020462",787108.181775223,21.8386090587736,0.0390549757096706,0.0154801980042033,1.17820150386207e-05,0.00340406144966694,0.000398121088902066,6.36993742243305e-05,0.00368369614052638,0.00294259451368516,2162.3851147671,0.000362697510670656,0.000362697510670656,0,8.63820741891081e-08,9.7627408820437e-05,2.49793310604587e-06,2.49793310604587e-06,0,0,0,1.86740140275246e-05,5.78902392574289e-05,9.26243828118862e-06,5.1143487941456e-06,4.08542239332876e-06,0,0.00162092842541605,21.4047385295857,21.6238775872111,0,0
741,"DTXSID8020913",0,0,0,0,0,0,0,0,0,0,0,0,0,0,0,0,0,0,0,0,0,0,0,0,0,0,0,0,0,0,0,0
