"household","dtxsid","total.used","dir.derm.exp","dir.derm.max","dir.derm.abs","dir.inhal.exp","dir.inhal.max","dir.inhal.mass","dir.inhal.abs","dir.ingest.exp","dir.ingest.abs","dir.release","ind.derm.exp","ind.derm.pr.exp","ind.derm.ar.exp","ind.derm.max","ind.derm.abs","ind.inhal.exp","ind.inhal.pr.exp","ind.inhal.ar.exp","ind.inhal.amb.in","ind.inhal.amb.out","ind.inhal.max","ind.inhal.mass","ind.inhal.abs","ind.ingest.exp","ind.ingest.abs","out.sur","out.air","drain","waste","food.ing","food.abs"
194,"DTXSID2021781",0,0,0,0,0,0,0,0,0,0,0,0,0,0,0,0,0,0,0,0,0,0,0,0,0,0,0,0,0,0,0,0
194,"DTXSID3020205",0,0,0,0,0,0,0,0,0,0,0,0,0,0,0,0,0,0,0,0,0,0,0,0,0,0,0,0,0,0,0,0
194,"DTXSID7021360",0,0,0,0,0,0,0,0,0,0,0,0,0,0,0,0,0,0,0,0,0,0,0,0,0,0,0,0,0,0,0,0
194,"DTXSID8020462",18539.15,0.166702936149921,0.000324950055436393,0.00911331870487955,8.99342062515015e-05,0.00441424250872873,0.00269742973910367,0.000431588758256587,4.05726015195534e-05,3.24100333151562e-05,16.6317307692308,2.25077153460489,2.25077153460489,0,0.000493520790585431,0.398598786754374,0.00527825206288336,0.00527825206288336,0,0,0,0.00813781862216687,0.106742405248788,0.0170787848398061,0.0557465137937868,0.0445311935048017,0,35.8052756333982,0.496629758810581,0.764882854292932,0,0
194,"DTXSID8020913",2870.154958829,0.0394252054784203,7.76132870203338e-05,0.000171760462212771,0.000572180348941928,0.0271649369449203,0.0171654104682579,0.00274646567492126,0,0,7.88504109568407,0.159692430974315,0.159692430974315,0,3.46533180227316e-05,0.00069571782262897,0.00102118956904222,0.00102118956904222,0,0,0,0.00226052235539028,0.0218443601820327,0.00349509762912523,1.60842999675092e-07,1.6079676020786e-07,0,5.72961920741478,0,0.830539815079089,0,0
