"household","dtxsid","total.used","dir.derm.exp","dir.derm.max","dir.derm.abs","dir.inhal.exp","dir.inhal.max","dir.inhal.mass","dir.inhal.abs","dir.ingest.exp","dir.ingest.abs","dir.release","ind.derm.exp","ind.derm.pr.exp","ind.derm.ar.exp","ind.derm.max","ind.derm.abs","ind.inhal.exp","ind.inhal.pr.exp","ind.inhal.ar.exp","ind.inhal.amb.in","ind.inhal.amb.out","ind.inhal.max","ind.inhal.mass","ind.inhal.abs","ind.ingest.exp","ind.ingest.abs","out.sur","out.air","drain","waste","food.ing","food.abs"
262,"DTXSID2021781",66644.730401808,0,0,0,0,0,0,0,0,0,0,24.5472889568674,24.5472889568674,0,0.00679176868825805,9.14251412909596,0.0272186042591375,0.0272186042591375,0,0,0,0.0905200760753455,0.658392231156464,0.105342756985034,0.00715331678250937,0.00714898605007618,0,6.80091616762244,0,27.7099468175606,0,0
262,"DTXSID3020205",0,0,0,0,0,0,0,0,0,0,0,0,0,0,0,0,0,0,0,0,0,0,0,0,0,0,0,0,0,0,0,0
262,"DTXSID7021360",233685.52,3.20996593406593,0.00622972436864201,0.00214014486605761,0.64272859441912,109.63387538066,32.3935211587236,5.18296338539578,0,0,641.993186813187,0.359635167201268,0.359635167201268,0,0.000102562190150304,0.000239775524084401,0.506616920967955,0.506616920967955,0,0,0,2.19043188818058,11.5146166334318,1.84233866134909,4.32386822525255e-08,4.32254263102753e-08,0,440.081630275997,0,9.12552342802502,0,0
262,"DTXSID8020462",4827.158787204,0.133642839312071,0.000256804250930584,0.00229325452013986,1.92273088045931e-06,0.000307733753238604,3.7721416119406e-05,6.03542657910497e-06,2.31252686988504e-05,1.84728289752501e-05,13.2614252395714,2.92017680847098e-05,2.92017680847098e-05,0,8.06466754717448e-09,4.31242765511922e-06,2.76606521631246e-07,2.76606521631246e-07,0,0,0,1.42693318001319e-06,5.52817569000187e-06,8.84508110400299e-07,5.11470567587883e-07,4.08570747607993e-07,0,0.00028839974739266,0.130710501927592,0.132623957142875,0,0
262,"DTXSID8020913",0,0,0,0,0,0,0,0,0,0,0,0,0,0,0,0,0,0,0,0,0,0,0,0,0,0,0,0,0,0,0,0
