"household","dtxsid","total.used","dir.derm.exp","dir.derm.max","dir.derm.abs","dir.inhal.exp","dir.inhal.max","dir.inhal.mass","dir.inhal.abs","dir.ingest.exp","dir.ingest.abs","dir.release","ind.derm.exp","ind.derm.pr.exp","ind.derm.ar.exp","ind.derm.max","ind.derm.abs","ind.inhal.exp","ind.inhal.pr.exp","ind.inhal.ar.exp","ind.inhal.amb.in","ind.inhal.amb.out","ind.inhal.max","ind.inhal.mass","ind.inhal.abs","ind.ingest.exp","ind.ingest.abs","out.sur","out.air","drain","waste","food.ing","food.abs"
901,"DTXSID2021781",0,0,0,0,0,0,0,0,0,0,0,0,0,0,0,0,0,0,0,0,0,0,0,0,0,0,0,0,0,0,0,0
901,"DTXSID3020205",0,0,0,0,0,0,0,0,0,0,0,0,0,0,0,0,0,0,0,0,0,0,0,0,0,0,0,0,0,0,0,0
901,"DTXSID7021360",307882.52445871,3.47136577553173,0.00633261113327406,0.00231474640316448,0.882561467852359,51.5451375617892,31.0312204841999,4.96499527747199,0,0,845.831111150302,0.420739634028072,0.420739634028072,0,6.20180697604385e-05,0.000280553683777984,0.152724492947005,0.152724492947005,0,0,0,1.69740490628652,3.89342657559492,0.622948252095188,4.74515015308919e-07,4.74369540393585e-07,0,579.846898489524,0,8.50146847600896,0,0
901,"DTXSID8020462",11367.0384828,0.31538950733414,0.000569650530972608,0.000133509748406102,1.06320463654795e-07,4.11549439977849e-05,3.66452927340042e-06,5.86324683744067e-07,0.000585149076284087,0.000467426301159425,31.2281277,1.34521546106527e-06,1.34521546106527e-06,0,1.50760548067859e-10,2.0367069253898e-07,4.16311860338905e-09,4.16311860338905e-09,0,0,0,3.64855958056412e-08,1.0081883615751e-07,1.61310137852016e-08,2.26565483987768e-07,1.80984078148629e-07,0,1.56258317529815e-05,0.309130157148624,0.31228131974572,0,0
901,"DTXSID8020913",0,0,0,0,0,0,0,0,0,0,0,0,0,0,0,0,0,0,0,0,0,0,0,0,0,0,0,0,0,0,0,0
