"household","dtxsid","total.used","dir.derm.exp","dir.derm.max","dir.derm.abs","dir.inhal.exp","dir.inhal.max","dir.inhal.mass","dir.inhal.abs","dir.ingest.exp","dir.ingest.abs","dir.release","ind.derm.exp","ind.derm.pr.exp","ind.derm.ar.exp","ind.derm.max","ind.derm.abs","ind.inhal.exp","ind.inhal.pr.exp","ind.inhal.ar.exp","ind.inhal.amb.in","ind.inhal.amb.out","ind.inhal.max","ind.inhal.mass","ind.inhal.abs","ind.ingest.exp","ind.ingest.abs","out.sur","out.air","drain","waste","food.ing","food.abs"
887,"DTXSID2021781",0,0,0,0,0,0,0,0,0,0,0,0,0,0,0,0,0,0,0,0,0,0,0,0,0,0,0,0,0,0,0,0
887,"DTXSID3020205",16490.203815946,0.227145385648877,0.000510687296320385,0.0871995540371166,0.000762888474986207,0.0336026109722597,0.0133505149950659,0.00213608239921054,2.32639399438685e-08,2.3252792003431e-08,45.3027577361154,5.59318649817532,5.59318649817532,0,0.00101643960840952,2.14521554234476,0.00192722570770966,0.00192722570770966,0,0,0,0.00395282888605672,0.0286901716980185,0.00459042747168296,0.0055175184048803,0.00551487444316579,0,1.60277729131586,0.00122604117375891,15.2078152227157,0,0
887,"DTXSID7021360",91870.482244356,0.432919811048846,0.000973379678296835,0.000289644225351325,0.0901906930382871,3.97267215144786,1.57833712817002,0.252533940507204,0,0,86.5839622097692,0.0586512464520094,0.0586512464520094,0,1.7880421062564e-05,3.92404998983958e-05,0.0270513260555494,0.0270513260555494,0,0,0,0.260314419141254,0.384088183379722,0.0614541093407555,1.74057764559839e-08,1.74004402626612e-08,0,182.536030605605,0,6.49981298390709,0,0
887,"DTXSID8020462",0,0,0,0,0,0,0,0,0,0,0,0,0,0,0,0,0,0,0,0,0,0,0,0,0,0,0,0,0,0,0,0
887,"DTXSID8020913",0,0,0,0,0,0,0,0,0,0,0,0,0,0,0,0,0,0,0,0,0,0,0,0,0,0,0,0,0,0,0,0
