"household","dtxsid","total.used","dir.derm.exp","dir.derm.max","dir.derm.abs","dir.inhal.exp","dir.inhal.max","dir.inhal.mass","dir.inhal.abs","dir.ingest.exp","dir.ingest.abs","dir.release","ind.derm.exp","ind.derm.pr.exp","ind.derm.ar.exp","ind.derm.max","ind.derm.abs","ind.inhal.exp","ind.inhal.pr.exp","ind.inhal.ar.exp","ind.inhal.amb.in","ind.inhal.amb.out","ind.inhal.max","ind.inhal.mass","ind.inhal.abs","ind.ingest.exp","ind.ingest.abs","out.sur","out.air","drain","waste","food.ing","food.abs"
295,"DTXSID2021781",243917.9565771,0,0,0,0,0,0,0,0,0,0,94.0831887659885,94.0831887659885,0,0.0172508303860999,35.3133124426159,0.0396491702391592,0.0396491702391592,0,0,0,0.105769507966855,1.00426603416034,0.160682565465654,0.00471370802512444,0.0047108542708667,0,22.8723280746046,0,110.852244899077,0,0
295,"DTXSID3020205",0,0,0,0,0,0,0,0,0,0,0,0,0,0,0,0,0,0,0,0,0,0,0,0,0,0,0,0,0,0,0,0
295,"DTXSID7021360",154.865022,0,0,0,0,0,0,0,0,0,0,0,0,0,0,0,0,0,0,0,0,0,0,0,0,0,0,0,0,0.00425453357142857,0,0
295,"DTXSID8020462",2262577.13411103,0,0,0,0,0,0,0,0,0,0,0.000203738158121224,0.000203738158121224,0,3.7428754145299e-08,6.67697861181958e-05,7.31776316806903e-07,7.31776316806903e-07,0,0,0,5.38406049801846e-06,1.74666432538767e-05,2.79466292062027e-06,1.35101824265604e-06,1.07921465752606e-06,0,0.0017614281083878,61.5330149831182,62.1587976005685,0,0
295,"DTXSID8020913",2498.18120019,0,0,0,0,0,0,0,0,0,0,0.203830375812597,0.203830375812597,0,3.79468017711894e-05,0.000894541535841072,0.00178200025657145,0.00178200025657145,0,0,0,0.00357699454264652,0.0405047935890449,0.00648076697424719,2.99205128433135e-08,2.99119112344403e-08,0,4.53691768383449,0,0.799364937801099,0,0
