"household","dtxsid","total.used","dir.derm.exp","dir.derm.max","dir.derm.abs","dir.inhal.exp","dir.inhal.max","dir.inhal.mass","dir.inhal.abs","dir.ingest.exp","dir.ingest.abs","dir.release","ind.derm.exp","ind.derm.pr.exp","ind.derm.ar.exp","ind.derm.max","ind.derm.abs","ind.inhal.exp","ind.inhal.pr.exp","ind.inhal.ar.exp","ind.inhal.amb.in","ind.inhal.amb.out","ind.inhal.max","ind.inhal.mass","ind.inhal.abs","ind.ingest.exp","ind.ingest.abs","out.sur","out.air","drain","waste","food.ing","food.abs"
688,"DTXSID2021781",171503.553223392,0,0,0,0.00831032104715324,1.18872179476514,0.249309631414597,0.0398895410263356,0,0,199.338449435473,445.750577405308,445.750577405308,0,0.0404626550943581,166.350933628488,0.575196240859221,0.575196240859221,0,0,0,0.785544559793996,14.9813719038309,2.39701950461295,0.0526341576142187,0.0526022920530525,0,15.5798317843633,0,75.8051497413404,0,0
688,"DTXSID3020205",0,0,0,0,0,0,0,0,0,0,0,0,0,0,0,0,0,0,0,0,0,0,0,0,0,0,0,0,0,0,0,0
688,"DTXSID7021360",1122417.2691099,13.9545323255316,0.0237590071171194,0.00931826198193904,2.90192450744438,245.189127091999,146.256995175197,23.4011192280315,0,0,2790.90646510632,6.46733196247331,6.46733196247331,0,0.000845087921470863,0.00431861772251914,4.69398254231609,4.69398254231609,0,0,0,31.072026124262,117.993454917351,18.8789527867761,3.14929236080469e-07,3.14832686334988e-07,0,2482.40927447253,0,33.2434541249865,0,0
688,"DTXSID8020462",14807.52,0.101988145011423,0.000172612119899389,0.00515051500910517,5.12163445724597e-05,0.00270037058588242,0.00153626326881719,0.00024580212301075,5.29123032953809e-06,4.22671815056887e-06,10.17,23.5207374149711,23.5207374149711,0,0.00213079409783219,2.58781582976355,0.0375450526444193,0.0375450526444193,0,0,0,0.0392274581612881,0.891227198330421,0.142596351732867,0.124117439084371,0.0991469658108486,0,19.5208660159305,0.397072655382814,1.74811643985496,0,0
688,"DTXSID8020913",0,0,0,0,0,0,0,0,0,0,0,0,0,0,0,0,0,0,0,0,0,0,0,0,0,0,0,0,0,0,0,0
