"household","dtxsid","total.used","dir.derm.exp","dir.derm.max","dir.derm.abs","dir.inhal.exp","dir.inhal.max","dir.inhal.mass","dir.inhal.abs","dir.ingest.exp","dir.ingest.abs","dir.release","ind.derm.exp","ind.derm.pr.exp","ind.derm.ar.exp","ind.derm.max","ind.derm.abs","ind.inhal.exp","ind.inhal.pr.exp","ind.inhal.ar.exp","ind.inhal.amb.in","ind.inhal.amb.out","ind.inhal.max","ind.inhal.mass","ind.inhal.abs","ind.ingest.exp","ind.ingest.abs","out.sur","out.air","drain","waste","food.ing","food.abs"
359,"DTXSID2021781",0,0,0,0,0,0,0,0,0,0,0,0,0,0,0,0,0,0,0,0,0,0,0,0,0,0,0,0,0,0,0,0
359,"DTXSID3020205",9062.656154136,0,0,0,0,0,0,0,0,0,0,2.0459447264001,2.0459447264001,0,0.00039994994280832,0.784903159913284,0.00131532170669851,0.00131532170669851,0,0,0,0.00381276241341117,0.0340250394953732,0.00544400631925972,0.00028715204671493,0.000287014445177057,0,0.226218108186607,0.00414906759292955,4.42462921932048,0,0
359,"DTXSID7021360",397478.236107276,0.545766907770544,0.000898453041036369,0.000364956925506401,0.00118932855004346,0.131987620602418,0.0499517991018254,0.00799228785629206,0,0,1045.6774598246,0.0160127433066561,0.0160127433066561,0,3.33649967114385e-06,1.07077971123397e-05,0.0074670957986234,0.0074670957986234,0,0,0,0.0740420111628045,0.173332365893848,0.0277331785430157,6.75588093213601e-10,6.75380974118336e-10,11.2387793485476,1056.49806718657,0,10.9365499482541,0,0
359,"DTXSID8020462",690490.948515872,0,0,0,0,0,0,0,0,0,0,6.32994623766613e-05,6.32994623766613e-05,0,1.24208425756057e-08,1.23981825418473e-05,1.81328281293921e-07,1.81328281293921e-07,0,0,0,1.80298787810676e-06,4.11761254352079e-06,6.58818006963326e-07,5.14483088144468e-07,4.10977196490855e-07,0,0.000955801158157133,18.7781731507068,18.9695855538832,0,0
359,"DTXSID8020913",0,0,0,0,0,0,0,0,0,0,0,0,0,0,0,0,0,0,0,0,0,0,0,0,0,0,0,0,0,0,0,0
