"household","dtxsid","total.used","dir.derm.exp","dir.derm.max","dir.derm.abs","dir.inhal.exp","dir.inhal.max","dir.inhal.mass","dir.inhal.abs","dir.ingest.exp","dir.ingest.abs","dir.release","ind.derm.exp","ind.derm.pr.exp","ind.derm.ar.exp","ind.derm.max","ind.derm.abs","ind.inhal.exp","ind.inhal.pr.exp","ind.inhal.ar.exp","ind.inhal.amb.in","ind.inhal.amb.out","ind.inhal.max","ind.inhal.mass","ind.inhal.abs","ind.ingest.exp","ind.ingest.abs","out.sur","out.air","drain","waste","food.ing","food.abs"
431,"DTXSID2021781",0,0,0,0,0,0,0,0,0,0,0,0,0,0,0,0,0,0,0,0,0,0,0,0,0,0,0,0,0,0,0,0
431,"DTXSID3020205",11106.79938891,0.156210176888391,0.000308916730984071,0.0599240413875732,0.000510676100893971,0.0279889518262526,0.0153199535024104,0.00245119256038567,7.52539194901622e-08,7.52178582634661e-08,30.5131851343681,6.63702100100494,6.63702100100494,0,0.000716660425438539,2.55064438180356,0.00143240533418695,0.00143240533418695,0,0,0,0.0022052403363577,0.0372503476960496,0.00596005563136794,0.00291169677093127,0.00291030150330882,0,0.371707912583326,0.00707413471448087,5.20347564408515,0,0
431,"DTXSID7021360",1088537.51928444,0.367430155006071,0.000726951787714446,0.000246136935491936,3.13639073631777,69.3124662809216,156.526689032512,25.0442702452019,0,0,2982.50407495726,1.11017558958781,1.11017558958781,0,0.000175470959306432,0.000743692856163948,0.586388250232328,0.586388250232328,0,0,0,5.05320846524986,15.1521075961739,2.42433721538782,1.46411724770137e-07,1.46366838449204e-07,0,2228.55248946226,0,30.4674428383778,0,0
431,"DTXSID8020462",4046.68866836,0.112115733475416,0.000219625321626771,0.00170271652691701,1.31241423035889e-06,0.000256433645505842,2.72368033263559e-05,4.35788853221695e-06,6.45017359329496e-05,5.15250028880898e-05,11.1172765614286,8.4061227820969e-06,8.4061227820969e-06,0,9.26975678667409e-10,3.77789462517219e-06,5.36804754370597e-08,5.36804754370597e-08,0,0,0,3.84079885691722e-07,1.32732077721502e-06,2.12371324354403e-07,4.8917393850358e-07,3.90759849012061e-07,0,0.000204621887586906,0.109733445414882,0.111175207381264,0,0
431,"DTXSID8020913",0,0,0,0,0,0,0,0,0,0,0,0,0,0,0,0,0,0,0,0,0,0,0,0,0,0,0,0,0,0,0,0
