"household","dtxsid","total.used","dir.derm.exp","dir.derm.max","dir.derm.abs","dir.inhal.exp","dir.inhal.max","dir.inhal.mass","dir.inhal.abs","dir.ingest.exp","dir.ingest.abs","dir.release","ind.derm.exp","ind.derm.pr.exp","ind.derm.ar.exp","ind.derm.max","ind.derm.abs","ind.inhal.exp","ind.inhal.pr.exp","ind.inhal.ar.exp","ind.inhal.amb.in","ind.inhal.amb.out","ind.inhal.max","ind.inhal.mass","ind.inhal.abs","ind.ingest.exp","ind.ingest.abs","out.sur","out.air","drain","waste","food.ing","food.abs"
251,"DTXSID2021781",0,0,0,0,0,0,0,0,0,0,0,0,0,0,0,0,0,0,0,0,0,0,0,0,0,0,0,0,0,0,0,0
251,"DTXSID3020205",12400.992,0.250780906925513,0.000473935159634544,0.0688722812693262,0.000421139378546572,0.0335853931551292,0.0133813152748708,0.00214101044397932,1.95506414367397e-06,1.95412728866671e-06,34.0686593406593,6.30603139274888,6.30603139274888,0,0.000676345187828711,2.42071126885215,0.00368130403605835,0.00368130403605835,0,0,0,0.00514617975484439,0.0955062806743251,0.015281004907892,0.000974738935191181,0.000974271846141871,0,1.37213011210913,0.156143596313713,7.61798374150002,0,0
251,"DTXSID7021360",2575663.87,0,0,0,2.94407600727467,65.5189542001597,148.381430766644,23.741028922663,0,0,2798.32967032967,0.89395725666096,0.89395725666096,0,0.000159699730891086,0.000598116887299573,0.880723934526179,0.880723934526179,0,0,0,8.46458591963714,22.1460668543052,3.54337069668883,4.15353047248163e-08,4.15225709972349e-08,0,5294.61301597439,0,74.0939375174805,0,0
251,"DTXSID8020462",52685.86980189,0,0,0,0,0,0,0,0,0,0,0.0972430794662197,0.0972430794662197,0,1.05930713990427e-05,0.0214888692389689,0.000229291061563872,0.000229291061563872,0,0,0,0.000464007384647995,0.00532035898202821,0.000851257437124514,0.000981467953401382,0.00078401206420463,0,1.36575768296115,141.360986487885,1.50838204433265,0,0
251,"DTXSID8020913",0,0,0,0,0,0,0,0,0,0,0,0,0,0,0,0,0,0,0,0,0,0,0,0,0,0,0,0,0,0,0,0
