"household","dtxsid","total.used","dir.derm.exp","dir.derm.max","dir.derm.abs","dir.inhal.exp","dir.inhal.max","dir.inhal.mass","dir.inhal.abs","dir.ingest.exp","dir.ingest.abs","dir.release","ind.derm.exp","ind.derm.pr.exp","ind.derm.ar.exp","ind.derm.max","ind.derm.abs","ind.inhal.exp","ind.inhal.pr.exp","ind.inhal.ar.exp","ind.inhal.amb.in","ind.inhal.amb.out","ind.inhal.max","ind.inhal.mass","ind.inhal.abs","ind.ingest.exp","ind.ingest.abs","out.sur","out.air","drain","waste","food.ing","food.abs"
714,"DTXSID2021781",0,0,0,0,0,0,0,0,0,0,0,0,0,0,0,0,0,0,0,0,0,0,0,0,0,0,0,0,0,0,0,0
714,"DTXSID3020205",10264.663794112,0.141222896110383,0.000267096668975672,0.0542692785736345,0.000474803422157458,0.0264337439730946,0.0142440823146171,0.00227905317033874,3.2408029639978e-10,3.23924999066227e-10,28.199625808,4.33599586186002,4.33599586186002,0,0.00045227756544246,1.66619748279853,0.00120529485488457,0.00120529485488457,0,0,0,0.00178722328053669,0.0312024231463173,0.00499238770341077,0.000231841414033807,0.00023173031701925,0,0.759277977873306,0.000436312548391495,11.3415545340427,0,0
714,"DTXSID7021360",1239629.0393544,0.315310980142857,0.000596370299214435,0.000211135694575262,0.0656860726791947,3.65698606835648,1.97058218037584,0.315293148860135,0,0,63.0621960285714,0.311605146259665,0.311605146259665,0,5.45400488103649e-05,0.000208654224143704,0.392858309770234,0.392858309770234,0,0,0,3.49797396202098,10.2163861512427,1.63462178419883,5.00700169822988e-09,5.00546667167724e-09,0,2563.16735783128,0,37.5207051726643,0,0
714,"DTXSID8020462",963746.953460694,0,0,0,0,0,0,0,0,0,0,5.04851707650881e-05,5.04851707650881e-05,0,5.37691028595384e-09,2.03800499667583e-05,2.54785240661423e-07,2.54785240661423e-07,0,0,0,1.72033666755966e-06,6.19935230664759e-06,9.91896369063615e-07,3.21652570078852e-07,2.56941140615228e-07,0,0.00159854583629146,26.2088097984126,26.4766620510834,0,0
714,"DTXSID8020913",0,0,0,0,0,0,0,0,0,0,0,0,0,0,0,0,0,0,0,0,0,0,0,0,0,0,0,0,0,0,0,0
