"household","dtxsid","total.used","dir.derm.exp","dir.derm.max","dir.derm.abs","dir.inhal.exp","dir.inhal.max","dir.inhal.mass","dir.inhal.abs","dir.ingest.exp","dir.ingest.abs","dir.release","ind.derm.exp","ind.derm.pr.exp","ind.derm.ar.exp","ind.derm.max","ind.derm.abs","ind.inhal.exp","ind.inhal.pr.exp","ind.inhal.ar.exp","ind.inhal.amb.in","ind.inhal.amb.out","ind.inhal.max","ind.inhal.mass","ind.inhal.abs","ind.ingest.exp","ind.ingest.abs","out.sur","out.air","drain","waste","food.ing","food.abs"
988,"DTXSID2021781",0,0,0,0,0,0,0,0,0,0,0,0,0,0,0,0,0,0,0,0,0,0,0,0,0,0,0,0,0,0,0,0
988,"DTXSID3020205",0,0,0,0,0,0,0,0,0,0,0,0,0,0,0,0,0,0,0,0,0,0,0,0,0,0,0,0,0,0,0,0
988,"DTXSID7021360",747444.04059636,5.68687967852143,0.0111591333133069,0.00379246641444481,1.4988234026014,73.1030369422037,53.5048800560164,8.56078080896262,0,0,1435.92923240758,0.277740330891803,0.277740330891803,0,5.65019430204739e-05,0.000185219473401165,0.144816375215649,0.144816375215649,0,0,0,1.01153850932266,3.44133050503708,0.550612880805932,4.58758619708947e-09,4.58617975326351e-09,6.34345604276845,1722.07180781682,0,20.8845127276263,0,0
988,"DTXSID8020462",189834.260098656,1.63958234362633,0.00314007742375045,0.00347082730351044,0.00198606922996003,0.159016664298815,0.0183663384550162,0.0029386141528026,0.0530938568220002,0.042412209323128,516.482692578725,0.168979219147129,0.168979219147129,0,3.59025880975224e-05,0.0505111152198299,0.000997638013591181,0.000997638013591181,0,0,0,0.00174716528133194,0.0199146969891928,0.00318635151827085,0.000822840716256795,0.000657298128001413,0,9.73068090063576,347.269208453706,5.39792444603679,0,0
988,"DTXSID8020913",0,0,0,0,0,0,0,0,0,0,0,0,0,0,0,0,0,0,0,0,0,0,0,0,0,0,0,0,0,0,0,0
