"household","dtxsid","total.used","dir.derm.exp","dir.derm.max","dir.derm.abs","dir.inhal.exp","dir.inhal.max","dir.inhal.mass","dir.inhal.abs","dir.ingest.exp","dir.ingest.abs","dir.release","ind.derm.exp","ind.derm.pr.exp","ind.derm.ar.exp","ind.derm.max","ind.derm.abs","ind.inhal.exp","ind.inhal.pr.exp","ind.inhal.ar.exp","ind.inhal.amb.in","ind.inhal.amb.out","ind.inhal.max","ind.inhal.mass","ind.inhal.abs","ind.ingest.exp","ind.ingest.abs","out.sur","out.air","drain","waste","food.ing","food.abs"
21,"DTXSID2021781",0,0,0,0,0,0,0,0,0,0,0,0,0,0,0,0,0,0,0,0,0,0,0,0,0,0,0,0,0,0,0,0
21,"DTXSID3020205",0,0,0,0,0,0,0,0,0,0,0,0,0,0,0,0,0,0,0,0,0,0,0,0,0,0,0,0,0,0,0,0
21,"DTXSID7021360",928289.32,7.7168271978022,0.0162385984021765,0.00515752642043951,2.55433824124917,343.399494054699,128.738647358958,20.5981835774333,0,0,2550.24538461538,1.87389649750139,1.87389649750139,0,0.000339139987979488,0.00125241483952425,0.523112490895935,0.523112490895935,0,0,0,5.76687249622451,13.4069135976176,2.14510617561882,3.48538183088927e-07,3.48431329646908e-07,0,1769.52299180835,0,36.4064943580314,0,0
21,"DTXSID8020462",2555.28,0.0352089865331404,7.33620033128014e-05,0.00172375954208243,1.70350902922614e-05,0.000932009551659054,0.000510959411259699,8.17535058015519e-05,8.31039529295064e-06,6.63847469028681e-06,3.51,1.05056553975955,1.05056553975955,0,0.000139766582482192,0.137757690017856,0.00130333781763722,0.00130333781763722,0,0,0,0.00137910773417284,0.0285770630095762,0.00457233008153219,0.0252144345831306,0.0201416875984216,0,4.29095404790752,0.0685584183051333,0.116780373128265,0,0
21,"DTXSID8020913",0,0,0,0,0,0,0,0,0,0,0,0,0,0,0,0,0,0,0,0,0,0,0,0,0,0,0,0,0,0,0,0
