"household","dtxsid","total.used","dir.derm.exp","dir.derm.max","dir.derm.abs","dir.inhal.exp","dir.inhal.max","dir.inhal.mass","dir.inhal.abs","dir.ingest.exp","dir.ingest.abs","dir.release","ind.derm.exp","ind.derm.pr.exp","ind.derm.ar.exp","ind.derm.max","ind.derm.abs","ind.inhal.exp","ind.inhal.pr.exp","ind.inhal.ar.exp","ind.inhal.amb.in","ind.inhal.amb.out","ind.inhal.max","ind.inhal.mass","ind.inhal.abs","ind.ingest.exp","ind.ingest.abs","out.sur","out.air","drain","waste","food.ing","food.abs"
491,"DTXSID2021781",0,0,0,0,0,0,0,0,0,0,0,0,0,0,0,0,0,0,0,0,0,0,0,0,0,0,0,0,0,0,0,0
491,"DTXSID3020205",11982.096,0,0,0,0,0,0,0,0,0,0,3.45341431798232,3.45341431798232,0,0.000759614104475272,1.32704820119288,0.00245372642078156,0.00245372642078156,0,0,0,0.00737258276821527,0.0628085899090383,0.0100493743854461,0.000821719425009004,0.000821325661990857,0,0.464028696394548,0.084595536332574,4.39669079000498,0,0
491,"DTXSID7021360",0,0,0,0,0,0,0,0,0,0,0,0,0,0,0,0,0,0,0,0,0,0,0,0,0,0,0,0,0,0,0,0
491,"DTXSID8020462",4581.909413664,0,0,0,0,0,0,0,0,0,0,0.00494460744693799,0.00494460744693799,0,1.09816380410023e-06,0.00088879120476414,2.85546134667681e-05,2.85546134667681e-05,0,0,0,6.53582178948585e-05,0.000540359801669311,8.64575682670898e-05,6.24243232365229e-05,4.98655328965471e-05,0,0.120641339682913,12.2937736662988,0.127185030797582,0,0
491,"DTXSID8020913",7684.865871852,0.0504858603621429,9.2813038757228e-05,0.000220836435850364,0.000714398920903589,0.0351800303023449,0.0214319676271077,0.00342911482033723,0,0,10.0971720724286,0.375986204325935,0.375986204325935,0,8.43908087194353e-05,0.00164464684716763,0.00393950091451527,0.00393950091451527,0,0,0,0.00712508859876897,0.0768044915389933,0.0122887186462389,1.90947530202595e-07,1.90892636224718e-07,0,14.7222599416732,0,2.28295368949991,0,0
