"household","dtxsid","total.used","dir.derm.exp","dir.derm.max","dir.derm.abs","dir.inhal.exp","dir.inhal.max","dir.inhal.mass","dir.inhal.abs","dir.ingest.exp","dir.ingest.abs","dir.release","ind.derm.exp","ind.derm.pr.exp","ind.derm.ar.exp","ind.derm.max","ind.derm.abs","ind.inhal.exp","ind.inhal.pr.exp","ind.inhal.ar.exp","ind.inhal.amb.in","ind.inhal.amb.out","ind.inhal.max","ind.inhal.mass","ind.inhal.abs","ind.ingest.exp","ind.ingest.abs","out.sur","out.air","drain","waste","food.ing","food.abs"
508,"DTXSID2021781",80925.2816484,0,0,0,0.00926815178752225,1.42404380858216,0.278044553625667,0.0444871285801068,0,0,222.322202330769,11.6275736077733,11.6275736077733,0,0.00155437283589007,4.30429545678726,0.00355188884317347,0.00355188884317347,0,0,0,0.00676889990224955,0.0850143155967576,0.0136022904954812,0.00154202919568855,0.00154109562654101,0,20.4703876225125,0,42.8391351443538,0,0
508,"DTXSID3020205",0,0,0,0,0,0,0,0,0,0,0,0,0,0,0,0,0,0,0,0,0,0,0,0,0,0,0,0,0,0,0,0
508,"DTXSID7021360",1530888.792,0,0,0,0,0,0,0,0,0,0,0.348305652669298,0.348305652669298,0,5.94967427757421e-05,0.000230995834461148,0.200282991986283,0.200282991986283,0,0,0,2.14649180821654,4.90871475194791,0.785394360311666,1.90730634338568e-08,1.90672160903615e-08,0,2882.15183190292,0,44.8874339550934,0,0
508,"DTXSID8020462",8171.75093754,0,0,0,0,0,0,0,0,0,0,1.15423442401928e-05,1.15423442401928e-05,0,1.55024996012716e-09,5.5869803808003e-06,3.52933231211837e-08,3.52933231211837e-08,0,0,0,2.27558921598982e-07,7.5086274013601e-07,1.20138038421762e-07,3.03406356446286e-07,2.42365777696439e-07,0,0.00050957793090403,0.235881263062835,0.224517655483281,0,0
508,"DTXSID8020913",0,0,0,0,0,0,0,0,0,0,0,0,0,0,0,0,0,0,0,0,0,0,0,0,0,0,0,0,0,0,0,0
