"household","dtxsid","total.used","dir.derm.exp","dir.derm.max","dir.derm.abs","dir.inhal.exp","dir.inhal.max","dir.inhal.mass","dir.inhal.abs","dir.ingest.exp","dir.ingest.abs","dir.release","ind.derm.exp","ind.derm.pr.exp","ind.derm.ar.exp","ind.derm.max","ind.derm.abs","ind.inhal.exp","ind.inhal.pr.exp","ind.inhal.ar.exp","ind.inhal.amb.in","ind.inhal.amb.out","ind.inhal.max","ind.inhal.mass","ind.inhal.abs","ind.ingest.exp","ind.ingest.abs","out.sur","out.air","drain","waste","food.ing","food.abs"
130,"DTXSID2021781",0,0,0,0,0,0,0,0,0,0,0,0,0,0,0,0,0,0,0,0,0,0,0,0,0,0,0,0,0,0,0,0
130,"DTXSID3020205",0,0,0,0,0,0,0,0,0,0,0,0,0,0,0,0,0,0,0,0,0,0,0,0,0,0,0,0,0,0,0,0
130,"DTXSID7021360",15529.0490616,0.213311113483517,0.000364308896863938,0.000141875369422936,0.0439531617630039,5.0311465813664,2.21521673102436,0.354434676963898,0,0,42.6622226967033,0.0104189658225537,0.0104189658225537,0,1.6568457314099e-06,6.92975867392664e-06,0.00844716961559639,0.00844716961559639,0,0,0,0.0516968403237883,0.196718471936931,0.0314749555099089,6.06452086023259e-10,6.06266162368535e-10,0,32.1819687451314,0,0.470892774708703,0,0
130,"DTXSID8020462",6879.6,0.0945463965929524,0.000159970468565417,0.00635694916262533,6.28388860043938e-05,0.00250716540800574,0.00188464162054467,0.000301542659287148,1.45712023171866e-05,1.16397059802612e-05,9.45,1.23577013007667,1.23577013007667,0,0.000148506735055613,0.337338256849992,0.00171466837931937,0.00171466837931937,0,0,0,0.00185312809463214,0.0360934169797607,0.00577494671676171,0.019416690316401,0.0155103581346971,0,6.4521592067459,0.183621304419697,1.0902664521063,0,0
130,"DTXSID8020913",0,0,0,0,0,0,0,0,0,0,0,0,0,0,0,0,0,0,0,0,0,0,0,0,0,0,0,0,0,0,0,0
