"household","dtxsid","total.used","dir.derm.exp","dir.derm.max","dir.derm.abs","dir.inhal.exp","dir.inhal.max","dir.inhal.mass","dir.inhal.abs","dir.ingest.exp","dir.ingest.abs","dir.release","ind.derm.exp","ind.derm.pr.exp","ind.derm.ar.exp","ind.derm.max","ind.derm.abs","ind.inhal.exp","ind.inhal.pr.exp","ind.inhal.ar.exp","ind.inhal.amb.in","ind.inhal.amb.out","ind.inhal.max","ind.inhal.mass","ind.inhal.abs","ind.ingest.exp","ind.ingest.abs","out.sur","out.air","drain","waste","food.ing","food.abs"
211,"DTXSID2021781",165945.84237969,0,0,0,0,0,0,0,0,0,0,183.664954548497,183.664954548497,0,0.0208547009974088,69.7988312330926,0.325068669636058,0.325068669636058,0,0,0,0.466870414120124,8.43136887612249,1.3490190201796,0.0355437279793819,0.0355222092377635,0,40.8948453531062,0,90.5844212459578,0,0
211,"DTXSID3020205",0,0,0,0,0,0,0,0,0,0,0,0,0,0,0,0,0,0,0,0,0,0,0,0,0,0,0,0,0,0,0,0
211,"DTXSID7021360",0,0,0,0,0,0,0,0,0,0,0,0,0,0,0,0,0,0,0,0,0,0,0,0,0,0,0,0,0,0,0,0
211,"DTXSID8020462",262261.075044483,0,0,0,0.0034561113473209,0.368433546057307,0.0311050021258881,0.0049768003401421,0.0933150063776644,0.0745414972724038,720.497458913415,0.53157098661896,0.53157098661896,0,6.27607730766429e-05,0.0433596729861019,0.00353081029932882,0.00353081029932882,0,0,0,0.00680731075363747,0.0811007804537863,0.0129761248726058,0.00334701632975358,0.00267364937644944,0,7.61172848418369,703.730822237733,7.32691237575585,0,0
211,"DTXSID8020913",3364.978443064,0.02612560903,5.15216247796641e-05,0.00011680832150169,0.000478498412477793,0.0164538461200187,0.0143549523743338,0.00229679237989341,0,0,5.225121806,0.383826695051393,0.383826695051393,0,4.62625473824655e-05,0.0017160988031816,0.00417398990793487,0.00417398990793487,0,0,0,0.00626478224643668,0.0986432448646581,0.0157829191783453,2.18978469321594e-07,2.18915516953276e-07,0,6.84734932510762,0,1.02381288463873,0,0
