"household","dtxsid","total.used","dir.derm.exp","dir.derm.max","dir.derm.abs","dir.inhal.exp","dir.inhal.max","dir.inhal.mass","dir.inhal.abs","dir.ingest.exp","dir.ingest.abs","dir.release","ind.derm.exp","ind.derm.pr.exp","ind.derm.ar.exp","ind.derm.max","ind.derm.abs","ind.inhal.exp","ind.inhal.pr.exp","ind.inhal.ar.exp","ind.inhal.amb.in","ind.inhal.amb.out","ind.inhal.max","ind.inhal.mass","ind.inhal.abs","ind.ingest.exp","ind.ingest.abs","out.sur","out.air","drain","waste","food.ing","food.abs"
705,"DTXSID2021781",0,0,0,0,0,0,0,0,0,0,0,0,0,0,0,0,0,0,0,0,0,0,0,0,0,0,0,0,0,0,0,0
705,"DTXSID3020205",0,0,0,0,0,0,0,0,0,0,0,0,0,0,0,0,0,0,0,0,0,0,0,0,0,0,0,0,0,0,0,0
705,"DTXSID7021360",512142.2591454,4.80198158166758,0.00962016114820561,0.00322963494110332,1.46003530553761,151.678123521539,64.850186581227,10.3760298529963,0,0,1406.98422842143,0.427856956880322,0.427856956880322,0,0.000119775095626639,0.000287760669750606,0.446515642011226,0.446515642011226,0,0,0,2.41174991555571,10.0777396662601,1.61243834660162,1.05751738945743e-07,1.05719318000624e-07,0,803.458585359983,0,15.7437031691659,0,0
705,"DTXSID8020462",330305.69616304,9.16459553953267,0.0181783310979128,0.00598659119930812,4.35781014533095e-06,0.00142848286338821,0.000143282532436377,2.29252051898204e-05,0.00887933652343012,0.00709295390886291,907.433231217143,2.51434757817167e-05,2.51434757817167e-05,0,6.85977701754847e-09,8.00701717145354e-06,2.55315150686358e-07,2.55315150686358e-07,0,0,0,1.4867925891239e-06,5.53007163149104e-06,8.84811461038566e-07,1.93534353374487e-06,1.54598290609278e-06,0,0.00053608516561537,8.98265703845586,9.07435124626585,0,0
705,"DTXSID8020913",0,0,0,0,0,0,0,0,0,0,0,0,0,0,0,0,0,0,0,0,0,0,0,0,0,0,0,0,0,0,0,0
