"household","dtxsid","total.used","dir.derm.exp","dir.derm.max","dir.derm.abs","dir.inhal.exp","dir.inhal.max","dir.inhal.mass","dir.inhal.abs","dir.ingest.exp","dir.ingest.abs","dir.release","ind.derm.exp","ind.derm.pr.exp","ind.derm.ar.exp","ind.derm.max","ind.derm.abs","ind.inhal.exp","ind.inhal.pr.exp","ind.inhal.ar.exp","ind.inhal.amb.in","ind.inhal.amb.out","ind.inhal.max","ind.inhal.mass","ind.inhal.abs","ind.ingest.exp","ind.ingest.abs","out.sur","out.air","drain","waste","food.ing","food.abs"
215,"DTXSID2021781",0,0,0,0,0,0,0,0,0,0,0,0,0,0,0,0,0,0,0,0,0,0,0,0,0,0,0,0,0,0,0,0
215,"DTXSID3020205",8874.8108308,0,0,0,0,0,0,0,0,0,0,1.51337952654538,1.51337952654538,0,0.000213309783816654,0.581561581105276,0.000382204178433136,0.000382204178433136,0,0,0,0.000803344115462495,0.00970999319452907,0.00155359891112465,0.00130521409645316,0.00130458864568943,0,0.388957525894111,0.000119114116584764,3.9640845292368,0,0
215,"DTXSID7021360",2848021.39617816,0,0,0,0,0,0,0,0,0,0,0.742816833939193,0.742816833939193,0,0.000127046822257115,0.0004977584610319,0.738438554052627,0.738438554052627,0,0,0,5.14104079323969,16.7176283072361,2.67482052915778,1.92659625807227e-07,1.92600560989786e-07,0,6270.35934356701,0,90.0359748437403,0,0
215,"DTXSID8020462",862036.706994372,23.9178633962831,0.0423743965905925,0.0164341216217087,1.19634302676288e-05,0.00289197974815319,0.000391527309007062,6.264436944113e-05,0.0347127418630834,0.0277290850994791,2368.232711523,5.04726482976699e-05,5.04726482976699e-05,0,7.13072452898337e-09,2.05525762798429e-05,1.74043723606373e-07,1.74043723606373e-07,0,0,0,1.0602907143408e-06,3.89056508073271e-06,6.22490412917234e-07,5.23202191216289e-06,4.17942153394095e-06,0,0.00144945933866847,23.4430055691793,23.6823716808427,0,0
215,"DTXSID8020913",0,0,0,0,0,0,0,0,0,0,0,0,0,0,0,0,0,0,0,0,0,0,0,0,0,0,0,0,0,0,0,0
