"household","dtxsid","total.used","dir.derm.exp","dir.derm.max","dir.derm.abs","dir.inhal.exp","dir.inhal.max","dir.inhal.mass","dir.inhal.abs","dir.ingest.exp","dir.ingest.abs","dir.release","ind.derm.exp","ind.derm.pr.exp","ind.derm.ar.exp","ind.derm.max","ind.derm.abs","ind.inhal.exp","ind.inhal.pr.exp","ind.inhal.ar.exp","ind.inhal.amb.in","ind.inhal.amb.out","ind.inhal.max","ind.inhal.mass","ind.inhal.abs","ind.ingest.exp","ind.ingest.abs","out.sur","out.air","drain","waste","food.ing","food.abs"
306,"DTXSID2021781",135271.61027544,0,0,0,0.0154989332776442,1.29352404774589,0.464967998329325,0.074394879732692,0,0,371.625302954506,45.2345639442831,45.2345639442831,0,0.00868667774909452,17.0414439508065,0.0127191922570742,0.0127191922570742,0,0,0,0.0360026349650194,0.315376477551113,0.0504602364081781,0.00327286361369906,0.00327088216970151,0,19.2207849316858,0,48.3011490183603,0,0
306,"DTXSID3020205",0,0,0,0,0,0,0,0,0,0,0,0,0,0,0,0,0,0,0,0,0,0,0,0,0,0,0,0,0,0,0,0
306,"DTXSID7021360",765614.2079536,0,0,0,0,0,0,0,0,0,0,0.920956746984311,0.920956746984311,0,0.000191736284666039,0.000619950811177145,0.172980135907198,0.172980135907198,0,0,0,2.59795026348893,4.34120744263191,0.694593190821106,2.74412906013753e-08,2.74328777602679e-08,0,1463.33020000603,0,21.2288138365448,0,0
306,"DTXSID8020462",1138462.73530371,31.5878293373982,0.0588971231293276,0.020484392072975,1.4363460895855e-05,0.00376717701448986,0.000460591505676983,7.36946409083173e-05,0.00580695819494265,0.00463868969474655,3127.644877208,7.49258697447637e-05,7.49258697447637e-05,0,1.44022259199619e-08,3.31417436595518e-05,2.36032063821334e-07,2.36032063821334e-07,0,0,0,2.3937276256631e-06,5.5987577153811e-06,8.95801234460976e-07,9.64836841446374e-07,7.707268699518e-07,0,0.00141407298943572,30.9609978467542,31.2764629358957,0,0
306,"DTXSID8020913",0,0,0,0,0,0,0,0,0,0,0,0,0,0,0,0,0,0,0,0,0,0,0,0,0,0,0,0,0,0,0,0
