"household","dtxsid","total.used","dir.derm.exp","dir.derm.max","dir.derm.abs","dir.inhal.exp","dir.inhal.max","dir.inhal.mass","dir.inhal.abs","dir.ingest.exp","dir.ingest.abs","dir.release","ind.derm.exp","ind.derm.pr.exp","ind.derm.ar.exp","ind.derm.max","ind.derm.abs","ind.inhal.exp","ind.inhal.pr.exp","ind.inhal.ar.exp","ind.inhal.amb.in","ind.inhal.amb.out","ind.inhal.max","ind.inhal.mass","ind.inhal.abs","ind.ingest.exp","ind.ingest.abs","out.sur","out.air","drain","waste","food.ing","food.abs"
119,"DTXSID2021781",77841.96821856,0,0,0,0,0,0,0,0,0,0,29.8493917336599,29.8493917336599,0,0.00354499969107762,11.1907562905494,0.00906059453896037,0.00906059453896037,0,0,0,0.0149184047727844,0.227190961263427,0.0363505538021484,0.00388264418673674,0.00388029357182379,0,19.1589630406132,0,36.6201546784158,0,0
119,"DTXSID3020205",0,0,0,0,0,0,0,0,0,0,0,0,0,0,0,0,0,0,0,0,0,0,0,0,0,0,0,0,0,0,0,0
119,"DTXSID7021360",1367748.796,18.7877581868132,0.0360722310957896,0.0125950306348819,3.81986866479044,566.574383608293,192.376264418695,30.7802023069912,0,0,3757.55163736264,0.465716036622174,0.465716036622174,0,8.3506884824966e-05,0.000312209012651729,0.34192502691024,0.34192502691024,0,0,0,3.67286395733284,8.69521150758604,1.39123384121377,2.49654485742036e-08,2.49577947668415e-08,0,2682.1437115884,0,47.0045914921901,0,0
119,"DTXSID8020462",207368.04816,0,0,0,0,0,0,0,0,0,0,0.278854769113389,0.278854769113389,0,3.36300840597063e-05,0.121585509646086,0.000790893918253645,0.000790893918253645,0,0,0,0.00182715940695737,0.017669418257565,0.0028271069212104,0.0063945057391989,0.00510803192991,0,6.19699567943943,555.828934633452,5.82559314486027,0,0
119,"DTXSID8020913",0,0,0,0,0,0,0,0,0,0,0,0,0,0,0,0,0,0,0,0,0,0,0,0,0,0,0,0,0,0,0,0
