"household","dtxsid","total.used","dir.derm.exp","dir.derm.max","dir.derm.abs","dir.inhal.exp","dir.inhal.max","dir.inhal.mass","dir.inhal.abs","dir.ingest.exp","dir.ingest.abs","dir.release","ind.derm.exp","ind.derm.pr.exp","ind.derm.ar.exp","ind.derm.max","ind.derm.abs","ind.inhal.exp","ind.inhal.pr.exp","ind.inhal.ar.exp","ind.inhal.amb.in","ind.inhal.amb.out","ind.inhal.max","ind.inhal.mass","ind.inhal.abs","ind.ingest.exp","ind.ingest.abs","out.sur","out.air","drain","waste","food.ing","food.abs"
925,"DTXSID2021781",110855.791008288,0,0,0,0.0126989786501705,1.33800609177183,0.269853296316124,0.0431765274105798,0,0,304.548876396396,24.138163255994,24.138163255994,0,0.0047812638205334,9.00958858102665,0.0105644967316339,0.0105644967316339,0,0,0,0.027530952640362,0.19014573015527,0.0304233168248431,0.0191808688587817,0.0191692564538807,0,13.5193437870052,0,48.393663550502,0,0
925,"DTXSID3020205",0,0,0,0,0,0,0,0,0,0,0,0,0,0,0,0,0,0,0,0,0,0,0,0,0,0,0,0,0,0,0,0
925,"DTXSID7021360",439240.061821208,1.92102039451615,0.00380969733302794,0.00128368796750203,0.40008006148562,26.8550984389418,9.0118033849636,1.44188854159418,0,0,384.204078903231,0.0372405877438102,0.0372405877438102,0,9.31504885967691e-06,2.48853572024342e-05,0.0279651612446906,0.0279651612446906,0,0,0,0.408119790965947,0.493360834004685,0.0789377334407496,1.22104868006793e-08,1.22067433584779e-08,5.03391187417959,986.646700470363,0,12.1618471676547,0,0
925,"DTXSID8020462",2779.039849144,0,0,0,0,0,0,0,0,0,0,2.95358959625898e-06,2.95358959625898e-06,0,5.9567444636328e-10,8.12301831839519e-07,9.65242996760647e-09,9.65242996760647e-09,0,0,0,9.87261915194348e-08,1.44486406271321e-07,2.31178250034114e-08,2.6214269272207e-07,2.09403713004513e-07,0,0.000136296873643137,0.0753386322674832,0.076349231021922,0,0
925,"DTXSID8020913",0,0,0,0,0,0,0,0,0,0,0,0,0,0,0,0,0,0,0,0,0,0,0,0,0,0,0,0,0,0,0,0
