"household","dtxsid","total.used","dir.derm.exp","dir.derm.max","dir.derm.abs","dir.inhal.exp","dir.inhal.max","dir.inhal.mass","dir.inhal.abs","dir.ingest.exp","dir.ingest.abs","dir.release","ind.derm.exp","ind.derm.pr.exp","ind.derm.ar.exp","ind.derm.max","ind.derm.abs","ind.inhal.exp","ind.inhal.pr.exp","ind.inhal.ar.exp","ind.inhal.amb.in","ind.inhal.amb.out","ind.inhal.max","ind.inhal.mass","ind.inhal.abs","ind.ingest.exp","ind.ingest.abs","out.sur","out.air","drain","waste","food.ing","food.abs"
570,"DTXSID2021781",0,0,0,0,0,0,0,0,0,0,0,0,0,0,0,0,0,0,0,0,0,0,0,0,0,0,0,0,0,0,0,0
570,"DTXSID3020205",0,0,0,0,0,0,0,0,0,0,0,0,0,0,0,0,0,0,0,0,0,0,0,0,0,0,0,0,0,0,0,0
570,"DTXSID7021360",30767.04390551,0.422624229471291,0.000797767345325841,0.000282366581059773,0.0875218669468187,9.43914682470184,5.0097516640359,0.801560266245744,0,0,84.5248458942582,0.00447880860705955,0.00447880860705955,0,1.19454037967566e-06,2.99241183151246e-06,0.00712394922239372,0.00712394922239372,0,0,0,0.0909650693592739,0.182345887430267,0.0291753419888427,4.56603242456813e-10,4.56463258861154e-10,0,54.3631877925297,0,0.897129319493549,0,0
570,"DTXSID8020462",354720.967552952,9.84148751659696,0.0183933861183868,0.00953961379131079,7.58256766256692e-06,0.00141741632266838,0.000261620059158366,4.18592094653385e-05,0.00333033503908582,0.00266032409865029,974.508152618,1.49428243403058e-05,1.49428243403058e-05,0,4.57443859598055e-09,4.16524389144372e-06,1.29102736765818e-07,1.29102736765818e-07,0,0,0,1.38842401117981e-06,2.91391072691789e-06,4.66225716306862e-07,4.18012518572093e-07,3.33914985622618e-07,0,0.00114706607361572,9.64560252151351,9.74508491891187,0,0
570,"DTXSID8020913",0,0,0,0,0,0,0,0,0,0,0,0,0,0,0,0,0,0,0,0,0,0,0,0,0,0,0,0,0,0,0,0
