"household","dtxsid","total.used","dir.derm.exp","dir.derm.max","dir.derm.abs","dir.inhal.exp","dir.inhal.max","dir.inhal.mass","dir.inhal.abs","dir.ingest.exp","dir.ingest.abs","dir.release","ind.derm.exp","ind.derm.pr.exp","ind.derm.ar.exp","ind.derm.max","ind.derm.abs","ind.inhal.exp","ind.inhal.pr.exp","ind.inhal.ar.exp","ind.inhal.amb.in","ind.inhal.amb.out","ind.inhal.max","ind.inhal.mass","ind.inhal.abs","ind.ingest.exp","ind.ingest.abs","out.sur","out.air","drain","waste","food.ing","food.abs"
426,"DTXSID2021781",0,0,0,0,0,0,0,0,0,0,0,0,0,0,0,0,0,0,0,0,0,0,0,0,0,0,0,0,0,0,0,0
426,"DTXSID3020205",0,0,0,0,0,0,0,0,0,0,0,0,0,0,0,0,0,0,0,0,0,0,0,0,0,0,0,0,0,0,0,0
426,"DTXSID7021360",264137.22923798,0.0372723076923077,7.18843816218553e-05,2.49056552861018e-05,0.763366774954278,32.1389424157182,38.3292562305078,6.13268099688124,0,0,725.651728675769,0.0755949598348993,0.0755949598348993,0,1.82023482002573e-05,5.05131496812109e-05,0.0576284335306787,0.0576284335306787,0,0,0,0.829303218437219,1.41497674860127,0.226396279776203,1.41903670007205e-08,1.41860165747669e-08,0,468.536489677586,0,7.34096767159138,0,0
426,"DTXSID8020462",0,0,0,0,0,0,0,0,0,0,0,0,0,0,0,0,0,0,0,0,0,0,0,0,0,0,0,0,0,0,0,0
426,"DTXSID8020913",17997.637240365,0.0523811186226305,0.00010102364339587,0.000228238030286023,0.000488767923269375,0.026224664138969,0.015201899388807,0.00243230390220912,0,0,49.4440583526511,0.112994447389995,0.112994447389995,0,2.2726344431776e-05,0.000492345265734618,0.000489116292599825,0.000489116292599825,0,0,0,0.00110778340550844,0.0109039758558348,0.00174463613693356,1.50375631019534e-07,1.50332400732377e-07,41.8821695221214,5.49169244976828,0,1.15002590285262,0,0
