"household","dtxsid","total.used","dir.derm.exp","dir.derm.max","dir.derm.abs","dir.inhal.exp","dir.inhal.max","dir.inhal.mass","dir.inhal.abs","dir.ingest.exp","dir.ingest.abs","dir.release","ind.derm.exp","ind.derm.pr.exp","ind.derm.ar.exp","ind.derm.max","ind.derm.abs","ind.inhal.exp","ind.inhal.pr.exp","ind.inhal.ar.exp","ind.inhal.amb.in","ind.inhal.amb.out","ind.inhal.max","ind.inhal.mass","ind.inhal.abs","ind.ingest.exp","ind.ingest.abs","out.sur","out.air","drain","waste","food.ing","food.abs"
363,"DTXSID2021781",0,0,0,0,0,0,0,0,0,0,0,0,0,0,0,0,0,0,0,0,0,0,0,0,0,0,0,0,0,0,0,0
363,"DTXSID3020205",0,0,0,0,0,0,0,0,0,0,0,0,0,0,0,0,0,0,0,0,0,0,0,0,0,0,0,0,0,0,0,0
363,"DTXSID7021360",615059.545749488,5.14658290226686,0.00996692266172098,0.00343398090113465,1.4216310507488,191.1747198724,63.6841604323221,10.1894656691715,0,0,1689.72402678431,0.0751471157848254,0.0751471157848254,0,1.84611246698072e-05,5.01407720884042e-05,0.189017042195792,0.189017042195792,0,0,0,1.89088935864825,4.71838713261491,0.754941941218386,3.49509004047064e-08,3.49401852974639e-08,7.56498771929918,1275.84522056346,0,19.9779118048655,0,0
363,"DTXSID8020462",107318.85500925,0,0,0,0.00158987737065397,0.134545334611056,0.0143088963358858,0.00228942341374172,0.0429266890076573,0.0342905154893019,294.832019256181,0.141941615213958,0.141941615213958,0,3.66735079449743e-05,0.0328835263050823,0.000363205259600398,0.000363205259600398,0,0,0,0.00117244813966123,0.00715328659802607,0.00114452585568417,0.0150756816813877,0.0120426920444574,0,2.54111273869646,287.80410305879,2.9828458004554,0,0
363,"DTXSID8020913",0,0,0,0,0,0,0,0,0,0,0,0,0,0,0,0,0,0,0,0,0,0,0,0,0,0,0,0,0,0,0,0
