"household","dtxsid","total.used","dir.derm.exp","dir.derm.max","dir.derm.abs","dir.inhal.exp","dir.inhal.max","dir.inhal.mass","dir.inhal.abs","dir.ingest.exp","dir.ingest.abs","dir.release","ind.derm.exp","ind.derm.pr.exp","ind.derm.ar.exp","ind.derm.max","ind.derm.abs","ind.inhal.exp","ind.inhal.pr.exp","ind.inhal.ar.exp","ind.inhal.amb.in","ind.inhal.amb.out","ind.inhal.max","ind.inhal.mass","ind.inhal.abs","ind.ingest.exp","ind.ingest.abs","out.sur","out.air","drain","waste","food.ing","food.abs"
851,"DTXSID2021781",0,0,0,0,0,0,0,0,0,0,0,0,0,0,0,0,0,0,0,0,0,0,0,0,0,0,0,0,0,0,0,0
851,"DTXSID3020205",0,0,0,0,0,0,0,0,0,0,0,0,0,0,0,0,0,0,0,0,0,0,0,0,0,0,0,0,0,0,0,0
851,"DTXSID7021360",121999.2,0,0,0,0,0,0,0,0,0,0,0.672509130400082,0.672509130400082,0,0.000118323789913136,0.000450366386826418,0.100022785908263,0.100022785908263,0,0,0,1.1128197770378,1.87588814687228,0.300142103499565,3.63216450543362e-08,3.6310509709682e-08,0,243.428922893255,0,8.38326227149519,0,0
851,"DTXSID8020462",2948.4,0.0162676777097741,3.134202201875e-05,0.000677494736020499,6.65925972672254e-06,0.000430308450963847,0.0001498060801061,2.3968972816976e-05,9.41872310241342e-07,7.52382440619032e-07,1.62,1.07389061653663,1.07389061653663,0,0.000156027209844488,0.119067407034733,0.00281785755950824,0.00281785755950824,0,0,0,0.00340953470535251,0.0458348098760112,0.00733356958016179,0.00631573152934353,0.00504510584998985,0,6.23118086570192,0.0792745189478078,0.230402572622001,0,0
851,"DTXSID8020913",1599.845979515,0.0219759063120192,4.27607125784099e-05,9.61181152216578e-05,9.13660302267017e-05,0.0163072736150781,0.0028780299521411,0.000460484792342576,0,0,4.39518126240385,0,0,0,0,0,0,0,0,0,0,0,0,0,0,0,0,0,0,0.0439518126240385,0,0
