"household","dtxsid","total.used","dir.derm.exp","dir.derm.max","dir.derm.abs","dir.inhal.exp","dir.inhal.max","dir.inhal.mass","dir.inhal.abs","dir.ingest.exp","dir.ingest.abs","dir.release","ind.derm.exp","ind.derm.pr.exp","ind.derm.ar.exp","ind.derm.max","ind.derm.abs","ind.inhal.exp","ind.inhal.pr.exp","ind.inhal.ar.exp","ind.inhal.amb.in","ind.inhal.amb.out","ind.inhal.max","ind.inhal.mass","ind.inhal.abs","ind.ingest.exp","ind.ingest.abs","out.sur","out.air","drain","waste","food.ing","food.abs"
55,"DTXSID2021781",0,0,0,0,0,0,0,0,0,0,0,0,0,0,0,0,0,0,0,0,0,0,0,0,0,0,0,0,0,0,0,0
55,"DTXSID3020205",0,0,0,0,0,0,0,0,0,0,0,0,0,0,0,0,0,0,0,0,0,0,0,0,0,0,0,0,0,0,0,0
55,"DTXSID7021360",1157509.2,15.8998516483516,0.0285552076713716,0.010645158656323,3.27167329706669,411.387491073702,164.892334172161,26.3827734675458,0,0,3179.97032967033,0.217869415665883,0.217869415665883,0,6.36073739358835e-05,0.000145866420217507,0.298955280689342,0.298955280689342,0,0,0,3.42399969164363,7.7129819470259,1.23407711152414,5.0709507369997e-09,5.06939610520656e-09,0,2248.15121608941,0,36.0361304308758,0,0
55,"DTXSID8020462",7389.2,0.101823802844943,0.000181071079747787,0.00507451055629745,4.88718591322568e-05,0.002694494137473,0.00146561517697039,0.000234498428315262,6.03493529789995e-06,4.8208013963681e-06,10.15,0.89841529945621,0.89841529945621,0,0.000212577001265746,0.236786232258778,0.00108359957609641,0.00108359957609641,0,0,0,0.0017353737017468,0.0207603249296266,0.00332165198874026,0.00541404346148705,0.00432482321529059,0,10.7106632180812,0.198286528692133,0.888055622117835,0,0
55,"DTXSID8020913",0,0,0,0,0,0,0,0,0,0,0,0,0,0,0,0,0,0,0,0,0,0,0,0,0,0,0,0,0,0,0,0
