"household","dtxsid","total.used","dir.derm.exp","dir.derm.max","dir.derm.abs","dir.inhal.exp","dir.inhal.max","dir.inhal.mass","dir.inhal.abs","dir.ingest.exp","dir.ingest.abs","dir.release","ind.derm.exp","ind.derm.pr.exp","ind.derm.ar.exp","ind.derm.max","ind.derm.abs","ind.inhal.exp","ind.inhal.pr.exp","ind.inhal.ar.exp","ind.inhal.amb.in","ind.inhal.amb.out","ind.inhal.max","ind.inhal.mass","ind.inhal.abs","ind.ingest.exp","ind.ingest.abs","out.sur","out.air","drain","waste","food.ing","food.abs"
481,"DTXSID2021781",0,0,0,0,0,0,0,0,0,0,0,0,0,0,0,0,0,0,0,0,0,0,0,0,0,0,0,0,0,0,0,0
481,"DTXSID3020205",0,0,0,0,0,0,0,0,0,0,0,0,0,0,0,0,0,0,0,0,0,0,0,0,0,0,0,0,0,0,0,0
481,"DTXSID7021360",677779.284886112,0.420582952178725,0.000782047290003191,0.00028160889340554,1.10481811696565,165.265452219457,11.7973837292667,1.88758139668268,34.5227492242562,34.51216537789,1862.03100243437,0.0108180473253475,0.0108180473253475,0,1.5642031689185e-06,7.24341724112215e-06,0.00315421349060501,0.00315421349060501,0,0,0,0.015772260908518,0.0777336344865115,0.0124373815178418,1.87740169353148e-09,1.87682612722988e-09,1.61168056724061,759.71529735938,0,47.5499774313114,0,0
481,"DTXSID8020462",45689.5632348,1.26709220340755,0.00222164603057724,0.0050948195932336,0.000755028451667693,0.0306262096546351,0.0380491750083989,0.00608786800134382,0.000745938449585566,0.000595867385789224,125.520778117582,10.0539904455217,10.0539904455217,0,0.00116555397487557,3.09585938114577,0.0272329544500884,0.0272329544500884,0,0,0,0.0291406143863839,0.617992358157695,0.0988787773052313,0.527747461400091,0.421572986827647,0,54.9318704924494,1.24135966606166,15.5401197277429,0,0
481,"DTXSID8020913",0,0,0,0,0,0,0,0,0,0,0,0,0,0,0,0,0,0,0,0,0,0,0,0,0,0,0,0,0,0,0,0
