"household","dtxsid","total.used","dir.derm.exp","dir.derm.max","dir.derm.abs","dir.inhal.exp","dir.inhal.max","dir.inhal.mass","dir.inhal.abs","dir.ingest.exp","dir.ingest.abs","dir.release","ind.derm.exp","ind.derm.pr.exp","ind.derm.ar.exp","ind.derm.max","ind.derm.abs","ind.inhal.exp","ind.inhal.pr.exp","ind.inhal.ar.exp","ind.inhal.amb.in","ind.inhal.amb.out","ind.inhal.max","ind.inhal.mass","ind.inhal.abs","ind.ingest.exp","ind.ingest.abs","out.sur","out.air","drain","waste","food.ing","food.abs"
787,"DTXSID2021781",0,0,0,0,0,0,0,0,0,0,0,0,0,0,0,0,0,0,0,0,0,0,0,0,0,0,0,0,0,0,0,0
787,"DTXSID3020205",0,0,0,0,0,0,0,0,0,0,0,0,0,0,0,0,0,0,0,0,0,0,0,0,0,0,0,0,0,0,0,0
787,"DTXSID7021360",0,0,0,0,0,0,0,0,0,0,0,0,0,0,0,0,0,0,0,0,0,0,0,0,0,0,0,0,0,0,0,0
787,"DTXSID8020462",1485396.47657201,41.2138305348715,0.0768893882796181,0.0184078255920515,1.4124485803692e-05,0.00510891887369486,0.000481161445880641,7.69858313409026e-05,0.0148196044784946,0.0118381335402901,4080.759551022,0.000179838999824675,0.000179838999824675,0,2.19157731360676e-08,3.57102864302243e-05,6.30587916467619e-07,6.30587916467619e-07,0,0,0,4.29416689795948e-06,1.48438483115749e-05,2.37501572985199e-06,5.70249139860902e-06,4.55523997196087e-06,0,0.00183685838401426,40.395945984243,40.807626869742,0,0
787,"DTXSID8020913",602.553842352,0.00827683849384615,1.55958514252829e-05,3.65338649932475e-05,0.000120046928514046,0.00570444750066746,0.00360140785542139,0.000576225256867422,0,0,1.65536769876923,0.0424851033523524,0.0424851033523524,0,5.36997707532093e-06,0.000187528513664004,0.000452704475737703,0.000452704475737703,0,0,0,0.000640356525314556,0.010008789287085,0.0016014062859336,4.95023607557214e-08,4.94881297180466e-08,0,1.22717675540676,0,0.17804374810993,0,0
