"household","dtxsid","total.used","dir.derm.exp","dir.derm.max","dir.derm.abs","dir.inhal.exp","dir.inhal.max","dir.inhal.mass","dir.inhal.abs","dir.ingest.exp","dir.ingest.abs","dir.release","ind.derm.exp","ind.derm.pr.exp","ind.derm.ar.exp","ind.derm.max","ind.derm.abs","ind.inhal.exp","ind.inhal.pr.exp","ind.inhal.ar.exp","ind.inhal.amb.in","ind.inhal.amb.out","ind.inhal.max","ind.inhal.mass","ind.inhal.abs","ind.ingest.exp","ind.ingest.abs","out.sur","out.air","drain","waste","food.ing","food.abs"
697,"DTXSID2021781",0,0,0,0,0,0,0,0,0,0,0,0,0,0,0,0,0,0,0,0,0,0,0,0,0,0,0,0,0,0,0,0
697,"DTXSID3020205",3603.648,0.0705650066411827,0.000118391644155896,0.0204592061385766,0.000129063882260908,0.0115814311815864,0.00410139061597839,0.000656222498556542,7.89768262297732e-07,7.89389810085049e-07,9.90013186813187,1.78370440004628,1.78370440004628,0,0.000410520184000775,0.681628490661913,0.00250049382770298,0.00250049382770298,0,0,0,0.00850987122960319,0.0644277536922483,0.0103084405907597,0.000543813691447862,0.000543553099189803,0,0.130373828684502,0.0408896153480747,1.43806897740738,0,0
697,"DTXSID7021360",230576.898533152,0.0355446153846154,5.99866952132358e-05,2.36920329017156e-05,0.6659064976526,46.6006415729228,23.6002029980691,3.77603247969106,0,0,633.45301794822,0.0343131372889444,0.0343131372889444,0,9.36662754253108e-06,2.28711970627903e-05,0.0369528324475749,0.0369528324475749,0,0,0,0.364033212124067,0.846645290495759,0.135463246479322,3.14685921010696e-09,3.14589445859776e-09,0,97.4071054467892,0,6.79404083573711,0,0
697,"DTXSID8020462",0,0,0,0,0,0,0,0,0,0,0,0,0,0,0,0,0,0,0,0,0,0,0,0,0,0,0,0,0,0,0,0
697,"DTXSID8020913",0,0,0,0,0,0,0,0,0,0,0,0,0,0,0,0,0,0,0,0,0,0,0,0,0,0,0,0,0,0,0,0
