"household","dtxsid","total.used","dir.derm.exp","dir.derm.max","dir.derm.abs","dir.inhal.exp","dir.inhal.max","dir.inhal.mass","dir.inhal.abs","dir.ingest.exp","dir.ingest.abs","dir.release","ind.derm.exp","ind.derm.pr.exp","ind.derm.ar.exp","ind.derm.max","ind.derm.abs","ind.inhal.exp","ind.inhal.pr.exp","ind.inhal.ar.exp","ind.inhal.amb.in","ind.inhal.amb.out","ind.inhal.max","ind.inhal.mass","ind.inhal.abs","ind.ingest.exp","ind.ingest.abs","out.sur","out.air","drain","waste","food.ing","food.abs"
517,"DTXSID2021781",0,0,0,0,0,0,0,0,0,0,0,0,0,0,0,0,0,0,0,0,0,0,0,0,0,0,0,0,0,0,0,0
517,"DTXSID3020205",0,0,0,0,0,0,0,0,0,0,0,0,0,0,0,0,0,0,0,0,0,0,0,0,0,0,0,0,0,0,0,0
517,"DTXSID7021360",1067125.51,14.6583174450549,0.0290687702713486,0.00980402478910635,2.96930321341499,458.137429263643,89.0790964024497,14.2526554243919,0,0,2931.66348901099,0.156950318499402,0.156950318499402,0,5.12866664018458e-05,0.000104974174395391,0.223072094505246,0.223072094505246,0,0,0,2.87429161784987,5.13365887234528,0.821385419575245,4.20930446622264e-09,4.20801399449661e-09,0,1909.72059683131,0,37.7965543042682,0,0
517,"DTXSID8020462",8153.6,0.0561931826302773,0.000110339900091676,0.00262040218421523,2.58490265704616e-05,0.00148711048163285,0.000775328964352608,0.000124052634296417,1.82283975948825e-06,1.45611311871963e-06,5.6,0.441556845573665,0.441556845573665,0,9.22771215806018e-05,0.0552080095958037,0.00143676861055384,0.00143676861055384,0,0,0,0.00212882568549063,0.029297817444498,0.00468765079111968,0.00145599936771227,0.0011630752341986,0,16.8679686377636,0.218911771011565,0.759210184032584,0,0
517,"DTXSID8020913",0,0,0,0,0,0,0,0,0,0,0,0,0,0,0,0,0,0,0,0,0,0,0,0,0,0,0,0,0,0,0,0
