"household","dtxsid","total.used","dir.derm.exp","dir.derm.max","dir.derm.abs","dir.inhal.exp","dir.inhal.max","dir.inhal.mass","dir.inhal.abs","dir.ingest.exp","dir.ingest.abs","dir.release","ind.derm.exp","ind.derm.pr.exp","ind.derm.ar.exp","ind.derm.max","ind.derm.abs","ind.inhal.exp","ind.inhal.pr.exp","ind.inhal.ar.exp","ind.inhal.amb.in","ind.inhal.amb.out","ind.inhal.max","ind.inhal.mass","ind.inhal.abs","ind.ingest.exp","ind.ingest.abs","out.sur","out.air","drain","waste","food.ing","food.abs"
855,"DTXSID2021781",0,0,0,0,0,0,0,0,0,0,0,0,0,0,0,0,0,0,0,0,0,0,0,0,0,0,0,0,0,0,0,0
855,"DTXSID3020205",0,0,0,0,0,0,0,0,0,0,0,0,0,0,0,0,0,0,0,0,0,0,0,0,0,0,0,0,0,0,0,0
855,"DTXSID7021360",2470733.074,23.5908148901099,0.0422054114342531,0.0158355819407209,6.91331764868977,838.459532712983,348.277592111691,55.7244147378706,0,0,6787.72822527473,3.76548619668002,3.76548619668002,0,0.000782887876630441,0.00252762175790204,3.10841097587255,3.10841097587255,0,0,0,18.0268094353753,66.4132995881162,10.6261279340986,5.18195898337339e-07,5.1803703191161e-07,0,5598.23453954911,0,89.4719735031865,0,0
855,"DTXSID8020462",98.28,0.00270629187262968,4.79414354786716e-06,0.000148697668775968,1.46916223991241e-06,7.16063657897055e-05,4.40657785151916e-05,7.05052456243065e-06,6.01259734579539e-07,4.80295748829254e-07,0.27,0.0187628263068194,0.0187628263068194,0,3.36499308956492e-06,0.00314604033087074,5.36752575207939e-05,5.36752575207939e-05,0,0,0,7.51795305200853e-05,0.0010878729883274,0.000174059678132384,0.000424206575174472,0.00033886289562396,0,0.116012994067583,0.00263280187039879,0.00670433186034855,0,0
855,"DTXSID8020913",0,0,0,0,0,0,0,0,0,0,0,0,0,0,0,0,0,0,0,0,0,0,0,0,0,0,0,0,0,0,0,0
