"household","dtxsid","total.used","dir.derm.exp","dir.derm.max","dir.derm.abs","dir.inhal.exp","dir.inhal.max","dir.inhal.mass","dir.inhal.abs","dir.ingest.exp","dir.ingest.abs","dir.release","ind.derm.exp","ind.derm.pr.exp","ind.derm.ar.exp","ind.derm.max","ind.derm.abs","ind.inhal.exp","ind.inhal.pr.exp","ind.inhal.ar.exp","ind.inhal.amb.in","ind.inhal.amb.out","ind.inhal.max","ind.inhal.mass","ind.inhal.abs","ind.ingest.exp","ind.ingest.abs","out.sur","out.air","drain","waste","food.ing","food.abs"
599,"DTXSID2021781",0,0,0,0,0,0,0,0,0,0,0,0,0,0,0,0,0,0,0,0,0,0,0,0,0,0,0,0,0,0,0,0
599,"DTXSID3020205",6882.769340352,0.0946535435540776,0.000186836534954645,0.036302117892646,0.000318492336096786,0.0233278217983024,0.00716607008575628,0.00114657121372101,9.70095187074975e-10,9.696303232819e-10,18.908706978989,3.87090855327834,3.87090855327834,0,0.000645720984730854,1.48395189836068,0.00256287012264611,0.00256287012264611,0,0,0,0.00551823122921978,0.049737337367745,0.00795797397883919,0.00174088693676026,0.00174005271418549,0,0.289613761596148,0.000213546220668963,2.14529650276177,0,0
599,"DTXSID7021360",1047018.46953293,0.195983262814945,0.000386859982501309,0.000131007644842514,0.0408077612067102,2.98897131931143,0.918174627150979,0.146907940344157,0,0,39.196652562989,0.573153960160633,0.573153960160633,0,0.000129061551956635,0.000383132412495458,0.661651019546859,0.661651019546859,0,0,0,6.1733573025371,12.173835291488,1.94781364663808,7.75149821704915e-08,7.74912179373176e-08,0,2180.65050055675,0,34.0343411027619,0,0
599,"DTXSID8020462",0,0,0,0,0,0,0,0,0,0,0,0,0,0,0,0,0,0,0,0,0,0,0,0,0,0,0,0,0,0,0,0
599,"DTXSID8020913",0,0,0,0,0,0,0,0,0,0,0,0,0,0,0,0,0,0,0,0,0,0,0,0,0,0,0,0,0,0,0,0
