"household","dtxsid","total.used","dir.derm.exp","dir.derm.max","dir.derm.abs","dir.inhal.exp","dir.inhal.max","dir.inhal.mass","dir.inhal.abs","dir.ingest.exp","dir.ingest.abs","dir.release","ind.derm.exp","ind.derm.pr.exp","ind.derm.ar.exp","ind.derm.max","ind.derm.abs","ind.inhal.exp","ind.inhal.pr.exp","ind.inhal.ar.exp","ind.inhal.amb.in","ind.inhal.amb.out","ind.inhal.max","ind.inhal.mass","ind.inhal.abs","ind.ingest.exp","ind.ingest.abs","out.sur","out.air","drain","waste","food.ing","food.abs"
819,"DTXSID2021781",0,0,0,0,0,0,0,0,0,0,0,0,0,0,0,0,0,0,0,0,0,0,0,0,0,0,0,0,0,0,0,0
819,"DTXSID3020205",0,0,0,0,0,0,0,0,0,0,0,0,0,0,0,0,0,0,0,0,0,0,0,0,0,0,0,0,0,0,0,0
819,"DTXSID7021360",36684.62,0.503909615384616,0.00115311952147872,0.000336430026557056,0.104694721548065,9.78963630059829,5.27661396602248,0.844258234563597,0,0,100.781923076923,0.0344810641325027,0.0344810641325027,0,5.86610957731554e-06,2.30209228693596e-05,0.0129341272561497,0.0129341272561497,0,0,0,0.106329922124853,0.322182793470935,0.0515492469553497,2.76989956337856e-09,2.76905037865002e-09,0,73.5519716024807,0,1.04505000439175,0,0
819,"DTXSID8020462",1740187.50468599,48.2825662789385,0.108846694233036,0.024291404352031,1.97267871983682e-05,0.00465080431808692,0.000652379201818527,0.000104380672290964,0.0067053201990294,0.00535631541730442,4780.7349029835,0.00013061519857693,0.00013061519857693,0,1.61283350426946e-08,2.08106451734815e-05,5.42948163050572e-07,5.42948163050572e-07,0,0,0,3.03473887332187e-06,1.33910508651296e-05,2.14256813842074e-06,1.64686523027526e-06,1.31554189230558e-06,0,0.00309819201235878,47.3237310713349,47.8073782958746,0,0
819,"DTXSID8020913",0,0,0,0,0,0,0,0,0,0,0,0,0,0,0,0,0,0,0,0,0,0,0,0,0,0,0,0,0,0,0,0
