"household","dtxsid","total.used","dir.derm.exp","dir.derm.max","dir.derm.abs","dir.inhal.exp","dir.inhal.max","dir.inhal.mass","dir.inhal.abs","dir.ingest.exp","dir.ingest.abs","dir.release","ind.derm.exp","ind.derm.pr.exp","ind.derm.ar.exp","ind.derm.max","ind.derm.abs","ind.inhal.exp","ind.inhal.pr.exp","ind.inhal.ar.exp","ind.inhal.amb.in","ind.inhal.amb.out","ind.inhal.max","ind.inhal.mass","ind.inhal.abs","ind.ingest.exp","ind.ingest.abs","out.sur","out.air","drain","waste","food.ing","food.abs"
645,"DTXSID2021781",0,0,0,0,0,0,0,0,0,0,0,0,0,0,0,0,0,0,0,0,0,0,0,0,0,0,0,0,0,0,0,0
645,"DTXSID3020205",0,0,0,0,0,0,0,0,0,0,0,0,0,0,0,0,0,0,0,0,0,0,0,0,0,0,0,0,0,0,0,0
645,"DTXSID7021360",1835490,25.2127747252747,0.0477681496784715,0.0168284284056319,5.23352446152328,514.70258329419,219.808027383978,35.1692843814365,0,0,5042.55494505495,0.156031286270168,0.156031286270168,0,3.75706794811337e-05,0.00010414407723724,0.157999240100823,0.157999240100823,0,0,0,2.12537376779779,3.17089697037623,0.507343515260197,1.01879460279521e-08,1.01848226482106e-08,0,3194.74788042042,0,52.8265933332748,0,0
645,"DTXSID8020462",52436.23342412,1.45412853106879,0.00245495844756491,0.00610125928706041,0.000788494242631897,0.0351951745922229,0.0331148003770869,0.00529836806033391,8.17259381680194e-05,6.52839670007697e-05,144.05558633,1.07737816574942,1.07737816574942,0,0.00025348861046304,0.0997191506910313,0.00340595987110735,0.00340595987110735,0,0,0,0.00541793637698844,0.0553280170282024,0.00885248272451238,0.00641596305143238,0.00512517236898206,0,98.9442601494101,1.42453351651882,18.1705165983433,0,0
645,"DTXSID8020913",0,0,0,0,0,0,0,0,0,0,0,0,0,0,0,0,0,0,0,0,0,0,0,0,0,0,0,0,0,0,0,0
