"household","dtxsid","total.used","dir.derm.exp","dir.derm.max","dir.derm.abs","dir.inhal.exp","dir.inhal.max","dir.inhal.mass","dir.inhal.abs","dir.ingest.exp","dir.ingest.abs","dir.release","ind.derm.exp","ind.derm.pr.exp","ind.derm.ar.exp","ind.derm.max","ind.derm.abs","ind.inhal.exp","ind.inhal.pr.exp","ind.inhal.ar.exp","ind.inhal.amb.in","ind.inhal.amb.out","ind.inhal.max","ind.inhal.mass","ind.inhal.abs","ind.ingest.exp","ind.ingest.abs","out.sur","out.air","drain","waste","food.ing","food.abs"
785,"DTXSID2021781",96881.39981636,0,0,0,0,0,0,0,0,0,0,51.0343996670743,51.0343996670743,0,0.00577098492741888,18.9694135532955,0.0642629163844717,0.0642629163844717,0,0,0,0.0980987249849047,1.67027615362332,0.267244184579732,0.0347386780078833,0.0347176466563985,0,7.59855363286618,0,35.2318474913105,0,0
785,"DTXSID3020205",0,0,0,0,0,0,0,0,0,0,0,0,0,0,0,0,0,0,0,0,0,0,0,0,0,0,0,0,0,0,0,0
785,"DTXSID7021360",0,0,0,0,0,0,0,0,0,0,0,0,0,0,0,0,0,0,0,0,0,0,0,0,0,0,0,0,0,0,0,0
785,"DTXSID8020462",56251.259217855,1.55985055898176,0.00265368761195067,0.00709207500992173,0.000770801114350107,0.0378111292285909,0.0388450934664952,0.00621521495463924,0.000452115198252824,0.000361156743439304,154.536426422679,11.4340304988341,11.4340304988341,0,0.00130310981938496,1.25117315284014,0.0226443363418282,0.0226443363418282,0,0,0,0.0248665266236757,0.515289355514022,0.0824462968822436,0.347323210240713,0.277447252417459,0,63.2267640941089,1.52803282862683,18.1420608386336,0,0
785,"DTXSID8020913",11751.228774792,0.133430197161429,0.000254740006632393,0.000577789085476805,0.000900511817459957,0.0897723661324549,0.0322062425388821,0.00515299880622113,0,0,26.6860394322857,0.315153027782838,0.315153027782838,0,3.67701827599862e-05,0.00136469571081513,0.00359204442658204,0.00359204442658204,0,0,0,0.00499934847339899,0.0836717956130237,0.0133874872980838,6.26238134559155e-07,6.26058102367755e-07,0,8.59013882582197,0,1.42595430983786,0,0
