"household","dtxsid","total.used","dir.derm.exp","dir.derm.max","dir.derm.abs","dir.inhal.exp","dir.inhal.max","dir.inhal.mass","dir.inhal.abs","dir.ingest.exp","dir.ingest.abs","dir.release","ind.derm.exp","ind.derm.pr.exp","ind.derm.ar.exp","ind.derm.max","ind.derm.abs","ind.inhal.exp","ind.inhal.pr.exp","ind.inhal.ar.exp","ind.inhal.amb.in","ind.inhal.amb.out","ind.inhal.max","ind.inhal.mass","ind.inhal.abs","ind.ingest.exp","ind.ingest.abs","out.sur","out.air","drain","waste","food.ing","food.abs"
458,"DTXSID2021781",0,0,0,0,0,0,0,0,0,0,0,0,0,0,0,0,0,0,0,0,0,0,0,0,0,0,0,0,0,0,0,0
458,"DTXSID3020205",0,0,0,0,0,0,0,0,0,0,0,0,0,0,0,0,0,0,0,0,0,0,0,0,0,0,0,0,0,0,0,0
458,"DTXSID7021360",2749.964,0.0377742307692308,8.40165347999067e-05,2.51833634394259e-05,0.00786957877980225,0.245274954394079,0.250252605197712,0.0400404168316338,0,0,7.55484615384615,0.00254134095686038,0.00254134095686038,0,4.78300127364413e-07,1.69426326335938e-06,0.00138833557623643,0.00138833557623643,0,0,0,0.0170753460855662,0.0362835320622241,0.00580536512995586,8.51372651273662e-10,8.51111640851725e-10,0,4.92304232175375,0,0.0757898524494514,0,0
458,"DTXSID8020462",7040.289768694,0.195182782670798,0.000429826202800276,0.00142468721561758,1.15590164842007e-06,0.00045136857785121,2.32149167715465e-05,3.71438668344744e-06,8.17726312253098e-05,6.53212661505824e-05,19.3414554085,2.04222791199368e-05,2.04222791199368e-05,0,2.61188047648471e-09,2.61688182953256e-06,4.84369313973448e-08,4.84369313973448e-08,0,0,0,4.47295340444397e-07,1.18772790721662e-06,1.90036465154659e-07,8.64876579395075e-07,6.90877037751295e-07,0,0.000165508561227948,0.191158334454931,0.193415849984487,0,0
458,"DTXSID8020913",0,0,0,0,0,0,0,0,0,0,0,0,0,0,0,0,0,0,0,0,0,0,0,0,0,0,0,0,0,0,0,0
