"household","dtxsid","total.used","dir.derm.exp","dir.derm.max","dir.derm.abs","dir.inhal.exp","dir.inhal.max","dir.inhal.mass","dir.inhal.abs","dir.ingest.exp","dir.ingest.abs","dir.release","ind.derm.exp","ind.derm.pr.exp","ind.derm.ar.exp","ind.derm.max","ind.derm.abs","ind.inhal.exp","ind.inhal.pr.exp","ind.inhal.ar.exp","ind.inhal.amb.in","ind.inhal.amb.out","ind.inhal.max","ind.inhal.mass","ind.inhal.abs","ind.ingest.exp","ind.ingest.abs","out.sur","out.air","drain","waste","food.ing","food.abs"
259,"DTXSID2021781",0,0,0,0,0,0,0,0,0,0,0,0,0,0,0,0,0,0,0,0,0,0,0,0,0,0,0,0,0,0,0,0
259,"DTXSID3020205",4602.0152196,0,0,0,0,0,0,0,0,0,0,4.4481582724861,4.4481582724861,0,0.00040290374256359,1.71837819652352,0.00263121778392463,0.00263121778392463,0,0,0,0.00349002717229974,0.0686920628161675,0.0109907300505868,0.000740488396355538,0.000740133558758935,0,0.200093438180166,6.37560454399073e-07,1.67214157015111,0,0
259,"DTXSID7021360",555979.0595228,0,0,0,0.351677669929813,60.2589058423287,10.5503300978944,1.6880528156631,0,0,347.715164835165,1.48166187617664,1.48166187617664,0,0.000173382144686168,0.000996829725345018,0.337759155009924,0.337759155009924,0,0,0,3.13578519350511,8.75651335920639,1.40104213747302,7.40809423950557e-08,7.405823095606e-08,0,1145.77447415328,0,20.024124374781,0,0
259,"DTXSID8020462",4308.404678942,0.119389989875562,0.000206129485692082,0.00137446181957861,1.09436679897467e-06,0.000271041688725714,2.20190214752907e-05,3.52304343604652e-06,1.21274527992735e-05,9.68760036407853e-06,11.8362765905,2.15567779459917e-05,2.15567779459917e-05,0,1.96762723522444e-09,4.5305225466738e-06,5.37479385630564e-08,5.37479385630564e-08,0,0,0,4.34338845595089e-07,1.35924558280857e-06,2.17479293249372e-07,2.21444571476361e-07,1.76893412554541e-07,0,0.000179689094775942,0.116875531085944,0.118364320634444,0,0
259,"DTXSID8020913",0,0,0,0,0,0,0,0,0,0,0,0,0,0,0,0,0,0,0,0,0,0,0,0,0,0,0,0,0,0,0,0
