"household","dtxsid","total.used","dir.derm.exp","dir.derm.max","dir.derm.abs","dir.inhal.exp","dir.inhal.max","dir.inhal.mass","dir.inhal.abs","dir.ingest.exp","dir.ingest.abs","dir.release","ind.derm.exp","ind.derm.pr.exp","ind.derm.ar.exp","ind.derm.max","ind.derm.abs","ind.inhal.exp","ind.inhal.pr.exp","ind.inhal.ar.exp","ind.inhal.amb.in","ind.inhal.amb.out","ind.inhal.max","ind.inhal.mass","ind.inhal.abs","ind.ingest.exp","ind.ingest.abs","out.sur","out.air","drain","waste","food.ing","food.abs"
856,"DTXSID2021781",0,0,0,0,0,0,0,0,0,0,0,0,0,0,0,0,0,0,0,0,0,0,0,0,0,0,0,0,0,0,0,0
856,"DTXSID3020205",24523.205519214,0.341242200855353,0.000676371726853375,0.131954880009744,0.0011294659334563,0.0464981555381781,0.0296481352283512,0.0047437016365362,8.79739122653305e-08,8.79317556944164e-08,67.3714437341044,17.1136326100939,17.1136326100939,0,0.00346130582895434,6.6205610370531,0.0106411591808651,0.0106411591808651,0,0,0,0.0272228769198129,0.240169818918057,0.0384271710268891,0.00643292552089404,0.00642984290158198,0,2.77307135831874,0.00851202424114279,9.43627754889736,0,0
856,"DTXSID7021360",29879.873102088,0.410437817336374,0.000813728486663874,0.00027652671782738,0.0855071714502227,3.52052399966607,2.24456325056835,0.359130120090935,0,0,82.0875634672747,0.0267910348297374,0.0267910348297374,0,5.51428224160677e-06,1.80500815925591e-05,0.0075958929678341,0.0075958929678341,0,0,0,0.120441930989719,0.170599066764215,0.0272958506822743,3.0246763689998e-09,3.0237490758173e-09,0,42.3035208974219,0,0.831980175928555,0,0
856,"DTXSID8020462",0,0,0,0,0,0,0,0,0,0,0,0,0,0,0,0,0,0,0,0,0,0,0,0,0,0,0,0,0,0,0,0
856,"DTXSID8020913",0,0,0,0,0,0,0,0,0,0,0,0,0,0,0,0,0,0,0,0,0,0,0,0,0,0,0,0,0,0,0,0
