"household","dtxsid","total.used","dir.derm.exp","dir.derm.max","dir.derm.abs","dir.inhal.exp","dir.inhal.max","dir.inhal.mass","dir.inhal.abs","dir.ingest.exp","dir.ingest.abs","dir.release","ind.derm.exp","ind.derm.pr.exp","ind.derm.ar.exp","ind.derm.max","ind.derm.abs","ind.inhal.exp","ind.inhal.pr.exp","ind.inhal.ar.exp","ind.inhal.amb.in","ind.inhal.amb.out","ind.inhal.max","ind.inhal.mass","ind.inhal.abs","ind.ingest.exp","ind.ingest.abs","out.sur","out.air","drain","waste","food.ing","food.abs"
586,"DTXSID2021781",0,0,0,0,0,0,0,0,0,0,0,0,0,0,0,0,0,0,0,0,0,0,0,0,0,0,0,0,0,0,0,0
586,"DTXSID3020205",0,0,0,0,0,0,0,0,0,0,0,0,0,0,0,0,0,0,0,0,0,0,0,0,0,0,0,0,0,0,0,0
586,"DTXSID7021360",105711.733536582,1.45208425187613,0.00271393659361051,0.000969275267531287,0.302416270923998,14.3379796317344,12.1348495613959,1.94157592982334,0,0,290.416850375225,0.0557782629386773,0.0557782629386773,0,9.6312755943338e-06,3.72323345519918e-05,0.0766490832779928,0.0766490832779928,0,0,0,0.631884930162385,1.97560477480274,0.316096763968439,4.1927705325537e-09,4.19148512973491e-09,0,221.045757404886,0,2.9682665885435,0,0
586,"DTXSID8020462",22107.857681082,0.194808070797285,0.000377382474038785,0.00209484747616122,1.67755379923444e-06,0.000448971942286186,3.39790245048983e-05,5.43664392078373e-06,3.18233466793659e-05,2.54209907043044e-05,19.3111474755,1.98805702112225e-05,1.98805702112225e-05,0,2.31005069401415e-09,4.43394129946251e-06,1.06449650692605e-07,1.06449650692605e-07,0,0,0,6.82620728293208e-07,2.56387804506541e-06,4.10220487210465e-07,3.28399123519222e-07,2.62330393795346e-07,0,0.000302921920585809,0.600822761910443,0.607365954173639,0,0
586,"DTXSID8020913",0,0,0,0,0,0,0,0,0,0,0,0,0,0,0,0,0,0,0,0,0,0,0,0,0,0,0,0,0,0,0,0
