"household","dtxsid","total.used","dir.derm.exp","dir.derm.max","dir.derm.abs","dir.inhal.exp","dir.inhal.max","dir.inhal.mass","dir.inhal.abs","dir.ingest.exp","dir.ingest.abs","dir.release","ind.derm.exp","ind.derm.pr.exp","ind.derm.ar.exp","ind.derm.max","ind.derm.abs","ind.inhal.exp","ind.inhal.pr.exp","ind.inhal.ar.exp","ind.inhal.amb.in","ind.inhal.amb.out","ind.inhal.max","ind.inhal.mass","ind.inhal.abs","ind.ingest.exp","ind.ingest.abs","out.sur","out.air","drain","waste","food.ing","food.abs"
412,"DTXSID2021781",81439.8932889,0,0,0,0,0,0,0,0,0,0,0,0,0,0,0,0,0,0,0,0,0,0,0,0,0,221.269375432653,0.223529597574172,0.0056487795551017,2.23735970573901,0,0
412,"DTXSID3020205",0,0,0,0,0,0,0,0,0,0,0,0,0,0,0,0,0,0,0,0,0,0,0,0,0,0,0,0,0,0,0,0
412,"DTXSID7021360",286954.784,0.313689423076923,0.000597406955383143,0.000210057535200811,0.169992316771073,8.42569118100404,8.56212687636512,1.36994030021842,0,0,788.337318681319,0.068169106047391,0.068169106047391,0,1.01947627947947e-05,4.56484429523435e-05,0.0541867090030317,0.0541867090030317,0,0,0,0.330043246936039,1.3860035825361,0.221760573205775,3.13148429925543e-09,3.1305242613249e-09,2.43761783517234e-06,749.534888984158,0,7.93495424546923,0,0
412,"DTXSID8020462",602262.714151917,16.516297441946,0.0311431059835916,0.00790229135515544,6.10176822794222e-06,0.0022681984475594,0.00020737305087087,3.31796881393392e-05,0.00170030514959093,0.00135823054180087,1635.354893628,6.62212304310093e-05,6.62212304310093e-05,0,8.07935226146126e-09,1.33212815714443e-05,5.71477716264459e-07,5.71477716264459e-07,0,0,0,2.96086300461221e-06,1.3444714682016e-05,2.15115434912257e-06,6.0103740687028e-07,4.80118149952325e-07,0,0.00132888845667414,16.3780473192858,16.5456935922404,0,0
412,"DTXSID8020913",0,0,0,0,0,0,0,0,0,0,0,0,0,0,0,0,0,0,0,0,0,0,0,0,0,0,0,0,0,0,0,0
