"household","dtxsid","total.used","dir.derm.exp","dir.derm.max","dir.derm.abs","dir.inhal.exp","dir.inhal.max","dir.inhal.mass","dir.inhal.abs","dir.ingest.exp","dir.ingest.abs","dir.release","ind.derm.exp","ind.derm.pr.exp","ind.derm.ar.exp","ind.derm.max","ind.derm.abs","ind.inhal.exp","ind.inhal.pr.exp","ind.inhal.ar.exp","ind.inhal.amb.in","ind.inhal.amb.out","ind.inhal.max","ind.inhal.mass","ind.inhal.abs","ind.ingest.exp","ind.ingest.abs","out.sur","out.air","drain","waste","food.ing","food.abs"
501,"DTXSID2021781",0,0,0,0,0,0,0,0,0,0,0,0,0,0,0,0,0,0,0,0,0,0,0,0,0,0,0,0,0,0,0,0
501,"DTXSID3020205",0,0,0,0,0,0,0,0,0,0,0,0,0,0,0,0,0,0,0,0,0,0,0,0,0,0,0,0,0,0,0,0
501,"DTXSID7021360",699568.064,9.60945142857143,0.017516246274779,0.00639121671636179,2.00034460637006,154.965366536092,96.6166444876737,15.4586631180278,0,0,1921.89028571429,0.228976872674571,0.228976872674571,0,5.40491831572491e-05,0.000152291813704805,0.188921894299007,0.188921894299007,0,0,0,2.8315001111437,4.51272023098061,0.722035236956898,4.60039494213865e-09,4.59898457145886e-09,0,1128.15474699032,0,19.5964033125171,0,0
501,"DTXSID8020462",905631.230772495,25.1267348261826,0.0453479308500946,0.0202988045566291,1.58674414235165e-05,0.00370897420947257,0.000516633613443206,8.2661378150913e-05,0.00182092355485584,0.00145458242426945,2487.99788673762,0.000121400136085313,0.000121400136085313,0,2.23326151293781e-08,3.60877364227996e-05,2.56924354829487e-07,2.56924354829487e-07,0,0,0,3.61932496578807e-06,5.92033964305043e-06,9.47254342888069e-07,7.16983934510155e-07,5.727380629686e-07,0,0.0016108353169194,24.627211644254,24.880021091988,0,0
501,"DTXSID8020913",0,0,0,0,0,0,0,0,0,0,0,0,0,0,0,0,0,0,0,0,0,0,0,0,0,0,0,0,0,0,0,0
