"household","dtxsid","total.used","dir.derm.exp","dir.derm.max","dir.derm.abs","dir.inhal.exp","dir.inhal.max","dir.inhal.mass","dir.inhal.abs","dir.ingest.exp","dir.ingest.abs","dir.release","ind.derm.exp","ind.derm.pr.exp","ind.derm.ar.exp","ind.derm.max","ind.derm.abs","ind.inhal.exp","ind.inhal.pr.exp","ind.inhal.ar.exp","ind.inhal.amb.in","ind.inhal.amb.out","ind.inhal.max","ind.inhal.mass","ind.inhal.abs","ind.ingest.exp","ind.ingest.abs","out.sur","out.air","drain","waste","food.ing","food.abs"
483,"DTXSID2021781",0,0,0,0,0,0,0,0,0,0,0,0,0,0,0,0,0,0,0,0,0,0,0,0,0,0,0,0,0,0,0,0
483,"DTXSID3020205",0,0,0,0,0,0,0,0,0,0,0,0,0,0,0,0,0,0,0,0,0,0,0,0,0,0,0,0,0,0,0,0
483,"DTXSID7021360",1859050.83927912,0,0,0,0,0,0,0,0,0,0,0.252618269894514,0.252618269894514,0,3.97718206792587e-05,0.000168353054776132,0.22524792464054,0.22524792464054,0,0,0,2.31717234685652,5.85330228521045,0.936528365633671,2.52668108040943e-08,2.52590646063053e-08,0,3649.23220327191,0,57.9938199794391,0,0
483,"DTXSID8020462",285677.112907728,0,0,0,0.00417632791269405,0.340403701493147,0.0375869512142465,0.00601391219427944,0.112760853642739,0.0900751464370694,758.920502493758,0.317118456983534,0.317118456983534,0,3.08676062819834e-05,0.076672521888716,0.000419472674882101,0.000419472674882101,0,0,0,0.0010642465707275,0.00979215597570466,0.00156674495611275,0.00756833591204206,0.00604570596567149,0,6.63389251902225,741.006117410205,7.99647284777607,0,0
483,"DTXSID8020913",478.0337319,0,0,0,0,0,0,0,0,0,0,0.00774103880536578,0.00774103880536578,0,7.9384157598518e-07,3.35753459991234e-05,6.03985382003809e-05,6.03985382003809e-05,0,0,0,9.85921796974243e-05,0.00140838783426292,0.000225342053482067,5.47858548208237e-09,5.47701048737081e-09,0,0.899309020631757,0,0.137225486896524,0,0
