"household","dtxsid","total.used","dir.derm.exp","dir.derm.max","dir.derm.abs","dir.inhal.exp","dir.inhal.max","dir.inhal.mass","dir.inhal.abs","dir.ingest.exp","dir.ingest.abs","dir.release","ind.derm.exp","ind.derm.pr.exp","ind.derm.ar.exp","ind.derm.max","ind.derm.abs","ind.inhal.exp","ind.inhal.pr.exp","ind.inhal.ar.exp","ind.inhal.amb.in","ind.inhal.amb.out","ind.inhal.max","ind.inhal.mass","ind.inhal.abs","ind.ingest.exp","ind.ingest.abs","out.sur","out.air","drain","waste","food.ing","food.abs"
269,"DTXSID2021781",0,0,0,0,0,0,0,0,0,0,0,0,0,0,0,0,0,0,0,0,0,0,0,0,0,0,0,0,0,0,0,0
269,"DTXSID3020205",0,0,0,0,0,0,0,0,0,0,0,0,0,0,0,0,0,0,0,0,0,0,0,0,0,0,0,0,0,0,0,0
269,"DTXSID7021360",516853.74,0.0395980769230769,6.56024567859176e-05,2.64376455716146e-05,1.49379988194936,32.4571650507254,75.1340725266302,12.0214516042608,0,0,1419.92785714286,0.324516363657936,0.324516363657936,0,7.76548033700176e-05,0.000216663221233458,0.204568969293465,0.204568969293465,0,0,0,2.4515509681737,5.21292920174441,0.834068672279105,6.44159396343541e-08,6.43961912532448e-08,0,962.786186394353,0,14.3834502763762,0,0
269,"DTXSID8020462",230696.503189776,6.40056857201379,0.0104988953296354,0.00499144179057543,4.13246781767207e-06,0.000837903772168825,0.000145886712009902,2.33418739215843e-05,0.00181249804992083,0.00144785199818353,633.781602169714,2.39040858936861e-05,2.39040858936861e-05,0,4.90824974862719e-09,3.20285278183715e-06,1.26419223818014e-07,1.26419223818014e-07,0,0,0,1.29771148979039e-06,2.94941431993178e-06,4.71906291189086e-07,6.26291260482267e-07,5.00291326092044e-07,0,0.000714255966911038,6.2732234422619,6.33782279129123,0,0
269,"DTXSID8020913",0,0,0,0,0,0,0,0,0,0,0,0,0,0,0,0,0,0,0,0,0,0,0,0,0,0,0,0,0,0,0,0
