"household","dtxsid","total.used","dir.derm.exp","dir.derm.max","dir.derm.abs","dir.inhal.exp","dir.inhal.max","dir.inhal.mass","dir.inhal.abs","dir.ingest.exp","dir.ingest.abs","dir.release","ind.derm.exp","ind.derm.pr.exp","ind.derm.ar.exp","ind.derm.max","ind.derm.abs","ind.inhal.exp","ind.inhal.pr.exp","ind.inhal.ar.exp","ind.inhal.amb.in","ind.inhal.amb.out","ind.inhal.max","ind.inhal.mass","ind.inhal.abs","ind.ingest.exp","ind.ingest.abs","out.sur","out.air","drain","waste","food.ing","food.abs"
233,"DTXSID2021781",0,0,0,0,0,0,0,0,0,0,0,0,0,0,0,0,0,0,0,0,0,0,0,0,0,0,0,0,0,0,0,0
233,"DTXSID3020205",0,0,0,0,0,0,0,0,0,0,0,0,0,0,0,0,0,0,0,0,0,0,0,0,0,0,0,0,0,0,0,0
233,"DTXSID7021360",746072.064,9.50012142857143,0.0189707783615368,0.00635711731565799,2.11699543547682,240.985151647755,106.696569948032,17.0714511916851,0,0,2049.64852747253,0.165874961459728,0.165874961459728,0,3.45522430008814e-05,0.000110997071287864,0.049978445875159,0.049978445875159,0,0,0,1.1274621007085,1.03626409876326,0.165802255802121,1.46950983290978e-07,1.46905931646325e-07,0,1004.64691052734,0,22.6820335257927,0,0
233,"DTXSID8020462",743903.133031828,20.640220941635,0.0408083633923665,0.00830827203897162,6.87063656408528e-06,0.002416194974412,0.000242981669172861,3.88770670676578e-05,0.0136599046966258,0.0109117470834632,2043.68992591162,1.10629984491238e-05,1.10629984491238e-05,0,2.12005450679457e-09,8.10170708104808e-07,5.34058694383976e-08,5.34058694383976e-08,0,0,0,7.06887353248579e-07,1.29600295670693e-06,2.07360473073108e-07,7.05454060705979e-07,5.63527818120662e-07,0,0.000914079758144613,20.2304972528553,20.4369147872007,0,0
233,"DTXSID8020913",0,0,0,0,0,0,0,0,0,0,0,0,0,0,0,0,0,0,0,0,0,0,0,0,0,0,0,0,0,0,0,0
