"household","dtxsid","total.used","dir.derm.exp","dir.derm.max","dir.derm.abs","dir.inhal.exp","dir.inhal.max","dir.inhal.mass","dir.inhal.abs","dir.ingest.exp","dir.ingest.abs","dir.release","ind.derm.exp","ind.derm.pr.exp","ind.derm.ar.exp","ind.derm.max","ind.derm.abs","ind.inhal.exp","ind.inhal.pr.exp","ind.inhal.ar.exp","ind.inhal.amb.in","ind.inhal.amb.out","ind.inhal.max","ind.inhal.mass","ind.inhal.abs","ind.ingest.exp","ind.ingest.abs","out.sur","out.air","drain","waste","food.ing","food.abs"
425,"DTXSID2021781",0,0,0,0,0,0,0,0,0,0,0,0,0,0,0,0,0,0,0,0,0,0,0,0,0,0,0,0,0,0,0,0
425,"DTXSID3020205",0,0,0,0,0,0,0,0,0,0,0,0,0,0,0,0,0,0,0,0,0,0,0,0,0,0,0,0,0,0,0,0
425,"DTXSID7021360",2037870.18442353,9.78156846735615,0.0194200942530959,0.0065459413965475,5.01511993372904,303.555395199041,246.425006814343,39.4280010902948,0,0,4814.36589127343,1.21902325600036,1.21902325600036,0,0.000272727362175207,0.000815784714215718,0.544994127593381,0.544994127593381,0,0,0,5.12689957241796,13.3243388690559,2.13189421904894,1.15700310709352e-07,1.15664839770896e-07,0,3660.11893252278,0,65.8611441685249,0,0
425,"DTXSID8020462",1813.363154946,0.0502974894988362,8.90476950910711e-05,0.000132577364556596,0.000120878063848189,0.00119915607850069,0.00609223922850498,0.000974758276560797,6.56884967144496e-06,5.24730060977681e-06,4.98176690919231,0.105473982758194,0.105473982758194,0,2.2106560463223e-05,0.0150305436102322,0.000324451980493283,0.000324451980493283,0,0,0,0.000560712673505137,0.00673269154188027,0.00107723064670084,0.00140205442950261,0.00111998316765422,0,2.94058120810397,0.0492838596144037,0.564523222584836,0,0
425,"DTXSID8020913",0,0,0,0,0,0,0,0,0,0,0,0,0,0,0,0,0,0,0,0,0,0,0,0,0,0,0,0,0,0,0,0
