"household","dtxsid","total.used","dir.derm.exp","dir.derm.max","dir.derm.abs","dir.inhal.exp","dir.inhal.max","dir.inhal.mass","dir.inhal.abs","dir.ingest.exp","dir.ingest.abs","dir.release","ind.derm.exp","ind.derm.pr.exp","ind.derm.ar.exp","ind.derm.max","ind.derm.abs","ind.inhal.exp","ind.inhal.pr.exp","ind.inhal.ar.exp","ind.inhal.amb.in","ind.inhal.amb.out","ind.inhal.max","ind.inhal.mass","ind.inhal.abs","ind.ingest.exp","ind.ingest.abs","out.sur","out.air","drain","waste","food.ing","food.abs"
99,"DTXSID2021781",70861.433857786,0,0,0,0.0081164111190673,1.03577029523723,0.243492333572019,0.038958773371523,0,0,194.674268840071,28.039305869363,28.039305869363,0,0.00260877664552624,10.5959863561125,0.00694716850441351,0.00694716850441351,0,0,0,0.0111076935331744,0.17809600029957,0.0284953600479312,0.00308684807900985,0.00308497925179324,0,10.5892362024781,0,41.9282681506435,0,0
99,"DTXSID3020205",0,0,0,0,0,0,0,0,0,0,0,0,0,0,0,0,0,0,0,0,0,0,0,0,0,0,0,0,0,0,0,0
99,"DTXSID7021360",822634.56,1.12999252747253,0.00176781628960011,0.000762718066163922,0.00235256210292992,0.0641352762768424,0.0988076083230568,0.0158092173316891,0,0,2259.98505494506,0,0,0,0,0,0,0,0,0,0,0,0,0,0,0,3.81214744225912e-06,2237.38520058346,0,22.5998505494506,0,0
99,"DTXSID8020462",2980568.99803494,78.6330964221897,0.135332910311088,0.0839642810799226,6.08965642223351e-05,0.0109727891380366,0.00200627414889072,0.000321003863822516,0.0247828333762273,0.0197969177544702,7786.126190472,29.1241189388975,29.1241189388975,0,0.00271962618225034,13.9459897737734,0.0273826142313124,0.0273826142313124,0,0,0,0.0296263647769066,0.648997633864914,0.103839621418386,0.615857472132521,0.491956651573931,0,175.237942522584,81.0480061093365,142.995725114314,0,0
99,"DTXSID8020913",0,0,0,0,0,0,0,0,0,0,0,0,0,0,0,0,0,0,0,0,0,0,0,0,0,0,0,0,0,0,0,0
