"household","dtxsid","total.used","dir.derm.exp","dir.derm.max","dir.derm.abs","dir.inhal.exp","dir.inhal.max","dir.inhal.mass","dir.inhal.abs","dir.ingest.exp","dir.ingest.abs","dir.release","ind.derm.exp","ind.derm.pr.exp","ind.derm.ar.exp","ind.derm.max","ind.derm.abs","ind.inhal.exp","ind.inhal.pr.exp","ind.inhal.ar.exp","ind.inhal.amb.in","ind.inhal.amb.out","ind.inhal.max","ind.inhal.mass","ind.inhal.abs","ind.ingest.exp","ind.ingest.abs","out.sur","out.air","drain","waste","food.ing","food.abs"
996,"DTXSID2021781",0,0,0,0,0,0,0,0,0,0,0,0,0,0,0,0,0,0,0,0,0,0,0,0,0,0,0,0,0,0,0,0
996,"DTXSID3020205",0,0,0,0,0,0,0,0,0,0,0,0,0,0,0,0,0,0,0,0,0,0,0,0,0,0,0,0,0,0,0,0
996,"DTXSID7021360",71746.169060862,0.985524300286566,0.00200051015993886,0.000657096227701024,0.205263438442046,13.7000858102687,6.15790315326139,0.985264504521822,0,0,197.104860057313,0.0369126985753885,0.0369126985753885,0,7.05778537004087e-06,2.46114626052301e-05,0.0168202748329455,0.0168202748329455,0,0,0,0.25161406711927,0.435526576677928,0.0696842522684685,7.95829513006759e-10,7.9558553077798e-10,0,111.768174933698,0,1.9904965151042,0,0
996,"DTXSID8020462",156215.421102906,4.33425236101156,0.00871097035886253,0.00237068317109875,1.96468127517115e-06,0.000480052741988562,6.92999009019296e-05,1.10879841443087e-05,0.000115503921916865,9.22663525914813e-05,429.163244788203,1.30783238153882e-05,1.30783238153882e-05,0,2.63605442774323e-09,1.5339598881538e-06,3.97230145502633e-08,3.97230145502633e-08,0,0,0,5.18630778435457e-07,9.89930575363059e-07,1.58388892058089e-07,3.26232965869798e-08,2.60600032937172e-08,0,0.000296373254445212,4.24814073666635,4.2916348150367,0,0
996,"DTXSID8020913",0,0,0,0,0,0,0,0,0,0,0,0,0,0,0,0,0,0,0,0,0,0,0,0,0,0,0,0,0,0,0,0
