"household","dtxsid","total.used","dir.derm.exp","dir.derm.max","dir.derm.abs","dir.inhal.exp","dir.inhal.max","dir.inhal.mass","dir.inhal.abs","dir.ingest.exp","dir.ingest.abs","dir.release","ind.derm.exp","ind.derm.pr.exp","ind.derm.ar.exp","ind.derm.max","ind.derm.abs","ind.inhal.exp","ind.inhal.pr.exp","ind.inhal.ar.exp","ind.inhal.amb.in","ind.inhal.amb.out","ind.inhal.max","ind.inhal.mass","ind.inhal.abs","ind.ingest.exp","ind.ingest.abs","out.sur","out.air","drain","waste","food.ing","food.abs"
749,"DTXSID2021781",0,0,0,0,0,0,0,0,0,0,0,0,0,0,0,0,0,0,0,0,0,0,0,0,0,0,0,0,0,0,0,0
749,"DTXSID3020205",0,0,0,0,0,0,0,0,0,0,0,0,0,0,0,0,0,0,0,0,0,0,0,0,0,0,0,0,0,0,0,0
749,"DTXSID7021360",3214.96,0.0441615384615385,8.90905968072086e-05,2.95664348398575e-05,0.00920025891545632,0.216473143220815,0.292568233511511,0.0468109173618418,0,0,8.83230769230769,0.00349789364626603,0.00349789364626603,0,6.87104591725755e-07,2.34186176230974e-06,0.0016565214864552,0.0016565214864552,0,0,0,0.0195597458439114,0.0430115183374291,0.00688184293398866,8.88573382412765e-10,8.88300967139478e-10,0,5.88401449723825,0,0.0885417451328912,0,0
749,"DTXSID8020462",610033.33923648,16.5449796048733,0.0330470541335583,0.0108839805505617,0.000187061046868371,0.0208682859608261,0.00187042823640462,0.00029926851782474,0.0277158563821187,0.0221398627413537,1675.91576713319,0.0673763838124858,0.0673763838124858,0,1.63038145743923e-05,0.0269324645671821,4.09086263468177e-05,4.09086263468177e-05,0,0,0,0.00017440538727263,0.00085563013990792,0.000136900822385267,0.00672108465024882,0.00536890830930742,0,0.191403555352249,53.0564786769144,16.7616314224957,0,0
749,"DTXSID8020913",0,0,0,0,0,0,0,0,0,0,0,0,0,0,0,0,0,0,0,0,0,0,0,0,0,0,0,0,0,0,0,0
