"household","dtxsid","total.used","dir.derm.exp","dir.derm.max","dir.derm.abs","dir.inhal.exp","dir.inhal.max","dir.inhal.mass","dir.inhal.abs","dir.ingest.exp","dir.ingest.abs","dir.release","ind.derm.exp","ind.derm.pr.exp","ind.derm.ar.exp","ind.derm.max","ind.derm.abs","ind.inhal.exp","ind.inhal.pr.exp","ind.inhal.ar.exp","ind.inhal.amb.in","ind.inhal.amb.out","ind.inhal.max","ind.inhal.mass","ind.inhal.abs","ind.ingest.exp","ind.ingest.abs","out.sur","out.air","drain","waste","food.ing","food.abs"
616,"DTXSID2021781",0,0,0,0,0,0,0,0,0,0,0,0,0,0,0,0,0,0,0,0,0,0,0,0,0,0,0,0,0,0,0,0
616,"DTXSID3020205",0,0,0,0,0,0,0,0,0,0,0,0,0,0,0,0,0,0,0,0,0,0,0,0,0,0,0,0,0,0,0,0
616,"DTXSID7021360",1418048.6444825,19.4786901714629,0.0348178510311298,0.0129882777390277,4.03025945713346,425.925522815225,184.092311179172,29.4547697886674,0,0,3895.73803429258,1.37322390345772,1.37322390345772,0,0.00030403859679868,0.000915656837179451,0.91313815937714,0.91313815937714,0,0,0,8.64599592102252,22.6806082571335,3.62889732114136,1.35657603044799e-06,1.35616013679488e-06,0,2931.43448901456,0,42.7912362522868,0,0
616,"DTXSID8020462",10.524677553,0.000292014101524123,5.2445324413552e-07,1.56660540203056e-07,1.24098304942976e-10,4.71177899308e-08,4.26347000884461e-09,6.82155201415137e-10,5.1891034938153e-07,4.14513762518521e-07,0.0289139493214286,1.36275249529888e-09,1.36275249529888e-09,0,3.04515570501939e-13,2.23808985467606e-10,4.99196104331126e-12,4.99196104331126e-12,0,0,0,3.91857716799926e-11,1.08883308912038e-10,1.74213294259261e-11,2.18082159574405e-10,1.74207464952459e-10,0,1.79691779358232e-08,0.000286215512485903,0.000289140376431091,0,0
616,"DTXSID8020913",0,0,0,0,0,0,0,0,0,0,0,0,0,0,0,0,0,0,0,0,0,0,0,0,0,0,0,0,0,0,0,0
