"household","dtxsid","total.used","dir.derm.exp","dir.derm.max","dir.derm.abs","dir.inhal.exp","dir.inhal.max","dir.inhal.mass","dir.inhal.abs","dir.ingest.exp","dir.ingest.abs","dir.release","ind.derm.exp","ind.derm.pr.exp","ind.derm.ar.exp","ind.derm.max","ind.derm.abs","ind.inhal.exp","ind.inhal.pr.exp","ind.inhal.ar.exp","ind.inhal.amb.in","ind.inhal.amb.out","ind.inhal.max","ind.inhal.mass","ind.inhal.abs","ind.ingest.exp","ind.ingest.abs","out.sur","out.air","drain","waste","food.ing","food.abs"
128,"DTXSID2021781",0,0,0,0,0,0,0,0,0,0,0,0,0,0,0,0,0,0,0,0,0,0,0,0,0,0,0,0,0,0,0,0
128,"DTXSID3020205",12164.00253432,0.072065304810931,0.00016049023700684,0.0275505824754384,0.0002411219059392,0.0149294383082612,0.00482241057335813,0.0007715856917373,2.45937590026878e-08,2.45819738209363e-08,14.32182402,5.10216956718233,5.10216956718233,0,0.00118427780973802,1.94770213291513,0.00185086759520404,0.00185086759520404,0,0,0,0.00498917300921054,0.0315536998236575,0.00504859197178521,0.00885030971646023,0.00884606870114596,0,0.315240042689266,0.00206624839656969,4.56176322484858,0,0
128,"DTXSID7021360",586496.261701648,0.233329309040769,0.000519691476255628,0.000155574924950483,0.0486033792001245,3.0094971640944,0.97206758400249,0.155530813440398,0,0,46.6658618081538,0.360103468411857,0.360103468411857,0,9.61990385001062e-05,0.000240102887311714,0.417668720532012,0.417668720532012,0,0,0,2.76463837515971,5.65990156892911,0.905584251028658,1.88156543495146e-07,1.88098859214667e-07,0,898.877520581337,0,17.1224419847536,0,0
128,"DTXSID8020462",21098.672771904,0,0,0,0,0,0,0,0,0,0,1.51650278027333e-06,1.51650278027333e-06,0,3.55250181224944e-10,4.5242648486616e-07,8.03224031708572e-09,8.03224031708572e-09,0,0,0,5.11433945620526e-08,1.14766353071373e-07,1.83626164914197e-08,2.33185310263426e-07,1.86272099672988e-07,0,1.65759330940214e-05,0.573804010263809,0.579634159910259,0,0
128,"DTXSID8020913",0,0,0,0,0,0,0,0,0,0,0,0,0,0,0,0,0,0,0,0,0,0,0,0,0,0,0,0,0,0,0,0
