"household","dtxsid","total.used","dir.derm.exp","dir.derm.max","dir.derm.abs","dir.inhal.exp","dir.inhal.max","dir.inhal.mass","dir.inhal.abs","dir.ingest.exp","dir.ingest.abs","dir.release","ind.derm.exp","ind.derm.pr.exp","ind.derm.ar.exp","ind.derm.max","ind.derm.abs","ind.inhal.exp","ind.inhal.pr.exp","ind.inhal.ar.exp","ind.inhal.amb.in","ind.inhal.amb.out","ind.inhal.max","ind.inhal.mass","ind.inhal.abs","ind.ingest.exp","ind.ingest.abs","out.sur","out.air","drain","waste","food.ing","food.abs"
561,"DTXSID2021781",101408.554898336,0,0,0,0,0,0,0,0,0,0,32.1338232190754,32.1338232190754,0,0.00686397895303939,12.0034055156302,0.0326399516740625,0.0326399516740625,0,0,0,0.0787897405064909,0.555997520188913,0.0889596032302261,0.0236016239776031,0.0235873351768211,0,31.1280475564657,0,53.6956393826064,0,0
561,"DTXSID3020205",0,0,0,0,0,0,0,0,0,0,0,0,0,0,0,0,0,0,0,0,0,0,0,0,0,0,0,0,0,0,0,0
561,"DTXSID7021360",239719.364,0,0,0,0,0,0,0,0,0,0,0.0431608265581143,0.0431608265581143,0,8.37206725686269e-06,2.88593088919912e-05,0.0280976926570577,0.0280976926570577,0,0,0,0.449273573290992,0.417740783755298,0.0668385254008477,1.3078234441046e-08,1.3074224968244e-08,0,333.371678560974,0,6.800634304065,0,0
561,"DTXSID8020462",1216167.88,0,0,0,0,0,0,0,0,0,0,2.22100671645278e-06,2.22100671645278e-06,0,4.87804664710954e-10,2.99911528008307e-07,5.79604734164873e-09,5.79604734164873e-09,0,0,0,8.76692650831933e-08,8.66999111279743e-08,1.38719857804759e-08,8.93897196423285e-08,7.1405916385325e-08,0,9.35229992226653e-05,33.0679214201995,33.4112071820356,0,0
561,"DTXSID8020913",3143.7610766,0,0,0,0,0,0,0,0,0,0,0.0694572373424825,0.0694572373424825,0,1.58054913764661e-05,0.00030298409699961,0.000557585007947975,0.000557585007947975,0,0,0,0.00112538940884305,0.00775774559488241,0.00124123929518119,1.49279971580475e-07,1.49237056275685e-07,0,6.62006841624199,0,0.937055959230299,0,0
