"household","dtxsid","total.used","dir.derm.exp","dir.derm.max","dir.derm.abs","dir.inhal.exp","dir.inhal.max","dir.inhal.mass","dir.inhal.abs","dir.ingest.exp","dir.ingest.abs","dir.release","ind.derm.exp","ind.derm.pr.exp","ind.derm.ar.exp","ind.derm.max","ind.derm.abs","ind.inhal.exp","ind.inhal.pr.exp","ind.inhal.ar.exp","ind.inhal.amb.in","ind.inhal.amb.out","ind.inhal.max","ind.inhal.mass","ind.inhal.abs","ind.ingest.exp","ind.ingest.abs","out.sur","out.air","drain","waste","food.ing","food.abs"
795,"DTXSID2021781",0,0,0,0,0,0,0,0,0,0,0,0,0,0,0,0,0,0,0,0,0,0,0,0,0,0,0,0,0,0,0,0
795,"DTXSID3020205",2855.568,0,0,0,0,0,0,0,0,0,0,2.30161245645949,2.30161245645949,0,0.000461850370242674,0.889321743744762,0.00129651577186516,0.00129651577186516,0,0,0,0.00384733677161114,0.0333689493757757,0.00533903190012411,0.000804777339274796,0.00080439169480248,0,0.169190330096842,0.0262333592812275,2.11163922991943,0,0
795,"DTXSID7021360",1768085.104,0,0,0,0,0,0,0,0,0,0,0.940583400582947,0.940583400582947,0,0.000197760060931507,0.000633017985753273,1.03589080564592,1.03589080564592,0,0,0,12.7776010252182,24.4417853153961,3.91068565046338,9.87913436816593e-08,9.87610566266787e-08,0,3331.42122105221,0,68.8836571278764,0,0
795,"DTXSID8020462",1337308.86274531,0,0,0,0,0,0,0,0,0,0,4.295294536529e-05,4.295294536529e-05,0,8.61654920958987e-09,9.26338738455164e-06,5.18913105644472e-07,5.18913105644472e-07,0,0,0,5.42662222311104e-06,1.18164303064162e-05,1.89062884902659e-06,9.50832226636445e-07,7.59539762998923e-07,0,0.00196859580898475,36.3687170820418,36.7392780868669,0,0
795,"DTXSID8020913",4172.424970252,0.0573135298111538,9.74529066877197e-05,0.000252817514217823,0.000791626517887139,0.0403833847866473,0.0237487955366142,0.00379980728585827,0,0,11.4627059622308,0.174503210658069,0.174503210658069,0,3.67367792624423e-05,0.000769756025117642,0.00212420611109107,0.00212420611109107,0,0,0,0.00466153958093959,0.0433366985600192,0.00693387176960307,1.30609407057258e-07,1.30571859203699e-07,0,9.15400779113259,0,1.28126905061964,0,0
