"household","dtxsid","total.used","dir.derm.exp","dir.derm.max","dir.derm.abs","dir.inhal.exp","dir.inhal.max","dir.inhal.mass","dir.inhal.abs","dir.ingest.exp","dir.ingest.abs","dir.release","ind.derm.exp","ind.derm.pr.exp","ind.derm.ar.exp","ind.derm.max","ind.derm.abs","ind.inhal.exp","ind.inhal.pr.exp","ind.inhal.ar.exp","ind.inhal.amb.in","ind.inhal.amb.out","ind.inhal.max","ind.inhal.mass","ind.inhal.abs","ind.ingest.exp","ind.ingest.abs","out.sur","out.air","drain","waste","food.ing","food.abs"
622,"DTXSID2021781",75455.139797613,0,0,0,0.0086420254556718,1.22908806480666,0.259260763670154,0.0414817221872246,0,0,207.294340103332,28.8227150035933,28.8227150035933,0,0.00346303803206293,10.7592780338444,0.00843622862986542,0.00843622862986542,0,0,0,0.0158749541094259,0.214713144973984,0.0343541031958375,0.011197752720114,0.0111909734214532,0,10.1521645972478,0,24.6321337001309,0,0
622,"DTXSID3020205",0,0,0,0,0,0,0,0,0,0,0,0,0,0,0,0,0,0,0,0,0,0,0,0,0,0,0,0,0,0,0,0
622,"DTXSID7021360",1638721.07769949,6.57073073763029,0.0117932597809627,0.00438966364223175,0.0273688996075382,3.53685860494077,1.14949378351661,0.183919005362657,0,0,1314.14614752606,0.434664755333946,0.434664755333946,0,7.4441773157314e-05,0.000290383496647291,0.316729316924585,0.316729316924585,0,0,0,3.36750830907986,8.19963808601205,1.31194209376193,6.96539028586826e-08,6.96325486437598e-08,0,2236.46123814894,0,49.0206888648357,0,0
622,"DTXSID8020462",65.52,0.000900092396400663,1.59966133707308e-06,6.44335489277991e-05,6.2829735927366e-07,2.38541338354616e-05,1.88416237442833e-05,3.01465979908532e-06,5.59786775220654e-07,4.47166495486902e-07,0.09,0.0144899061485487,0.0144899061485487,0,1.74055163068174e-06,0.0058257515195761,1.3290883556981e-05,1.3290883556981e-05,0,0,0,1.43925523555451e-05,0.000285245965350588,4.56393544560941e-05,0.000919087176214376,0.000734181316578505,0,0.091276747129992,0.00174741753896728,0.00303603890253676,0,0
622,"DTXSID8020913",0,0,0,0,0,0,0,0,0,0,0,0,0,0,0,0,0,0,0,0,0,0,0,0,0,0,0,0,0,0,0,0
