"household","dtxsid","total.used","dir.derm.exp","dir.derm.max","dir.derm.abs","dir.inhal.exp","dir.inhal.max","dir.inhal.mass","dir.inhal.abs","dir.ingest.exp","dir.ingest.abs","dir.release","ind.derm.exp","ind.derm.pr.exp","ind.derm.ar.exp","ind.derm.max","ind.derm.abs","ind.inhal.exp","ind.inhal.pr.exp","ind.inhal.ar.exp","ind.inhal.amb.in","ind.inhal.amb.out","ind.inhal.max","ind.inhal.mass","ind.inhal.abs","ind.ingest.exp","ind.ingest.abs","out.sur","out.air","drain","waste","food.ing","food.abs"
462,"DTXSID2021781",0,0,0,0,0,0,0,0,0,0,0,0,0,0,0,0,0,0,0,0,0,0,0,0,0,0,0,0,0,0,0,0
462,"DTXSID3020205",0,0,0,0,0,0,0,0,0,0,0,0,0,0,0,0,0,0,0,0,0,0,0,0,0,0,0,0,0,0,0,0
462,"DTXSID7021360",106158.8972466,1.45715934065934,0.0024070160410524,0.000969897699844268,0.303564749679905,15.8940202719363,15.2996633838672,2.44794614141876,0,0,291.431868131868,0.219364320551577,0.219364320551577,0,2.63964621401195e-05,0.000146010763749231,0.0719798399287631,0.0719798399287631,0,0,0,0.488893732188744,1.8647273985786,0.298356383772576,1.72997307909965e-09,1.72944271087295e-09,0,227.535216525605,0,2.98377344950331,0,0
462,"DTXSID8020462",3422.965182,0.0948520309946335,0.000172369467706723,0.00109562063753464,8.87255778545118e-07,0.00021969732238849,1.78937709490728e-05,2.86300335185165e-06,1.61527842847877e-06,1.29030985738048e-06,9.4037505,7.22721696340762e-06,7.22721696340762e-06,0,7.10172709560055e-10,1.59724970721416e-06,5.27188092986102e-08,5.27188092986102e-08,0,0,0,3.19734049689359e-07,1.3102886939124e-06,2.09646191025984e-07,1.24468229931622e-08,9.9427183066342e-09,0,0.00016493446762705,0.0928528347248767,0.0940390732549217,0,0
462,"DTXSID8020913",1993.784,0,0,0,0,0,0,0,0,0,0,0.0874083025169923,0.0874083025169923,0,8.87029184150915e-06,0.000378308859144443,0.000831894026240566,0.000831894026240566,0,0,0,0.00161519355306218,0.0200757238274434,0.00321211581239095,4.87325909560763e-09,4.87185812133631e-09,0,2.37508560567035,0,0.555240118321099,0,0
