"household","dtxsid","total.used","dir.derm.exp","dir.derm.max","dir.derm.abs","dir.inhal.exp","dir.inhal.max","dir.inhal.mass","dir.inhal.abs","dir.ingest.exp","dir.ingest.abs","dir.release","ind.derm.exp","ind.derm.pr.exp","ind.derm.ar.exp","ind.derm.max","ind.derm.abs","ind.inhal.exp","ind.inhal.pr.exp","ind.inhal.ar.exp","ind.inhal.amb.in","ind.inhal.amb.out","ind.inhal.max","ind.inhal.mass","ind.inhal.abs","ind.ingest.exp","ind.ingest.abs","out.sur","out.air","drain","waste","food.ing","food.abs"
572,"DTXSID2021781",0,0,0,0,0,0,0,0,0,0,0,0,0,0,0,0,0,0,0,0,0,0,0,0,0,0,0,0,0,0,0,0
572,"DTXSID3020205",25096.232830536,0.345750581615795,0.00063383106521431,0.132797313439356,0.00116072011432282,0.0571770651708113,0.0348215109408052,0.00557144175052884,1.84125798064446e-08,1.84037566086768e-08,68.9456945893846,8.31009855764789,8.31009855764789,0,0.000784184871228679,3.19031425905382,0.00386529385875757,0.00386529385875757,0,0,0,0.00507796898358818,0.100758353160367,0.0161213365056587,0.00443853426983536,0.00443640735084446,0,1.87184017944678,0.00198409329839803,11.44879632462,0,0
572,"DTXSID7021360",15012.239162424,0.206212076406923,0.0003780505475369,0.000138026232588641,0.0429599703094017,2.11625469504442,1.28879910928205,0.206207857485128,0,0,41.2424152813846,0.00517356231929835,0.00517356231929835,0,8.01815460323982e-07,3.462877701892e-06,0.00255991964477986,0.00255991964477986,0,0,0,0.0280292403210515,0.0663835999071976,0.0106213759851516,8.30862734860614e-10,8.30608012286811e-10,0,29.3061254090939,0,0.417290864106725,0,0
572,"DTXSID8020462",0,0,0,0,0,0,0,0,0,0,0,0,0,0,0,0,0,0,0,0,0,0,0,0,0,0,0,0,0,0,0,0
572,"DTXSID8020913",0,0,0,0,0,0,0,0,0,0,0,0,0,0,0,0,0,0,0,0,0,0,0,0,0,0,0,0,0,0,0,0
