"household","dtxsid","total.used","dir.derm.exp","dir.derm.max","dir.derm.abs","dir.inhal.exp","dir.inhal.max","dir.inhal.mass","dir.inhal.abs","dir.ingest.exp","dir.ingest.abs","dir.release","ind.derm.exp","ind.derm.pr.exp","ind.derm.ar.exp","ind.derm.max","ind.derm.abs","ind.inhal.exp","ind.inhal.pr.exp","ind.inhal.ar.exp","ind.inhal.amb.in","ind.inhal.amb.out","ind.inhal.max","ind.inhal.mass","ind.inhal.abs","ind.ingest.exp","ind.ingest.abs","out.sur","out.air","drain","waste","food.ing","food.abs"
476,"DTXSID2021781",0,0,0,0,0,0,0,0,0,0,0,0,0,0,0,0,0,0,0,0,0,0,0,0,0,0,0,0,0,0,0,0
476,"DTXSID3020205",0,0,0,0,0,0,0,0,0,0,0,0,0,0,0,0,0,0,0,0,0,0,0,0,0,0,0,0,0,0,0,0
476,"DTXSID7021360",5139457.26296884,37.3537347527473,0.060367628488291,0.0249821722978807,7.70546677983639,921.584066691396,388.355525703754,62.1368841126007,0,0,7470.74695054945,1.7751743170523,1.7751743170523,0,0.000248640022151958,0.0011872362726472,1.95829669487896,1.95829669487896,0,0,0,9.90239884601711,47.2425406879214,7.55880651006743,7.30958790234779e-08,7.30734695812704e-08,0,9565.67717153997,0,159.100795661756,0,0
476,"DTXSID8020462",8306.162427596,0.230136126144672,0.000368247447484922,0.00295108481044232,2.3707749236873e-06,0.000528046198049514,4.77846828230267e-05,7.64554925168427e-06,2.23535793590733e-05,1.78563913726705e-05,22.8191275483407,8.53977720056907e-06,8.53977720056907e-06,0,8.51882124766499e-10,2.07189280498435e-06,6.44317246545137e-08,6.44317246545137e-08,0,0,0,3.26777999324504e-07,1.52269977114923e-06,2.43631963383876e-07,8.38985089552496e-08,6.7019450774462e-08,0,0.000317222894151944,0.22525506572341,0.228211048699167,0,0
476,"DTXSID8020913",0,0,0,0,0,0,0,0,0,0,0,0,0,0,0,0,0,0,0,0,0,0,0,0,0,0,0,0,0,0,0,0
