"household","dtxsid","total.used","dir.derm.exp","dir.derm.max","dir.derm.abs","dir.inhal.exp","dir.inhal.max","dir.inhal.mass","dir.inhal.abs","dir.ingest.exp","dir.ingest.abs","dir.release","ind.derm.exp","ind.derm.pr.exp","ind.derm.ar.exp","ind.derm.max","ind.derm.abs","ind.inhal.exp","ind.inhal.pr.exp","ind.inhal.ar.exp","ind.inhal.amb.in","ind.inhal.amb.out","ind.inhal.max","ind.inhal.mass","ind.inhal.abs","ind.ingest.exp","ind.ingest.abs","out.sur","out.air","drain","waste","food.ing","food.abs"
915,"DTXSID2021781",0,0,0,0,0,0,0,0,0,0,0,0,0,0,0,0,0,0,0,0,0,0,0,0,0,0,0,0,0,0,0,0
915,"DTXSID3020205",3973.632,0,0,0,0,0,0,0,0,0,0,1.69496161269509,1.69496161269509,0,0.000367906002702203,0.648660099397886,0.000878246672112827,0.000878246672112827,0,0,0,0.0028885997057246,0.0196009030867116,0.00313614449387386,8.92958001079564e-05,8.92530100963194e-05,0,0.188731213973078,0.0479963351331823,2.94318821075108,0,0
915,"DTXSID7021360",704752.623381759,0,0,0,0,0,0,0,0,0,0,0.234431982301333,0.234431982301333,0,4.21303053628464e-05,0.00015642160817773,0.512223470791993,0.512223470791993,0,0,0,5.34691769514252,8.09140657810443,1.29462505249671,3.71361271207451e-09,3.71247420754369e-09,0,1533.33444456378,0,21.6728899966488,0,0
915,"DTXSID8020462",1065032.69185368,0,0,0,0,0,0,0,0,0,0,0.000218183661637105,0.000218183661637105,0,4.74333523759075e-08,5.22020391143485e-05,6.17490178652165e-07,6.17490178652165e-07,0,0,0,5.19034292279271e-06,9.83368587210206e-06,1.57338973953633e-06,8.15114380038195e-07,6.51126208901568e-07,0,0.00210992218747241,28.9623141344775,29.259367984481,0,0
915,"DTXSID8020913",2449.055707416,0,0,0,0,0,0,0,0,0,0,0.0841999557686864,0.0841999557686864,0,1.89449738185452e-05,0.000365962385383616,0.00131202221665292,0.00131202221665292,0,0,0,0.00247984037101063,0.0218753387890674,0.00350005420625078,9.44614985611183e-09,9.44343425805889e-09,0,5.09481933804661,0,0.79153371861073,0,0
