"household","dtxsid","total.used","dir.derm.exp","dir.derm.max","dir.derm.abs","dir.inhal.exp","dir.inhal.max","dir.inhal.mass","dir.inhal.abs","dir.ingest.exp","dir.ingest.abs","dir.release","ind.derm.exp","ind.derm.pr.exp","ind.derm.ar.exp","ind.derm.max","ind.derm.abs","ind.inhal.exp","ind.inhal.pr.exp","ind.inhal.ar.exp","ind.inhal.amb.in","ind.inhal.amb.out","ind.inhal.max","ind.inhal.mass","ind.inhal.abs","ind.ingest.exp","ind.ingest.abs","out.sur","out.air","drain","waste","food.ing","food.abs"
63,"DTXSID2021781",0,0,0,0,0,0,0,0,0,0,0,0,0,0,0,0,0,0,0,0,0,0,0,0,0,0,0,0,0,0,0,0
63,"DTXSID3020205",0,0,0,0,0,0,0,0,0,0,0,0,0,0,0,0,0,0,0,0,0,0,0,0,0,0,0,0,0,0,0,0
63,"DTXSID7021360",1241455.03442915,0.561783296703297,0.00108947906310458,0.000374699551936172,1.45837438604074,29.3575817835332,73.4922444060031,11.7587591049605,0,0,2508.63252747253,0.114891044167091,0.114891044167091,0,2.00373382639033e-05,7.66302761546759e-05,0.145068453090886,0.145068453090886,0,0,0,1.46364697081359,3.79328502191881,0.606925603507009,3.62999671287891e-08,3.62888384300666e-08,7.37536058606032,2985.09201566575,0,34.1986778096259,0,0
63,"DTXSID8020462",66071.33018343,1.83237222188168,0.00316655512126632,0.00698314170368926,0.00111791953868595,0.0442698560867854,0.0563376572861619,0.0090140251657859,0.00185177967861236,0.00147923078206439,181.514643361071,4.0079505787824,4.0079505787824,0,0.000459732696384565,1.16966763033267,0.0161370778191046,0.0161370778191046,0,0,0,0.0175600806655018,0.367659933267597,0.0588255893228156,0.364417761815266,0.291102649539872,0,109.574789207511,1.79519806867757,21.3262596797212,0,0
63,"DTXSID8020913",0,0,0,0,0,0,0,0,0,0,0,0,0,0,0,0,0,0,0,0,0,0,0,0,0,0,0,0,0,0,0,0
