"household","dtxsid","total.used","dir.derm.exp","dir.derm.max","dir.derm.abs","dir.inhal.exp","dir.inhal.max","dir.inhal.mass","dir.inhal.abs","dir.ingest.exp","dir.ingest.abs","dir.release","ind.derm.exp","ind.derm.pr.exp","ind.derm.ar.exp","ind.derm.max","ind.derm.abs","ind.inhal.exp","ind.inhal.pr.exp","ind.inhal.ar.exp","ind.inhal.amb.in","ind.inhal.amb.out","ind.inhal.max","ind.inhal.mass","ind.inhal.abs","ind.ingest.exp","ind.ingest.abs","out.sur","out.air","drain","waste","food.ing","food.abs"
892,"DTXSID2021781",0,0,0,0,0,0,0,0,0,0,0,0,0,0,0,0,0,0,0,0,0,0,0,0,0,0,0,0,0,0,0,0
892,"DTXSID3020205",33714.666269256,0.264642385977724,0.000436573861317807,0.101195114224284,0.000892873472597202,0.0331367124551956,0.0267862036265013,0.0042857925802402,3.7377230261144e-11,3.73593193166662e-11,52.9272625890989,23.0821853523516,23.0821853523516,0,0.00408824867864021,8.82405827333805,0.01084900251176,0.01084900251176,0,0,0,0.0294916263775879,0.28012810648291,0.0448204970372656,0.00577027596979422,0.00576751088817115,0,0.933070126190726,2.06304477219495e-05,11.7821840999894,0,0
892,"DTXSID7021360",15921.418589832,0.12497188846022,0.000206163061330444,8.33228249837951e-05,0.0260356272608675,0.966245799222937,0.781068817826024,0.124971010852164,0,0,24.994377692044,0.0109253294547498,0.0109253294547498,0,2.11234456145857e-06,7.2842721409964e-06,0.00722806311486149,0.00722806311486149,0,0,0,0.09419515037355,0.155205480143191,0.0248328768229106,8.21486430291696e-10,8.21234582267843e-10,0,28.4124181338454,0,0.440099924247916,0,0
892,"DTXSID8020462",0,0,0,0,0,0,0,0,0,0,0,0,0,0,0,0,0,0,0,0,0,0,0,0,0,0,0,0,0,0,0,0
892,"DTXSID8020913",0,0,0,0,0,0,0,0,0,0,0,0,0,0,0,0,0,0,0,0,0,0,0,0,0,0,0,0,0,0,0,0
