"household","dtxsid","total.used","dir.derm.exp","dir.derm.max","dir.derm.abs","dir.inhal.exp","dir.inhal.max","dir.inhal.mass","dir.inhal.abs","dir.ingest.exp","dir.ingest.abs","dir.release","ind.derm.exp","ind.derm.pr.exp","ind.derm.ar.exp","ind.derm.max","ind.derm.abs","ind.inhal.exp","ind.inhal.pr.exp","ind.inhal.ar.exp","ind.inhal.amb.in","ind.inhal.amb.out","ind.inhal.max","ind.inhal.mass","ind.inhal.abs","ind.ingest.exp","ind.ingest.abs","out.sur","out.air","drain","waste","food.ing","food.abs"
980,"DTXSID2021781",151016.698146184,0,0,0,0,0,0,0,0,0,0,73.9771014368526,73.9771014368526,0,0.0234616956377272,27.4712448861424,0.0250918873842707,0.0250918873842707,0,0,0,0.0562261888358683,0.25609626105478,0.0409754017687647,0.511375655016029,0.511066060012472,0,33.2627128910512,0,53.0087328206666,0,0
980,"DTXSID3020205",0,0,0,0,0,0,0,0,0,0,0,0,0,0,0,0,0,0,0,0,0,0,0,0,0,0,0,0,0,0,0,0
980,"DTXSID7021360",37155.27699631,0,0,0,0,0,0,0,0,0,0,0.0194255276414093,0.0194255276414093,0,7.73228910007536e-06,1.29921452951426e-05,0.0104908828110113,0.0104908828110113,0,0,0,0.165300164722662,0.0712355232709914,0.0113976837233586,5.57401791595343e-08,5.57230905583683e-08,0,62.8178104509845,0,1.23446092451324,0,0
980,"DTXSID8020462",2178966.12806023,0,0,0,0,0,0,0,0,0,0,6.24377495779562e-05,6.24377495779562e-05,0,1.99937812880572e-08,1.35947814431533e-05,3.72299684068717e-07,3.72299684068717e-07,0,0,0,3.77002244948221e-06,2.93068618940064e-06,4.68909790304103e-07,3.83610905963705e-05,3.06434435473631e-05,0,0.00227728574870547,59.2588074195853,59.861714139503,0,0
980,"DTXSID8020913",4335.88713762,0,0,0,0,0,0,0,0,0,0,0,0,0,0,0,0,0,0,0,0,0,0,0,0,0,0,0,0,0.119117778506047,0,0
