"household","dtxsid","total.used","dir.derm.exp","dir.derm.max","dir.derm.abs","dir.inhal.exp","dir.inhal.max","dir.inhal.mass","dir.inhal.abs","dir.ingest.exp","dir.ingest.abs","dir.release","ind.derm.exp","ind.derm.pr.exp","ind.derm.ar.exp","ind.derm.max","ind.derm.abs","ind.inhal.exp","ind.inhal.pr.exp","ind.inhal.ar.exp","ind.inhal.amb.in","ind.inhal.amb.out","ind.inhal.max","ind.inhal.mass","ind.inhal.abs","ind.ingest.exp","ind.ingest.abs","out.sur","out.air","drain","waste","food.ing","food.abs"
272,"DTXSID2021781",0,0,0,0,0,0,0,0,0,0,0,0,0,0,0,0,0,0,0,0,0,0,0,0,0,0,0,0,0,0,0,0
272,"DTXSID3020205",0,0,0,0,0,0,0,0,0,0,0,0,0,0,0,0,0,0,0,0,0,0,0,0,0,0,0,0,0,0,0,0
272,"DTXSID7021360",1047775.66,12.7717656593407,0.0216292179333216,0.00851017057616004,2.98188330359686,311.179881895045,143.550881729772,22.9681410767635,0,0,2878.50456043956,0.29116708161301,0.29116708161301,0,7.1093474987744e-05,0.000194012444611516,0.431682621552854,0.431682621552854,0,0,0,5.89768577688118,9.0905072207808,1.45448115532493,6.21538969057507e-09,6.2134842012653e-09,0,1961.50863280511,0,30.7664287717912,0,0
272,"DTXSID8020462",1077782.3482338,29.9043605094042,0.0501421767243249,0.012301726892008,9.38754735302644e-06,0.00418945105321595,0.000314806607623977,5.03690572198363e-05,0.00146583802124197,0.00117093450564611,2960.94051712582,4.79605893176859e-05,4.79605893176859e-05,0,9.59634798061315e-09,9.81163951968359e-06,2.0336876015789e-07,2.0336876015789e-07,0,0,0,2.29885032234599e-06,4.7196917583216e-06,7.55150681331456e-07,2.06733845441371e-07,1.65142252830302e-07,0,0.00102368019575779,29.3111006755634,29.6094145867249,0,0
272,"DTXSID8020913",0,0,0,0,0,0,0,0,0,0,0,0,0,0,0,0,0,0,0,0,0,0,0,0,0,0,0,0,0,0,0,0
