"household","dtxsid","total.used","dir.derm.exp","dir.derm.max","dir.derm.abs","dir.inhal.exp","dir.inhal.max","dir.inhal.mass","dir.inhal.abs","dir.ingest.exp","dir.ingest.abs","dir.release","ind.derm.exp","ind.derm.pr.exp","ind.derm.ar.exp","ind.derm.max","ind.derm.abs","ind.inhal.exp","ind.inhal.pr.exp","ind.inhal.ar.exp","ind.inhal.amb.in","ind.inhal.amb.out","ind.inhal.max","ind.inhal.mass","ind.inhal.abs","ind.ingest.exp","ind.ingest.abs","out.sur","out.air","drain","waste","food.ing","food.abs"
45,"DTXSID2021781",0,0,0,0,0,0,0,0,0,0,0,0,0,0,0,0,0,0,0,0,0,0,0,0,0,0,0,0,0,0,0,0
45,"DTXSID3020205",0,0,0,0,0,0,0,0,0,0,0,0,0,0,0,0,0,0,0,0,0,0,0,0,0,0,0,0,0,0,0,0
45,"DTXSID7021360",468078.617640397,1.26108941813732,0.00196429991238828,0.000844612924199612,1.34981613552513,52.8851980696858,63.1525754629914,10.1044120740786,0,0,1285.93026824285,0.327950085802505,0.327950085802505,0,4.66993984204839e-05,0.000219644024582711,0.254243757942588,0.254243757942588,0,0,0,2.56295369204162,6.53678314409844,1.04588530305575,1.48917860819698e-07,1.48872206177599e-07,0,941.767715511012,0,13.1839671465067,0,0
45,"DTXSID8020462",980381.579541364,27.2000407396919,0.0419479308446875,0.0304447237274579,2.31404793064593e-05,0.00485739105010164,0.000778780088382037,0.000124604814141126,0.0570600766216595,0.0455804881868888,2693.355987751,0.000282360415579777,0.000282360415579777,0,2.52706490457977e-08,0.000100439519489022,8.46181627333585e-07,8.46181627333585e-07,0,0,0,7.0743387180301e-06,2.07981711674959e-05,3.32770738679935e-06,4.47881626404699e-05,3.57774899547098e-05,0,0.00313025272036672,26.6586827312304,26.933585837318,0,0
45,"DTXSID8020913",0,0,0,0,0,0,0,0,0,0,0,0,0,0,0,0,0,0,0,0,0,0,0,0,0,0,0,0,0,0,0,0
