"household","dtxsid","total.used","dir.derm.exp","dir.derm.max","dir.derm.abs","dir.inhal.exp","dir.inhal.max","dir.inhal.mass","dir.inhal.abs","dir.ingest.exp","dir.ingest.abs","dir.release","ind.derm.exp","ind.derm.pr.exp","ind.derm.ar.exp","ind.derm.max","ind.derm.abs","ind.inhal.exp","ind.inhal.pr.exp","ind.inhal.ar.exp","ind.inhal.amb.in","ind.inhal.amb.out","ind.inhal.max","ind.inhal.mass","ind.inhal.abs","ind.ingest.exp","ind.ingest.abs","out.sur","out.air","drain","waste","food.ing","food.abs"
61,"DTXSID2021781",123693.937379221,0,0,0,0.0141644891931485,2.92009512356963,0.424934675794456,0.0679895481271129,0,0,339.818509283574,29.6258621363472,29.6258621363472,0,0.00560593153834568,11.1425724738901,0.0467994987454984,0.0467994987454984,0,0,0,0.133833336795794,1.21014087762941,0.193622540420705,0.0416339797734665,0.041608773895968,0,16.1790343131481,0,59.7251846731451,0,0
61,"DTXSID3020205",16371.385923816,0,0,0,0,0,0,0,0,0,0,3.82044595192713,3.82044595192713,0,0.00072209003227175,1.47376629049202,0.00587983044851097,0.00587983044851097,0,0,0,0.0167008037894096,0.152351644678482,0.0243762631485571,0.00735920408012745,0.00735567759368748,0,0.744413164607524,0.000907525283995539,7.87074241119491,0,0
61,"DTXSID7021360",510910.386667384,0,0,0,0,0,0,0,0,0,0,0.0793441768800507,0.0793441768800507,0,1.79806299014323e-05,5.33961870121949e-05,0.0331662411118141,0.0331662411118141,0,0,0,0.589265172500502,0.718120820992197,0.114899331358751,4.59831255726286e-08,4.59690282499231e-08,0,638.302773407545,0,15.2855608351904,0,0
61,"DTXSID8020462",0,0,0,0,0,0,0,0,0,0,0,0,0,0,0,0,0,0,0,0,0,0,0,0,0,0,0,0,0,0,0,0
61,"DTXSID8020913",0,0,0,0,0,0,0,0,0,0,0,0,0,0,0,0,0,0,0,0,0,0,0,0,0,0,0,0,0,0,0,0
