"household","dtxsid","total.used","dir.derm.exp","dir.derm.max","dir.derm.abs","dir.inhal.exp","dir.inhal.max","dir.inhal.mass","dir.inhal.abs","dir.ingest.exp","dir.ingest.abs","dir.release","ind.derm.exp","ind.derm.pr.exp","ind.derm.ar.exp","ind.derm.max","ind.derm.abs","ind.inhal.exp","ind.inhal.pr.exp","ind.inhal.ar.exp","ind.inhal.amb.in","ind.inhal.amb.out","ind.inhal.max","ind.inhal.mass","ind.inhal.abs","ind.ingest.exp","ind.ingest.abs","out.sur","out.air","drain","waste","food.ing","food.abs"
657,"DTXSID2021781",215427.1416325,0,0,0,0.011842751888568,1.80289277085717,0.2960687972142,0.047371007554272,0,0,284.079747207692,70.5262001508218,70.5262001508218,0,0.0138713446258802,26.4382659621643,0.0467417470788221,0.0467417470788221,0,0,0,0.114306315726575,0.986034399140917,0.157765503862547,0.0111272882250827,0.0111205515867547,0,34.7987685620342,0,125.762126973319,0,0
657,"DTXSID3020205",0,0,0,0,0,0,0,0,0,0,0,0,0,0,0,0,0,0,0,0,0,0,0,0,0,0,0,0,0,0,0,0
657,"DTXSID7021360",2825.76,0.0388153846153846,7.94910400006031e-05,2.60197392760885e-05,0.00808648425279002,0.194903963913593,0.214291832698936,0.0342866932318297,0,0,7.76307692307692,0.00599973284029005,0.00599973284029005,0,1.10928424904612e-06,4.0218968744538e-06,0.00181356744075207,0.00181356744075207,0,0,0,0.0128252954822822,0.0386675098773555,0.00618680158037688,3.90133356402691e-10,3.90013750878818e-10,0,6.23999970375189,0,0.0834740863932245,0,0
657,"DTXSID8020462",5380.4079784,0,0,0,0,0,0,0,0,0,0,3.79311547378673e-07,3.79311547378673e-07,0,7.49625532156273e-11,8.32845653486837e-08,2.43822671209366e-09,2.43822671209366e-09,0,0,0,1.76073844902086e-08,4.72507870787873e-08,7.56012593260597e-09,5.31346593949424e-09,4.24448030612388e-09,0,9.60609355837043e-06,0.146319986943724,0.147813744134246,0,0
657,"DTXSID8020913",0,0,0,0,0,0,0,0,0,0,0,0,0,0,0,0,0,0,0,0,0,0,0,0,0,0,0,0,0,0,0,0
