"household","dtxsid","total.used","dir.derm.exp","dir.derm.max","dir.derm.abs","dir.inhal.exp","dir.inhal.max","dir.inhal.mass","dir.inhal.abs","dir.ingest.exp","dir.ingest.abs","dir.release","ind.derm.exp","ind.derm.pr.exp","ind.derm.ar.exp","ind.derm.max","ind.derm.abs","ind.inhal.exp","ind.inhal.pr.exp","ind.inhal.ar.exp","ind.inhal.amb.in","ind.inhal.amb.out","ind.inhal.max","ind.inhal.mass","ind.inhal.abs","ind.ingest.exp","ind.ingest.abs","out.sur","out.air","drain","waste","food.ing","food.abs"
864,"DTXSID2021781",0,0,0,0,0,0,0,0,0,0,0,0,0,0,0,0,0,0,0,0,0,0,0,0,0,0,0,0,0,0,0,0
864,"DTXSID3020205",0,0,0,0,0,0,0,0,0,0,0,0,0,0,0,0,0,0,0,0,0,0,0,0,0,0,0,0,0,0,0,0
864,"DTXSID7021360",71148.761616432,0,0,0,0,0,0,0,0,0,0,0.0326809598727921,0.0326809598727921,0,8.79124680348901e-06,2.19917900697156e-05,0.0191720383335303,0.0191720383335303,0,0,0,0.235957304396898,0.276356295993229,0.0442170073589166,7.97824973396434e-09,7.9758037940739e-09,0,159.377394601053,0,2.02262659937655,0,0
864,"DTXSID8020462",4586.4,0.0210323738688017,4.9651123962548e-05,0.00125465356947987,1.26460780610968e-05,0.000556433794329956,0.000221286973105851,3.54059156969362e-05,3.90982086986354e-06,3.1232265100748e-06,2.1,0.585379346926751,0.585379346926751,0,0.000104763975712734,0.0464472382719237,0.00119134093045607,0.00119134093045607,0,0,0,0.00154489912522607,0.0155054454363484,0.00248087126981574,0.011082510857616,0.00885288427802223,0,6.85493202369679,0.122671178001338,0.175265804634391,0,0
864,"DTXSID8020913",4100.41149408,0.0563243337098901,0.000134283381991964,0.000248402196648566,0.000952244574699233,0.0364961191197406,0.0166642800572366,0.00266628480915785,0,0,11.264866741978,0.149504378440205,0.149504378440205,0,2.84603570492291e-05,0.000659344708459218,0.00165605081140274,0.00165605081140274,0,0,0,0.00304337344954221,0.0224635489825697,0.00359416783721116,2.60062712831296e-07,2.59987949482486e-07,0,7.3897202883785,0,1.16216364652754,0,0
