"household","dtxsid","total.used","dir.derm.exp","dir.derm.max","dir.derm.abs","dir.inhal.exp","dir.inhal.max","dir.inhal.mass","dir.inhal.abs","dir.ingest.exp","dir.ingest.abs","dir.release","ind.derm.exp","ind.derm.pr.exp","ind.derm.ar.exp","ind.derm.max","ind.derm.abs","ind.inhal.exp","ind.inhal.pr.exp","ind.inhal.ar.exp","ind.inhal.amb.in","ind.inhal.amb.out","ind.inhal.max","ind.inhal.mass","ind.inhal.abs","ind.ingest.exp","ind.ingest.abs","out.sur","out.air","drain","waste","food.ing","food.abs"
258,"DTXSID2021781",0,0,0,0,0,0,0,0,0,0,0,0,0,0,0,0,0,0,0,0,0,0,0,0,0,0,0,0,0,0,0,0
258,"DTXSID3020205",0,0,0,0,0,0,0,0,0,0,0,0,0,0,0,0,0,0,0,0,0,0,0,0,0,0,0,0,0,0,0,0
258,"DTXSID7021360",143738.66099112,1.97443215647143,0.00367751900610819,0.00131940221863445,0.411336957007575,16.1422907857118,12.3401087102272,1.97441739363636,0,0,394.886431294286,0.143113229965227,0.143113229965227,0,2.35220777669278e-05,9.56345397145683e-05,0.134581298227017,0.134581298227017,0,0,0,0.97599123150791,3.36085468594585,0.537736749751336,1.99587455810093e-09,1.99526267086241e-09,0,321.618825905044,0,4.13145976993567,0,0
258,"DTXSID8020462",2103365.02497576,58.3593205533342,0.107622184472969,0.0418653503389984,3.06036518818326e-05,0.0095574111006937,0.00100086868176638,0.000160138989082621,0.00355963847255528,0.0028434952939813,5778.47534334,0.000365403351864399,0.000365403351864399,0,3.86546048428676e-08,0.000126764052501066,1.50675545525652e-06,1.50675545525652e-06,0,0,0,9.10612010864014e-06,3.63937750662231e-05,5.8230040105957e-06,1.73998621988424e-06,1.38992840592642e-06,0,0.00356090843427024,57.2005380358194,57.7848798978471,0,0
258,"DTXSID8020913",0,0,0,0,0,0,0,0,0,0,0,0,0,0,0,0,0,0,0,0,0,0,0,0,0,0,0,0,0,0,0,0
