"household","dtxsid","total.used","dir.derm.exp","dir.derm.max","dir.derm.abs","dir.inhal.exp","dir.inhal.max","dir.inhal.mass","dir.inhal.abs","dir.ingest.exp","dir.ingest.abs","dir.release","ind.derm.exp","ind.derm.pr.exp","ind.derm.ar.exp","ind.derm.max","ind.derm.abs","ind.inhal.exp","ind.inhal.pr.exp","ind.inhal.ar.exp","ind.inhal.amb.in","ind.inhal.amb.out","ind.inhal.max","ind.inhal.mass","ind.inhal.abs","ind.ingest.exp","ind.ingest.abs","out.sur","out.air","drain","waste","food.ing","food.abs"
859,"DTXSID2021781",0,0,0,0,0,0,0,0,0,0,0,0,0,0,0,0,0,0,0,0,0,0,0,0,0,0,0,0,0,0,0,0
859,"DTXSID3020205",0,0,0,0,0,0,0,0,0,0,0,0,0,0,0,0,0,0,0,0,0,0,0,0,0,0,0,0,0,0,0,0
859,"DTXSID7021360",1239530.88,10.3178505494506,0.0180515928622214,0.00695328456645986,3.53737146384114,293.467286802274,178.283521777593,28.5253634844149,0,0,3405.30461538462,0.852209396359493,0.852209396359493,0,0.00011232666888755,0.000574310873910772,0.363416034314269,0.363416034314269,0,0,0,2.57629410545401,8.95203262264576,1.43232521962332,9.73104951008249e-08,9.72806620384788e-08,0,2786.64895459686,0,36.7042780884769,0,0
859,"DTXSID8020462",7781.0745194,0.215592463893352,0.000373460470891544,0.00242071372402245,1.99569746353128e-06,0.000487712444319552,3.90280260340568e-05,6.24448416544909e-06,1.95700868870223e-05,1.56328937320723e-05,21.37657835,1.3132604071192e-05,1.3132604071192e-05,0,1.31867802399986e-09,1.0819373851406e-06,4.34237794127799e-08,4.34237794127799e-08,0,0,0,2.88738167926597e-07,1.06961403083497e-06,1.71138244933595e-07,1.20571869437094e-07,9.63147089161537e-08,0,0.000334377458043379,0.211024463572389,0.213767609978122,0,0
859,"DTXSID8020913",0,0,0,0,0,0,0,0,0,0,0,0,0,0,0,0,0,0,0,0,0,0,0,0,0,0,0,0,0,0,0,0
