"household","dtxsid","total.used","dir.derm.exp","dir.derm.max","dir.derm.abs","dir.inhal.exp","dir.inhal.max","dir.inhal.mass","dir.inhal.abs","dir.ingest.exp","dir.ingest.abs","dir.release","ind.derm.exp","ind.derm.pr.exp","ind.derm.ar.exp","ind.derm.max","ind.derm.abs","ind.inhal.exp","ind.inhal.pr.exp","ind.inhal.ar.exp","ind.inhal.amb.in","ind.inhal.amb.out","ind.inhal.max","ind.inhal.mass","ind.inhal.abs","ind.ingest.exp","ind.ingest.abs","out.sur","out.air","drain","waste","food.ing","food.abs"
178,"DTXSID2021781",0,0,0,0,0,0,0,0,0,0,0,0,0,0,0,0,0,0,0,0,0,0,0,0,0,0,0,0,0,0,0,0
178,"DTXSID3020205",0,0,0,0,0,0,0,0,0,0,0,0,0,0,0,0,0,0,0,0,0,0,0,0,0,0,0,0,0,0,0,0
178,"DTXSID7021360",156109.78,0.135374725274725,0.000258022716244952,9.03326823090205e-05,0.0264549438401891,5.2741408182019,1.33332916954553,0.213332667127285,0,0,27.0749450549451,0.0114538437663178,0.0114538437663178,0,2.51262851444138e-06,7.64290340852943e-06,0.00783711853637485,0.00783711853637485,0,0,0,0.0727003524719765,0.201113400568159,0.0321781440909054,5.3229512833246e-09,5.32131939421196e-09,1.85201415561196e-06,417.905095101116,0,4.45969793429121,0,0
178,"DTXSID8020462",163595.303785419,0,0,0,0.00219610745248303,0.225322032887464,0.0197649670723472,0.00316239473157556,0.0592949012170417,0.0473657012833416,449.43764776214,0.19611136468531,0.19611136468531,0,3.98539697551811e-05,0.0366662283189694,0.00129639496143549,0.00129639496143549,0,0,0,0.00394615654464686,0.0274233886071649,0.00438774217714638,0.0167954476235287,0.0134164681739521,0,4.54158439083948,438.940589974375,4.52218768647811,0,0
178,"DTXSID8020913",0,0,0,0,0,0,0,0,0,0,0,0,0,0,0,0,0,0,0,0,0,0,0,0,0,0,0,0,0,0,0,0
