"household","dtxsid","total.used","dir.derm.exp","dir.derm.max","dir.derm.abs","dir.inhal.exp","dir.inhal.max","dir.inhal.mass","dir.inhal.abs","dir.ingest.exp","dir.ingest.abs","dir.release","ind.derm.exp","ind.derm.pr.exp","ind.derm.ar.exp","ind.derm.max","ind.derm.abs","ind.inhal.exp","ind.inhal.pr.exp","ind.inhal.ar.exp","ind.inhal.amb.in","ind.inhal.amb.out","ind.inhal.max","ind.inhal.mass","ind.inhal.abs","ind.ingest.exp","ind.ingest.abs","out.sur","out.air","drain","waste","food.ing","food.abs"
679,"DTXSID2021781",0,0,0,0,0,0,0,0,0,0,0,0,0,0,0,0,0,0,0,0,0,0,0,0,0,0,0,0,0,0,0,0
679,"DTXSID3020205",9623.28,0.194459915955062,0.00036751481715775,0.0532770091774225,0.000327385503100828,0.0275350713247333,0.0104024683395123,0.00166439493432197,1.25863871922728e-05,1.25803558710486e-05,26.4375824175824,1.58415064871078,1.58415064871078,0,0.00021143734481107,0.605594548514884,0.000620060533229952,0.000620060533229952,0,0,0,0.0010834502508702,0.0159198726407027,0.00254717962251243,0.00216068208753158,0.00215964670163932,0,0.410999791386172,0.120880948683292,3.30021236099112,0,0
679,"DTXSID7021360",0,0,0,0,0,0,0,0,0,0,0,0,0,0,0,0,0,0,0,0,0,0,0,0,0,0,0,0,0,0,0,0
679,"DTXSID8020462",469356.67973376,13.0225901550756,0.0245220376663061,0.00785191968596409,6.06335486002161e-06,0.00152545440587089,0.000205256527806466,3.28410444490346e-05,0.0189464851831884,0.0151347508662049,1289.44142784,1.01655007067516e-05,1.01655007067516e-05,0,1.36646317441227e-09,2.95115291160173e-06,1.01887229910138e-07,1.01887229910138e-07,0,0,0,6.41284699674339e-07,2.34926162224581e-06,3.7588185955933e-07,1.19431219178888e-06,9.54035395189536e-07,0,0.000806448192140634,12.7639787955233,12.8944172159184,0,0
679,"DTXSID8020913",0,0,0,0,0,0,0,0,0,0,0,0,0,0,0,0,0,0,0,0,0,0,0,0,0,0,0,0,0,0,0,0
