"household","dtxsid","total.used","dir.derm.exp","dir.derm.max","dir.derm.abs","dir.inhal.exp","dir.inhal.max","dir.inhal.mass","dir.inhal.abs","dir.ingest.exp","dir.ingest.abs","dir.release","ind.derm.exp","ind.derm.pr.exp","ind.derm.ar.exp","ind.derm.max","ind.derm.abs","ind.inhal.exp","ind.inhal.pr.exp","ind.inhal.ar.exp","ind.inhal.amb.in","ind.inhal.amb.out","ind.inhal.max","ind.inhal.mass","ind.inhal.abs","ind.ingest.exp","ind.ingest.abs","out.sur","out.air","drain","waste","food.ing","food.abs"
754,"DTXSID2021781",0,0,0,0,0,0,0,0,0,0,0,0,0,0,0,0,0,0,0,0,0,0,0,0,0,0,0,0,0,0,0,0
754,"DTXSID3020205",20349.43318512,0,0,0,0,0,0,0,0,0,0,27.62654637067,27.62654637067,0,0.00279216605420756,10.6831698603808,0.00662413337344123,0.00662413337344123,0,0,0,0.0089167221923387,0.172437081230109,0.0275899329968174,0.0111452251361812,0.0111398844111673,0,2.02355946397407,0.00180086602811566,6.21297610697664,0,0
754,"DTXSID7021360",448226.0757162,0,0,0,0,0,0,0,0,0,0,0.683676829907639,0.683676829907639,0,0.000119586874785708,0.000460462205854847,0.131574384620528,0.131574384620528,0,0,0,1.82669405913836,3.40793817625982,0.545270108201571,8.28454604817965e-08,8.28200620519039e-08,0,697.762399580616,0,23.0178359887111,0,0
754,"DTXSID8020462",20166.390974912,0.559547419358643,0.00107405947195791,0.000281537169043565,1.88082253801012e-07,6.82524491233435e-05,5.81989216337098e-06,9.31182746139357e-07,0.000388536369157755,0.000310368973073711,55.402173008,9.29821670321431e-07,9.29821670321431e-07,0,9.45039816843340e-11,3.89688985385716e-07,2.73294075296727e-09,2.73294075296727e-09,0,0,0,3.27970765840845e-08,6.96795727749308e-08,1.11487316439889e-08,4.61130747365281e-08,3.68358506110311e-08,0,1.4482455041653e-05,0.548453311324425,0.554021736002171,0,0
754,"DTXSID8020913",0,0,0,0,0,0,0,0,0,0,0,0,0,0,0,0,0,0,0,0,0,0,0,0,0,0,0,0,0,0,0,0
