"household","dtxsid","total.used","dir.derm.exp","dir.derm.max","dir.derm.abs","dir.inhal.exp","dir.inhal.max","dir.inhal.mass","dir.inhal.abs","dir.ingest.exp","dir.ingest.abs","dir.release","ind.derm.exp","ind.derm.pr.exp","ind.derm.ar.exp","ind.derm.max","ind.derm.abs","ind.inhal.exp","ind.inhal.pr.exp","ind.inhal.ar.exp","ind.inhal.amb.in","ind.inhal.amb.out","ind.inhal.max","ind.inhal.mass","ind.inhal.abs","ind.ingest.exp","ind.ingest.abs","out.sur","out.air","drain","waste","food.ing","food.abs"
993,"DTXSID2021781",0,0,0,0,0,0,0,0,0,0,0,0,0,0,0,0,0,0,0,0,0,0,0,0,0,0,0,0,0,0,0,0
993,"DTXSID3020205",0,0,0,0,0,0,0,0,0,0,0,0,0,0,0,0,0,0,0,0,0,0,0,0,0,0,0,0,0,0,0,0
993,"DTXSID7021360",2211196.21374226,28.5852163461538,0.0578881021340664,0.0190835896863077,6.18433993421733,868.014479077555,311.690732684553,49.8705172295286,0,0,6074.31520489577,0.775767638414085,0.775767638414085,0,0.000165997230966149,0.000517905034390896,0.673795647368819,0.673795647368819,0,0,0,6.78450219646326,16.3429901350045,2.61487842160073,2.01600408946841e-07,2.01538603099868e-07,0,4451.53527904956,0,75.52243169648,0,0
993,"DTXSID8020462",4727.01667344,0.130959425271325,0.000262584926326197,0.00182779219268851,1.45867038362487e-06,0.000301425272186131,2.96258953563714e-05,4.74014325701942e-06,0.000100673295980683,8.04194149371481e-05,12.9863095424176,4.72513719725482e-06,4.72513719725482e-06,0,1.03913884249653e-09,1.43515579562959e-06,3.31346564453837e-08,3.31346564453837e-08,0,0,0,2.90802411021604e-07,7.36502576418758e-07,1.17840412227001e-07,3.67427408131845e-07,2.93506802434533e-07,0,0.000265080764617779,0.128171762320871,0.129865020872603,0,0
993,"DTXSID8020913",0,0,0,0,0,0,0,0,0,0,0,0,0,0,0,0,0,0,0,0,0,0,0,0,0,0,0,0,0,0,0,0
