"household","dtxsid","total.used","dir.derm.exp","dir.derm.max","dir.derm.abs","dir.inhal.exp","dir.inhal.max","dir.inhal.mass","dir.inhal.abs","dir.ingest.exp","dir.ingest.abs","dir.release","ind.derm.exp","ind.derm.pr.exp","ind.derm.ar.exp","ind.derm.max","ind.derm.abs","ind.inhal.exp","ind.inhal.pr.exp","ind.inhal.ar.exp","ind.inhal.amb.in","ind.inhal.amb.out","ind.inhal.max","ind.inhal.mass","ind.inhal.abs","ind.ingest.exp","ind.ingest.abs","out.sur","out.air","drain","waste","food.ing","food.abs"
203,"DTXSID2021781",0,0,0,0,0,0,0,0,0,0,0,0,0,0,0,0,0,0,0,0,0,0,0,0,0,0,0,0,0,0,0,0
203,"DTXSID3020205",0,0,0,0,0,0,0,0,0,0,0,0,0,0,0,0,0,0,0,0,0,0,0,0,0,0,0,0,0,0,0,0
203,"DTXSID7021360",0,0,0,0,0,0,0,0,0,0,0,0,0,0,0,0,0,0,0,0,0,0,0,0,0,0,0,0,0,0,0,0
203,"DTXSID8020462",769150.937754836,21.3411254516019,0.0376796748203002,0.0087011490994732,6.41873728812245e-06,0.00293397586495857,0.000210628125711351,3.37005001138162e-05,0.0035457375170692,0.00283239099172946,2113.052026799,8.54403727292481e-05,8.54403727292481e-05,0,8.83258499465865e-09,2.12659116873944e-05,2.6165459835899e-07,2.6165459835899e-07,0,0,0,1.81180188706407e-06,6.28828776624103e-06,1.00612604259856e-06,1.20399887936704e-06,9.61773273840735e-07,0,0.000721461635384899,20.9178562047663,21.1305237325772,0,0
203,"DTXSID8020913",1429.02960588,0.0196295275532967,3.50042606092853e-05,8.52085937293454e-05,0.000261971752291712,0.0140593069208432,0.00785915256875135,0.00125746441100022,0,0,3.92590551065934,0.186132980992485,0.186132980992485,0,1.99874920041961e-05,0.000807972737021219,0.00122620397045277,0.00122620397045277,0,0,0,0.00171508673591984,0.0284165413234782,0.00454664661175651,7.56181551484317e-08,7.55964162899534e-08,0,3.05911643959425,0,0.414245617028924,0,0
