"household","dtxsid","total.used","dir.derm.exp","dir.derm.max","dir.derm.abs","dir.inhal.exp","dir.inhal.max","dir.inhal.mass","dir.inhal.abs","dir.ingest.exp","dir.ingest.abs","dir.release","ind.derm.exp","ind.derm.pr.exp","ind.derm.ar.exp","ind.derm.max","ind.derm.abs","ind.inhal.exp","ind.inhal.pr.exp","ind.inhal.ar.exp","ind.inhal.amb.in","ind.inhal.amb.out","ind.inhal.max","ind.inhal.mass","ind.inhal.abs","ind.ingest.exp","ind.ingest.abs","out.sur","out.air","drain","waste","food.ing","food.abs"
392,"DTXSID2021781",0,0,0,0,0,0,0,0,0,0,0,0,0,0,0,0,0,0,0,0,0,0,0,0,0,0,0,0,0,0,0,0
392,"DTXSID3020205",0,0,0,0,0,0,0,0,0,0,0,0,0,0,0,0,0,0,0,0,0,0,0,0,0,0,0,0,0,0,0,0
392,"DTXSID7021360",883379.2457584,5.59984153846154,0.00885863849166478,0.00372594573112169,1.16540695037025,93.7272275081352,37.059941021774,5.92959056348383,0,0,1119.96830769231,1.47749543495714,1.47749543495714,0,0.000144321388251152,0.00098307548953052,0.376139525501085,0.376139525501085,0,0,0,3.09806791310698,9.76074285803154,1.56171885728505,2.27169954846517e-07,2.2710030999044e-07,1.05841736313068e-07,1972.39390423135,0,25.8446218409679,0,0
392,"DTXSID8020462",29738.03484792,0,0,0,0.000467856293300448,0.0354865979643215,0.00421070663970403,0.000673713062352645,0.0126321199191121,0.0100907364104361,81.6978979338462,0.134471014723511,0.134471014723511,0,1.05416032701201e-05,0.0322316172124764,0.000163036056780328,0.000163036056780328,0,0,0,0.000384662050876384,0.00404168145020935,0.000646669032033495,0.00489866052596657,0.00391312720653868,0,0.5961293285806,79.7245162465553,0.837103919269425,0,0
392,"DTXSID8020913",0,0,0,0,0,0,0,0,0,0,0,0,0,0,0,0,0,0,0,0,0,0,0,0,0,0,0,0,0,0,0,0
