"household","dtxsid","total.used","dir.derm.exp","dir.derm.max","dir.derm.abs","dir.inhal.exp","dir.inhal.max","dir.inhal.mass","dir.inhal.abs","dir.ingest.exp","dir.ingest.abs","dir.release","ind.derm.exp","ind.derm.pr.exp","ind.derm.ar.exp","ind.derm.max","ind.derm.abs","ind.inhal.exp","ind.inhal.pr.exp","ind.inhal.ar.exp","ind.inhal.amb.in","ind.inhal.amb.out","ind.inhal.max","ind.inhal.mass","ind.inhal.abs","ind.ingest.exp","ind.ingest.abs","out.sur","out.air","drain","waste","food.ing","food.abs"
569,"DTXSID2021781",107334.321752996,0,0,0,0,0,0,0,0,0,0,10.6228975295181,10.6228975295181,0,0.0023897309615315,3.98306667692185,0.00333796563320558,0.00333796563320558,0,0,0,0.010448804407969,0.078697872247867,0.0125916595596587,0.0035171573984461,0.00351502805508256,0,13.930264864428,0,50.5792794725373,0,0
569,"DTXSID3020205",0,0,0,0,0,0,0,0,0,0,0,0,0,0,0,0,0,0,0,0,0,0,0,0,0,0,0,0,0,0,0,0
569,"DTXSID7021360",820342.02,0,0,0,1.78468768881509,40.7585725008126,89.9482595162807,14.3917215226049,0,0,1696.33681318681,0.101308578966108,0.101308578966108,0,2.04072225149344e-05,6.79342280063331e-05,0.172511141612933,0.172511141612933,0,0,0,1.11462941587478,4.39911473469838,0.703858357551741,1.38257485829409e-08,1.38215099402434e-08,5.90437244122418e-07,1910.94677356912,0,22.9681004121726,0,0
569,"DTXSID8020462",2988487.81011135,82.9174982827671,0.161811532960409,0.0646270846141909,4.65225043228325e-05,0.00997077290500636,0.00151216172645736,0.000241945876233177,0.0762343447985811,0.0608971956972089,8210.13134645975,0.000101062059271826,0.000101062059271826,0,2.2734191181408e-08,4.67324067216076e-05,5.79075245652914e-07,5.79075245652914e-07,0,0,0,3.89899941574673e-06,1.28392747273677e-05,2.05428395637883e-06,6.25531785146043e-06,4.99684645227934e-06,0,0.00552329406154738,81.270927715615,82.1014949566003,0,0
569,"DTXSID8020913",0,0,0,0,0,0,0,0,0,0,0,0,0,0,0,0,0,0,0,0,0,0,0,0,0,0,0,0,0,0,0,0
