"household","dtxsid","total.used","dir.derm.exp","dir.derm.max","dir.derm.abs","dir.inhal.exp","dir.inhal.max","dir.inhal.mass","dir.inhal.abs","dir.ingest.exp","dir.ingest.abs","dir.release","ind.derm.exp","ind.derm.pr.exp","ind.derm.ar.exp","ind.derm.max","ind.derm.abs","ind.inhal.exp","ind.inhal.pr.exp","ind.inhal.ar.exp","ind.inhal.amb.in","ind.inhal.amb.out","ind.inhal.max","ind.inhal.mass","ind.inhal.abs","ind.ingest.exp","ind.ingest.abs","out.sur","out.air","drain","waste","food.ing","food.abs"
349,"DTXSID2021781",0,0,0,0,0,0,0,0,0,0,0,0,0,0,0,0,0,0,0,0,0,0,0,0,0,0,0,0,0,0,0,0
349,"DTXSID3020205",0,0,0,0,0,0,0,0,0,0,0,0,0,0,0,0,0,0,0,0,0,0,0,0,0,0,0,0,0,0,0,0
349,"DTXSID7021360",437018.973328255,4.01078885635901,0.00780964770222878,0.00267607581619474,1.2478721820276,96.9029845018384,54.4629500871998,8.71407201395197,0,0,1200.60157507762,0.401607407256601,0.401607407256601,0,5.99742915092998e-05,0.000267960211757371,0.16455595288932,0.16455595288932,0,0,0,1.45131996787059,4.07433494382215,0.651893591011544,1.45002906668403e-08,1.44958452257289e-08,0,937.587037832199,0,13.0717973995488,0,0
349,"DTXSID8020462",6070005.31113631,168.41578853221,0.328322061831781,0.0803795291557439,6.6824343356546e-05,0.0186997260704905,0.00236305255823039,0.000378088409316862,0.0057529047102029,0.00459551091952379,16675.838766858,0.000654496574321902,0.000654496574321902,0,7.50719868773875e-08,5.98472979205073e-05,1.89192707026602e-06,1.89192707026602e-06,0,0,0,1.33846507256907e-05,4.58376503236614e-05,7.33402405178582e-06,2.13001257146341e-06,1.70148760043303e-06,0,0.010691320436207,165.07103676655,166.758622089996,0,0
349,"DTXSID8020913",0,0,0,0,0,0,0,0,0,0,0,0,0,0,0,0,0,0,0,0,0,0,0,0,0,0,0,0,0,0,0,0
