"household","dtxsid","total.used","dir.derm.exp","dir.derm.max","dir.derm.abs","dir.inhal.exp","dir.inhal.max","dir.inhal.mass","dir.inhal.abs","dir.ingest.exp","dir.ingest.abs","dir.release","ind.derm.exp","ind.derm.pr.exp","ind.derm.ar.exp","ind.derm.max","ind.derm.abs","ind.inhal.exp","ind.inhal.pr.exp","ind.inhal.ar.exp","ind.inhal.amb.in","ind.inhal.amb.out","ind.inhal.max","ind.inhal.mass","ind.inhal.abs","ind.ingest.exp","ind.ingest.abs","out.sur","out.air","drain","waste","food.ing","food.abs"
806,"DTXSID2021781",3245.206507257,0,0,0,0,0,0,0,0,0,0,0,0,0,0,0,0,0,0,0,0,0,0,0,0,0,8.81713678722063,0.00887988553036374,0.000229476840764307,0.0891540249246429,0,0
806,"DTXSID3020205",0,0,0,0,0,0,0,0,0,0,0,0,0,0,0,0,0,0,0,0,0,0,0,0,0,0,0,0,0,0,0,0
806,"DTXSID7021360",141851.32,0,0,0,0,0,0,0,0,0,0,0.0300513940987385,0.0300513940987385,0,5.28321906035805e-06,2.00503411241088e-05,0.0115033609355841,0.0115033609355841,0,0,0,0.196054145741132,0.271511310013758,0.0434418096022013,6.68437143576021e-09,6.68232216790292e-09,0,183.229023742772,0,4.85490598968029,0,0
806,"DTXSID8020462",3004.239794556,0.0832523204715421,0.000152206592389846,0.000868296189593807,7.15925016588969e-07,0.000191987227501778,1.41948134918802e-05,2.27117015870084e-06,2.38813555493975e-05,1.90768030636154e-05,8.253406029,1.72779516610251e-06,1.72779516610251e-06,0,2.35256662179847e-10,2.28588412586131e-07,5.94097061470428e-09,5.94097061470428e-09,0,0,0,7.21475778472574e-08,1.42574129381463e-07,2.2811860701034e-08,5.01215213286049e-08,4.00378609018581e-08,0,9.18101809316771e-05,0.0815008576926994,0.0825347474768471,0,0
806,"DTXSID8020913",3404.469967832,0.0223657248245055,4.12986628401801e-05,9.72005126476489e-05,0.000280490109973439,0.0165318335937194,0.00841470329920318,0.00134635252787251,0,0,4.4731449649011,0.0781735950423979,0.0781735950423979,0,1.1293567026327e-05,0.000339738667048903,0.000592753515584424,0.000592753515584424,0,0,0,0.000915165464559007,0.0128548214859708,0.00205677143775533,1.23140894933146e-07,1.23105494142389e-07,0,7.50113647166342,0,1.00413603102704,0,0
