"household","dtxsid","total.used","dir.derm.exp","dir.derm.max","dir.derm.abs","dir.inhal.exp","dir.inhal.max","dir.inhal.mass","dir.inhal.abs","dir.ingest.exp","dir.ingest.abs","dir.release","ind.derm.exp","ind.derm.pr.exp","ind.derm.ar.exp","ind.derm.max","ind.derm.abs","ind.inhal.exp","ind.inhal.pr.exp","ind.inhal.ar.exp","ind.inhal.amb.in","ind.inhal.amb.out","ind.inhal.max","ind.inhal.mass","ind.inhal.abs","ind.ingest.exp","ind.ingest.abs","out.sur","out.air","drain","waste","food.ing","food.abs"
739,"DTXSID2021781",0,0,0,0,0,0,0,0,0,0,0,0,0,0,0,0,0,0,0,0,0,0,0,0,0,0,0,0,0,0,0,0
739,"DTXSID3020205",28347.211736676,0.409692517662607,0.000918884025611213,0.156444853292252,0.00129156988843895,0.0726505342094987,0.0242157893630257,0.00387452629808411,6.99228844779095e-07,6.98893778512049e-07,77.8769553205385,7.6289342128526,7.6289342128526,0,0.00150393590062802,2.93476595229139,0.00240026276656533,0.00240026276656533,0,0,0,0.0054901601145807,0.0388392338504404,0.00621427741607047,0.00454804490984148,0.00454586551400896,0,0.98192474934587,0.0394209091163049,11.1571264993087,0,0
739,"DTXSID7021360",72498.038186121,0.129159260798365,0.000289968303434473,8.66091363141375e-05,0.0269065086960907,1.51408255265223,0.5044970380517,0.080719526088272,0,0,25.8318521596731,0.011462997954441,0.011462997954441,0,2.99656221771367e-06,7.68663561756043e-06,0.0139375331938224,0.0139375331938224,0,0,0,0.156808025786231,0.221533174347422,0.0354453078955875,2.05434595354286e-09,2.0537161403778e-09,0,136.406480902289,0,2.00020221788988,0,0
739,"DTXSID8020462",1811898.52435519,0,0,0,0,0,0,0,0,0,0,8.32057879623465e-05,8.32057879623465e-05,0,1.66296259873615e-08,2.83452886883956e-05,3.41081078433117e-07,3.41081078433117e-07,0,0,0,3.56481631290747e-06,4.86210577935156e-06,7.7793692469625e-07,4.98252395661925e-06,3.98011863621239e-06,0,0.00397451280314282,49.2728589241317,49.777462362311,0,0
739,"DTXSID8020913",0,0,0,0,0,0,0,0,0,0,0,0,0,0,0,0,0,0,0,0,0,0,0,0,0,0,0,0,0,0,0,0
