"household","dtxsid","total.used","dir.derm.exp","dir.derm.max","dir.derm.abs","dir.inhal.exp","dir.inhal.max","dir.inhal.mass","dir.inhal.abs","dir.ingest.exp","dir.ingest.abs","dir.release","ind.derm.exp","ind.derm.pr.exp","ind.derm.ar.exp","ind.derm.max","ind.derm.abs","ind.inhal.exp","ind.inhal.pr.exp","ind.inhal.ar.exp","ind.inhal.amb.in","ind.inhal.amb.out","ind.inhal.max","ind.inhal.mass","ind.inhal.abs","ind.ingest.exp","ind.ingest.abs","out.sur","out.air","drain","waste","food.ing","food.abs"
369,"DTXSID2021781",0,0,0,0,0,0,0,0,0,0,0,0,0,0,0,0,0,0,0,0,0,0,0,0,0,0,0,0,0,0,0,0
369,"DTXSID3020205",0,0,0,0,0,0,0,0,0,0,0,0,0,0,0,0,0,0,0,0,0,0,0,0,0,0,0,0,0,0,0,0
369,"DTXSID7021360",70360.8,0.966494505494505,0.00184392919296106,0.00064661395940476,0.201257899552125,14.4768157927499,5.06666762122474,0.810666819395959,0,0,193.298901098901,0.0565212855484985,0.0565212855484985,0,1.14549404943219e-05,3.7814435789558e-05,0.0389240652162557,0.0389240652162557,0,0,0,0.341675510528922,0.72714211354332,0.116342738166931,1.2088977287256e-08,1.20852710969551e-08,0,151.173435435692,0,2.00247623611784,0,0
369,"DTXSID8020462",2011650.73179034,55.8156888072201,0.10543381594714,0.0229504816011351,1.73488730093775e-05,0.00682729019465382,0.000460024462851694,7.3603914056271e-05,0.0314702135940215,0.0251389024321195,5526.512999424,0.000118070878016042,0.000118070878016042,0,1.91589373048914e-08,2.7175292520207e-05,5.77234760088042e-07,5.77234760088042e-07,0,0,0,3.99561395141017e-06,1.04263948984131e-05,1.66822318374609e-06,5.71396253334791e-06,4.56440329511803e-06,0,0.00242090563072123,54.7084168078414,55.2651802476318,0,0
369,"DTXSID8020913",0,0,0,0,0,0,0,0,0,0,0,0,0,0,0,0,0,0,0,0,0,0,0,0,0,0,0,0,0,0,0,0
