"household","dtxsid","total.used","dir.derm.exp","dir.derm.max","dir.derm.abs","dir.inhal.exp","dir.inhal.max","dir.inhal.mass","dir.inhal.abs","dir.ingest.exp","dir.ingest.abs","dir.release","ind.derm.exp","ind.derm.pr.exp","ind.derm.ar.exp","ind.derm.max","ind.derm.abs","ind.inhal.exp","ind.inhal.pr.exp","ind.inhal.ar.exp","ind.inhal.amb.in","ind.inhal.amb.out","ind.inhal.max","ind.inhal.mass","ind.inhal.abs","ind.ingest.exp","ind.ingest.abs","out.sur","out.air","drain","waste","food.ing","food.abs"
472,"DTXSID2021781",0,0,0,0,0,0,0,0,0,0,0,0,0,0,0,0,0,0,0,0,0,0,0,0,0,0,0,0,0,0,0,0
472,"DTXSID3020205",4041.648,0,0,0,0,0,0,0,0,0,0,1.61864138139593,1.61864138139593,0,0.000333706471672585,0.622722474706976,0.00087592856785065,0.00087592856785065,0,0,0,0.00262702918245134,0.0224689606985279,0.00359503371176447,0.000612666783206898,0.000612373196960386,0,0.171714818535698,0.0539992265118395,1.44867755454093,0,0
472,"DTXSID7021360",191503.944,0,0,0,0.553506678966878,26.1362020498526,27.8967366199307,4.46347785918891,0,0,526.109736263736,0.0869113779421893,0.0869113779421893,0,2.26519918552959e-05,5.82723141943413e-05,0.0488335653527448,0.0488335653527448,0,0,0,0.775886556075025,1.25158478982746,0.200253566372393,9.88730827150322e-09,9.88427706008258e-09,0,273.312322031516,0,5.2835956208448,0,0
472,"DTXSID8020462",575.58705864,0,0,0,0,0,0,0,0,0,0,4.58193107738398e-08,4.58193107738398e-08,0,9.49550841344621e-12,1.02426373708879e-08,1.32956764143058e-10,1.32956764143058e-10,0,0,0,2.31067697569183e-09,2.61789264133287e-09,4.1886282261326e-10,1.14303316226084e-09,9.13072898501433e-10,0,1.03608628890659e-06,0.0156524362973317,0.0158128383975777,0,0
472,"DTXSID8020913",0,0,0,0,0,0,0,0,0,0,0,0,0,0,0,0,0,0,0,0,0,0,0,0,0,0,0,0,0,0,0,0
