"household","dtxsid","total.used","dir.derm.exp","dir.derm.max","dir.derm.abs","dir.inhal.exp","dir.inhal.max","dir.inhal.mass","dir.inhal.abs","dir.ingest.exp","dir.ingest.abs","dir.release","ind.derm.exp","ind.derm.pr.exp","ind.derm.ar.exp","ind.derm.max","ind.derm.abs","ind.inhal.exp","ind.inhal.pr.exp","ind.inhal.ar.exp","ind.inhal.amb.in","ind.inhal.amb.out","ind.inhal.max","ind.inhal.mass","ind.inhal.abs","ind.ingest.exp","ind.ingest.abs","out.sur","out.air","drain","waste","food.ing","food.abs"
792,"DTXSID2021781",257827.62818592,0,0,0,0.0170332771683694,3.54705988755632,0.510998315051082,0.0817597304081731,0,0,408.64480376044,59.8174698250309,59.8174698250309,0,0.0122123890426782,22.2859792598465,0.0597105107506273,0.0597105107506273,0,0,0,0.159922034026476,1.54246406536047,0.246794250457675,0.126637822880803,0.126561154316626,0,27.829138701344,0,108.69920595177,0,0
792,"DTXSID3020205",10562.951566206,0.0669725277422015,0.000128386229767962,0.0256629880496236,0.000225826000985169,0.00850568233508948,0.00677477954359632,0.00108396472697541,4.26900397159965e-10,4.26695829051048e-10,13.393429712011,2.58020980559269,2.58020980559269,0,0.000526249981563011,0.985833546442627,0.00250248234939896,0.00250248234939896,0,0,0,0.00665197221179745,0.0647956337505563,0.010367301400089,0.0074864352840282,0.00748284782915871,0,0.541920190221179,2.26242072632421e-05,4.55301258757228,0,0
792,"DTXSID7021360",29472.366079026,0.186849320027637,0.000358190415109158,0.000124804411915385,0.0389266644811546,1.46616438723746,1.16779993443464,0.186847989509542,0,0,37.3698640055275,0.00400847621853501,0.00400847621853501,0,9.35146210229942e-07,2.67742520756617e-06,0.00194989853343801,0.00194989853343801,0,0,0,0.0444399720855537,0.0501668173512316,0.00802669077619705,3.50650808505966e-09,3.50543307383697e-09,0,39.9844920001767,0,0.814371644486903,0,0
792,"DTXSID8020462",751064.47535616,20.8391979178258,0.0395532544427841,0.00707553023552661,5.63214215296976e-06,0.0025820618750371,0.000194442689264059,3.11108302822495e-05,0.0243397356052101,0.0194429642739763,2063.36394328615,1.00903683623635e-05,1.00903683623635e-05,0,2.05608928831853e-09,1.26929378418644e-06,4.21753582206069e-08,4.21753582206069e-08,0,0,0,4.81109587553869e-07,9.89564802424155e-07,1.58330368387865e-07,1.09332901589462e-06,8.73368443295269e-07,0,0.000741972935029477,20.4257929791787,20.6336449987339,0,0
792,"DTXSID8020913",0,0,0,0,0,0,0,0,0,0,0,0,0,0,0,0,0,0,0,0,0,0,0,0,0,0,0,0,0,0,0,0
