"household","dtxsid","total.used","dir.derm.exp","dir.derm.max","dir.derm.abs","dir.inhal.exp","dir.inhal.max","dir.inhal.mass","dir.inhal.abs","dir.ingest.exp","dir.ingest.abs","dir.release","ind.derm.exp","ind.derm.pr.exp","ind.derm.ar.exp","ind.derm.max","ind.derm.abs","ind.inhal.exp","ind.inhal.pr.exp","ind.inhal.ar.exp","ind.inhal.amb.in","ind.inhal.amb.out","ind.inhal.max","ind.inhal.mass","ind.inhal.abs","ind.ingest.exp","ind.ingest.abs","out.sur","out.air","drain","waste","food.ing","food.abs"
400,"DTXSID2021781",0,0,0,0,0,0,0,0,0,0,0,0,0,0,0,0,0,0,0,0,0,0,0,0,0,0,0,0,0,0,0,0
400,"DTXSID3020205",11744.928,0.227442614330591,0.000383260376880612,0.0669710108388296,0.000427740805024172,0.0357246839447001,0.0107613230575449,0.00172181168920719,1.61678211856288e-05,1.61600736627236e-05,32.2662857142857,7.43325277946352,7.43325277946352,0,0.000929004974482392,2.82890801711834,0.00613904863768635,0.00613904863768635,0,0,0,0.0112495490145894,0.126081724924915,0.0201730759879864,0.0143036669663188,0.0142968127349305,0,0.423382588389735,0.128333478238373,3.7595796377466,0,0
400,"DTXSID7021360",23749.524,0.0369780769230769,6.26684171238044e-05,2.45947382094849e-05,0.00770371478603866,0.181849241707714,0.193941019738523,0.0310305631581637,0,0,7.39561538461538,0.0186752628595121,0.0186752628595121,0,3.13116826298404e-06,1.24212228652553e-05,0.0148381806243642,0.0148381806243642,0,0,0,0.145892006082699,0.245993486534561,0.0393589578455297,1.08312587760884e-08,1.08279381720979e-08,0,48.8435677563436,0,0.779047296435514,0,0
400,"DTXSID8020462",16236.146186208,0,0,0,0,0,0,0,0,0,0,1.8689349064038e-06,1.8689349064038e-06,0,2.35068373203896e-10,2.82299314263562e-07,6.25926667310138e-09,6.25926667310138e-09,0,0,0,4.29309590491168e-08,1.12111455394365e-07,1.79378328630984e-08,1.61903271742359e-07,1.29330884253843e-07,0,2.039435855757e-05,0.441550605868575,0.446048041396749,0,0
400,"DTXSID8020913",0,0,0,0,0,0,0,0,0,0,0,0,0,0,0,0,0,0,0,0,0,0,0,0,0,0,0,0,0,0,0,0
