"household","dtxsid","total.used","dir.derm.exp","dir.derm.max","dir.derm.abs","dir.inhal.exp","dir.inhal.max","dir.inhal.mass","dir.inhal.abs","dir.ingest.exp","dir.ingest.abs","dir.release","ind.derm.exp","ind.derm.pr.exp","ind.derm.ar.exp","ind.derm.max","ind.derm.abs","ind.inhal.exp","ind.inhal.pr.exp","ind.inhal.ar.exp","ind.inhal.amb.in","ind.inhal.amb.out","ind.inhal.max","ind.inhal.mass","ind.inhal.abs","ind.ingest.exp","ind.ingest.abs","out.sur","out.air","drain","waste","food.ing","food.abs"
914,"DTXSID2021781",0,0,0,0,0,0,0,0,0,0,0,0,0,0,0,0,0,0,0,0,0,0,0,0,0,0,0,0,0,0,0,0
914,"DTXSID3020205",0,0,0,0,0,0,0,0,0,0,0,0,0,0,0,0,0,0,0,0,0,0,0,0,0,0,0,0,0,0,0,0
914,"DTXSID7021360",1437818.2757783,0.482911642552603,0.000910777590373671,0.000322747163835253,0.063277004958505,4.12164067921231,3.18599697186041,0.509759515497666,0,0,422.248010379931,0.181385740594081,0.181385740594081,0,3.11669388546006e-05,0.000121226590504593,0.147360784026491,0.147360784026491,0,0,0,1.6974719326264,3.57877796807528,0.572604474892046,4.30686136512054e-09,4.30554098479066e-09,0.313850920477752,2929.56863021935,0,40.4735901981166,0,0
914,"DTXSID8020462",1598257.52185627,44.3448813436614,0.0828069925071171,0.0222796862891099,1.75665416179109e-05,0.00615102467604247,0.000603384958859013,9.65415934174421e-05,0.00205780810133585,0.00164380953211371,4390.817367737,4.94528523187211e-05,4.94528523187211e-05,0,6.10142251488595e-09,8.8116760735647e-06,1.63544737600656e-07,1.63544737600656e-07,0,0,0,1.45089758862898e-06,3.95848712012853e-06,6.33357939220564e-07,2.0589829446556e-07,1.64474801546718e-07,0,0.00271916740650302,43.4644834508365,43.9082370260193,0,0
914,"DTXSID8020913",0,0,0,0,0,0,0,0,0,0,0,0,0,0,0,0,0,0,0,0,0,0,0,0,0,0,0,0,0,0,0,0
