"household","dtxsid","total.used","dir.derm.exp","dir.derm.max","dir.derm.abs","dir.inhal.exp","dir.inhal.max","dir.inhal.mass","dir.inhal.abs","dir.ingest.exp","dir.ingest.abs","dir.release","ind.derm.exp","ind.derm.pr.exp","ind.derm.ar.exp","ind.derm.max","ind.derm.abs","ind.inhal.exp","ind.inhal.pr.exp","ind.inhal.ar.exp","ind.inhal.amb.in","ind.inhal.amb.out","ind.inhal.max","ind.inhal.mass","ind.inhal.abs","ind.ingest.exp","ind.ingest.abs","out.sur","out.air","drain","waste","food.ing","food.abs"
753,"DTXSID2021781",0,0,0,0,0,0,0,0,0,0,0,0,0,0,0,0,0,0,0,0,0,0,0,0,0,0,0,0,0,0,0,0
753,"DTXSID3020205",0,0,0,0,0,0,0,0,0,0,0,0,0,0,0,0,0,0,0,0,0,0,0,0,0,0,0,0,0,0,0,0
753,"DTXSID7021360",110706.688038024,1.52069626425857,0.00301894777440543,0.00101532723895416,0.31680960602991,8.5443004267052,9.50428818089731,1.52068610894357,0,0,304.139252851714,0.191824785730587,0.191824785730587,0,4.6047051646262e-05,0.000128076148412846,0.196755656942485,0.196755656942485,0,0,0,1.17657630430084,4.86027997011336,0.777644795218137,9.46427654523888e-09,9.46137502519275e-09,0,243.253374867779,0,3.07131078119945,0,0
753,"DTXSID8020462",844019.550646272,23.418510771718,0.0460310785468879,0.00861547428135142,6.38332350580482e-06,0.00299134494534282,0.000210458396686954,3.36733434699126e-05,0.00309896909048831,0.00247550533374008,2318.735029248,0.000120261171612509,0.000120261171612509,0,3.56131800775542e-08,2.81069403354299e-05,3.66068597262567e-07,3.66068597262567e-07,0,0,0,3.02777779955814e-06,8.31828555701548e-06,1.33092568912248e-06,1.36604170631612e-06,1.0912156369924e-06,0,0.000502843069614483,22.9540926847515,23.1873679786992,0,0
753,"DTXSID8020913",0,0,0,0,0,0,0,0,0,0,0,0,0,0,0,0,0,0,0,0,0,0,0,0,0,0,0,0,0,0,0,0
