"household","dtxsid","total.used","dir.derm.exp","dir.derm.max","dir.derm.abs","dir.inhal.exp","dir.inhal.max","dir.inhal.mass","dir.inhal.abs","dir.ingest.exp","dir.ingest.abs","dir.release","ind.derm.exp","ind.derm.pr.exp","ind.derm.ar.exp","ind.derm.max","ind.derm.abs","ind.inhal.exp","ind.inhal.pr.exp","ind.inhal.ar.exp","ind.inhal.amb.in","ind.inhal.amb.out","ind.inhal.max","ind.inhal.mass","ind.inhal.abs","ind.ingest.exp","ind.ingest.abs","out.sur","out.air","drain","waste","food.ing","food.abs"
723,"DTXSID2021781",101106.00671886,0,0,0,0.0115796686534339,1.70046123403475,0.347390059603016,0.0555824095364826,0,0,277.763754722143,19.4755652025702,19.4755652025702,0,0.00375212969711787,7.262917157652,0.00630222825615638,0.00630222825615638,0,0,0,0.0183382274977758,0.155808849296752,0.0249294158874804,0.00338622838110368,0.00338417830426211,0,19.1572504068153,0,92.6600868932986,0,0
723,"DTXSID3020205",0,0,0,0,0,0,0,0,0,0,0,0,0,0,0,0,0,0,0,0,0,0,0,0,0,0,0,0,0,0,0,0
723,"DTXSID7021360",1045014.204,0,0,0,0,0,0,0,0,0,0,0.267987472092442,0.267987472092442,0,4.71761790264831e-05,0.000178849986953872,0.209177035066581,0.209177035066581,0,0,0,2.53370596637656,5.44726407035855,0.871562251257368,1.92185160473061e-08,1.92126241115304e-08,0,1933.17850075933,0,30.9084799215413,0,0
723,"DTXSID8020462",0,0,0,0,0,0,0,0,0,0,0,0,0,0,0,0,0,0,0,0,0,0,0,0,0,0,0,0,0,0,0,0
723,"DTXSID8020913",1744.61919928,0.0239645494406593,4.26480905612666e-05,0.00010419740543073,0.000363650026651113,0.016200725130019,0.0109095007995334,0.00174552012792534,0,0,4.79290988813187,0.0534018982484788,0.0534018982484788,0,1.05541507607443e-05,0.000232190320385958,0.000289143331786883,0.000289143331786883,0,0,0,0.000618935840377725,0.00601690002660564,0.000962704004256902,2.71264877807503e-08,2.71186894037901e-08,0,3.46407305941423,0,0.665105005960589,0,0
