"household","dtxsid","total.used","dir.derm.exp","dir.derm.max","dir.derm.abs","dir.inhal.exp","dir.inhal.max","dir.inhal.mass","dir.inhal.abs","dir.ingest.exp","dir.ingest.abs","dir.release","ind.derm.exp","ind.derm.pr.exp","ind.derm.ar.exp","ind.derm.max","ind.derm.abs","ind.inhal.exp","ind.inhal.pr.exp","ind.inhal.ar.exp","ind.inhal.amb.in","ind.inhal.amb.out","ind.inhal.max","ind.inhal.mass","ind.inhal.abs","ind.ingest.exp","ind.ingest.abs","out.sur","out.air","drain","waste","food.ing","food.abs"
821,"DTXSID2021781",0,0,0,0,0,0,0,0,0,0,0,0,0,0,0,0,0,0,0,0,0,0,0,0,0,0,0,0,0,0,0,0
821,"DTXSID3020205",0,0,0,0,0,0,0,0,0,0,0,0,0,0,0,0,0,0,0,0,0,0,0,0,0,0,0,0,0,0,0,0
821,"DTXSID7021360",0,0,0,0,0,0,0,0,0,0,0,0,0,0,0,0,0,0,0,0,0,0,0,0,0,0,0,0,0,0,0,0
821,"DTXSID8020462",1340702.93722856,37.1982236499811,0.0693838707836582,0.0234436406864777,1.85468769130204e-05,0.00596120578918303,0.000642522608310319,0.000102803617329651,0.00437825925956644,0.0034974224760163,3683.249827551,0.000197201870828667,0.000197201870828667,0,2.41889066922134e-08,3.18706275442574e-05,1.03278724585114e-06,1.03278724585114e-06,0,0,0,7.05326898113616e-06,2.45077455153013e-05,3.92123928244821e-06,2.11043243428065e-06,1.68584667836638e-06,0,0.00319036219875228,36.4591269943212,36.8325527063421,0,0
821,"DTXSID8020913",3766.47171201,0.0517372487913461,9.74677027781794e-05,0.000227773474621733,0.000576296294597849,0.0409325571777105,0.0172888888379355,0.00276622221406968,0,0,10.3474497582692,0.325351753243571,0.325351753243571,0,4.09247623388285e-05,0.00143236189170148,0.00276178197861856,0.00276178197861856,0,0,0,0.00371778876765619,0.0615766697551806,0.00985226716082889,1.56790913313721e-07,1.5674583874838e-07,0,7.3814648234626,0,1.17279200096054,0,0
