"household","dtxsid","total.used","dir.derm.exp","dir.derm.max","dir.derm.abs","dir.inhal.exp","dir.inhal.max","dir.inhal.mass","dir.inhal.abs","dir.ingest.exp","dir.ingest.abs","dir.release","ind.derm.exp","ind.derm.pr.exp","ind.derm.ar.exp","ind.derm.max","ind.derm.abs","ind.inhal.exp","ind.inhal.pr.exp","ind.inhal.ar.exp","ind.inhal.amb.in","ind.inhal.amb.out","ind.inhal.max","ind.inhal.mass","ind.inhal.abs","ind.ingest.exp","ind.ingest.abs","out.sur","out.air","drain","waste","food.ing","food.abs"
243,"DTXSID2021781",0,0,0,0,0,0,0,0,0,0,0,0,0,0,0,0,0,0,0,0,0,0,0,0,0,0,0,0,0,0,0,0
243,"DTXSID3020205",0,0,0,0,0,0,0,0,0,0,0,0,0,0,0,0,0,0,0,0,0,0,0,0,0,0,0,0,0,0,0,0
243,"DTXSID7021360",702675.8222198,9.65214041510714,0.0194367129496953,0.00645623896487173,1.98760109855029,246.396830398796,100.175095366935,16.0280152587095,0,0,1930.42808302143,0.109622233672366,0.109622233672366,0,2.22132911954243e-05,7.33254204229069e-05,0.0428617973686227,0.0428617973686227,0,0,0,0.746934675650137,1.11666922720523,0.178667076352836,1.2773641560289e-08,1.27697254683541e-08,0,839.325969232095,0,21.5764030511657,0,0
243,"DTXSID8020462",3792.875,0.105082177676662,0.000209514145650472,0.0013708242935571,1.10741844829789e-06,0.000241007776467876,2.22237257787316e-05,3.55579612459705e-06,2.6840843105577e-05,2.1440888350218e-05,10.4199862637363,2.58601852651644e-06,2.58601852651644e-06,0,3.41888021229692e-10,5.83144529944608e-07,6.59840954625013e-09,6.59840954625013e-09,0,0,0,8.36477020410701e-08,1.61625305994017e-07,2.58600489590426e-08,6.68140186155449e-08,5.33720907249606e-08,0,0.000127734456063682,0.102847889989021,0.104200560749971,0,0
243,"DTXSID8020913",0,0,0,0,0,0,0,0,0,0,0,0,0,0,0,0,0,0,0,0,0,0,0,0,0,0,0,0,0,0,0,0
