"household","dtxsid","total.used","dir.derm.exp","dir.derm.max","dir.derm.abs","dir.inhal.exp","dir.inhal.max","dir.inhal.mass","dir.inhal.abs","dir.ingest.exp","dir.ingest.abs","dir.release","ind.derm.exp","ind.derm.pr.exp","ind.derm.ar.exp","ind.derm.max","ind.derm.abs","ind.inhal.exp","ind.inhal.pr.exp","ind.inhal.ar.exp","ind.inhal.amb.in","ind.inhal.amb.out","ind.inhal.max","ind.inhal.mass","ind.inhal.abs","ind.ingest.exp","ind.ingest.abs","out.sur","out.air","drain","waste","food.ing","food.abs"
253,"DTXSID2021781",0,0,0,0,0,0,0,0,0,0,0,0,0,0,0,0,0,0,0,0,0,0,0,0,0,0,0,0,0,0,0,0
253,"DTXSID3020205",0,0,0,0,0,0,0,0,0,0,0,0,0,0,0,0,0,0,0,0,0,0,0,0,0,0,0,0,0,0,0,0
253,"DTXSID7021360",43682.496139728,0.284445089175824,0.000467248235020282,0.000189509114336052,0.058220345318976,7.22966248016983,2.93424499992997,0.469479199988795,0,0,56.8890178351648,0.0174986024602463,0.0174986024602463,0,2.62074900092903e-06,1.16582934286404e-05,0.00985545865456511,0.00985545865456511,0,0,0,0.111096045177038,0.247405005117644,0.039584800818823,1.79472230861634e-09,1.79417208982986e-09,0,82.2970213245571,0,1.31746603642922,0,0
253,"DTXSID8020462",75255.363463946,2.08478551015375,0.00305165411925449,0.0129373135517632,0.00121605008932551,0.0505804344469093,0.0612810459688932,0.0098049673550229,0.00045007921706378,0.000359530369588612,206.587157698901,5.29884665509179,5.29884665509179,0,0.000522903259405695,1.10560612869359,0.0182789994803356,0.0182789994803356,0,0,0,0.0201053263514074,0.416053807787343,0.0665686092459748,0.111942226519883,0.0894212141938611,0,152.240459688939,2.04339339083879,23.7889094946509,0,0
253,"DTXSID8020913",0,0,0,0,0,0,0,0,0,0,0,0,0,0,0,0,0,0,0,0,0,0,0,0,0,0,0,0,0,0,0,0
