"household","dtxsid","total.used","dir.derm.exp","dir.derm.max","dir.derm.abs","dir.inhal.exp","dir.inhal.max","dir.inhal.mass","dir.inhal.abs","dir.ingest.exp","dir.ingest.abs","dir.release","ind.derm.exp","ind.derm.pr.exp","ind.derm.ar.exp","ind.derm.max","ind.derm.abs","ind.inhal.exp","ind.inhal.pr.exp","ind.inhal.ar.exp","ind.inhal.amb.in","ind.inhal.amb.out","ind.inhal.max","ind.inhal.mass","ind.inhal.abs","ind.ingest.exp","ind.ingest.abs","out.sur","out.air","drain","waste","food.ing","food.abs"
65,"DTXSID2021781",111135.389629342,0,0,0,0.012727653507759,2.07704227687818,0.381829605232771,0.0610927368372434,0,0,305.317004476214,103.014298568711,103.014298568711,0,0.0167945664907352,38.0934740809955,0.15035227357593,0.15035227357593,0,0,0,0.363153428112194,3.88944089287733,0.622310542860373,0.0122369403522229,0.0122295319127427,0,23.0871506872911,0,63.9403779856849,0,0
65,"DTXSID3020205",0,0,0,0,0,0,0,0,0,0,0,0,0,0,0,0,0,0,0,0,0,0,0,0,0,0,0,0,0,0,0,0
65,"DTXSID7021360",202874.754,0,0,0,0,0,0,0,0,0,0,0.0163681190088625,0.0163681190088625,0,4.88393022016602e-06,1.08455163924616e-05,0.0321665338125324,0.0321665338125324,0,0,0,0.623833390630278,0.829986042229834,0.132797766756774,8.02968076918363e-10,8.02721906177214e-10,4.96241535494426e-06,398.107338996164,0,5.58349907170821,0,0
65,"DTXSID8020462",1569331.07102554,0,0,0,0,0,0,0,0,0,0,0.000118812690277939,0.000118812690277939,0,1.94259804696735e-08,1.13514882203124e-05,3.94060031978515e-07,3.94060031978515e-07,0,0,0,5.76270689207983e-06,9.27486610207409e-06,1.48397857633185e-06,5.52754225719417e-07,4.41548784147497e-07,0,0.00219655409141294,42.6777793886492,43.1135269649983,0,0
65,"DTXSID8020913",0,0,0,0,0,0,0,0,0,0,0,0,0,0,0,0,0,0,0,0,0,0,0,0,0,0,0,0,0,0,0,0
