"household","dtxsid","total.used","dir.derm.exp","dir.derm.max","dir.derm.abs","dir.inhal.exp","dir.inhal.max","dir.inhal.mass","dir.inhal.abs","dir.ingest.exp","dir.ingest.abs","dir.release","ind.derm.exp","ind.derm.pr.exp","ind.derm.ar.exp","ind.derm.max","ind.derm.abs","ind.inhal.exp","ind.inhal.pr.exp","ind.inhal.ar.exp","ind.inhal.amb.in","ind.inhal.amb.out","ind.inhal.max","ind.inhal.mass","ind.inhal.abs","ind.ingest.exp","ind.ingest.abs","out.sur","out.air","drain","waste","food.ing","food.abs"
721,"DTXSID2021781",0,0,0,0,0,0,0,0,0,0,0,0,0,0,0,0,0,0,0,0,0,0,0,0,0,0,0,0,0,0,0,0
721,"DTXSID3020205",0,0,0,0,0,0,0,0,0,0,0,0,0,0,0,0,0,0,0,0,0,0,0,0,0,0,0,0,0,0,0,0
721,"DTXSID7021360",229959.34377954,0.214622802197802,0.000355478454455809,0.000142833430902829,0.664161921181505,25.8326444072668,33.4737608275478,5.35580173240765,0,0,631.75643895478,0.0783805972942327,0.0783805972942327,0,1.41295978113527e-05,5.21629770408148e-05,0.0390895825029468,0.0390895825029468,0,0,0,0.436302287257899,0.945816335682583,0.151330613709213,3.72690779435204e-08,3.72576521386808e-08,0,456.685047605844,0,6.37209817966648,0,0
721,"DTXSID8020462",2487695.31891302,69.0219132742787,0.113188769397197,0.0411833516626336,3.34945086932101e-05,0.00822263249952578,0.00116640095933447,0.000186624153493516,0.0654399460253202,0.0522744598913754,6834.32779921161,8.4302399013784e-05,8.4302399013784e-05,0,1.2959875418143e-08,1.5157145496431e-05,4.15719876252544e-07,4.15719876252544e-07,0,0,0,4.33306315010169e-06,9.92850522670016e-06,1.58856083627203e-06,7.12254041633326e-06,5.68959750019127e-06,0,0.00523377502803012,67.6505324224283,68.3432953120509,0,0
721,"DTXSID8020913",0,0,0,0,0,0,0,0,0,0,0,0,0,0,0,0,0,0,0,0,0,0,0,0,0,0,0,0,0,0,0,0
