"household","dtxsid","total.used","dir.derm.exp","dir.derm.max","dir.derm.abs","dir.inhal.exp","dir.inhal.max","dir.inhal.mass","dir.inhal.abs","dir.ingest.exp","dir.ingest.abs","dir.release","ind.derm.exp","ind.derm.pr.exp","ind.derm.ar.exp","ind.derm.max","ind.derm.abs","ind.inhal.exp","ind.inhal.pr.exp","ind.inhal.ar.exp","ind.inhal.amb.in","ind.inhal.amb.out","ind.inhal.max","ind.inhal.mass","ind.inhal.abs","ind.ingest.exp","ind.ingest.abs","out.sur","out.air","drain","waste","food.ing","food.abs"
362,"DTXSID2021781",0,0,0,0,0,0,0,0,0,0,0,0,0,0,0,0,0,0,0,0,0,0,0,0,0,0,0,0,0,0,0,0
362,"DTXSID3020205",0,0,0,0,0,0,0,0,0,0,0,0,0,0,0,0,0,0,0,0,0,0,0,0,0,0,0,0,0,0,0,0
362,"DTXSID7021360",540172.317442318,0.0407769230769231,6.75595922590126e-05,2.73577607662676e-05,0.306175293560456,61.5932700123922,9.20055005037358,1.47208800805977,0,0,311.278461538462,0.0643109545663782,0.0643109545663782,0,1.70878441872614e-05,4.3147039600108e-05,0.02886277362863,0.02886277362863,0,0,0,0.497681638770487,0.718855684382597,0.115016909501216,7.11858322383378e-09,7.11640083706335e-09,22.7810693991015,1274.82428032979,0,16.9740459142717,0,0
362,"DTXSID8020462",21091.85085637,0,0,0,0.000287536198888021,0.0285908111033525,0.00258782578999219,0.00041405212639875,0.00776347736997657,0.00620158803672325,57.9446452098077,0.0194644425188616,0.0194644425188616,0,4.03856742781852e-06,0.00513704006617234,5.2947899401934e-05,5.2947899401934e-05,0,0,0,0.000160696271519525,0.00104426082916475,0.00016708173266636,0.000557425382429892,0.000445280177721898,0,0.562153294791086,56.5871106052186,0.595849249485938,0,0
362,"DTXSID8020913",0,0,0,0,0,0,0,0,0,0,0,0,0,0,0,0,0,0,0,0,0,0,0,0,0,0,0,0,0,0,0,0
