"household","dtxsid","total.used","dir.derm.exp","dir.derm.max","dir.derm.abs","dir.inhal.exp","dir.inhal.max","dir.inhal.mass","dir.inhal.abs","dir.ingest.exp","dir.ingest.abs","dir.release","ind.derm.exp","ind.derm.pr.exp","ind.derm.ar.exp","ind.derm.max","ind.derm.abs","ind.inhal.exp","ind.inhal.pr.exp","ind.inhal.ar.exp","ind.inhal.amb.in","ind.inhal.amb.out","ind.inhal.max","ind.inhal.mass","ind.inhal.abs","ind.ingest.exp","ind.ingest.abs","out.sur","out.air","drain","waste","food.ing","food.abs"
40,"DTXSID2021781",42846.258502656,0,0,0,0,0,0,0,0,0,0,0,0,0,0,0,0,0,0,0,0,0,0,0,0,0,116.411110155482,0.121011718299456,0.000281648399540204,1.17709501380923,0,0
40,"DTXSID3020205",0,0,0,0,0,0,0,0,0,0,0,0,0,0,0,0,0,0,0,0,0,0,0,0,0,0,0,0,0,0,0,0
40,"DTXSID7021360",593603.808239232,8.15389846482462,0.0160041438404355,0.00541926398916315,1.67076200408605,221.700319579895,84.2064050059368,13.4730248009499,0,0,1630.77969296492,0.120834791371285,0.120834791371285,0,3.19831513553234e-05,8.03095070520217e-05,0.127332294399212,0.127332294399212,0,0,0,1.66834838100156,3.23845100024734,0.518152160039574,1.23994343448e-08,1.23956329758163e-08,0,1019.872458814,0,19.1121777638842,0,0
40,"DTXSID8020462",15643.062799191,0,0,0,9.43399794649994e-11,9.41177569832334e-09,8.49059815184994e-10,1.35849570429599e-10,2.54717944555498e-09,2.03472707192148e-09,1.90427884615385e-05,6.65520427490072e-09,6.65520427490072e-09,0,1.58045016796801e-12,5.33659732932296e-10,1.90377477035815e-11,1.90377477035815e-11,0,0,0,5.30828843253597e-11,3.7848864190049e-10,6.05581827040783e-11,5.41914250617109e-11,4.32889641251965e-11,0,2.02803507731569e-07,0.425374632634068,0.429754474662251,0,0
40,"DTXSID8020913",0,0,0,0,0,0,0,0,0,0,0,0,0,0,0,0,0,0,0,0,0,0,0,0,0,0,0,0,0,0,0,0
