"household","dtxsid","total.used","dir.derm.exp","dir.derm.max","dir.derm.abs","dir.inhal.exp","dir.inhal.max","dir.inhal.mass","dir.inhal.abs","dir.ingest.exp","dir.ingest.abs","dir.release","ind.derm.exp","ind.derm.pr.exp","ind.derm.ar.exp","ind.derm.max","ind.derm.abs","ind.inhal.exp","ind.inhal.pr.exp","ind.inhal.ar.exp","ind.inhal.amb.in","ind.inhal.amb.out","ind.inhal.max","ind.inhal.mass","ind.inhal.abs","ind.ingest.exp","ind.ingest.abs","out.sur","out.air","drain","waste","food.ing","food.abs"
376,"DTXSID2021781",0,0,0,0,0,0,0,0,0,0,0,0,0,0,0,0,0,0,0,0,0,0,0,0,0,0,0,0,0,0,0,0
376,"DTXSID3020205",0,0,0,0,0,0,0,0,0,0,0,0,0,0,0,0,0,0,0,0,0,0,0,0,0,0,0,0,0,0,0,0
376,"DTXSID7021360",1361221.008,13.0477989010989,0.0218036632553563,0.00868141637136544,3.89335297258381,312.656413592611,196.224989818224,31.3959983709159,0,0,3739.61815384615,0.141771164731277,0.141771164731277,0,2.8791056363645e-05,9.43281161889247e-05,0.245408971590447,0.245408971590447,0,0,0,2.67016321485496,5.85395883328902,0.936633413326244,2.52980958634704e-08,2.5290340074433e-08,0,2700.93512940266,0,38.9947445615524,0,0
376,"DTXSID8020462",10973.957677,0.238688301273286,0.000394920768882036,0.00346481395590843,3.82114119691791e-05,0.0032980956503711,0.00037486994499732,5.99791911995713e-05,0.00100750460923312,0.000804810555090531,30.1482353763736,0.00154229656792771,0.00154229656792771,0,1.84153843138949e-07,0.000201589879343486,6.25015188519047e-06,6.25015188519047e-06,0,0,0,1.31077641621743e-05,0.000132685794411408,2.12297271058253e-05,3.55587611185092e-05,2.84048986097466e-05,0,0.0683249408902629,6.55020201465477,0.30246372662047,0,0
376,"DTXSID8020913",0,0,0,0,0,0,0,0,0,0,0,0,0,0,0,0,0,0,0,0,0,0,0,0,0,0,0,0,0,0,0,0
