"household","dtxsid","total.used","dir.derm.exp","dir.derm.max","dir.derm.abs","dir.inhal.exp","dir.inhal.max","dir.inhal.mass","dir.inhal.abs","dir.ingest.exp","dir.ingest.abs","dir.release","ind.derm.exp","ind.derm.pr.exp","ind.derm.ar.exp","ind.derm.max","ind.derm.abs","ind.inhal.exp","ind.inhal.pr.exp","ind.inhal.ar.exp","ind.inhal.amb.in","ind.inhal.amb.out","ind.inhal.max","ind.inhal.mass","ind.inhal.abs","ind.ingest.exp","ind.ingest.abs","out.sur","out.air","drain","waste","food.ing","food.abs"
899,"DTXSID2021781",0,0,0,0,0,0,0,0,0,0,0,0,0,0,0,0,0,0,0,0,0,0,0,0,0,0,0,0,0,0,0,0
899,"DTXSID3020205",10833.068424609,0.148808236483872,0.000272572039149165,0.0570316325150707,0.000501747631536504,0.0203051036788892,0.0150524287330785,0.00240838859729256,5.65592006027685e-11,5.65320977731948e-11,29.7611769906841,7.7931382478548,7.7931382478548,0,0.0010260588558652,2.98346019482291,0.00439097437533445,0.00439097437533445,0,0,0,0.00810685786021297,0.113757134213951,0.0182011414742321,0.00862366078602104,0.00861952837951434,0,0.50060491851267,4.56473558287626e-06,3.62858549906658,0,0
899,"DTXSID7021360",351458.672182652,0.24087626624522,0.000441213181260059,0.000160916328971724,1.01533243677395,25.9947812342765,50.1671219043883,8.02673950470213,0,0,965.545802699593,0.493217719409125,0.493217719409125,0,7.70601934952104e-05,0.000329491815822617,0.23046945212197,0.23046945212197,0,0,0,2.01769312651752,5.89291158382274,0.942865853411639,1.64248746331581e-07,1.64198391607925e-07,0,717.692845016034,0,9.7224374960181,0,0
899,"DTXSID8020462",0,0,0,0,0,0,0,0,0,0,0,0,0,0,0,0,0,0,0,0,0,0,0,0,0,0,0,0,0,0,0,0
899,"DTXSID8020913",0,0,0,0,0,0,0,0,0,0,0,0,0,0,0,0,0,0,0,0,0,0,0,0,0,0,0,0,0,0,0,0
