"household","dtxsid","total.used","dir.derm.exp","dir.derm.max","dir.derm.abs","dir.inhal.exp","dir.inhal.max","dir.inhal.mass","dir.inhal.abs","dir.ingest.exp","dir.ingest.abs","dir.release","ind.derm.exp","ind.derm.pr.exp","ind.derm.ar.exp","ind.derm.max","ind.derm.abs","ind.inhal.exp","ind.inhal.pr.exp","ind.inhal.ar.exp","ind.inhal.amb.in","ind.inhal.amb.out","ind.inhal.max","ind.inhal.mass","ind.inhal.abs","ind.ingest.exp","ind.ingest.abs","out.sur","out.air","drain","waste","food.ing","food.abs"
681,"DTXSID2021781",0,0,0,0,0,0,0,0,0,0,0,0,0,0,0,0,0,0,0,0,0,0,0,0,0,0,0,0,0,0,0,0
681,"DTXSID3020205",6012.696948804,0.0913610512991908,0.000240485833229118,0.0345012221097344,0.000268074011734466,0.0167329659952825,0.00804143290768303,0.00128662926522929,5.66320972144557e-07,5.66049594532631e-07,16.518398211,2.9063298589689,2.9063298589689,0,0.000780079944833553,1.1244516343878,0.00402669313153408,0.00402669313153408,0,0,0,0.0101994721944775,0.104125109200075,0.016660017472012,0.00277622618158914,0.00277489583066028,0,0.505878619508591,0.0170222934151939,2.28628745564655,0,0
681,"DTXSID7021360",66615.255034656,0.147803283443077,0.000389789923220168,9.96397857971593e-05,0.192226112525349,9.78504078772627,9.06012816349735,1.44962050615958,0,0,183.008942402901,0.0489938065518583,0.0489938065518583,0,1.80866459629483e-05,3.30285692900793e-05,0.0370093001547148,0.0370093001547148,0,0,0,0.464534797746516,0.812783046087107,0.130045287373937,1.40633842044616e-08,1.40590727083858e-08,0,130.323075811521,0,1.85378795486463,0,0
681,"DTXSID8020462",0,0,0,0,0,0,0,0,0,0,0,0,0,0,0,0,0,0,0,0,0,0,0,0,0,0,0,0,0,0,0,0
681,"DTXSID8020913",0,0,0,0,0,0,0,0,0,0,0,0,0,0,0,0,0,0,0,0,0,0,0,0,0,0,0,0,0,0,0,0
