"dtxsid","molwt","vapor","solub","kow","decay.air","decay.sur","diffus.air","conc.out"
"DTXSID2021781",278.35,0.00260764381526682,0.0342099537685642,42286.6369750096,0.767528267667113,0.000523541940391641,0.6152321763907,0
"DTXSID3020205",312.37,0.000980635402010411,0.0071695276817931,12941.9674713958,0.861907018656347,0.000581222596984383,0.426624528262657,0
"DTXSID7021360",92.14,2416.25019435107,3.48932227872641,416.546102400255,0.440569622781028,0.00062792696541294,0.462831599502048,0
"DTXSID8020462",106.12,1.28884055759621,11182.9727902818,0.0500357289815271,2.80016245774007,0.000902775714163643,0.82370238066553,0
"DTXSID8020913",128.18,6.12633287034654,0.194391548959374,2314.95549623505,1.87839560134551,0.000939362215346344,0.655144594058514,0
