"dtxsid","molwt","vapor","solub","kow","decay.air","decay.sur","diffus.air","conc.out"
"DTXSID2021781",278.35,0.00268232092551844,0.0739193955159972,38896.6292123156,0.358410671582567,0.00156473891042351,0.263374583925002,0
"DTXSID3020205",312.37,0.00116401557427147,0.0102980752899162,46724.4694099097,0.347049860568312,0.00106357318927917,0.381641678251263,0
"DTXSID7021360",92.14,2783.64577465823,4.48554748998987,322.244840045565,0.784913540792519,0.000766141031887451,0.814253782396606,0
"DTXSID8020462",106.12,1.91172427847483,5853.46129557082,0.104671120286496,1.04612240640489,0.000635612211641541,0.828519276349989,0
"DTXSID8020913",128.18,7.88936814673953,0.209726621308269,1053.48619205991,3.40981373973451,0.00143726028563379,0.977663772778296,0
