"dtxsid","molwt","vapor","solub","kow","decay.air","decay.sur","diffus.air","conc.out"
"DTXSID2021781",278.35,0.00649130251792028,0.0605582449577156,28448.049408996,0.516547045956877,0.000779480838570523,0.305831213140298,0
"DTXSID3020205",312.37,0.00035711493771298,0.0103381164180054,10214.529832135,0.942142472691101,0.000663675479745936,0.447100157289809,0
"DTXSID7021360",92.14,1276.59871726555,3.04637540921799,510.095175846204,0.346590425692037,0.000497432352244141,0.567190515815422,0
"DTXSID8020462",106.12,0.769381082945439,7943.2751586307,0.0472793082202944,2.66364886206958,0.00120064372292244,0.713817422361853,0
"DTXSID8020913",128.18,6.00925496812027,0.196021784611594,3048.65933582528,1.29484788211236,0.00142643450388256,0.667926301263971,0
