"dtxsid","molwt","vapor","solub","kow","decay.air","decay.sur","diffus.air","conc.out"
"DTXSID2021781",278.35,0.00213288786434433,0.0464430484822999,50806.5622682126,0.493224506697389,0.00125668157360379,0.567773348639527,0
"DTXSID3020205",312.37,0.00150805256327326,0.0082471753589099,25090.0454962774,0.644310157271777,0.000661653493379679,0.531216702896303,0
"DTXSID7021360",92.14,6151.98022640311,5.07993598105584,422.771389961009,0.154194576442224,0.00110232701653675,1.07436928353229,0
"DTXSID8020462",106.12,0.757013377347533,8628.49114328821,0.0562265296840926,1.885140300115,0.00160524518235127,0.976536669092564,0
"DTXSID8020913",128.18,6.60189049524758,0.211522592144183,839.097186841199,0.803022934817762,0.00152914684403199,0.77900992083983,0
