"dtxsid","molwt","vapor","solub","kow","decay.air","decay.sur","diffus.air","conc.out"
"DTXSID2021781",278.35,0.010645742208617,0.0315442511429114,32870.6798549498,0.522662246412,0.000843071752646527,0.363443805365152,0
"DTXSID3020205",312.37,0.000597947814939719,0.0106731313483642,19830.2760678048,0.655277782668367,0.000849829420296911,0.436186176456588,0
"DTXSID7021360",92.14,3048.07382712789,7.48514207591756,380.755688157495,0.605947719956119,0.000856592523708798,1.23759619461496,0
"DTXSID8020462",106.12,0.265428399301982,12809.5083707797,0.060726819112592,1.38014542983046,0.000749396234361044,0.584080031534228,0
"DTXSID8020913",128.18,2.77379131510367,0.117810323902275,1614.81236441321,1.63967682459588,0.00117307482368889,0.584299662101319,0
