"dtxsid","molwt","vapor","solub","kow","decay.air","decay.sur","diffus.air","conc.out"
"DTXSID2021781",278.35,0.00518905229987697,0.0240242513290854,24679.1192724019,0.43702836441439,0.00101596682038201,0.56015928025315,0
"DTXSID3020205",312.37,0.00191040129117923,0.00436136597159386,16118.2859686259,0.951668056195828,0.00068923901344573,0.459979555133717,0
"DTXSID7021360",92.14,493.666303446598,6.44376158539451,335.036894947694,0.348554602118094,0.00150448712202948,1.3081832134388,0
"DTXSID8020462",106.12,0.435870845180062,9590.4197381492,0.0628929319889434,4.95024317224726,0.000956992032753038,0.929774404526717,0
"DTXSID8020913",128.18,4.69972400085555,0.155883076889521,1853.0075589326,1.60012083981421,0.000731894032848751,0.707793801014755,0
