"dtxsid","molwt","vapor","solub","kow","decay.air","decay.sur","diffus.air","conc.out"
"DTXSID2021781",278.35,0.00711407949391484,0.0476534770672984,39891.8132071872,1.22662724406031,0.00130170888012034,0.460389335113626,0
"DTXSID3020205",312.37,0.000301285686863244,0.00565218231859076,15726.3570607582,0.450816737596344,0.000636174611869482,0.465722450956688,0
"DTXSID7021360",92.14,3436.88918017058,3.66733663525736,594.780184351489,0.249218178378275,0.00102304647276846,0.878329782519237,0
"DTXSID8020462",106.12,1.71693613753582,8207.04441469424,0.0689093055806368,1.23895260988204,0.00165884570811458,0.866975898008562,0
"DTXSID8020913",128.18,5.13743329301483,0.161527164630015,3892.14019618282,0.912354136952644,0.000635399140308481,0.831317242919796,0
