"dtxsid","molwt","vapor","solub","kow","decay.air","decay.sur","diffus.air","conc.out"
"DTXSID2021781",278.35,0.00206755473221269,0.0378001802177607,18981.7028608123,0.364010413683407,0.00119664154813516,0.450991403530867,0
"DTXSID3020205",312.37,0.00119969304654383,0.00841927078643455,14358.3655629863,0.730546106724499,0.000473242416136731,0.753897415600786,0
"DTXSID7021360",92.14,8079.92233203932,3.62572806392786,330.734018693719,0.379930446694756,0.000896691957942894,0.607126731961377,0
"DTXSID8020462",106.12,0.783905643174971,7618.46916403416,0.0758093392966351,1.94100765996159,0.00142383201631501,0.974369396854599,0
"DTXSID8020913",128.18,8.70504459703649,0.119258665746842,2408.44991372983,1.34575345903564,0.00127219112053546,0.738810426936367,0
