"dtxsid","molwt","vapor","solub","kow","decay.air","decay.sur","diffus.air","conc.out"
"DTXSID2021781",278.35,0.00182271944153027,0.0420550794505213,61518.5861430635,0.815896915408347,0.00146660417469687,0.478690768902333,0
"DTXSID3020205",312.37,0.000590229048183832,0.00918796944016444,13497.7027213734,0.365063972309334,0.00117113809505232,0.547908859086216,0
"DTXSID7021360",92.14,4678.92824651201,3.72238904873459,359.924011748189,0.325626956315955,0.000975518014618345,1.07283914396921,0
"DTXSID8020462",106.12,0.222759889388376,12659.2205830913,0.0851147285032931,2.15277294007151,0.000786169580755962,0.550350825971875,0
"DTXSID8020913",128.18,5.01945535331472,0.162225000588541,3101.42020339703,2.28419027469421,0.00061473177272884,0.649694422621795,0
