"dtxsid","molwt","vapor","solub","kow","decay.air","decay.sur","diffus.air","conc.out"
"DTXSID2021781",278.35,0.00174680857121102,0.0320496384205088,24507.936196588,2.08305820494168,0.00170153223873006,0.62906393401296,0
"DTXSID3020205",312.37,0.000158221433898563,0.0108191806524133,17711.9630361562,0.634207621816039,0.00116069425761842,0.718152847433,0
"DTXSID7021360",92.14,3263.18866713141,4.03424963302171,403.025854536705,0.30447160167722,0.000885113982130491,1.01841196753469,0
"DTXSID8020462",106.12,0.642932206891641,6398.89877735395,0.110874084097727,1.70990108545333,0.000829558705291121,1.17757352972677,0
"DTXSID8020913",128.18,20.2702779410204,0.174934148870276,3816.21558854451,1.09364182814446,0.00107970834536526,0.643990134674195,0
