"dtxsid","molwt","vapor","solub","kow","decay.air","decay.sur","diffus.air","conc.out"
"DTXSID2021781",278.35,0.015009654927464,0.0320521525462117,15283.01050634,1.15072583534221,0.00120052717501573,0.675025896295279,0
"DTXSID3020205",312.37,0.0025664708298692,0.0076511900680294,18834.5586588918,1.27951121625451,0.000988155031375672,0.456826779001437,0
"DTXSID7021360",92.14,4396.62904592453,5.79172957815694,596.680706270956,0.581578242836082,0.000810929952953521,0.890536412000994,0
"DTXSID8020462",106.12,1.13446528043037,9840.5040474461,0.132086863047818,1.83212430003168,0.00140117419918644,0.560634611815561,0
"DTXSID8020913",128.18,6.72651157711112,0.129494903455264,1838.23978566815,1.2107560561421,0.00105566642031756,0.633423546171916,0
