"dtxsid","molwt","vapor","solub","kow","decay.air","decay.sur","diffus.air","conc.out"
"DTXSID2021781",278.35,0.0073939848179466,0.0481978012765747,46088.3283386365,0.361866698917715,0.000447055394196909,0.30308395964741,0
"DTXSID3020205",312.37,0.000887135021924423,0.0151556223284442,16789.4259063978,0.774638818314123,0.00105729722938295,0.449365701053777,0
"DTXSID7021360",92.14,6574.41706294022,2.71334376020545,597.420521386106,0.458497524199109,0.000574382589149126,1.19985634434962,0
"DTXSID8020462",106.12,1.12608107701785,8152.28068700053,0.0621721604653814,2.3820258935109,0.00106289906367062,0.633013925077939,0
"DTXSID8020913",128.18,16.0129556514139,0.148551361572762,3094.29846695457,1.90911857632774,0.00124844490534416,0.695164030070142,0
