"dtxsid","molwt","vapor","solub","kow","decay.air","decay.sur","diffus.air","conc.out"
"DTXSID2021781",278.35,0.00551200981108748,0.0230744291834824,44171.4449103505,0.900448640287424,0.000521446673578525,0.496577050714117,0
"DTXSID3020205",312.37,0.000109628274756158,0.00798373017154928,25431.4869867453,0.439075672489748,0.00113186528374811,0.442968926705515,0
"DTXSID7021360",92.14,1627.68223434275,3.1042611438889,472.668540945635,1.15241858107143,0.000696146258342687,0.638959217225341,0
"DTXSID8020462",106.12,0.67265485720417,9130.81612643222,0.0497764402516559,1.84646912244027,0.000828959482542451,0.50790767400724,0
"DTXSID8020913",128.18,8.96978569206567,0.139782468846909,1107.07567357712,1.1735386660046,0.000998761645301487,0.74192424803265,0
