"dtxsid","molwt","vapor","solub","kow","decay.air","decay.sur","diffus.air","conc.out"
"DTXSID2021781",278.35,0.00221945608339394,0.0353398915894731,33038.1966583353,0.364835367091271,0.000615451477459435,0.550297899084367,0
"DTXSID3020205",312.37,0.000337812676529315,0.0151392115798073,12405.4313420038,0.507314815901582,0.000471266996957242,0.562908665037929,0
"DTXSID7021360",92.14,3359.77448654907,2.81392482690855,503.095214891906,0.340054297779951,0.0019325567846773,0.667246508072302,0
"DTXSID8020462",106.12,0.751313560968689,7835.70998188505,0.114249576741291,1.15419533143838,0.000911670134848283,0.682623457911688,0
"DTXSID8020913",128.18,15.331698172555,0.143560001512616,2053.74174505519,1.10084156325257,0.00091867991641811,1.06592316336828,0
