"dtxsid","molwt","vapor","solub","kow","decay.air","decay.sur","diffus.air","conc.out"
"DTXSID2021781",278.35,0.00169596960595463,0.0459218582912784,38042.8037825259,0.442688526932302,0.00123150141159576,0.607075212508188,0
"DTXSID3020205",312.37,0.000342690227630901,0.00670779003330436,33951.1916700725,0.845144294816011,0.000796420512569868,0.403235406089273,0
"DTXSID7021360",92.14,2046.36936495266,4.29736346921398,258.263137683299,0.191021290337766,0.00160485274868702,0.988470390615323,0
"DTXSID8020462",106.12,0.571891597856854,9507.03140603426,0.0691255632925298,1.80196978066934,0.000971015710970763,0.649976453947243,0
"DTXSID8020913",128.18,6.4223230804401,0.0865709110844667,2519.48158505901,1.99430719901191,0.000410980747746349,0.8554744297564,0
