"dtxsid","molwt","vapor","solub","kow","decay.air","decay.sur","diffus.air","conc.out"
"DTXSID2021781",278.35,0.00586575848290614,0.0369459349247956,21068.662249227,1.02927930051611,0.000870846300239846,0.493334702715661,0
"DTXSID3020205",312.37,0.00115307924433012,0.00730256422484279,13639.1649108478,0.389456949309175,0.00195758454180914,0.556018547367813,0
"DTXSID7021360",92.14,2856.96942212698,6.58538299875741,281.075403233198,0.471754938438892,0.00103722298073543,0.837066879529714,0
"DTXSID8020462",106.12,0.776376496856171,5789.51750259451,0.0628594500355873,1.75263829475197,0.000721955891308115,0.930989847002762,0
"DTXSID8020913",128.18,3.67335076980453,0.185362010295798,1830.25991946986,0.612833896295886,0.000769418566750533,0.4863746657731,0
