"dtxsid","molwt","vapor","solub","kow","decay.air","decay.sur","diffus.air","conc.out"
"DTXSID2021781",278.35,0.00263238884686169,0.0382177697817695,29503.178635426,0.720827879220383,0.00089550794905091,0.547612794568903,0
"DTXSID3020205",312.37,5.87334784053169e-05,0.0161038662045835,13483.8938627521,0.833544123842794,0.000807591282651218,0.578059639138895,0
"DTXSID7021360",92.14,3150.52477790969,3.72430269834138,671.508389998868,0.39104469554993,0.000716421176686515,0.993662022693729,0
"DTXSID8020462",106.12,0.38030149698283,9448.85599402599,0.07490922175473,1.36090926495138,0.00179368294761367,1.07068533780034,0
"DTXSID8020913",128.18,10.4299891137298,0.221377732223991,1539.53646607859,0.732727642180311,0.0012762052180277,0.939976689130183,0
