"dtxsid","molwt","vapor","solub","kow","decay.air","decay.sur","diffus.air","conc.out"
"DTXSID2021781",278.35,0.00448003763538893,0.0275573033034408,32381.8087257884,0.658482898298037,0.000577502085838961,0.761345406797537,0
"DTXSID3020205",312.37,0.000868441725664035,0.00765619197460407,14413.341045929,0.591354918328075,0.000718262716579514,0.666432139802801,0
"DTXSID7021360",92.14,4639.22863240655,5.12835667441856,663.351953968729,0.347626299472548,0.000833408628074731,1.032243117889,0
"DTXSID8020462",106.12,1.27827747610742,7460.99044675319,0.142283558176462,2.89201346237357,0.00142295639674126,0.915239031584677,0
"DTXSID8020913",128.18,13.377761228801,0.180733891045653,2581.8634701019,2.43999772665655,0.000788018093610069,1.39790521825194,0
