"dtxsid","molwt","vapor","solub","kow","decay.air","decay.sur","diffus.air","conc.out"
"DTXSID2021781",278.35,0.00225702968897736,0.034432151650407,45204.0019677272,0.401676000239885,0.000574998666120399,0.666835761188509,0
"DTXSID3020205",312.37,0.000437781835018749,0.00969743339020785,12402.8605428207,0.527927712973227,0.000917703351569331,0.587832339435346,0
"DTXSID7021360",92.14,1710.50857888579,5.66276972684002,379.674508093324,0.396231447750993,0.00130804194876555,0.819270036968521,0
"DTXSID8020462",106.12,0.47297406227527,9175.94636438703,0.11614453620455,3.40899057131555,0.000680510344402023,0.717912240217229,0
"DTXSID8020913",128.18,3.37066989941673,0.206446124153787,1441.58499119229,1.01592189683962,0.00129027813473683,0.65886312328893,0
