"dtxsid","molwt","vapor","solub","kow","decay.air","decay.sur","diffus.air","conc.out"
"DTXSID2021781",278.35,0.00246737849480779,0.0520620513520874,40410.1976989326,0.884373631955239,0.00124645009546711,0.633643018486137,0
"DTXSID3020205",312.37,0.000333523312394609,0.0212106874210445,16913.5169751143,0.897955100922027,0.00141405403856339,0.488584298301766,0
"DTXSID7021360",92.14,2026.09610567992,6.62829635920209,746.150810068761,0.267285149393049,0.00168369711100686,0.761124669217978,0
"DTXSID8020462",106.12,0.37104222633935,7620.10912115742,0.0697704645311387,1.90500150158321,0.00146465036599608,0.478903748801135,0
"DTXSID8020913",128.18,4.5100541689982,0.126389533009253,4710.84287619568,2.73167120276008,0.00101402196621625,0.75425703476233,0
