"dtxsid","molwt","vapor","solub","kow","decay.air","decay.sur","diffus.air","conc.out"
"DTXSID2021781",278.35,0.00675119179310589,0.034574473803828,32678.0840522122,0.837199217934265,0.000675859080072339,0.576486513226894,0
"DTXSID3020205",312.37,0.000562712729470152,0.00977031632658292,14679.6981515875,0.589191604344153,0.00325326870853711,0.478788878609497,0
"DTXSID7021360",92.14,5548.23442379295,5.3018474178219,687.073224198855,0.225609901447779,0.00147099933755346,1.21111597721103,0
"DTXSID8020462",106.12,0.679625581437879,8560.23935590112,0.0873920776042457,3.05452468491169,0.00118055730684468,0.913003094779344,0
"DTXSID8020913",128.18,12.634954661262,0.166802922771671,1795.44516207194,1.62595824555263,0.00131015315702568,0.726122694250103,0
