"dtxsid","molwt","vapor","solub","kow","decay.air","decay.sur","diffus.air","conc.out"
"DTXSID2021781",278.35,0.000552204378264503,0.0373946671246683,27920.3122612413,0.272900715926761,0.00207709130600606,0.777407855996706,0
"DTXSID3020205",312.37,0.00105685262340641,0.00807490661734176,19690.1899874813,0.442721626282073,0.00115722108279721,0.477502347469651,0
"DTXSID7021360",92.14,1871.55121521063,4.9478924825175,441.403028584229,0.237059940603998,0.000824419041111507,0.856686206425573,0
"DTXSID8020462",106.12,0.237672758770693,7800.37904844485,0.0600198997342162,2.36202700258229,0.00107213771859076,1.3654489610205,0
"DTXSID8020913",128.18,7.43622999824796,0.172510426407353,1941.62308176896,1.69205302767375,0.000656441208105742,0.425993886911083,0
