"dtxsid","molwt","vapor","solub","kow","decay.air","decay.sur","diffus.air","conc.out"
"DTXSID2021781",278.35,0.00529087180359628,0.0497642715972783,35529.7563512424,0.473387397660736,0.00100973349227747,0.532025125727515,0
"DTXSID3020205",312.37,0.000550090011564333,0.0140292569374487,32256.92388094,0.756954712857073,0.00127685972057504,0.486815431565269,0
"DTXSID7021360",92.14,2619.1665222883,4.7915163527914,265.358338963207,0.233689189034284,0.00190371831418014,0.922759777358219,0
"DTXSID8020462",106.12,0.345200364099962,7215.7119177942,0.167261654500897,1.43016992917662,0.00127441467810789,0.827415594431883,0
"DTXSID8020913",128.18,3.05371987027458,0.22302197781523,1724.62995840877,1.90800862550763,0.000732715010703338,0.481322880609365,0
