"dtxsid","molwt","vapor","solub","kow","decay.air","decay.sur","diffus.air","conc.out"
"DTXSID2021781",278.35,0.0102028758500318,0.0438374408444172,22979.4417695643,0.983999274179717,0.000927353750624329,0.684540534107043,0
"DTXSID3020205",312.37,0.000410850896813076,0.0078942439369613,9515.93000988267,1.04314483325867,0.000781055338027593,0.527327385465603,0
"DTXSID7021360",92.14,2048.34444463793,3.5382715875594,628.83281506986,0.387166033745836,0.000615935997650086,1.1933074608409,0
"DTXSID8020462",106.12,0.990828927114941,11488.0975886017,0.0444577999251359,2.11506947959425,0.000868925374737776,0.860837328375083,0
"DTXSID8020913",128.18,9.56372275075601,0.178988236787242,3823.19972411447,1.0783910881352,0.00197794578244717,0.864748605428294,0
