"dtxsid","molwt","vapor","solub","kow","decay.air","decay.sur","diffus.air","conc.out"
"DTXSID2021781",278.35,0.00270546506445097,0.046231712738896,39624.0998943791,0.674978090287832,0.00148381484468286,0.612034386390707,0
"DTXSID3020205",312.37,0.00147952454177686,0.00699846926204525,12977.6471770951,0.835852626182621,0.000463542036026194,0.434946487041572,0
"DTXSID7021360",92.14,7378.32645723735,6.0853170376116,440.780452271345,0.425849258592284,0.000734342938729179,0.750653420653969,0
"DTXSID8020462",106.12,0.661261550781724,6808.53772573019,0.0725939649926614,3.73535974434332,0.00145846859363379,1.10261786657801,0
"DTXSID8020913",128.18,6.36162187180686,0.249104093736032,3391.04475619497,2.31215499647506,0.00182176277703052,0.987117522192914,0
