"dtxsid","molwt","vapor","solub","kow","decay.air","decay.sur","diffus.air","conc.out"
"DTXSID2021781",278.35,0.00200797286535123,0.0273411459834879,35765.2010219069,0.54847882457853,0.00122498445195762,0.332954781448036,0
"DTXSID3020205",312.37,0.00073314203112219,0.00880070327911147,32960.3315004279,0.741713134512132,0.000591185805174551,0.54758311324567,0
"DTXSID7021360",92.14,1142.6185749393,2.89929458051242,272.702796008715,0.696716422312264,0.00100326409065875,0.704065982689161,0
"DTXSID8020462",106.12,0.71323983794156,5019.00670015513,0.111825759565405,2.37128675488646,0.000786916020538953,0.987995669609254,0
"DTXSID8020913",128.18,20.035639921683,0.159102949420629,1222.16850817571,0.794194157192535,0.00198567409737304,0.854037258668443,0
