"dtxsid","molwt","vapor","solub","kow","decay.air","decay.sur","diffus.air","conc.out"
"DTXSID2021781",278.35,0.00362133362206661,0.0328170944400352,42399.7638637947,0.966840472309188,0.00169006118283815,0.653222293953511,0
"DTXSID3020205",312.37,0.000208151592513854,0.00837198596632861,12946.1983834995,0.724748008415489,0.00115415687968211,0.798877527661593,0
"DTXSID7021360",92.14,2792.17137452424,4.93452246794717,415.826913986072,0.394295664422789,0.000877996425674176,0.534047428135681,0
"DTXSID8020462",106.12,2.77660871715681,6558.74319660828,0.0536334153311484,2.76375211389595,0.000893535713941236,0.652207614493011,0
"DTXSID8020913",128.18,5.87164239579452,0.140425909613058,2399.7613248025,2.01267934986067,0.00100424790363038,0.835195032265671,0
