"dtxsid","molwt","vapor","solub","kow","decay.air","decay.sur","diffus.air","conc.out"
"DTXSID2021781",278.35,0.00198102662004656,0.0254944313750893,44447.7244981735,0.540238991104377,0.000823465088778648,0.559294470842934,0
"DTXSID3020205",312.37,0.00135300350678705,0.0110172012890119,49990.5163700424,0.564851429873772,0.00124985062252625,0.705158293787769,0
"DTXSID7021360",92.14,2305.62276932563,4.72090810234085,284.298183754351,0.381448482154662,0.000597123029662054,0.545457930319859,0
"DTXSID8020462",106.12,0.110998660927987,10616.9271001727,0.0834927960733666,3.00021812601957,0.00118004364580989,0.73167229431673,0
"DTXSID8020913",128.18,7.14124752288212,0.157829205412502,2961.9780530855,0.758757294731436,0.000881840047100869,0.980239639974146,0
