"dtxsid","molwt","vapor","solub","kow","decay.air","decay.sur","diffus.air","conc.out"
"DTXSID2021781",278.35,0.00217310916200377,0.0305293937636716,56434.2026756561,1.01848920059543,0.00123193536999741,0.522042716562922,0
"DTXSID3020205",312.37,0.000420423721167512,0.00997077870540636,14213.3799939082,0.481689203132044,0.00100359530287104,0.616130504373035,0
"DTXSID7021360",92.14,7988.25615368319,5.00627041461974,396.113130526241,0.394111710144749,0.000818384587257245,0.931897548023221,0
"DTXSID8020462",106.12,2.3851533862158,10870.1753410129,0.0739445823843725,2.06982250290378,0.00141927628980713,1.19637787965407,0
"DTXSID8020913",128.18,8.27717414739636,0.200083338776137,2821.80755319246,2.44981638585869,0.0012493199165544,1.07481005887476,0
