"dtxsid","molwt","vapor","solub","kow","decay.air","decay.sur","diffus.air","conc.out"
"DTXSID2021781",278.35,0.00551725728315758,0.0372986412863204,65929.6396674888,0.607590815811672,0.00117135997756652,0.494202009878404,0
"DTXSID3020205",312.37,0.00101778336103837,0.00642847940262263,14918.0803984187,1.16684402122043,0.000657420735099012,0.621247570040216,0
"DTXSID7021360",92.14,3256.59183722225,3.53146065144967,406.656296545348,0.165769386331251,0.00116802146159796,1.23571334018621,0
"DTXSID8020462",106.12,0.848426520525131,12135.483723795,0.063610575190867,2.36774073524098,0.00121325074703009,0.701272056955644,0
"DTXSID8020913",128.18,5.46661490333898,0.083189809438123,2422.40396419551,2.02649170597146,0.00188817861227408,0.609586723991359,0
