"dtxsid","molwt","vapor","solub","kow","decay.air","decay.sur","diffus.air","conc.out"
"DTXSID2021781",278.35,0.00125738454645779,0.0343810947537852,24048.6089251814,0.571534100771501,0.00102604248158953,0.511805611263725,0
"DTXSID3020205",312.37,0.000445102113448806,0.0137682535258555,24736.6136146152,1.27452018078364,0.00139364738267687,0.538341651656951,0
"DTXSID7021360",92.14,1690.14282849806,3.74169258299222,260.119707436478,0.400065993189796,0.00053546798650896,0.754249058170646,0
"DTXSID8020462",106.12,0.717553982109476,8580.4236480929,0.0676557021654258,3.33042836387039,0.000586386437327008,0.780601989114082,0
"DTXSID8020913",128.18,5.48078566007886,0.192665843624655,3147.66929633714,1.42515655513373,0.00100262045782905,0.675662886388766,0
