"dtxsid","molwt","vapor","solub","kow","decay.air","decay.sur","diffus.air","conc.out"
"DTXSID2021781",278.35,0.003398721589583,0.0299362268226442,19509.0002661624,0.533499844266889,0.000547823428455493,0.609243419906929,0
"DTXSID3020205",312.37,0.00293872494245856,0.0154164316196584,26220.5305537409,0.685163255240855,0.00170882358031939,0.533578685537275,0
"DTXSID7021360",92.14,4475.67005768074,4.26406415174779,356.489441817448,0.674315405760999,0.00130583360061774,0.968613551716613,0
"DTXSID8020462",106.12,0.415215887907524,9560.96903152281,0.0936057272857398,0.946420138886118,0.000757493068937344,0.831014114997779,0
"DTXSID8020913",128.18,19.8500123116299,0.108456192652403,1801.5346279283,1.39414040681995,0.000973677989210836,0.523844228484264,0
