"dtxsid","molwt","vapor","solub","kow","decay.air","decay.sur","diffus.air","conc.out"
"DTXSID2021781",278.35,0.00389203927154434,0.0475007373987707,18350.2863840677,0.567712034737842,0.000516277140159506,0.808203603874174,0
"DTXSID3020205",312.37,0.000243022340322321,0.00881715603378419,26850.0000703093,1.77455524940549,0.000687029198680933,0.583209548859393,0
"DTXSID7021360",92.14,4128.68330524988,4.34912338244188,381.653305725038,0.620150641955436,0.000811322677759102,0.854897540270121,0
"DTXSID8020462",106.12,0.405967905142796,8784.62920940881,0.0833548162975919,1.40363915691128,0.00158425020808646,0.668547224118066,0
"DTXSID8020913",128.18,12.2042403911461,0.15508636860795,1648.80125661786,0.834470007095547,0.000851172016677772,0.703493464128701,0
