"dtxsid","molwt","vapor","solub","kow","decay.air","decay.sur","diffus.air","conc.out"
"DTXSID2021781",278.35,0.00100187788742044,0.0465999517851822,72982.0841250145,0.934462804273063,0.000615014831318951,0.329923719375232,0
"DTXSID3020205",312.37,0.00059749471821841,0.0179606818010824,12812.3219623999,0.736125142764295,0.00177184933584169,0.653857986673572,0
"DTXSID7021360",92.14,2461.60727634132,4.68762041409407,325.252045485962,0.235252056134971,0.00127644183650388,0.535892623648831,0
"DTXSID8020462",106.12,1.58604386364731,9839.65906254965,0.111247696652021,1.01406977253379,0.0016522573486476,1.0177390427854,0
"DTXSID8020913",128.18,11.6986380170233,0.124141517631416,4268.50014752101,1.61398383186189,0.00112984988189292,1.20515449150984,0
