"dtxsid","molwt","vapor","solub","kow","decay.air","decay.sur","diffus.air","conc.out"
"DTXSID2021781",278.35,0.00260908916383291,0.0318911761777,25518.9708114206,1.0367038398523,0.000512154213151213,0.629807199017957,0
"DTXSID3020205",312.37,0.000140905115491359,0.0103074686348781,14927.0823780952,0.439093714906492,0.00110844991208672,0.551616340288774,0
"DTXSID7021360",92.14,1599.23767590416,2.85040379196513,272.849903355481,0.583106063277562,0.000658047744115916,0.415081518734713,0
"DTXSID8020462",106.12,1.48562274043704,10496.4730228967,0.0519182723975668,2.22840195100076,0.00132942441222225,1.08281068582443,0
"DTXSID8020913",128.18,57.595943430861,0.117418262770625,1264.11790897477,1.21290212618458,0.0014921998367973,0.926514802201953,0
