"dtxsid","molwt","vapor","solub","kow","decay.air","decay.sur","diffus.air","conc.out"
"DTXSID2021781",278.35,0.00487202394506852,0.0189296220606655,47361.8600876844,0.509446935165692,0.000835316083466837,0.462372330217783,0
"DTXSID3020205",312.37,0.00077614695555854,0.00686589091665445,15534.5690581544,0.756290150999001,0.000866071953672588,0.821951276186624,0
"DTXSID7021360",92.14,1079.57764270395,7.52643831269467,494.936340678385,0.138673447263333,0.000896968963364508,0.641625968400317,0
"DTXSID8020462",106.12,6.63656212189033,10411.8031650512,0.118901021938336,1.38591271192407,0.000679387993257489,1.01983844975198,0
"DTXSID8020913",128.18,6.45848447901502,0.161019910702666,1765.28215841062,1.64441842534394,0.000947043753825,0.616817164664888,0
