"dtxsid","molwt","vapor","solub","kow","decay.air","decay.sur","diffus.air","conc.out"
"DTXSID2021781",278.35,0.00243115683641373,0.0443026331935451,23810.8038325057,0.555184438449377,0.000672142672469044,0.529949399365312,0
"DTXSID3020205",312.37,0.000434462231110553,0.00980658194955934,10080.1177956587,0.581980879877349,0.00173609306105242,0.571979159402481,0
"DTXSID7021360",92.14,1826.49677730554,4.31111255879377,624.700603676292,0.306648380199699,0.00118563397759981,1.02481653722511,0
"DTXSID8020462",106.12,0.458690410574977,5738.26827069957,0.0981986051212808,1.56937976708375,0.000948567167990585,1.20586351615581,0
"DTXSID8020913",128.18,3.57816998652582,0.209232927277406,2304.32559811326,1.10230890364929,0.000806082885394411,0.563696003400481,0
