"dtxsid","molwt","vapor","solub","kow","decay.air","decay.sur","diffus.air","conc.out"
"DTXSID2021781",278.35,0.00618205455214075,0.0382347163598695,89073.8002267599,0.646748802287731,0.000962504492327171,0.760122977491203,0
"DTXSID3020205",312.37,0.00222552867178637,0.0145837701492363,39929.7141293771,1.07985555175765,0.00212178474973288,0.454497290886815,0
"DTXSID7021360",92.14,6313.0884284747,3.49834021825756,713.065785841613,0.26515398068639,0.000973903219409768,0.829282927803039,0
"DTXSID8020462",106.12,0.153838192040663,7915.03025486208,0.0971761454159354,1.596866422741,0.00137917152741453,1.07680753229174,0
"DTXSID8020913",128.18,18.0890464559416,0.158369582133878,2679.0432122645,1.62737368661743,0.000857853238969858,0.516203667898807,0
