"dtxsid","molwt","vapor","solub","kow","decay.air","decay.sur","diffus.air","conc.out"
"DTXSID2021781",278.35,0.00581742097875263,0.0275083870676537,72935.8805327873,0.262277467278139,0.00113244221888328,0.457831988135734,0
"DTXSID3020205",312.37,0.00118541457141323,0.00776759193898724,30572.9882737678,0.526579728325933,0.00130785345642504,0.856354192314917,0
"DTXSID7021360",92.14,1126.59269264125,3.99587818735805,516.302595944187,0.268364430914787,0.00158351682929174,1.16115642891603,0
"DTXSID8020462",106.12,0.34081455830635,8800.180357801,0.083669937780115,1.17263018151714,0.00202988586960557,0.846127092464818,0
"DTXSID8020913",128.18,5.78634408358029,0.161174186877263,2100.43691275961,0.760714803462201,0.00150354202205298,0.620678683744638,0
