"dtxsid","molwt","vapor","solub","kow","decay.air","decay.sur","diffus.air","conc.out"
"DTXSID2021781",278.35,0.00222915841885903,0.0334995087373936,18220.8832333116,0.41888081233539,0.000892396065306992,0.643662935211854,0
"DTXSID3020205",312.37,0.00106779495984287,0.0102644352923825,19481.4549771887,0.505925203978236,0.000954045406869915,0.556232611600949,0
"DTXSID7021360",92.14,5827.8879185783,5.39000144590242,611.734511625474,0.386105929833928,0.00101867393825957,0.43023710843696,0
"DTXSID8020462",106.12,0.578718467363518,9199.83056055088,0.0384054836507915,2.22138712512353,0.000912356798325202,1.0649224494608,0
"DTXSID8020913",128.18,5.94495726969756,0.174120505152441,2123.54665221587,2.56173725804779,0.00134992151722858,0.761471297609473,0
