"dtxsid","molwt","vapor","solub","kow","decay.air","decay.sur","diffus.air","conc.out"
"DTXSID2021781",278.35,0.00623968439238142,0.0247014397095952,27894.9395552063,0.69964027900774,0.000668787119989343,0.589402153659003,0
"DTXSID3020205",312.37,0.000548202675044903,0.00970204394441699,9535.3612941208,0.496928177399138,0.00180339987435053,0.416974477352839,0
"DTXSID7021360",92.14,2080.42018763653,4.74292033549143,504.658195501703,1.74087838932517,0.0012277425021213,0.474636271579565,0
"DTXSID8020462",106.12,2.13917057958484,9572.48246464646,0.124350118190483,1.62464750525636,0.00217719316119366,0.844235292757223,0
"DTXSID8020913",128.18,12.7439415200327,0.167318510108471,2364.31215051694,0.912390319754012,0.000434451711558149,0.827294545405545,0
