"dtxsid","molwt","vapor","solub","kow","decay.air","decay.sur","diffus.air","conc.out"
"DTXSID2021781",278.35,0.00216987558087397,0.0211673084303167,30673.6804362585,0.318947515304071,0.000590733685527691,0.550439590195632,0
"DTXSID3020205",312.37,0.000164921978505113,0.00715189836416615,14955.1385389576,1.15255763203429,0.00177564784079687,0.53579993231018,0
"DTXSID7021360",92.14,1691.0213702115,2.94518037775901,980.576131726001,0.18459489997179,0.00130811276791768,0.453878037076453,0
"DTXSID8020462",106.12,2.59962472672801,10456.4136455988,0.0813926337023178,3.82652025091602,0.000840738549353791,0.49188006161831,0
"DTXSID8020913",128.18,3.47878763146437,0.166746143956713,1809.38199460727,0.845592788977424,0.000993927897631675,0.934808199985697,0
