"dtxsid","molwt","vapor","solub","kow","decay.air","decay.sur","diffus.air","conc.out"
"DTXSID2021781",278.35,0.00220487017668045,0.0280594156108182,19973.603861244,0.438032916469403,0.000819760319209001,0.444690344937604,0
"DTXSID3020205",312.37,0.000941750545905681,0.0082707587334896,27454.3568264093,0.68158418839028,0.000760676604939627,0.229488657943029,0
"DTXSID7021360",92.14,3073.49515657873,5.2535263612555,379.862727377224,0.419380961606551,0.000698294792454043,0.59961831580671,0
"DTXSID8020462",106.12,3.117548198862,12479.8160788534,0.0638308614328417,3.49985938188553,0.00085060184911458,1.06152458446719,0
"DTXSID8020913",128.18,11.9263309320246,0.126033198515354,4169.71127801527,0.731914136220084,0.000689374563791592,0.966413673516312,0
