"dtxsid","molwt","vapor","solub","kow","decay.air","decay.sur","diffus.air","conc.out"
"DTXSID2021781",278.35,0.00635565250535429,0.0494504572618114,38852.4738117409,0.637568381207417,0.00105853120918603,0.809063347822675,0
"DTXSID3020205",312.37,0.000873644994413326,0.0076791363866519,25504.4432510782,0.898167888621259,0.00118278827234447,0.522780555153736,0
"DTXSID7021360",92.14,2911.26570047018,3.74428764892983,533.616880125282,0.428945841333837,0.0013409852212968,0.437971757297541,0
"DTXSID8020462",106.12,0.606256705137196,10278.1389003889,0.0731538127838725,1.24561364203348,0.00101658865304266,0.842470408666174,0
"DTXSID8020913",128.18,3.58082020126583,0.179202104624583,2160.41165338823,0.636136163225204,0.000863458696526065,0.924866019364377,0
