"dtxsid","molwt","vapor","solub","kow","decay.air","decay.sur","diffus.air","conc.out"
"DTXSID2021781",278.35,0.00905379161407434,0.0342812568209448,23207.6594414114,0.396962412400702,0.0011312219284775,0.393169916875604,0
"DTXSID3020205",312.37,0.00103752930920342,0.00954267695967581,21289.8989671466,1.00343759585756,0.0012906424797136,0.469178226367356,0
"DTXSID7021360",92.14,596.030067214048,5.43113014507746,656.114570736873,0.258934538276067,0.00152588271495582,1.36759246046092,0
"DTXSID8020462",106.12,1.66274319851265,6029.30593473767,0.064327260606207,2.18452308339608,0.000523345079364292,0.643612845111606,0
"DTXSID8020913",128.18,2.90988538682565,0.127417068715643,2621.60411108359,3.16665739539831,0.0016547193062384,0.753458638834574,0
