"dtxsid","molwt","vapor","solub","kow","decay.air","decay.sur","diffus.air","conc.out"
"DTXSID2021781",278.35,0.00809771295421087,0.0744171461465776,38940.6512763393,0.665630187661083,0.00104541673425004,0.535296117080249,0
"DTXSID3020205",312.37,0.000663296635930714,0.0132627079420225,13766.2571216356,0.837848517144346,0.000440788893451289,0.399491402393836,0
"DTXSID7021360",92.14,2000.81418356641,5.13918295608689,481.073547508419,0.376182245019666,0.000999711054698221,1.20735071704309,0
"DTXSID8020462",106.12,2.27132142366608,10013.7381268987,0.168953706209478,1.25711335632451,0.001457777934732,0.843092991771595,0
"DTXSID8020913",128.18,9.94733086239176,0.146366660735119,2200.7625512469,2.90315405493951,0.000558365234094129,0.530219818939534,0
