"dtxsid","molwt","vapor","solub","kow","decay.air","decay.sur","diffus.air","conc.out"
"DTXSID2021781",278.35,0.00328524670617052,0.0321479964756288,24041.3983697878,0.296551908031018,0.00125840341193864,0.517778836089374,0
"DTXSID3020205",312.37,0.000507722528398132,0.00887371885608491,30615.940126195,0.361735349182096,0.000862654577394685,0.581056381193887,0
"DTXSID7021360",92.14,3460.15844556606,4.87119406489052,390.18583232234,0.573281827550116,0.000285804972147792,0.673618202666265,0
"DTXSID8020462",106.12,0.755540308140948,11335.2046626033,0.0486388922278064,2.37065196053969,0.00125153365495876,0.757903265006148,0
"DTXSID8020913",128.18,10.0453419212987,0.0965447540060187,2898.12056337651,1.36451746030402,0.000641252145680282,0.859630748862204,0
