"dtxsid","molwt","vapor","solub","kow","decay.air","decay.sur","diffus.air","conc.out"
"DTXSID2021781",278.35,0.00477997770705834,0.0572587031073963,29635.6644150094,0.406251388166929,0.000666631735797182,0.324033287611419,0
"DTXSID3020205",312.37,0.000461292153021331,0.0133329603502133,18714.7913602109,0.592232207222266,0.00119610829032383,0.488511346806348,0
"DTXSID7021360",92.14,5220.6943697618,4.23096569912962,376.298978807089,0.26814490379889,0.000692750152048261,0.90714184480698,0
"DTXSID8020462",106.12,0.688519690406839,8680.44573274557,0.137046297772655,2.06015305868109,0.000715471314851796,1.49317183202688,0
"DTXSID8020913",128.18,16.4157101961921,0.0968811379125657,3841.1976752956,1.29018567631333,0.00093078610107498,1.01460258586172,0
