"dtxsid","molwt","vapor","solub","kow","decay.air","decay.sur","diffus.air","conc.out"
"DTXSID2021781",278.35,0.00148287855770221,0.0474084645924083,27289.3933308221,0.528450953468815,0.00133391796516132,0.497215888992048,0
"DTXSID3020205",312.37,0.000218157610439218,0.00977900072341024,16787.579543201,1.12180190875404,0.000406147884036964,0.627846783035979,0
"DTXSID7021360",92.14,840.870160580389,5.49050633472402,328.219989966034,0.54409853500059,0.000775124618742774,0.668552287831015,0
"DTXSID8020462",106.12,3.12255389072321,4805.61626409834,0.101425905814281,1.37829390436899,0.00230961789938543,0.837278151721726,0
"DTXSID8020913",128.18,21.6555376424206,0.114632105628587,2810.22985664082,0.890603180946041,0.0012061510749028,0.702391834096866,0
