"dtxsid","molwt","vapor","solub","kow","decay.air","decay.sur","diffus.air","conc.out"
"DTXSID2021781",278.35,0.00172370571332499,0.0421277263925666,36721.2651166151,1.16183264189136,0.0013105806581179,0.772245009448358,0
"DTXSID3020205",312.37,0.000798645527208452,0.00716055719739229,17613.9310657468,1.46517256582461,0.00071310220721368,0.917402670753883,0
"DTXSID7021360",92.14,3196.11038459594,6.03664564238089,236.945742778168,0.564735198820093,0.00117770855076623,0.824324055972709,0
"DTXSID8020462",106.12,0.202097547259925,7763.55733869543,0.0426946290256475,3.64358800633606,0.00086711352271105,0.811535765930517,0
"DTXSID8020913",128.18,18.6065360806632,0.106717979170287,3193.81779912286,1.97513390205759,0.00119237714499452,0.965384082326352,0
