"dtxsid","molwt","vapor","solub","kow","decay.air","decay.sur","diffus.air","conc.out"
"DTXSID2021781",278.35,0.00695708095281838,0.0456968267812026,55701.3850418117,1.18796562292053,0.0018464835985972,0.916014458431123,0
"DTXSID3020205",312.37,0.00179097275403584,0.00891727175213207,34438.8018942,1.56896614003012,0.00167471578393326,0.612548544168916,0
"DTXSID7021360",92.14,4044.89414755359,4.39563487780957,680.430512145831,0.494086243854865,0.00155450667466234,0.651996959030864,0
"DTXSID8020462",106.12,1.23637931530792,7096.68157384872,0.0625531547131757,3.05171063231169,0.000723002670880475,1.15606244551573,0
"DTXSID8020913",128.18,7.18063129429418,0.125240607470605,1775.21122782901,1.58344328932988,0.00171942490463876,0.501287049119375,0
