"dtxsid","molwt","vapor","solub","kow","decay.air","decay.sur","diffus.air","conc.out"
"DTXSID2021781",278.35,0.00112335482143212,0.0336452687780027,12796.1361045383,0.489391673373232,0.000943187023755978,0.640847169719656,0
"DTXSID3020205",312.37,0.000340272821989843,0.00739602822461985,31999.963668921,0.528278906379055,0.000933937679984035,0.427888863426606,0
"DTXSID7021360",92.14,3600.68695838893,5.25927410300936,527.751428912917,0.424690381233634,0.000924728460165313,1.51163414140878,0
"DTXSID8020462",106.12,1.24901455181276,5265.88581304331,0.0643393465433892,2.29913590030444,0.000618887111212495,0.784892111981425,0
"DTXSID8020913",128.18,3.71750127205581,0.147594316675701,1513.30080064147,0.636474771557019,0.0010580709682773,0.826779144114578,0
