"dtxsid","molwt","vapor","solub","kow","decay.air","decay.sur","diffus.air","conc.out"
"DTXSID2021781",278.35,0.00312987874616907,0.0343796746639639,33801.9470267663,0.521607650486269,0.000791221635551985,0.407021928016195,0
"DTXSID3020205",312.37,0.000856694075229896,0.00783496871913847,17001.4447805207,0.702285170846898,0.0020116454728115,0.681821343203389,0
"DTXSID7021360",92.14,21637.7165943128,3.41829248042473,245.463767281943,0.410882982204717,0.00114835867116345,0.936661791280778,0
"DTXSID8020462",106.12,0.446705967596657,3776.23737255166,0.139623349761395,2.35548774325327,0.000858369123964941,0.725536969247137,0
"DTXSID8020913",128.18,7.57335971087898,0.19378613578754,2822.77123265102,1.86594661355682,0.00271357273015352,0.538533147392613,0
