"dtxsid","molwt","vapor","solub","kow","decay.air","decay.sur","diffus.air","conc.out"
"DTXSID2021781",278.35,0.00179374987777671,0.0220662322891305,59494.3150257097,0.670473390384387,0.000902083542640664,0.534926418489216,0
"DTXSID3020205",312.37,0.000634570924490163,0.0105883601293186,8817.66942741035,0.917328465198159,0.000747301229596777,0.484988377100387,0
"DTXSID7021360",92.14,623.147405205675,9.05541437774527,246.412847719894,0.342320103956939,0.000554332724933631,0.826153886022732,0
"DTXSID8020462",106.12,0.589489332218507,5856.72278035808,0.123399192121304,2.41754374451229,0.00108492028417122,0.734146900206286,0
"DTXSID8020913",128.18,14.1964810123503,0.135212355021748,4267.04010314004,1.20624574306045,0.00193454282313532,1.18689369760248,0
