"dtxsid","molwt","vapor","solub","kow","decay.air","decay.sur","diffus.air","conc.out"
"DTXSID2021781",278.35,0.00624122360748408,0.0504909858955728,19778.0240021139,0.540206715678823,0.000672320223153197,0.591054548018359,0
"DTXSID3020205",312.37,0.000326454055810575,0.00986221462580072,22125.9960693118,0.507064734871571,0.000686317181688484,0.643700527263639,0
"DTXSID7021360",92.14,5684.35469813867,5.79419467295915,208.108343536394,0.303971321585941,0.000699942346387967,0.700200968614076,0
"DTXSID8020462",106.12,0.42008571012691,6531.18827198118,0.0427437745975879,3.32166088203779,0.00132068448384794,0.742955057050123,0
"DTXSID8020913",128.18,14.1679007964968,0.136593961571274,2384.19847640025,3.42787562380681,0.00050640476596302,0.532219940166302,0
