"dtxsid","molwt","vapor","solub","kow","decay.air","decay.sur","diffus.air","conc.out"
"DTXSID2021781",278.35,0.00585671777305106,0.0390936761966214,56278.6514353764,0.789686287284461,0.000668777037570574,0.59223448836758,0
"DTXSID3020205",312.37,0.00266013498713353,0.0106177496083353,31023.8772704109,0.621903824307059,0.00103986255869421,0.498106781386636,0
"DTXSID7021360",92.14,4607.06571867389,4.5848407834369,568.31776978796,0.246395356539243,0.00175014388068253,1.08277633379353,0
"DTXSID8020462",106.12,2.03741433023951,7614.50992750224,0.0765092330066438,2.23479134492029,0.000454220163422072,0.868769832300746,0
"DTXSID8020913",128.18,10.09743623606,0.116229579257532,2055.13606560487,1.26805243718944,0.00106455339545409,0.570120950784211,0
