"dtxsid","molwt","vapor","solub","kow","decay.air","decay.sur","diffus.air","conc.out"
"DTXSID2021781",278.35,0.00299738758179761,0.0714161109130985,44209.6957072865,0.443497203334593,0.000954181887556399,0.669967141293034,0
"DTXSID3020205",312.37,0.00080307467515856,0.00650296196471058,26355.4679016483,0.800401882543073,0.000296351736060053,0.580678982220859,0
"DTXSID7021360",92.14,2511.54198000426,6.19887991800619,504.002672080758,0.258341809679835,0.00105093303349346,0.586035130107969,0
"DTXSID8020462",106.12,0.946431503195587,9896.47887973567,0.0682025512296576,1.78435456854206,0.0014074386586916,1.2464569040158,0
"DTXSID8020913",128.18,5.74451884256354,0.148538555667494,1851.49354667459,2.98540316849392,0.00102152901981199,0.752186916938399,0
