"dtxsid","molwt","vapor","solub","kow","decay.air","decay.sur","diffus.air","conc.out"
"DTXSID2021781",278.35,0.00519222006878803,0.0280891728549616,25810.0203550319,0.577185101752617,0.000721830872727677,0.49866888165448,0
"DTXSID3020205",312.37,0.00173396663192203,0.0108117131407638,21839.6775922752,0.741284557902286,0.00173647766566138,0.39640048754906,0
"DTXSID7021360",92.14,3106.98722469917,3.60303135137074,616.123896720552,0.241269264126135,0.00112681495188374,0.758186818679507,0
"DTXSID8020462",106.12,1.13994450260454,6482.25892706636,0.0364190693928255,2.23327135486481,0.00075190928693093,0.576576662803477,0
"DTXSID8020913",128.18,5.18800879643268,0.159208377323322,1868.23571976278,1.02713765630354,0.000961305190364974,0.920693457424537,0
