"dtxsid","molwt","vapor","solub","kow","decay.air","decay.sur","diffus.air","conc.out"
"DTXSID2021781",278.35,0.00121178042799739,0.0228911327223412,32607.2421742173,0.56455484149531,0.000923881898837256,0.379148470396225,0
"DTXSID3020205",312.37,0.000558822016729321,0.0086302257935987,17385.469054163,0.542280769502705,0.000629542912413146,0.717857740317316,0
"DTXSID7021360",92.14,3932.89169706708,4.50981400691462,283.145315712801,1.10546816082494,0.00147508782712333,0.855534774533451,0
"DTXSID8020462",106.12,0.236752276910466,10689.6541905476,0.107082587148682,1.94745876112203,0.000801377484571171,0.704053833380689,0
"DTXSID8020913",128.18,4.54247845453285,0.219400698878162,2533.7281480183,1.06595228617644,0.00188173091485348,1.00222560946428,0
