"dtxsid","molwt","vapor","solub","kow","decay.air","decay.sur","diffus.air","conc.out"
"DTXSID2021781",278.35,0.00320557321062836,0.0279343720734516,45980.6215770782,0.553131510791815,0.000506182786406038,0.705976082791622,0
"DTXSID3020205",312.37,0.00142447145072044,0.0111292579509743,25757.6175467335,0.640605740705038,0.00183449032460792,0.371577799407814,0
"DTXSID7021360",92.14,3988.47678562634,5.7403146351229,469.739633137807,0.370952179190726,0.00144694853334865,0.997614125898599,0
"DTXSID8020462",106.12,0.274777634319458,6971.19459314622,0.211342133673139,5.5673431039319,0.000682829923767842,1.46187210318683,0
"DTXSID8020913",128.18,14.7342658785431,0.127712050497327,3861.5645971506,0.752979769673731,0.000664700561441144,0.852180263441279,0
