"dtxsid","molwt","vapor","solub","kow","decay.air","decay.sur","diffus.air","conc.out"
"DTXSID2021781",278.35,0.00835497021442432,0.0441855578953911,14416.2906660105,0.82987571102164,0.000738552649555981,0.564064514770309,0
"DTXSID3020205",312.37,0.000602306301582325,0.0134201597280334,14127.0666735907,1.28395486588089,0.00104560858930801,0.440516140341962,0
"DTXSID7021360",92.14,6736.81354148733,4.46488603771363,352.109044633543,0.459778716559371,0.00155021018924235,1.02213179195556,0
"DTXSID8020462",106.12,0.734883662019636,16992.2666916609,0.133892982584141,2.71139816344946,0.00106940445814013,0.778763792939516,0
"DTXSID8020913",128.18,15.1897436164337,0.144937110200064,1209.0003551856,1.44795524389887,0.000985081760740971,0.763646517591979,0
