"dtxsid","molwt","vapor","solub","kow","decay.air","decay.sur","diffus.air","conc.out"
"DTXSID2021781",278.35,0.00287356039828156,0.0439905075227205,31751.2145703451,0.541097948615857,0.000715166954991869,0.438025921512365,0
"DTXSID3020205",312.37,0.000151237288613334,0.0101603808165371,13692.0477393842,0.855761097992548,0.000745522769780747,0.607590198209798,0
"DTXSID7021360",92.14,4173.9479800661,4.08657339443137,609.743446180816,0.484404060070464,0.000774919188477094,0.752492998047074,0
"DTXSID8020462",106.12,0.516805199384942,7593.72493474159,0.0685685283213811,2.15061202134257,0.000647055473966831,1.03699615854206,0
"DTXSID8020913",128.18,23.1566198511445,0.103418613062062,836.798325111385,1.61731676328065,0.00190072978432613,0.592899645206985,0
