"dtxsid","molwt","vapor","solub","kow","decay.air","decay.sur","diffus.air","conc.out"
"DTXSID2021781",278.35,0.00195152704562183,0.0435075110330703,63978.9311763631,0.317039797390804,0.00104422900738601,0.635718667789027,0
"DTXSID3020205",312.37,0.000322438708006573,0.00936379107451156,23114.3662680048,0.516350842177475,0.00095610765643,0.44547506657599,0
"DTXSID7021360",92.14,1227.43191406085,4.38615710609409,331.558608939967,0.419873435756668,0.000873482097745586,1.05550660469893,0
"DTXSID8020462",106.12,0.257834072474113,12582.5063612959,0.0520447802490538,1.23254554322637,0.000962560202755551,0.719729159325656,0
"DTXSID8020913",128.18,27.9409485311754,0.193909279167979,3311.35556363565,1.40033962043253,0.00110290304556515,0.509341429819153,0
