"dtxsid","molwt","vapor","solub","kow","decay.air","decay.sur","diffus.air","conc.out"
"DTXSID2021781",278.35,0.00123541042564782,0.0490988612801359,42554.6866427154,0.680447371860255,0.000649700324296762,0.832111790017641,0
"DTXSID3020205",312.37,0.000383843707591054,0.00788969605345462,13189.7717949428,0.719056664132588,0.00103186373425523,0.498534904739473,0
"DTXSID7021360",92.14,1989.6474538871,4.75864279926875,423.289411074448,0.369028072976474,0.00175769294263081,1.04119091243966,0
"DTXSID8020462",106.12,0.722579265822109,10742.4036602924,0.115599745751018,1.5993483639864,0.000727010056831729,0.682670955602635,0
"DTXSID8020913",128.18,7.20039708569472,0.10885032953402,1633.34458160973,1.08546238673712,0.00119795538320237,0.83312419225016,0
