"dtxsid","molwt","vapor","solub","kow","decay.air","decay.sur","diffus.air","conc.out"
"DTXSID2021781",278.35,0.00232657018706679,0.0371991835173273,56536.2110924354,0.567066726745991,0.00104843447202932,0.375816299372032,0
"DTXSID3020205",312.37,0.000558502144536969,0.00739491793923388,24467.2522688959,0.690638104211239,0.00145815377204546,0.67640428576753,0
"DTXSID7021360",92.14,894.805618615621,6.09610623663136,385.848152686688,0.210942092098741,0.000596550521112528,0.545398403892541,0
"DTXSID8020462",106.12,0.416090048252204,11821.4121760881,0.0578809020935611,2.37929785077129,0.000900814929761392,1.00252481325064,0
"DTXSID8020913",128.18,12.2527771925693,0.151615717925592,4706.81838591005,1.12408145821193,0.000770983851485438,0.78108510689277,0
