"dtxsid","molwt","vapor","solub","kow","decay.air","decay.sur","diffus.air","conc.out"
"DTXSID2021781",278.35,0.00322073252484664,0.0375641542420094,28988.4533952492,0.517076863787876,0.00103662461874304,0.6158367280554,0
"DTXSID3020205",312.37,0.000977056642847597,0.0107206223577143,26631.5758938745,0.883703700493553,0.00081213259377684,0.520507829100892,0
"DTXSID7021360",92.14,4697.53838641716,4.26352157795265,236.735041354721,0.592078642837911,0.000553774389441791,0.552907067517215,0
"DTXSID8020462",106.12,0.165226708630353,9395.85442176438,0.16241117913539,2.03736380935152,0.000881797666108321,1.0699119226278,0
"DTXSID8020913",128.18,112.373053158049,0.133409215938953,1875.17144596933,1.73427281936517,0.00205427594112482,0.602356475489501,0
