"dtxsid","molwt","vapor","solub","kow","decay.air","decay.sur","diffus.air","conc.out"
"DTXSID2021781",278.35,0.0041863529850557,0.0335267539514955,30985.4627205096,0.948471969434851,0.00111787754008629,0.472081527889639,0
"DTXSID3020205",312.37,0.000489383226252623,0.0070340467489827,22056.6872591397,1.4681404330873,0.00055026035259757,0.377079759971996,0
"DTXSID7021360",92.14,2600.01594902029,6.91282802127635,503.026020148975,0.539626887292873,0.00103351966295464,0.692718814625249,0
"DTXSID8020462",106.12,0.396893180861509,12890.3447389026,0.118349990481609,2.30873420451911,0.000472394497786107,0.486435084630005,0
"DTXSID8020913",128.18,4.21104256883831,0.171341685508972,4243.47431852128,1.39398570536918,0.000746737442702753,0.995672820913935,0
