"dtxsid","molwt","vapor","solub","kow","decay.air","decay.sur","diffus.air","conc.out"
"DTXSID2021781",278.35,0.0010937599689829,0.0216106207426628,26686.1538275871,0.74851994971346,0.0008548525722723,1.08195289420891,0
"DTXSID3020205",312.37,0.00238901104552454,0.00985528436877313,21508.4540462483,0.864826811983421,0.00118121451092477,0.531541963440386,0
"DTXSID7021360",92.14,1401.31798472201,3.4592232009357,564.31304010726,0.356066506428435,0.00213447958281533,0.758484023278188,0
"DTXSID8020462",106.12,0.261206382703839,11601.1267306525,0.0327444840253907,1.32882530245431,0.000802393321713217,1.0884539060511,0
"DTXSID8020913",128.18,4.35079029312269,0.139849093384277,1742.38143495516,2.43933627289258,0.00087678186593895,0.708045917574808,0
