"dtxsid","molwt","vapor","solub","kow","decay.air","decay.sur","diffus.air","conc.out"
"DTXSID2021781",278.35,0.0113116346756879,0.039376652454624,35799.5226563862,0.571645979774195,0.00191384853414815,0.339409586540152,0
"DTXSID3020205",312.37,0.00115292592088058,0.00647324080068724,40082.9374402683,0.565305807655157,0.00102111506400546,0.365433017274365,0
"DTXSID7021360",92.14,7176.90217616518,2.69957397822736,330.716391955314,0.339865051505678,0.000588866403017064,0.768578320749374,0
"DTXSID8020462",106.12,1.26702280219565,6581.71427013459,0.0481833883466955,3.71932560193002,0.000652004484897706,0.74969081350752,0
"DTXSID8020913",128.18,14.4958843940154,0.109366478669746,2191.6445048897,0.69122277624897,0.00255496983546358,1.10116468384308,0
