"dtxsid","molwt","vapor","solub","kow","decay.air","decay.sur","diffus.air","conc.out"
"DTXSID2021781",278.35,0.00234979913452528,0.0483740521516857,13969.3940947587,0.969050503412809,0.00130595475206903,0.334553224509376,0
"DTXSID3020205",312.37,0.000417997559794788,0.0064172258025977,6995.91785789994,0.714708501917015,0.000647598532074627,0.569185480924176,0
"DTXSID7021360",92.14,3339.52967042272,5.53219225934454,1022.41155902377,0.310852516978105,0.0010406034914085,0.869351277255729,0
"DTXSID8020462",106.12,0.842239751691491,9969.6446093612,0.0758557289884306,2.06399555321198,0.000904780961575946,0.605454569784057,0
"DTXSID8020913",128.18,13.8614261173117,0.139175411465668,2152.21353855485,1.20484301304781,0.00233654859130079,0.601904202259408,0
