"dtxsid","molwt","vapor","solub","kow","decay.air","decay.sur","diffus.air","conc.out"
"DTXSID2021781",278.35,0.00353780902959388,0.0283110887974363,40529.9444537061,1.39198188248531,0.000586677398009133,0.810331283865034,0
"DTXSID3020205",312.37,0.00142685830026696,0.015404703769402,14247.0086905138,1.48716447855282,0.00105733880341181,0.468068878068505,0
"DTXSID7021360",92.14,2175.00209965201,3.93077172344432,486.661768690643,0.33222419717103,0.000415487125117055,1.12029246795687,0
"DTXSID8020462",106.12,1.0517804175662,9055.81183863959,0.0909804426970938,1.45603164995786,0.00215176253937377,0.677987819439319,0
"DTXSID8020913",128.18,3.1284909219848,0.234781112031514,1311.83672314938,1.59554745726003,0.00149068512448255,0.576869294460918,0
