"dtxsid","molwt","vapor","solub","kow","decay.air","decay.sur","diffus.air","conc.out"
"DTXSID2021781",278.35,0.00544255480548049,0.0299017379809274,11574.2554961555,0.31331241156796,0.00101352828867032,0.655283795268692,0
"DTXSID3020205",312.37,0.000818072744653033,0.0086195647756367,17634.0103802947,0.716773095577103,0.000797083590307757,0.771612039534431,0
"DTXSID7021360",92.14,1064.52120027552,5.4781296604809,524.916086882826,0.465055363892953,0.000537177782500206,0.902908723129467,0
"DTXSID8020462",106.12,2.92543186692065,6243.93429561379,0.0654284839349016,1.0772328486642,0.00053189056455845,0.959154124751194,0
"DTXSID8020913",128.18,5.83403372875183,0.145158920867141,2753.78368241349,1.0610735660113,0.00106813582945499,0.558925006913756,0
