"dtxsid","molwt","vapor","solub","kow","decay.air","decay.sur","diffus.air","conc.out"
"DTXSID2021781",278.35,0.00666385886598802,0.0304945997595857,42168.4182472861,0.455248848339023,0.000960484026326245,0.562810790364435,0
"DTXSID3020205",312.37,0.000320267976695081,0.00773287633569707,11244.7653818595,0.560420134641707,0.00117346132701362,0.536617351551214,0
"DTXSID7021360",92.14,1291.69683176289,3.76244278352149,368.386535541886,0.480030271665416,0.00151283288139924,0.645127046143627,0
"DTXSID8020462",106.12,0.704649919758238,10035.8634810548,0.100680349583547,1.25001355999266,0.000500466750439836,0.601347283163024,0
"DTXSID8020913",128.18,5.98381212979158,0.17466504911948,1003.32907011368,1.50041506433205,0.00116084205999379,0.553089138745522,0
