"dtxsid","molwt","vapor","solub","kow","decay.air","decay.sur","diffus.air","conc.out"
"DTXSID2021781",278.35,0.002653385988904,0.0247809039845884,24241.1274585595,0.505737267130209,0.00156308994765863,0.56418918002494,0
"DTXSID3020205",312.37,0.000414642320360805,0.00703970398536658,21537.4025082685,1.43865023771904,0.00185603864668703,0.448457592830956,0
"DTXSID7021360",92.14,981.925740889968,4.4484734580359,643.168294278939,0.876839797033849,0.000377546815740598,1.13225544649489,0
"DTXSID8020462",106.12,2.80483497915227,5866.15265058371,0.0736764628419073,1.46414863494193,0.000830044141784883,0.846313391541615,0
"DTXSID8020913",128.18,11.161137764478,0.134510133827456,2933.36125544266,1.08187455266411,0.00139598899022472,0.764821122172481,0
