"dtxsid","molwt","vapor","solub","kow","decay.air","decay.sur","diffus.air","conc.out"
"DTXSID2021781",278.35,0.00238182923687111,0.0394676498881566,34658.5101251996,0.579722380569751,0.000502951124292704,0.332880502559023,0
"DTXSID3020205",312.37,0.00027868790903425,0.00892432290940161,34003.4095652334,0.710832109975833,0.000676789496124931,0.428555743098436,0
"DTXSID7021360",92.14,6413.38088902243,8.21715148650524,298.664834996735,0.329899723056798,0.000799557645541991,0.776204790910858,0
"DTXSID8020462",106.12,1.05410615889555,13001.810835921,0.0636367202934685,3.90593775641246,0.000676815489925551,0.836107505110986,0
"DTXSID8020913",128.18,6.2724239571336,0.14430341609585,2559.58086098316,2.00522584957477,0.000621291054676638,0.750677447787639,0
