"dtxsid","molwt","vapor","solub","kow","decay.air","decay.sur","diffus.air","conc.out"
"DTXSID2021781",278.35,0.00589807687360999,0.0520296498365563,22144.8385931563,0.475344163467354,0.000712078103810785,0.462871813821693,0
"DTXSID3020205",312.37,0.00114404465802523,0.00900762530301014,24047.7894552923,0.838455078539051,0.00108098681657358,0.86457617889888,0
"DTXSID7021360",92.14,11529.2521039377,2.97942710077641,264.820752274652,0.853769934848751,0.00195701501427899,1.05667127576626,0
"DTXSID8020462",106.12,4.6027195172801,8720.05852726671,0.0994579382747323,1.72494411258837,0.000913347439677761,0.793458466192818,0
"DTXSID8020913",128.18,3.53036999054087,0.116566625794143,1582.58791404128,1.74694041857347,0.00130263931006402,0.627783520795345,0
