"dtxsid","molwt","vapor","solub","kow","decay.air","decay.sur","diffus.air","conc.out"
"DTXSID2021781",278.35,0.00269502014311104,0.029593939509328,54359.3601308694,0.356040695529012,0.00138068197019952,0.502616736887023,0
"DTXSID3020205",312.37,0.000453064961520885,0.0105838732296513,11964.037749479,1.72626799495332,0.00155495708884124,0.34693555486673,0
"DTXSID7021360",92.14,2368.7737669787,4.43226680249804,328.501259797017,0.225198445829575,0.00185906454703129,1.07178355653675,0
"DTXSID8020462",106.12,0.561609164326527,9156.48184147594,0.109328495110394,1.93577002772148,0.000818723179254796,0.788376628253841,0
"DTXSID8020913",128.18,5.69430419411294,0.137107226860634,4723.33216768459,1.55286735501126,0.00111496000604969,0.712504912468048,0
