"dtxsid","molwt","vapor","solub","kow","decay.air","decay.sur","diffus.air","conc.out"
"DTXSID2021781",278.35,0.00190316933548071,0.055071629863409,35276.6353628058,0.850055154236062,0.00194927025759514,0.502718912272828,0
"DTXSID3020205",312.37,0.00197203963577099,0.0114086241885616,13606.3720501368,0.907325850503241,0.000755250870421741,0.462490112134378,0
"DTXSID7021360",92.14,2319.49783133939,3.44270328427594,524.517780119762,0.385555258659873,0.00104012352769546,1.30174457868258,0
"DTXSID8020462",106.12,0.315992118369871,5762.21329731036,0.115649266777328,2.75933585594405,0.00086956188866742,1.10065355624775,0
"DTXSID8020913",128.18,7.4459020942745,0.138104934133217,2041.3402275685,1.52317603929118,0.00102254256355959,0.67112682737164,0
