"dtxsid","molwt","vapor","solub","kow","decay.air","decay.sur","diffus.air","conc.out"
"DTXSID2021781",278.35,0.00412906277113211,0.0251814960473951,25442.8896535935,0.319003983509493,0.00201803521577094,0.413983198613993,0
"DTXSID3020205",312.37,0.000697993143744453,0.00671177041014109,28945.0248640854,0.883853706867998,0.00137444697261493,0.568232931567809,0
"DTXSID7021360",92.14,11664.5936676936,4.87495809810082,344.378678000992,0.335322016062198,0.00111860220914621,0.882537857268334,0
"DTXSID8020462",106.12,2.12537107717843,8496.04171115046,0.0655675343006831,1.92121492628311,0.00166458982817521,0.512131284258787,0
"DTXSID8020913",128.18,5.28348435299033,0.0949566760639054,3374.68584741835,0.924416336696479,0.00131172204107435,1.39764063340291,0
