"dtxsid","molwt","vapor","solub","kow","decay.air","decay.sur","diffus.air","conc.out"
"DTXSID2021781",278.35,0.00242476575858944,0.0460438980269877,18556.1106286522,0.570375803408316,0.000732775814085659,0.619253413346417,0
"DTXSID3020205",312.37,0.000525303744084746,0.0104867947246694,27586.6036731459,0.628906267881072,0.00116633097974331,0.411235196229859,0
"DTXSID7021360",92.14,2142.78499307865,3.68745917923165,396.274278594026,0.264074039343826,0.000556347852782895,0.841827218900513,0
"DTXSID8020462",106.12,0.657342552759668,6302.63749500973,0.117325698951211,2.28392390203719,0.000692009701050162,1.37387840782682,0
"DTXSID8020913",128.18,5.17847824205488,0.163543553343551,2342.40027839629,1.33498424793109,0.000984278802451095,0.562173377188292,0
