"dtxsid","molwt","vapor","solub","kow","decay.air","decay.sur","diffus.air","conc.out"
"DTXSID2021781",278.35,0.00233062200092402,0.048797622154504,35251.4910335574,0.548729333872177,0.00153248986078503,0.4573936074058,0
"DTXSID3020205",312.37,0.000219335250481268,0.00913699892330234,24999.0931634893,0.493750811890556,0.0016776322964231,0.346384638186006,0
"DTXSID7021360",92.14,1162.43410504097,4.2591223343591,573.368650615988,0.163689206557315,0.00190650671706724,0.623360491545196,0
"DTXSID8020462",106.12,1.5589539635932,11353.8974626628,0.0584757083953887,1.35000874463331,0.000826112373809916,1.15039393764218,0
"DTXSID8020913",128.18,15.6363067832955,0.181379969017417,1899.98097117716,0.620826126844778,0.000936195510408619,0.474249608098573,0
