"dtxsid","molwt","vapor","solub","kow","decay.air","decay.sur","diffus.air","conc.out"
"DTXSID2021781",278.35,0.00183281095928281,0.0386373553523263,23551.5468516731,0.850890502819988,0.000866578695208119,0.399551060084853,0
"DTXSID3020205",312.37,0.00118233885674983,0.00983484975412969,26745.7700522357,0.552182941448611,0.000722617839282235,0.679025149631524,0
"DTXSID7021360",92.14,3343.68824392264,4.828472116076,323.564409834702,0.441268730678171,0.00053423490748836,0.956091767936873,0
"DTXSID8020462",106.12,0.432568570637887,8883.26808346762,0.114622062543661,0.730520926808071,0.00178617876631341,0.745914275566659,0
"DTXSID8020913",128.18,21.2068869128737,0.1560717117098,1944.21168887361,1.22911504206063,0.00121713710764037,0.552951176439889,0
