"dtxsid","molwt","vapor","solub","kow","decay.air","decay.sur","diffus.air","conc.out"
"DTXSID2021781",278.35,0.00568690884898083,0.0257329513497156,33224.6905374137,0.542645571369856,0.00153842710787051,0.481440583193077,0
"DTXSID3020205",312.37,0.00171693183834126,0.0050717461529747,12423.2116918161,0.788282212091607,0.000645539560129328,0.309395816962772,0
"DTXSID7021360",92.14,13095.5466587902,3.52655290300171,500.718063620368,0.232647379588309,0.000925635420131386,0.919222081138491,0
"DTXSID8020462",106.12,0.350756717487155,9633.76043329994,0.078680523780657,2.91769761230219,0.00183691833018414,0.701228965871199,0
"DTXSID8020913",128.18,3.87373399490866,0.196929280734989,1146.25840545209,1.20151670597574,0.00104029884935821,0.605564130958858,0
