"dtxsid","molwt","vapor","solub","kow","decay.air","decay.sur","diffus.air","conc.out"
"DTXSID2021781",278.35,0.001183051028115,0.0524435667959662,71933.0824064952,0.985540179496019,0.00164861834648008,0.817005494211695,0
"DTXSID3020205",312.37,0.00168058412837283,0.0106342717031764,20431.8935447252,1.2817423077188,0.00108937939669294,0.468599397605181,0
"DTXSID7021360",92.14,2822.87547769123,4.4515760486411,196.416854627713,0.303644039895844,0.000785711392440357,0.819830979124753,0
"DTXSID8020462",106.12,0.570172048821424,11240.8068647403,0.0859491639515903,2.21054707815437,0.00210504341801952,1.0587365341561,0
"DTXSID8020913",128.18,16.35268591248,0.158025262468146,1343.69524562237,3.11108300537597,0.00221994413407462,0.625933562047703,0
