"dtxsid","molwt","vapor","solub","kow","decay.air","decay.sur","diffus.air","conc.out"
"DTXSID2021781",278.35,0.000831960968469012,0.0355066861903174,25437.7071350096,0.825873787566324,0.000888310643553748,0.322345467737724,0
"DTXSID3020205",312.37,0.00054122122384965,0.0149614990721434,9655.49909135737,0.725857233953081,0.000688217419867184,0.5519939676204,0
"DTXSID7021360",92.14,1805.54535671871,4.24262153044015,561.797910858061,0.522364558904494,0.00216560143203756,0.87623435872903,0
"DTXSID8020462",106.12,1.01932035803197,7300.82103864163,0.074617522530489,3.58952420313603,0.00119636212605118,0.588972623733273,0
"DTXSID8020913",128.18,6.78928126463148,0.171362034818536,1564.47879988692,0.984227688361304,0.00280636420309694,0.78788003337984,0
