"dtxsid","molwt","vapor","solub","kow","decay.air","decay.sur","diffus.air","conc.out"
"DTXSID2021781",278.35,0.00121658834343152,0.0329385004398355,22868.6476903749,0.27562182182276,0.00111214875544038,0.467486277135742,0
"DTXSID3020205",312.37,0.000285181767592174,0.00751219907439197,17324.7572358038,0.736250963548263,0.000589135690129832,0.451106977244204,0
"DTXSID7021360",92.14,5464.35669754991,2.79718107544295,407.877144627316,0.348495984411096,0.00109492534169121,1.21973627417402,0
"DTXSID8020462",106.12,1.71917892628249,8100.29614255039,0.0897815656092398,1.4763818041811,0.000531087913712593,1.16650217508516,0
"DTXSID8020913",128.18,7.99154474913127,0.126928725325588,3028.74531242623,0.870413621392409,0.00179577904588532,1.05315537456336,0
