"dtxsid","molwt","vapor","solub","kow","decay.air","decay.sur","diffus.air","conc.out"
"DTXSID2021781",278.35,0.00253820694515923,0.0769402282616032,41991.1628660015,0.558357647247686,0.000600014851837548,0.591378815424712,0
"DTXSID3020205",312.37,0.00117887096507034,0.0111204539021191,17653.5453797571,0.600862702531992,0.00214682662998703,0.648663580683598,0
"DTXSID7021360",92.14,2615.33174537579,3.24468757008165,909.168798854383,0.492296400008774,0.00148828072250374,0.60208557039768,0
"DTXSID8020462",106.12,1.90570321692665,7246.74472091015,0.0568293050546338,2.47530373742657,0.000819137746094072,0.675936863653106,0
"DTXSID8020913",128.18,7.34733729217226,0.161574644311999,3292.56025841084,0.862910543380466,0.0011917859741404,0.470241207559577,0
