"dtxsid","molwt","vapor","solub","kow","decay.air","decay.sur","diffus.air","conc.out"
"DTXSID2021781",278.35,0.00378461491678132,0.0294846531633828,49685.3000107173,0.694180600489009,0.000664313826161221,0.452518350886768,0
"DTXSID3020205",312.37,0.000859067539677531,0.00864561565916898,41626.2469293335,1.13557430060506,0.000758946950995733,0.429893919222437,0
"DTXSID7021360",92.14,5240.87170835883,4.94966553611128,218.6445095443,0.266989993928265,0.000845768255696839,0.689715200072589,0
"DTXSID8020462",106.12,1.92758584356747,9254.36985043995,0.0586862032421741,2.0429051176816,0.000991494422886516,0.642149813117598,0
"DTXSID8020913",128.18,1.09877774778216,0.209266729295958,1911.82464844213,2.15686455370026,0.00118176321608111,0.618498848920973,0
