"dtxsid","molwt","vapor","solub","kow","decay.air","decay.sur","diffus.air","conc.out"
"DTXSID2021781",278.35,0.00343178572158451,0.0256743978125516,14132.9120846986,0.686241197230591,0.00118842046305665,0.615203215246166,0
"DTXSID3020205",312.37,0.000661829583324723,0.0059660109263621,41998.5559891361,0.468497729850384,0.000733466683580899,0.470642244216803,0
"DTXSID7021360",92.14,1902.67825874509,3.43622386100169,702.449549044414,0.242192463248063,0.00136714296857823,0.978532625788563,0
"DTXSID8020462",106.12,0.522849945488242,8766.1397124314,0.186275153163385,1.45420318523484,0.000973208939028963,0.733503587449304,0
"DTXSID8020913",128.18,39.7741021514676,0.164307150104425,4137.78144573654,1.01419085412693,0.000989720730962321,0.579045329630531,0
