"dtxsid","molwt","vapor","solub","kow","decay.air","decay.sur","diffus.air","conc.out"
"DTXSID2021781",278.35,0.00224242493754325,0.0504464924942824,53779.1942711562,0.338866714973096,0.000756432219596577,0.359208159938163,0
"DTXSID3020205",312.37,0.00595912887562677,0.00933141464556957,11097.1515574361,0.294582496683757,0.000652787343719743,0.492615630681325,0
"DTXSID7021360",92.14,3738.72103607042,3.12397667947701,308.002224486564,1.13664381654191,0.000507696588446105,0.993810393925412,0
"DTXSID8020462",106.12,0.571697404978103,8746.67620306178,0.0712103423165972,3.89599424562483,0.0018028718651279,0.564914831161169,0
"DTXSID8020913",128.18,26.6790320831912,0.113671808347873,2436.33419155741,2.61519350526621,0.00159333219718549,0.706514968438942,0
