"dtxsid","molwt","vapor","solub","kow","decay.air","decay.sur","diffus.air","conc.out"
"DTXSID2021781",278.35,0.000423460531926095,0.0349839609339516,43706.5243051148,0.665083827798347,0.000966835616451602,0.572124180547116,0
"DTXSID3020205",312.37,0.000539160553523631,0.00446186861868078,13607.1397649399,0.278059053809693,0.00126283229826943,0.603814942981055,0
"DTXSID7021360",92.14,3954.89951814534,3.12684892434193,430.445913709664,0.247778753653183,0.00212171138357546,0.93129492065766,0
"DTXSID8020462",106.12,0.320555401080603,11742.5083197283,0.0738747331682476,2.58333519340529,0.00125979771790327,0.970911362405952,0
"DTXSID8020913",128.18,5.37925653555254,0.264860847813783,3228.86810806741,2.27352638093412,0.00121151666032122,0.690179583646511,0
