"dtxsid","molwt","vapor","solub","kow","decay.air","decay.sur","diffus.air","conc.out"
"DTXSID2021781",278.35,0.00163389638423304,0.0406065863823084,39766.334847836,1.03277854865647,0.000728521774965374,0.734021016803728,0
"DTXSID3020205",312.37,0.000745870484577597,0.00965039179673057,28213.2973517303,0.390475289017821,0.000771641753148922,0.664180801962854,0
"DTXSID7021360",92.14,5253.68584565814,5.18675078618396,655.065355906727,0.51803150142957,0.000813402919955119,0.841037991925287,0
"DTXSID8020462",106.12,0.49373674645139,4714.20051717631,0.0572560834242265,2.42441796291645,0.00110228760741144,0.764844167034916,0
"DTXSID8020913",128.18,6.54788895000058,0.108196239753714,1837.98530869015,1.26752728771126,0.000688438630908325,0.804254257633393,0
