"dtxsid","molwt","vapor","solub","kow","decay.air","decay.sur","diffus.air","conc.out"
"DTXSID2021781",278.35,0.00103053078813326,0.0400868401979766,25174.3154132948,0.876961932795072,0.000813302084612933,0.454693686221178,0
"DTXSID3020205",312.37,0.000469301533142023,0.00431349043762381,8679.049479525,0.814394079724647,0.000511040525328416,0.499445355465461,0
"DTXSID7021360",92.14,3398.39485045066,5.53604171070494,545.886187849118,0.66874366893224,0.00139195600173741,0.870570006899455,0
"DTXSID8020462",106.12,1.83677940981216,8812.70568362452,0.129299359390059,2.13040162927598,0.00179947204909418,0.936457060272667,0
"DTXSID8020913",128.18,3.1634712606758,0.131444988616555,2618.38627865242,2.24142788743575,0.000668015872160553,0.646105267427453,0
