"dtxsid","molwt","vapor","solub","kow","decay.air","decay.sur","diffus.air","conc.out"
"DTXSID2021781",278.35,0.00309946986357554,0.0500620550470111,42463.1231872943,0.574445672843303,0.000369003140363381,0.392323296037983,0
"DTXSID3020205",312.37,0.00035334039372845,0.00669983557648298,18729.6985619117,0.747194113771435,0.00099555764084013,0.322795821108883,0
"DTXSID7021360",92.14,3887.28558228495,6.10237308311182,232.55437221966,0.382681955483124,0.00239156252929623,0.930889042677007,0
"DTXSID8020462",106.12,0.649814227659043,6508.95576444399,0.0637333639960958,4.5348858853361,0.000421078754377755,0.830291926604724,0
"DTXSID8020913",128.18,14.4157292262426,0.228785211356799,4311.34884082962,2.54710737929678,0.000873938569839621,0.450079860220014,0
