"dtxsid","molwt","vapor","solub","kow","decay.air","decay.sur","diffus.air","conc.out"
"DTXSID2021781",278.35,0.00731627960548397,0.040201795079989,56310.2236028573,0.740402610217432,0.00126687928359088,0.481245238086296,0
"DTXSID3020205",312.37,0.000917507626859358,0.00931716267154934,25615.3958257982,0.651911682946154,0.000857924645877995,0.485775121328365,0
"DTXSID7021360",92.14,3825.59678962846,5.96421205882411,418.876774455944,0.410745544508697,0.00241843811556892,0.872101410191449,0
"DTXSID8020462",106.12,0.766081529476747,6712.44641035988,0.115140323397755,1.40530874833777,0.000620479989567029,0.861835364960067,0
"DTXSID8020913",128.18,6.30573854466772,0.15046623049862,2597.38212597301,1.21347668179268,0.000704371517637441,0.586411066207026,0
