"dtxsid","molwt","vapor","solub","kow","decay.air","decay.sur","diffus.air","conc.out"
"DTXSID2021781",278.35,0.00255348460949602,0.0463235365832419,30942.2772911621,0.912156623603655,0.000884869508488989,0.468980776518139,0
"DTXSID3020205",312.37,0.000232820645239076,0.0119336266954951,15316.8886623655,1.13519233894914,0.00127913190637443,0.543909666463314,0
"DTXSID7021360",92.14,8852.21479399014,5.79390252620692,163.045195356199,0.505329425415844,0.000557544313240882,1.62572430261708,0
"DTXSID8020462",106.12,1.03238466937247,12795.9001661132,0.108367361301778,2.16266524188166,0.000908935209180739,0.680301331580643,0
"DTXSID8020913",128.18,7.64338363106456,0.217936652646447,2415.02879015966,1.36641859441185,0.00111340636240265,0.754114896882489,0
