"dtxsid","molwt","vapor","solub","kow","decay.air","decay.sur","diffus.air","conc.out"
"DTXSID2021781",278.35,0.00230092340738413,0.0395713889885234,47330.8771508902,0.470565225888256,0.000658971878569772,0.755210383259603,0
"DTXSID3020205",312.37,0.00067677619444947,0.0100321177100884,25898.9832154599,0.618745755280794,0.000841440025073668,0.680804509206827,0
"DTXSID7021360",92.14,1267.48069905931,4.08154317480824,465.220029502233,0.658956625628409,0.00101892345795903,0.591088154761329,0
"DTXSID8020462",106.12,0.613396331209011,10461.8456326772,0.0608531150580918,1.3685798450962,0.000942951861754228,0.500101352249322,0
"DTXSID8020913",128.18,18.7750675107901,0.147485218397728,1475.39218421485,1.8168296237263,0.000578893604464539,0.863728296263644,0
