"dtxsid","molwt","vapor","solub","kow","decay.air","decay.sur","diffus.air","conc.out"
"DTXSID2021781",278.35,0.00137530678488713,0.0332112830463788,33359.4325301268,0.379710843697511,0.000840650756421914,0.636865232782673,0
"DTXSID3020205",312.37,0.0004373286252265,0.00607201410592364,14458.861735949,0.436898944150691,0.000642402048482101,0.469443516471718,0
"DTXSID7021360",92.14,1568.4377004885,4.34157422587243,633.293041399319,0.243591947510256,0.00188325955026493,0.914249342660532,0
"DTXSID8020462",106.12,0.644142519769048,5447.94062584191,0.0552552748763227,2.78228467781777,0.000914634992447001,0.658407443377332,0
"DTXSID8020913",128.18,4.64751443938341,0.135050923811119,3414.53074360363,2.05169548861782,0.000761131491817684,0.746017568375774,0
