"dtxsid","molwt","vapor","solub","kow","decay.air","decay.sur","diffus.air","conc.out"
"DTXSID2021781",278.35,0.0040290087150737,0.0415356544355168,27150.2807535632,0.337361942492499,0.000796860816078345,0.358029426134761,0
"DTXSID3020205",312.37,0.000620869910614735,0.0120994474230814,22074.0025115611,0.487513405624954,0.000911058634111849,0.431811776867979,0
"DTXSID7021360",92.14,2939.68445719745,4.2004028142401,592.966263072355,0.415710365291335,0.00103161163793251,0.853491072285484,0
"DTXSID8020462",106.12,0.640957676809206,6476.43302241705,0.0749083151710843,1.66498065296405,0.000475638256616294,0.912668397887894,0
"DTXSID8020913",128.18,5.86656084342274,0.166359871760193,2748.20722674897,1.84037429782481,0.000961418082751294,0.624200304313427,0
