"dtxsid","molwt","vapor","solub","kow","decay.air","decay.sur","diffus.air","conc.out"
"DTXSID2021781",278.35,0.00296499496880185,0.0452601942738384,45803.6705080553,0.671243119312472,0.000730151068905137,0.745182877444486,0
"DTXSID3020205",312.37,0.000307085498011293,0.00813940733280907,15760.3221158351,0.736764312699831,0.000896347320378583,0.656870219776514,0
"DTXSID7021360",92.14,1435.84284480706,3.62828901052868,520.750155452798,0.416353409713806,0.00107223320186534,0.458393399657297,0
"DTXSID8020462",106.12,1.67099696690056,8359.27619385693,0.0850972762317126,0.662539660554021,0.000633203078832491,1.19377860690348,0
"DTXSID8020913",128.18,15.0628049994766,0.136367756116502,7164.55379909205,0.71519361059901,0.000932127395957965,0.617469212635181,0
