"dtxsid","molwt","vapor","solub","kow","decay.air","decay.sur","diffus.air","conc.out"
"DTXSID2021781",278.35,0.00152384494969052,0.0650798348765529,25740.4667655065,0.388668887637587,0.000707235764541834,0.618584215250291,0
"DTXSID3020205",312.37,0.00102999448986738,0.00824309931588164,49345.3790349683,0.884737201803792,0.00104428145946711,0.593734700641686,0
"DTXSID7021360",92.14,1048.49161026844,4.64875642320843,494.310703850531,0.38604433815214,0.0016394561093871,0.761691389506832,0
"DTXSID8020462",106.12,1.13677887451926,8567.30166577118,0.060141119932606,1.33726872264824,0.000614732581158508,0.716938755974192,0
"DTXSID8020913",128.18,48.6159912823558,0.175794303957049,4074.21118631464,3.1704507374902,0.00124399314040099,0.603733275941068,0
