"dtxsid","molwt","vapor","solub","kow","decay.air","decay.sur","diffus.air","conc.out"
"DTXSID2021781",278.35,0.00519624897020772,0.0476933804506768,17772.9163825099,0.359095878074603,0.00160443732647823,0.484526731733809,0
"DTXSID3020205",312.37,0.00050349925800868,0.00806318071070801,14729.1116504475,0.942102399316242,0.00157597660516258,0.380833245801111,0
"DTXSID7021360",92.14,3386.50333517122,6.40857362591367,354.797639058344,0.199832818712882,0.00154939658203277,0.808115214356843,0
"DTXSID8020462",106.12,0.459729274686558,9092.01488519288,0.0964752894592672,2.00831299147749,0.000464701813783435,0.643787841150474,0
"DTXSID8020913",128.18,6.22902488423101,0.122616721769464,3311.89945864221,2.07282145419491,0.00120200969664045,0.570896430973861,0
