"dtxsid","molwt","vapor","solub","kow","decay.air","decay.sur","diffus.air","conc.out"
"DTXSID2021781",278.35,0.00358431563815886,0.0367340712728926,45922.5947450321,0.566660924545695,0.00104759863189637,0.413274626566357,0
"DTXSID3020205",312.37,0.000230449461452685,0.0094456517826021,36108.8171191657,0.652799683842179,0.000815586229464698,0.346248929217757,0
"DTXSID7021360",92.14,5517.7341684962,3.11391246012151,186.986591639179,0.49344470125907,0.000548802707600284,0.664555041580801,0
"DTXSID8020462",106.12,0.580967468119717,9377.23894480837,0.0983453089158608,2.15264417324407,0.000890852761603462,0.555852851583736,0
"DTXSID8020913",128.18,2.71174651926362,0.121198641895325,3230.25441184359,2.45064807254639,0.00100164670489308,0.758972212740408,0
