"dtxsid","molwt","vapor","solub","kow","decay.air","decay.sur","diffus.air","conc.out"
"DTXSID2021781",278.35,0.00346646129516737,0.0614996445512986,28244.7568289282,0.468914506605253,0.0014717102807433,0.573671124662827,0
"DTXSID3020205",312.37,0.00159484566590875,0.00743650129442073,31734.4078669149,0.509444099066632,0.000897127740744632,0.395871707610089,0
"DTXSID7021360",92.14,1311.31531807009,3.81733160750981,351.075067226367,0.254866043475797,0.00202580552495967,0.866475903334959,0
"DTXSID8020462",106.12,0.773504154153069,7659.38517953329,0.0954886093686465,3.68568541493991,0.00086749705578396,0.56512310409591,0
"DTXSID8020913",128.18,10.652414151366,0.138994419508023,1496.00716632415,2.32309992686686,0.00195576525553813,0.732718012677214,0
