"dtxsid","molwt","vapor","solub","kow","decay.air","decay.sur","diffus.air","conc.out"
"DTXSID2021781",278.35,0.00214945640024361,0.0400568256606608,19123.2227742168,1.11324222277755,0.00110353574771674,0.333153756417293,0
"DTXSID3020205",312.37,0.000341702942058012,0.0104441853364019,27132.8354238131,0.556811307007969,0.0010368510050628,0.641813074845378,0
"DTXSID7021360",92.14,3668.46516382407,4.89872494267961,381.121573258305,0.181435777108962,0.000975043430856989,0.531036939047273,0
"DTXSID8020462",106.12,0.847987916933372,6335.91298892536,0.200910560146495,2.42641838915942,0.000834062491034546,0.99312323737121,0
"DTXSID8020913",128.18,26.7161030963287,0.10319716030215,2715.62641017055,1.35935786456834,0.00123834085993932,0.722468888588103,0
