"dtxsid","molwt","vapor","solub","kow","decay.air","decay.sur","diffus.air","conc.out"
"DTXSID2021781",278.35,0.00255902236755476,0.0291832815784207,40676.7799065464,0.532426114655258,0.0010506848463572,0.545296016628792,0
"DTXSID3020205",312.37,0.000291224681211027,0.0121103195650376,15435.7897547286,0.52344770412348,0.00223206916781224,0.351604077401153,0
"DTXSID7021360",92.14,3151.49130443855,4.48274840234978,557.518709909682,0.362295515504222,0.000905976361689002,0.697885567202235,0
"DTXSID8020462",106.12,0.556601018595014,9358.72180756145,0.0632944012432565,2.24068091916453,0.00144071452821297,0.978472248136827,0
"DTXSID8020913",128.18,10.7645926583065,0.126974624176203,3247.35195191026,2.14349003968822,0.00113790083132561,0.650924180079507,0
