"dtxsid","molwt","vapor","solub","kow","decay.air","decay.sur","diffus.air","conc.out"
"DTXSID2021781",278.35,0.0028762188091075,0.0650606187907074,30742.6151436931,0.44955135026234,0.00106002873704179,0.402794183549526,0
"DTXSID3020205",312.37,0.000213482588499652,0.00851789788996439,23973.1956319385,0.447738880103647,0.000868203346267645,0.448048139197892,0
"DTXSID7021360",92.14,562.51588360969,3.84860597317529,628.353335592394,0.286113595072792,0.00067944327103024,1.01759442215854,0
"DTXSID8020462",106.12,0.995404563571319,7508.88748826832,0.086087061253369,2.99395307278427,0.000999448079172097,1.14678329154713,0
"DTXSID8020913",128.18,8.54930835351533,0.121930200493047,3072.807173492,2.87648311557073,0.0010273146681865,0.785349819334148,0
