"dtxsid","molwt","vapor","solub","kow","decay.air","decay.sur","diffus.air","conc.out"
"DTXSID2021781",278.35,0.00435206937098653,0.0356960234537662,23643.2218256127,0.753992178754559,0.00114179231124822,0.651608719642136,0
"DTXSID3020205",312.37,0.00109392263415659,0.00561184534957124,21992.9578375839,0.841092890596494,0.000752884414309317,0.405216017862658,0
"DTXSID7021360",92.14,10061.5433391762,4.57643421685426,734.278449942174,0.381641426239717,0.00153776113562746,0.905077264900054,0
"DTXSID8020462",106.12,0.323093187115895,6197.89144503678,0.054620039879909,1.42395714950559,0.000874890082475518,0.438999163344618,0
"DTXSID8020913",128.18,4.69837470378545,0.153599062989209,2360.69753895972,0.731533775599526,0.0016030838740766,0.652211277175416,0
