"dtxsid","molwt","vapor","solub","kow","decay.air","decay.sur","diffus.air","conc.out"
"DTXSID2021781",278.35,0.00141949515627703,0.0319051775675824,10142.1231764005,1.46049578540481,0.00195419832192322,0.5143517145262,0
"DTXSID3020205",312.37,0.000270298542861111,0.00629053991951086,18228.5721882154,0.522539632993291,0.00134607553777109,0.410917093434955,0
"DTXSID7021360",92.14,12641.7857182128,3.8933629698278,571.70864282499,0.188055721486148,0.00109172376790171,1.05772980830636,0
"DTXSID8020462",106.12,4.04932875601544,7716.4336092117,0.0909101386937986,1.55556013291759,0.00148917924730494,0.830590990085932,0
"DTXSID8020913",128.18,14.9877316722345,0.154488466447161,812.685257349955,0.852946837436873,0.000753621686287516,0.884581049642288,0
