"dtxsid","molwt","vapor","solub","kow","decay.air","decay.sur","diffus.air","conc.out"
"DTXSID2021781",278.35,0.000873025815971158,0.0551728467587982,32094.4614874282,0.967228269982269,0.000429177915767982,0.344889786397277,0
"DTXSID3020205",312.37,0.00109022635417446,0.00719707557994201,23643.1059606615,1.06992724704366,0.00113669140917817,0.405313013626131,0
"DTXSID7021360",92.14,7274.64564784923,5.41953242092055,566.827361516655,0.580956993355875,0.000740656179696058,0.923483977276555,0
"DTXSID8020462",106.12,1.06667453853747,11268.8115370469,0.0637316245823436,1.39814153536838,0.000708372689118971,0.959498724655485,0
"DTXSID8020913",128.18,12.5087356531623,0.13926995759047,2137.07494979724,1.01112465635366,0.00151910733436244,0.618869776164233,0
