"dtxsid","molwt","vapor","solub","kow","decay.air","decay.sur","diffus.air","conc.out"
"DTXSID2021781",278.35,0.00106171447102531,0.0212396342162581,23691.0416418062,0.604767018938355,0.00101379660720796,0.407498414619432,0
"DTXSID3020205",312.37,0.00034921052420972,0.0101030680567532,18414.8631773486,0.624715452265882,0.000859104713300962,0.561567689058249,0
"DTXSID7021360",92.14,6006.02605110334,4.7463904286498,446.281062376144,0.235735644139675,0.000705228508260903,0.886792412796586,0
"DTXSID8020462",106.12,0.16492974755029,6754.50098576546,0.0465969322439548,1.38109441176658,0.000883495237146267,0.517891008358549,0
"DTXSID8020913",128.18,9.45629779792513,0.111917579644835,1790.66617806702,2.66037118548861,0.000600763664796947,0.996387042853178,0
