"dtxsid","molwt","vapor","solub","kow","decay.air","decay.sur","diffus.air","conc.out"
"DTXSID2021781",278.35,0.00280911589567332,0.029114821243515,25498.934740405,0.407002420942051,0.00141266539126318,0.533864839501523,0
"DTXSID3020205",312.37,0.00037700734364983,0.0104962835961683,10683.8528191117,0.60967998339599,0.00113233834217402,0.611834781409226,0
"DTXSID7021360",92.14,2183.59378420469,4.91710875897231,598.685912235247,0.50183442848658,0.000938573423306183,0.703690438974401,0
"DTXSID8020462",106.12,0.39323060467066,10580.212503528,0.0400042845706943,2.14356509456482,0.00126132145725818,0.793687954361504,0
"DTXSID8020913",128.18,4.56129203810051,0.173856520599486,3302.42010419919,3.61295769911738,0.00131955873518078,0.595544387936571,0
