"dtxsid","molwt","vapor","solub","kow","decay.air","decay.sur","diffus.air","conc.out"
"DTXSID2021781",278.35,0.00306218849716584,0.0646573184105852,26337.0349016017,0.656678301325225,0.00115049582524658,0.737641261761018,0
"DTXSID3020205",312.37,0.00148370686668565,0.00775402807805987,24212.8247499515,0.401377414039633,0.000930309588726086,0.541368954323777,0
"DTXSID7021360",92.14,2964.25480119495,4.47240136730205,165.587409820429,0.342231406559777,0.000734545579092365,0.80226447050926,0
"DTXSID8020462",106.12,2.25732131568074,11047.4483741917,0.0678001002800587,2.29874851003943,0.00265172701944096,0.572455451233812,0
"DTXSID8020913",128.18,7.85283726140284,0.102165428875831,2811.821229001,2.92372122402327,0.00111042460712616,0.888238833506229,0
