"dtxsid","molwt","vapor","solub","kow","decay.air","decay.sur","diffus.air","conc.out"
"DTXSID2021781",278.35,0.00204710752247663,0.0372815543497759,37250.7913322026,0.614650356636344,0.000873059646970396,0.33050517678709,0
"DTXSID3020205",312.37,0.000309925083742795,0.0143366327135631,57886.2484027535,0.807546046038769,0.000765837965536949,0.537749944961242,0
"DTXSID7021360",92.14,2182.20897022084,5.58777804031899,349.07115340916,0.611736650558725,0.000647251379896259,0.755996883157214,0
"DTXSID8020462",106.12,0.48106461428567,4789.0444977072,0.0459598319493056,2.00312402335633,0.00093241976408891,1.05875669424825,0
"DTXSID8020913",128.18,6.27671012984975,0.184804261770587,2160.51565409444,1.92576797571947,0.000980773980664172,0.911095398318722,0
