"dtxsid","molwt","vapor","solub","kow","decay.air","decay.sur","diffus.air","conc.out"
"DTXSID2021781",278.35,0.00388392093399944,0.0275066203666636,34554.8281710697,0.411331816494294,0.000938595163909628,0.625412143932027,0
"DTXSID3020205",312.37,0.000863997390436246,0.00829415818374375,21864.13414208,0.914179110811532,0.00129820680267629,0.380154984273559,0
"DTXSID7021360",92.14,4254.68553995221,7.26156562642006,440.574525380268,0.5789936590425,0.000496999719658954,0.807200280209403,0
"DTXSID8020462",106.12,1.38033533818014,8458.55259038697,0.031832405464188,1.78355683780105,0.00141940376921266,1.02658774907763,0
"DTXSID8020913",128.18,13.1494026404216,0.114956377246714,8513.4253645183,1.4423558936078,0.00119900702998365,0.844252862715985,0
