"dtxsid","molwt","vapor","solub","kow","decay.air","decay.sur","diffus.air","conc.out"
"DTXSID2021781",278.35,0.00365499066479821,0.0264923915343303,38012.6136355496,0.613315870834609,0.000985011904740084,0.623873365101186,0
"DTXSID3020205",312.37,0.000287825310066007,0.0114976698807465,12611.8605408102,0.968601814666662,0.00129331974117083,0.321964224084848,0
"DTXSID7021360",92.14,5618.42530210855,4.3342532132508,443.859201026086,0.621689885523997,0.00253253458962158,0.825870271500048,0
"DTXSID8020462",106.12,0.645401583909184,6577.56489550865,0.17666425936569,3.70833245172814,0.000709171327568923,0.980025954655761,0
"DTXSID8020913",128.18,2.74639267454271,0.185146272148741,2156.12200703643,0.724796737788986,0.000816226537358655,0.496881591902158,0
