"dtxsid","molwt","vapor","solub","kow","decay.air","decay.sur","diffus.air","conc.out"
"DTXSID2021781",278.35,0.00216719703138276,0.027210663106464,31693.713915908,0.67802784250968,0.000774004113074923,0.579619817935718,0
"DTXSID3020205",312.37,0.000684230429609145,0.00723194650772666,18386.926001769,0.561936139994396,0.00115645512045338,0.602062740531797,0
"DTXSID7021360",92.14,1521.60995103978,4.05998983825252,337.517953957974,0.515982683045617,0.000420309768242286,0.627760286208441,0
"DTXSID8020462",106.12,0.725275317431886,8128.40888853113,0.0681418144745407,1.70463536031051,0.00101763607521487,0.660626647966414,0
"DTXSID8020913",128.18,2.47242123411602,0.158578024016568,1754.58925590393,2.16867071680826,0.00127356967036052,0.722305439383265,0
