"dtxsid","molwt","vapor","solub","kow","decay.air","decay.sur","diffus.air","conc.out"
"DTXSID2021781",278.35,0.00442015410003539,0.0451372867182573,21393.0988032501,0.442268609741303,0.00155561324762687,0.76075646426899,0
"DTXSID3020205",312.37,0.000286757466821049,0.0114512008112657,9331.73270974705,0.420302206985566,0.000582875929965879,0.654565813207912,0
"DTXSID7021360",92.14,2184.11469603171,6.82793894596302,680.499053708587,0.356267612436872,0.000828193898081206,0.816048602030585,0
"DTXSID8020462",106.12,1.39037442142756,7862.94691019543,0.14426431724115,3.40171697909026,0.00126913452678519,0.721674609806761,0
"DTXSID8020913",128.18,37.0594239514084,0.153401669012421,3220.04889139398,1.05247459168637,0.000910114026591926,0.704132372203333,0
