"dtxsid","molwt","vapor","solub","kow","decay.air","decay.sur","diffus.air","conc.out"
"DTXSID2021781",278.35,0.00403632168703138,0.0276642078252717,66924.6932989446,1.53288595679221,0.00115317505854304,0.501240380759296,0
"DTXSID3020205",312.37,0.000741145464412023,0.0106157243979649,13352.1187295626,0.604398052052288,0.00112326675793277,0.437409977285953,0
"DTXSID7021360",92.14,1016.5783722202,4.44542758879852,347.860220972828,0.376129119682003,0.00109464466351037,0.891938728583048,0
"DTXSID8020462",106.12,0.261983079317644,6417.52838564243,0.105846371639925,2.89501800465892,0.0013925059307728,0.770396677571675,0
"DTXSID8020913",128.18,7.36187237596413,0.222868013704099,4238.39664092508,3.04960747696758,0.00105970285144922,0.759951989532176,0
