"dtxsid","molwt","vapor","solub","kow","decay.air","decay.sur","diffus.air","conc.out"
"DTXSID2021781",278.35,0.0040970000235223,0.034563321634298,21558.6355499749,0.330744146706491,0.00114737562819088,0.507862413314642,0
"DTXSID3020205",312.37,0.000393610893837367,0.00779268392143078,23735.4098083025,0.924188511304875,0.00145709382598833,0.288468407108727,0
"DTXSID7021360",92.14,3046.2763285247,3.05249507920265,261.580332893793,0.537719009029171,0.000410695621021998,0.69158283758677,0
"DTXSID8020462",106.12,0.385040030224874,8000.11255084839,0.0900136487457723,2.93027668226375,0.000711199196620089,1.01524360671685,0
"DTXSID8020913",128.18,6.21515279288974,0.124149090268225,1330.82670299207,2.35986353927384,0.00137636953704461,0.697327408693153,0
