"dtxsid","molwt","vapor","solub","kow","decay.air","decay.sur","diffus.air","conc.out"
"DTXSID2021781",278.35,0.00417826690813755,0.0627102014494699,30157.4986569995,0.696692895443618,0.00204779940360931,0.596216925745949,0
"DTXSID3020205",312.37,0.000515553280311706,0.011825919090551,21669.1411155823,1.19071627610579,0.000900548263118784,0.44498185578509,0
"DTXSID7021360",92.14,2592.72376622731,5.12227071414807,498.589680634257,0.697221758374771,0.00148354443417518,0.650546710736584,0
"DTXSID8020462",106.12,0.42753464608768,9283.75860614533,0.114819240410936,4.31579443736347,0.000796714143446972,0.986177888606982,0
"DTXSID8020913",128.18,4.18978467188646,0.146390121949479,4118.71698296751,0.524479418290894,0.00100501636362451,0.707993053814089,0
