"dtxsid","molwt","vapor","solub","kow","decay.air","decay.sur","diffus.air","conc.out"
"DTXSID2021781",278.35,0.00283868115403211,0.0386070908126186,21307.3582257044,0.543548386255823,0.000607888367399842,0.543794346934481,0
"DTXSID3020205",312.37,0.000298856848026204,0.00794317161132489,22005.8796907902,0.65580960793662,0.000817174923276749,0.705309374277874,0
"DTXSID7021360",92.14,5688.33600444946,5.66318881177233,1124.50781083453,0.323995153371255,0.00100890724564212,0.67072801609583,0
"DTXSID8020462",106.12,0.857261005281933,8362.6999859476,0.0615831892274601,1.13026594897655,0.00105217723390558,0.826209624334701,0
"DTXSID8020913",128.18,4.42744070120152,0.0976124622814281,2779.35872935128,0.532873980024963,0.00117865870428496,0.889479803916457,0
