"dtxsid","molwt","vapor","solub","kow","decay.air","decay.sur","diffus.air","conc.out"
"DTXSID2021781",278.35,0.00163183025211218,0.0328861730317813,57151.0163271599,1.37393440647253,0.000920046650863253,0.377122195872397,0
"DTXSID3020205",312.37,0.000179821209771671,0.00822315670656804,6257.66096075084,0.582376286661186,0.00161652568889822,0.45206914376357,0
"DTXSID7021360",92.14,4990.04985080757,4.65525478175091,232.427198695695,0.168573593032661,0.000850862252145823,0.781352448312394,0
"DTXSID8020462",106.12,1.01490056070394,5644.08984829472,0.0728331383328965,4.52018930020126,0.000519795161965982,0.84944394337295,0
"DTXSID8020913",128.18,6.0665709113469,0.122978270245844,2273.38361238543,1.7243052265686,0.00171492941032955,0.489905756917038,0
