"dtxsid","molwt","vapor","solub","kow","decay.air","decay.sur","diffus.air","conc.out"
"DTXSID2021781",278.35,0.00900869574594304,0.024353879760313,26209.2399409738,0.596081115331257,0.00126981156777747,0.536135254180428,0
"DTXSID3020205",312.37,0.000429844848155945,0.00814426575811389,34869.3703947996,0.943966199083699,0.000612911034003068,0.393254644777915,0
"DTXSID7021360",92.14,1068.71258420045,2.6619871298308,413.657411679544,0.248288268095163,0.00100529866831882,0.661719332896,0
"DTXSID8020462",106.12,0.716188164009547,5949.05047232086,0.0879483129229817,0.807217050183763,0.00089198304426223,1.02376389731708,0
"DTXSID8020913",128.18,4.24003527627379,0.185472351781144,1590.40287085288,1.26276501100698,0.00171329738550457,1.2704188224678,0
