"dtxsid","molwt","vapor","solub","kow","decay.air","decay.sur","diffus.air","conc.out"
"DTXSID2021781",278.35,0.00137743639471043,0.0395045503146081,20550.5311318045,0.29965662985889,0.00117281936732686,0.685801545973449,0
"DTXSID3020205",312.37,0.000617444399577996,0.00681026325340087,30925.9588920336,0.53505358458937,0.000732332784477776,0.704655794312145,0
"DTXSID7021360",92.14,2517.29008234896,4.19588711427634,439.432438836589,0.48044046746378,0.0013856188543985,0.804590658062072,0
"DTXSID8020462",106.12,1.44938810029239,8492.14357380571,0.0352296849959144,3.49280254183474,0.00061059454213795,0.787269623736177,0
"DTXSID8020913",128.18,10.7941294488992,0.181570945183429,2990.73060809736,1.25379458132899,0.00200141559001412,0.639163026422286,0
