"dtxsid","molwt","vapor","solub","kow","decay.air","decay.sur","diffus.air","conc.out"
"DTXSID2021781",278.35,0.00348029274476682,0.0262177033695345,27987.4554709564,0.965440563750953,0.0014317357510641,0.396594196141641,0
"DTXSID3020205",312.37,0.000754002826411711,0.0107390480524896,31608.8522681591,0.96703154982346,0.0010338409019532,0.453653629232462,0
"DTXSID7021360",92.14,4056.8600216379,4.83831984055016,352.745606453441,1.02575974041915,0.0007640975976951,0.821971119037486,0
"DTXSID8020462",106.12,1.27525434169832,10399.2384386266,0.0497352030429436,1.94177855975083,0.00076965688112072,0.876583483023218,0
"DTXSID8020913",128.18,13.6022071732325,0.163955673966965,2587.36327042128,1.77371969489614,0.000819559304939588,0.537817288496798,0
