"dtxsid","molwt","vapor","solub","kow","decay.air","decay.sur","diffus.air","conc.out"
"DTXSID2021781",278.35,0.00209286807162367,0.0672370021515909,27665.322628889,0.479718756271847,0.000688588953575389,0.346792062458434,0
"DTXSID3020205",312.37,0.00101606175665972,0.0104377704708284,52180.0502222995,0.800696103526264,0.000556324485250624,0.532015747991257,0
"DTXSID7021360",92.14,2150.47820570349,7.9375126522322,465.110808940342,0.408460740143638,0.00213609956990119,0.579566143813734,0
"DTXSID8020462",106.12,1.52272491597305,4660.63499971523,0.134185143136851,1.2942516433139,0.00102412980145057,0.835173713549016,0
"DTXSID8020913",128.18,5.99431267800552,0.127304750171759,2376.9149922837,0.839117477872739,0.000507776639999969,0.861963491857324,0
