"dtxsid","molwt","vapor","solub","kow","decay.air","decay.sur","diffus.air","conc.out"
"DTXSID2021781",278.35,0.00510186878402628,0.0408230765727816,34745.8534681535,0.49818488445035,0.000678363075590653,0.497761708531958,0
"DTXSID3020205",312.37,0.00177994322191545,0.00768242853786241,25637.4882709195,0.50231783778966,0.00132492896597267,0.410655260749556,0
"DTXSID7021360",92.14,1774.02336686221,3.90806045003204,625.52823515965,0.367840961548601,0.00084879894854231,0.598065502494425,0
"DTXSID8020462",106.12,0.679728342226999,7703.67982762686,0.0774440138348267,1.36873848472544,0.000914293080235476,1.11942360486311,0
"DTXSID8020913",128.18,10.9976344156694,0.139179713611487,2550.5212583627,1.33409175989639,0.000895077396487711,0.586882603814248,0
