"dtxsid","molwt","vapor","solub","kow","decay.air","decay.sur","diffus.air","conc.out"
"DTXSID2021781",278.35,0.0131434800607285,0.0553326296552252,42473.2029097569,0.482187656306668,0.00166412686917246,0.630491752169747,0
"DTXSID3020205",312.37,0.000315811969999387,0.0165857659076991,13249.8985723487,0.758150430964512,0.000794151159867366,0.781003318693211,0
"DTXSID7021360",92.14,955.483901914886,7.07176752229884,426.131152569557,0.209551107590033,0.00120106666545626,1.09107108477264,0
"DTXSID8020462",106.12,0.484562258000493,9548.2486324448,0.119397119990423,1.93754103909948,0.00240875440124432,0.517633549025342,0
"DTXSID8020913",128.18,3.32231360357176,0.162962119118444,1693.19207596684,0.522464585485149,0.00113716532528382,0.583082040823143,0
