"dtxsid","molwt","vapor","solub","kow","decay.air","decay.sur","diffus.air","conc.out"
"DTXSID2021781",278.35,0.00339064377347908,0.0436716785152738,35654.3986007961,0.713261698267143,0.00123678437329499,0.398479198405237,0
"DTXSID3020205",312.37,0.000135540178690095,0.0098204681412232,22595.8792548186,0.890869423785335,0.000825234402395439,0.695565893548018,0
"DTXSID7021360",92.14,2683.76382121092,4.36000324946908,456.041751038233,0.574839826275723,0.00185235265571602,0.880690130268214,0
"DTXSID8020462",106.12,2.19399611207561,6076.99773293829,0.0911831526976727,6.60141275171428,0.00109096362737647,0.696606213038164,0
"DTXSID8020913",128.18,5.78918322692107,0.259959169772473,2606.73264359954,0.886355369839397,0.00080400049789158,0.511221461858085,0
