"dtxsid","molwt","vapor","solub","kow","decay.air","decay.sur","diffus.air","conc.out"
"DTXSID2021781",278.35,0.0040488017811737,0.0396598399421244,61754.688389618,0.522934289912162,0.00157401129324537,0.742882203354124,0
"DTXSID3020205",312.37,0.000499283935117616,0.00787938167573596,18512.5217981297,0.468338252967645,0.00177404723292458,0.519033497654309,0
"DTXSID7021360",92.14,648.904597182788,3.54504328846596,652.542175344172,0.334402116138453,0.00220225470454365,1.38386356587667,0
"DTXSID8020462",106.12,1.33381316888264,7319.48639030525,0.0901252894545355,2.95053796326963,0.000811370950224608,0.843817657482319,0
"DTXSID8020913",128.18,6.21146278325101,0.119917273681874,1260.82606953362,0.747584780976296,0.00138404299629078,0.725498959068777,0
