"dtxsid","molwt","vapor","solub","kow","decay.air","decay.sur","diffus.air","conc.out"
"DTXSID2021781",278.35,0.00127876603629544,0.0218152157366136,25947.914504932,0.452656491620411,0.00241024945382173,0.684729206352886,0
"DTXSID3020205",312.37,0.000179537072164359,0.00920215279463157,35203.992626102,0.751290193939003,0.000991187443748355,0.326925264769411,0
"DTXSID7021360",92.14,2260.40622611652,4.20585074093861,420.609061237847,0.733188742649311,0.00314317534309934,0.91798285804183,0
"DTXSID8020462",106.12,0.535856518738858,9345.00796746574,0.0867840580010674,2.69405749478943,0.00198295403703617,1.03522643209851,0
"DTXSID8020913",128.18,8.93940390016516,0.152114387954114,1589.66921477721,0.974145472819999,0.00105709281979342,0.740945749016312,0
