"dtxsid","molwt","vapor","solub","kow","decay.air","decay.sur","diffus.air","conc.out"
"DTXSID2021781",278.35,0.00398211372468172,0.0433558534191095,18817.9604507399,0.755469205562878,0.000791961096920508,0.461611934544606,0
"DTXSID3020205",312.37,0.00185971923085665,0.0078710318766891,16678.3392002539,0.568889318417488,0.00188008730383494,0.573016931711841,0
"DTXSID7021360",92.14,3510.24765475836,4.73984635293046,426.06280637069,0.32008958141927,0.00110584605518424,0.76478967695178,0
"DTXSID8020462",106.12,2.14537712502803,8526.57663154694,0.083042646375406,1.25180471248306,0.000488312657941058,0.931179405436847,0
"DTXSID8020913",128.18,8.47122515577764,0.191928796065323,3033.10299129912,0.957121354139763,0.000671001488716782,1.00558721437257,0
