"dtxsid","molwt","vapor","solub","kow","decay.air","decay.sur","diffus.air","conc.out"
"DTXSID2021781",278.35,0.00543152867378752,0.0274275245007575,36877.719837482,1.88544791491931,0.000476454299016282,0.761662922456838,0
"DTXSID3020205",312.37,0.00057928924856888,0.007372951350931,11001.1677358908,0.459949780827488,0.00134724948654964,0.532830299023288,0
"DTXSID7021360",92.14,2782.2517581934,6.92096605529005,408.295618125461,0.492166898578926,0.00100406923730895,0.825552751465914,0
"DTXSID8020462",106.12,0.403895711322713,8239.1651152115,0.0922002220988341,0.905594270411508,0.00201872377517481,0.569815387598012,0
"DTXSID8020913",128.18,3.69096180203466,0.122864046208731,1182.80618504348,1.57679457051785,0.000646814976323195,0.7158577068341,0
