"dtxsid","molwt","vapor","solub","kow","decay.air","decay.sur","diffus.air","conc.out"
"DTXSID2021781",278.35,0.00309560069364635,0.0435994307637758,18749.7043409198,1.08332791472152,0.000717476315211839,0.446380988896839,0
"DTXSID3020205",312.37,0.000468286186669522,0.00991253657133398,21500.0347502204,0.899965587020484,0.000649954585878313,0.684204552466665,0
"DTXSID7021360",92.14,891.137133361903,6.42405073069586,169.537514895415,0.27147255724789,0.000568018454841786,0.721516863287867,0
"DTXSID8020462",106.12,2.153214289151,5041.72975864523,0.160713946933594,1.28202210824199,0.00100158389985456,1.10178427887721,0
"DTXSID8020913",128.18,8.94300877104769,0.12816752199852,2138.67994965716,1.60134859093782,0.000636559731761709,1.52306351263603,0
