"dtxsid","molwt","vapor","solub","kow","decay.air","decay.sur","diffus.air","conc.out"
"DTXSID2021781",278.35,0.00276147293758324,0.029290666107793,15442.0179593412,0.319773336185164,0.00123308605498175,0.570398578987541,0
"DTXSID3020205",312.37,0.000590183576001786,0.0115687509218738,11020.1434213347,0.761532916319244,0.000661169121001935,0.44293943340719,0
"DTXSID7021360",92.14,4141.05609347591,3.96022194508807,242.616508155293,0.595359703936931,0.00112015298611348,0.588297841631862,0
"DTXSID8020462",106.12,1.28808125604846,5486.69369333414,0.0373122642754811,1.03447322418559,0.00218866396848652,0.971963392779105,0
"DTXSID8020913",128.18,25.8960223366445,0.147864377000392,1227.06120621244,1.20505534342846,0.000739076220347778,0.676484935632521,0
