"dtxsid","molwt","vapor","solub","kow","decay.air","decay.sur","diffus.air","conc.out"
"DTXSID2021781",278.35,0.00544774041437963,0.0526140540235104,42508.7720411436,0.633487691752192,0.00060888019314491,0.499439474122746,0
"DTXSID3020205",312.37,0.000600536118550574,0.00999113183667694,14165.5701007081,0.622165999252403,0.00100751919409299,0.932286169315197,0
"DTXSID7021360",92.14,1275.96888991313,4.39135087501331,463.529400766074,0.368768392913948,0.00169813249155093,0.83084721882844,0
"DTXSID8020462",106.12,1.54612944263278,10283.2716801185,0.0566509970416894,2.40512665668957,0.000958876925721821,0.543324766339936,0
"DTXSID8020913",128.18,6.78568887732839,0.157388349592122,2623.18245427136,1.93934828163931,0.000638906978459789,0.946318876507825,0
