"dtxsid","molwt","vapor","solub","kow","decay.air","decay.sur","diffus.air","conc.out"
"DTXSID2021781",278.35,0.0045826967191829,0.0475804783812816,24397.6012537458,0.862281386114998,0.000710358535791775,0.444034605107161,0
"DTXSID3020205",312.37,0.00242961897467725,0.0148602897186487,14671.6581499857,0.569177402206241,0.000824015250063946,0.615114757525489,0
"DTXSID7021360",92.14,4399.31463457743,8.89851945760782,278.444559948444,0.282509274020733,0.000934435993728153,0.985356683838832,0
"DTXSID8020462",106.12,0.123357462480266,8905.82100757638,0.0382052747348512,1.06625996752886,0.000966367684005639,0.658631834875448,0
"DTXSID8020913",128.18,11.5836353521023,0.160287804177797,5614.96112357028,0.476021967582289,0.000507885411503402,0.823075499936609,0
