"dtxsid","molwt","vapor","solub","kow","decay.air","decay.sur","diffus.air","conc.out"
"DTXSID2021781",278.35,0.00551833135705998,0.0519635832418682,45373.2438552771,0.467332503366226,0.000885421220131321,0.464576212708339,0
"DTXSID3020205",312.37,0.0012852412179582,0.00604494551245736,18097.4743983794,0.948198031917257,0.000480169099338737,0.352017543117574,0
"DTXSID7021360",92.14,14260.8409899329,2.95468847930698,860.465134858217,0.210668748427525,0.00122035816448864,1.1772919425792,0
"DTXSID8020462",106.12,0.28387382809854,7317.13101407672,0.0732315296081678,1.46051698888513,0.000713804689677808,0.901421942238842,0
"DTXSID8020913",128.18,4.09150259522758,0.128361014208383,5328.12619758107,1.47533753288265,0.00121122409573965,0.654340166202917,0
