"dtxsid","molwt","vapor","solub","kow","decay.air","decay.sur","diffus.air","conc.out"
"DTXSID2021781",278.35,0.00791559338890159,0.0656212243650121,22784.667534052,0.52075248770234,0.00102528023228549,0.36861914852494,0
"DTXSID3020205",312.37,0.000207996204644704,0.00555824582572557,30932.2918838474,0.824893485738365,0.00121545218670811,0.384055046089218,0
"DTXSID7021360",92.14,6817.97873421944,2.88768346073789,411.36056424108,0.285760946110708,0.00150956413482287,1.10552683235515,0
"DTXSID8020462",106.12,0.244406884228149,9645.36212535321,0.0497711616665262,2.72840804485623,0.00239087740804145,1.11472055476742,0
"DTXSID8020913",128.18,16.1561776533318,0.171474134267584,3106.37256553769,1.24952907412304,0.000964234303376139,1.09199704852493,0
