"dtxsid","molwt","vapor","solub","kow","decay.air","decay.sur","diffus.air","conc.out"
"DTXSID2021781",278.35,0.00260285870057149,0.0388433670921705,35324.4799041778,0.579317195393223,0.000975362958998431,0.765605551602059,0
"DTXSID3020205",312.37,0.000329599423690158,0.0116368905859521,26013.1753979206,0.790951195219693,0.000902035240938084,0.733808641154162,0
"DTXSID7021360",92.14,3740.49409762225,7.10800684924111,634.514913185632,0.208579322830787,0.000830836659288883,0.863236360642675,0
"DTXSID8020462",106.12,0.70834047881513,10209.5085434633,0.148638780342725,1.91757863652401,0.000713775741458246,0.811093545833543,0
"DTXSID8020913",128.18,17.2776830235642,0.235862857299317,1234.61380671731,2.78065145743534,0.000964247548653257,0.726206344830169,0
