"dtxsid","molwt","vapor","solub","kow","decay.air","decay.sur","diffus.air","conc.out"
"DTXSID2021781",278.35,0.00142366119195932,0.0319053222105031,30908.9001926405,0.709581334376121,0.000624252489852573,0.557578665835562,0
"DTXSID3020205",312.37,0.00184585629670748,0.0160131378242094,17677.1673679656,0.761229157179205,0.000490760177507143,0.652614102581943,0
"DTXSID7021360",92.14,3990.66229312141,4.02286338835471,318.024165064823,0.280127327948986,0.00200227426360222,1.36722044534496,0
"DTXSID8020462",106.12,0.766558998563026,6610.01076199409,0.112762245687423,1.96627744489156,0.00101830885648402,0.65533019007538,0
"DTXSID8020913",128.18,4.29572659931694,0.146050793191174,2841.59591576886,0.943084757671375,0.000700675204010812,0.55064329091521,0
