"dtxsid","molwt","vapor","solub","kow","decay.air","decay.sur","diffus.air","conc.out"
"DTXSID2021781",278.35,0.00318674519788053,0.0411273086623433,32488.2135371699,0.563986361236003,0.00132537628526068,0.43017732522187,0
"DTXSID3020205",312.37,0.000521850789225356,0.00661261256694173,19285.2588059193,0.836073205219402,0.00120726276672994,0.465489925341583,0
"DTXSID7021360",92.14,3288.55032844805,5.8770715795752,363.870281444696,0.806206012410283,0.0011097372138209,0.974595699255779,0
"DTXSID8020462",106.12,0.761127270081499,6020.23194488298,0.0910391703972132,2.14414631956322,0.00148999252941807,1.04984395507964,0
"DTXSID8020913",128.18,9.31983882552237,0.189112097296968,2434.49792596543,2.42676883017657,0.00157288726137454,0.648920058150267,0
