"dtxsid","molwt","vapor","solub","kow","decay.air","decay.sur","diffus.air","conc.out"
"DTXSID2021781",278.35,0.00397878964582158,0.0290622500712736,42762.70049769,0.663934658243154,0.00103877237494904,0.616158183673975,0
"DTXSID3020205",312.37,0.000265183206620776,0.010511954659373,17049.5943864581,0.585155140050402,0.000641908683673432,0.848170631941405,0
"DTXSID7021360",92.14,2170.59883757755,8.55527091452538,690.754509575859,0.260335460005243,0.00129294990481102,1.30566022834474,0
"DTXSID8020462",106.12,1.50030365070776,7133.60900574477,0.066130862102818,3.06472067764465,0.000695700338014612,0.654030766920985,0
"DTXSID8020913",128.18,2.19038239674376,0.156128660918232,3710.1001981186,1.78267400970079,0.00182492336356722,0.664552752905293,0
