"dtxsid","molwt","vapor","solub","kow","decay.air","decay.sur","diffus.air","conc.out"
"DTXSID2021781",278.35,0.00604977039757836,0.0287363280497254,22824.2148840554,0.526321499057786,0.00113228766676251,0.541151577488166,0
"DTXSID3020205",312.37,0.000119710039931718,0.0108837242197626,21373.85524716,0.592182690814482,0.000764809274113634,0.63652080939064,0
"DTXSID7021360",92.14,2629.57798792627,2.6890895952089,683.044567723059,0.550910197944363,0.0016376354416125,0.737746975635422,0
"DTXSID8020462",106.12,0.962678689749661,4397.38069912595,0.0292023876476611,1.07244599792836,0.000803816870215771,0.839633827004236,0
"DTXSID8020913",128.18,2.3661486235021,0.124980301004491,1994.67433279131,1.48795179766169,0.000972647084930233,0.803873219696886,0
