"dtxsid","molwt","vapor","solub","kow","decay.air","decay.sur","diffus.air","conc.out"
"DTXSID2021781",278.35,0.0106718745199524,0.0285186852507899,38180.7140424482,0.684107663348329,0.000854126226456041,0.54620142363758,0
"DTXSID3020205",312.37,0.00059502925507233,0.0113406924575664,30147.7041058074,0.686816915155933,0.00158641877116562,0.600011770132683,0
"DTXSID7021360",92.14,3721.82786317132,5.05154034146273,1139.47780163439,0.88000964090835,0.000898828750248909,0.849687507372944,0
"DTXSID8020462",106.12,0.398759228684422,8272.43847427542,0.0755870359758783,2.65694594456656,0.000711030729539785,0.913935360398891,0
"DTXSID8020913",128.18,5.16564108560084,0.133540400431418,2568.77931317082,1.13110669906535,0.000914894192339409,0.575869133588582,0
