"dtxsid","molwt","vapor","solub","kow","decay.air","decay.sur","diffus.air","conc.out"
"DTXSID2021781",278.35,0.00558422185522041,0.0470625631894743,27296.9931148066,0.64104662874478,0.00122356241352287,0.498384150929553,0
"DTXSID3020205",312.37,0.000914075584869559,0.0128563583422164,16806.2684569679,0.524106519086758,0.00163847770136615,0.439956194373347,0
"DTXSID7021360",92.14,679.731194540573,5.15101141896805,328.893110200663,0.299209477624531,0.000574886835180519,0.846675746415363,0
"DTXSID8020462",106.12,2.67309795203981,7176.82560151048,0.180657497216326,0.923170223955193,0.000392281164458284,0.738389522299592,0
"DTXSID8020913",128.18,4.61818054644302,0.102441187964315,4405.76032676861,0.783331973538873,0.00110330865386673,0.3499374078705,0
