"dtxsid","molwt","vapor","solub","kow","decay.air","decay.sur","diffus.air","conc.out"
"DTXSID2021781",278.35,0.00342578580480934,0.0390974500432319,32016.5549221204,1.04775113826196,0.00100529136232004,0.506079845890072,0
"DTXSID3020205",312.37,0.00235839757610013,0.0111119113161157,7280.53579338987,0.508418106483695,0.000382918770085333,0.293296160950622,0
"DTXSID7021360",92.14,13621.2285026446,3.88535750006592,415.34606684079,0.310657470552605,0.00101300554339828,0.675092887615357,0
"DTXSID8020462",106.12,0.680519459045755,8520.00541349007,0.0714053996797841,2.6188001257444,0.000897904364945845,0.996825217088781,0
"DTXSID8020913",128.18,6.64203119895228,0.101463768110928,3730.34599934881,2.18642530593297,0.00125432752800048,0.910706202630173,0
