"dtxsid","molwt","vapor","solub","kow","decay.air","decay.sur","diffus.air","conc.out"
"DTXSID2021781",278.35,0.00538934563314421,0.047619195702516,42035.8327068326,0.69471768779797,0.00172097311499447,0.46302737499193,0
"DTXSID3020205",312.37,0.000577371627318172,0.00991478440887885,18513.3881494983,0.516876599748379,0.00139029329860102,0.487409424497706,0
"DTXSID7021360",92.14,2390.91711280804,4.44376028729798,222.496165718313,0.487856350577769,0.00120048990293143,0.996290200887142,0
"DTXSID8020462",106.12,0.306952757838733,6731.92507292706,0.121095611569153,1.65613446194119,0.00120831458409734,1.06086289090999,0
"DTXSID8020913",128.18,38.7965968299515,0.102489232832607,2321.69822895908,2.14009944704907,0.000998853150407437,0.538451873829431,0
