"dtxsid","molwt","vapor","solub","kow","decay.air","decay.sur","diffus.air","conc.out"
"DTXSID2021781",278.35,0.000746079098221914,0.0593199408754008,35091.605037642,0.48524141185682,0.00142118714484937,0.724745811394352,0
"DTXSID3020205",312.37,0.00123599632916603,0.0093082083796482,37304.2960352821,0.644060566860952,0.00046951513118058,0.44041184663157,0
"DTXSID7021360",92.14,3534.32588962441,6.30137300437241,322.323295222006,0.370519493299844,0.000765814374665973,0.89734406392108,0
"DTXSID8020462",106.12,0.690357389885584,7725.83179550054,0.0794547929410204,1.75006966669338,0.000862681891502378,1.4356248023733,0
"DTXSID8020913",128.18,3.98293629983889,0.182410268634037,3371.39306302304,1.3422148011622,0.00104998160104533,0.62402968146487,0
