"dtxsid","molwt","vapor","solub","kow","decay.air","decay.sur","diffus.air","conc.out"
"DTXSID2021781",278.35,0.00242498191020926,0.0405241639054434,113511.124494917,0.674847738379192,0.000847695056534964,0.463428228772392,0
"DTXSID3020205",312.37,0.000391205726646422,0.00566577412128366,17382.2502739737,0.892336589020396,0.000720982919183252,0.846013830201724,0
"DTXSID7021360",92.14,983.171291818456,3.29579498344723,513.09954961833,0.448873904473518,0.00056248896846969,0.85333107441533,0
"DTXSID8020462",106.12,3.8005180115222,8794.8930619331,0.106392541475125,1.53151215441588,0.00116091917545121,0.637583307165686,0
"DTXSID8020913",128.18,12.4246979018193,0.162876691280066,1393.17601659958,1.01695021810147,0.000862344010624365,0.776453409957944,0
