"dtxsid","molwt","vapor","solub","kow","decay.air","decay.sur","diffus.air","conc.out"
"DTXSID2021781",278.35,0.00306378281574202,0.0393907010129883,58830.6181772568,0.823939634600003,0.000662746058825899,0.45306443940773,0
"DTXSID3020205",312.37,0.000427006620234651,0.00575385850306318,30556.5743100513,0.415320917677729,0.000611294226519724,0.461625887933327,0
"DTXSID7021360",92.14,3802.47650548303,5.34348187939691,544.391563481354,0.265569990157496,0.000549111203172399,1.17934677512358,0
"DTXSID8020462",106.12,0.753930765842104,7298.28002945456,0.142512769141419,1.99596535980654,0.000797749445750971,1.34356789640212,0
"DTXSID8020913",128.18,13.7709755924671,0.0880182832199309,3417.38276919823,1.57215479082975,0.000457563132315354,0.649213233874797,0
