"dtxsid","molwt","vapor","solub","kow","decay.air","decay.sur","diffus.air","conc.out"
"DTXSID2021781",278.35,0.000820554739042474,0.039438107351238,19888.4764740309,0.576606336447875,0.0011775916749957,0.728940648717272,0
"DTXSID3020205",312.37,0.00090433556275843,0.00607807078993309,19005.5209350313,1.71171924136687,0.000854417490074276,0.6855704237305,0
"DTXSID7021360",92.14,5217.11280436101,6.31518307854904,540.848571903104,0.403689042165327,0.00049487273302746,0.686699765639278,0
"DTXSID8020462",106.12,0.763482827313086,6957.13174874107,0.0772994672129918,1.94218963510877,0.000637753131738127,0.636195156782582,0
"DTXSID8020913",128.18,8.24865571964478,0.104515597641806,3132.5099652463,0.736768412010057,0.00154881667475277,0.774759973782305,0
