"dtxsid","molwt","vapor","solub","kow","decay.air","decay.sur","diffus.air","conc.out"
"DTXSID2021781",278.35,0.00182428428711052,0.0452996788677796,24428.1132680244,0.769885084137965,0.000383090821363968,0.604085336545546,0
"DTXSID3020205",312.37,0.000116684068325817,0.00839653894484666,19016.7496748076,0.802411559402162,0.00135605612780276,0.59141234953257,0
"DTXSID7021360",92.14,4260.14531441015,4.98028852399858,464.408400464443,0.32763360467265,0.00103997823089576,0.914383649505373,0
"DTXSID8020462",106.12,0.777816590807844,7054.26416412753,0.0831195354659205,2.78106998134558,0.000496921367605064,0.876886602950164,0
"DTXSID8020913",128.18,4.10297719511064,0.149961729304046,2898.04718416381,1.46096861887094,0.00118124788134743,0.692752847654014,0
