"dtxsid","molwt","vapor","solub","kow","decay.air","decay.sur","diffus.air","conc.out"
"DTXSID2021781",278.35,0.00253152382008244,0.0540651509157092,32185.7842735213,0.53408871609671,0.0013435466714833,0.502704305855584,0
"DTXSID3020205",312.37,0.00165573838518769,0.00902318009166443,11811.8239173934,0.674138195255998,0.00182545477327875,0.529461527454191,0
"DTXSID7021360",92.14,10170.7168510545,4.1694304521798,493.52110450164,0.361174850048275,0.000588415024956667,0.642534575897711,0
"DTXSID8020462",106.12,0.811453594973476,11620.365456092,0.0944716681973108,2.86353225792917,0.0011877666152562,0.687926769676042,0
"DTXSID8020913",128.18,8.24780128188901,0.18186273415238,1721.04470805555,2.03766355379467,0.00134663088068917,0.949464631123858,0
