"dtxsid","molwt","vapor","solub","kow","decay.air","decay.sur","diffus.air","conc.out"
"DTXSID2021781",278.35,0.00249353223342297,0.0294348333311158,32123.277076216,0.426890448675022,0.000762535734126706,0.68427610174971,0
"DTXSID3020205",312.37,0.000718878790623042,0.00669502643985383,16929.3113734531,1.06052262056177,0.000901529168437464,0.358626338294718,0
"DTXSID7021360",92.14,3884.05678756486,4.77602420664783,267.672746693935,0.287228738693457,0.00104834252429295,0.639131846111051,0
"DTXSID8020462",106.12,1.91997239922279,9131.71464508236,0.0822243149095593,1.36126848371175,0.000764331377509334,0.747633652002621,0
"DTXSID8020913",128.18,23.7369400062141,0.10638907949624,1955.41776162334,1.530638954406,0.000675504388179835,0.60460320927292,0
