"dtxsid","molwt","vapor","solub","kow","decay.air","decay.sur","diffus.air","conc.out"
"DTXSID2021781",278.35,0.000460749752589013,0.0356933203410239,44514.5492066345,0.675286922326754,0.00124749953883602,0.405467953280465,0
"DTXSID3020205",312.37,0.000459070272817325,0.00919215273727771,24907.4541807013,0.873287377796841,0.000696757906063587,0.526892767984903,0
"DTXSID7021360",92.14,1149.90671153574,5.01166092818879,452.619261290771,0.398303083266088,0.00118945161311782,0.741776657834375,0
"DTXSID8020462",106.12,0.688704951025225,10708.2366339293,0.0929842081905695,1.99057568146748,0.00080631530953555,0.911752139157692,0
"DTXSID8020913",128.18,3.81609207095537,0.0819482379306212,2405.56192054779,1.21620356780314,0.00104812458449741,0.610950974447918,0
