"dtxsid","molwt","vapor","solub","kow","decay.air","decay.sur","diffus.air","conc.out"
"DTXSID2021781",278.35,0.000636148901885571,0.0389399245635659,20376.3978348782,0.395917851737617,0.000546437438135416,0.719472298401776,0
"DTXSID3020205",312.37,0.00185508290170254,0.0085915179987707,16687.8885455235,0.94407642754782,0.000436543268305693,0.731063337665028,0
"DTXSID7021360",92.14,1799.38376679386,3.65835503824169,410.114397311804,0.199348465988365,0.00218274738950111,0.738103359875783,0
"DTXSID8020462",106.12,0.404357868661681,6817.27296085844,0.102006787201798,1.75328222250326,0.00220372027383448,0.715656112960307,0
"DTXSID8020913",128.18,6.93877670675589,0.0986011532346732,3861.97385243097,1.72822574404863,0.00114078933363828,0.703050384070598,0
