"dtxsid","molwt","vapor","solub","kow","decay.air","decay.sur","diffus.air","conc.out"
"DTXSID2021781",278.35,0.00415886003405457,0.0197742197498439,32446.937917144,0.606010410279336,0.0014376116506185,0.649316146749387,0
"DTXSID3020205",312.37,0.000521109086176064,0.0110664112280313,23615.4367900459,1.49854499510734,0.00114726769781189,0.386830529007884,0
"DTXSID7021360",92.14,3165.48879911326,5.49047329265762,557.068905996428,0.340335475011564,0.000950905081882768,1.10689646111451,0
"DTXSID8020462",106.12,0.55754737013149,8153.28308605441,0.0558220692606619,1.08637633029515,0.00106074644378532,0.650375047287623,0
"DTXSID8020913",128.18,6.62438110136754,0.144460283359383,1895.75410752336,1.37854060631498,0.000836380004403263,1.00523589549661,0
