"dtxsid","molwt","vapor","solub","kow","decay.air","decay.sur","diffus.air","conc.out"
"DTXSID2021781",278.35,0.00108236203400715,0.0691331961034976,23879.9939372914,0.460934316690966,0.00112454210828539,0.659100862077972,0
"DTXSID3020205",312.37,0.000343937130511167,0.00748903558543976,30688.0897575202,0.49623315050817,0.000844439725272564,0.51123771003429,0
"DTXSID7021360",92.14,1371.29757287892,3.7151118788579,393.377079269363,0.255418303931086,0.000537380475754104,1.32290395014005,0
"DTXSID8020462",106.12,0.524507345255685,7339.74991954559,0.126219342276309,3.5789051682142,0.00110510392581182,0.888317046391521,0
"DTXSID8020913",128.18,4.22916666283738,0.12993225797414,2261.4788984947,2.37784311224256,0.000872012322896406,0.576567713508143,0
