"dtxsid","molwt","vapor","solub","kow","decay.air","decay.sur","diffus.air","conc.out"
"DTXSID2021781",278.35,0.00372459191507514,0.0370427954699248,39900.4792275067,0.471391775955889,0.00117098975016352,0.559535087293062,0
"DTXSID3020205",312.37,0.000371042134008902,0.00781783895456335,44229.4358174141,0.431501470211318,0.00208362499671728,0.943419107351221,0
"DTXSID7021360",92.14,2682.08824720379,7.51397992707039,307.439683382374,0.351711258982565,0.00078793623369587,1.31863841426979,0
"DTXSID8020462",106.12,0.330180366728822,6583.32964292138,0.0803727548307227,2.43861003438701,0.00110232129366541,0.738613622214541,0
"DTXSID8020913",128.18,5.22172338567083,0.216383366914563,3079.33721885559,0.574230070123799,0.000883731089682205,0.93724183426242,0
