"dtxsid","molwt","vapor","solub","kow","decay.air","decay.sur","diffus.air","conc.out"
"DTXSID2021781",278.35,0.00504412965756426,0.0512097685979129,30424.6642770672,0.695483379658725,0.00168253385400645,0.328414692078093,0
"DTXSID3020205",312.37,0.000152692552701754,0.0117536568797946,21033.1844996857,0.368887522804858,0.00208178689593693,0.458372258606949,0
"DTXSID7021360",92.14,5092.40101289404,3.4312079532254,463.614993581605,0.352599952878007,0.000464103307105023,0.599074026365557,0
"DTXSID8020462",106.12,0.276335136670833,5614.5120337767,0.0490103484504512,1.3644861666555,0.00101711263382343,0.738935205243425,0
"DTXSID8020913",128.18,14.2583586257186,0.133397295681105,1621.39081664222,1.471735467807,0.00103182047258254,0.529295417863813,0
