"dtxsid","molwt","vapor","solub","kow","decay.air","decay.sur","diffus.air","conc.out"
"DTXSID2021781",278.35,0.00958505433218221,0.0405765051042243,48469.6989393218,0.344862056958127,0.00166163545107196,0.510358411052742,0
"DTXSID3020205",312.37,0.00079386976351545,0.0100101062229955,55160.2780856972,0.833303406514479,0.00146150148569044,0.68880247605562,0
"DTXSID7021360",92.14,2473.7461289511,6.7235575792887,264.521500905367,0.415357552934131,0.00132446962322318,0.755885410256142,0
"DTXSID8020462",106.12,0.337782768014146,8066.18820079898,0.0959213953087767,3.13667358323689,0.000554556497049006,0.973475235192482,0
"DTXSID8020913",128.18,15.4382893460037,0.181894668743872,3305.12959327571,1.9842714223517,0.00087377511436614,0.790970747738676,0
