"dtxsid","molwt","vapor","solub","kow","decay.air","decay.sur","diffus.air","conc.out"
"DTXSID2021781",278.35,0.00453210439783569,0.0343688688755587,49812.4576608073,0.473125754332311,0.00127944821484614,0.568059102551255,0
"DTXSID3020205",312.37,0.000565555047407682,0.00637548751370585,22203.9079908799,0.877154953507973,0.000666766286888758,0.593288040782919,0
"DTXSID7021360",92.14,3141.1464004077,4.32510959622029,337.387832153955,0.382776748240725,0.00109569272405149,0.611780475840543,0
"DTXSID8020462",106.12,0.554329406552074,9121.35064054913,0.0996536279351472,3.92115739936021,0.00122165973035863,0.655804993283705,0
"DTXSID8020913",128.18,6.01574384579264,0.0804925572068147,2144.503888725,1.85520706022518,0.0010066841456432,0.433708915008841,0
