"dtxsid","molwt","vapor","solub","kow","decay.air","decay.sur","diffus.air","conc.out"
"DTXSID2021781",278.35,0.00476109083560026,0.0309476693396942,13690.4399159706,0.905031362116364,0.000482520574405976,0.484401767707002,0
"DTXSID3020205",312.37,0.00133868754864931,0.00835122722863338,12824.1734431117,0.876124179755522,0.00105690432092872,0.557192964730814,0
"DTXSID7021360",92.14,14340.3503191646,3.92536954621516,310.017793551443,0.374945667687262,0.000553684152769768,1.08794871264475,0
"DTXSID8020462",106.12,0.381409147805942,7545.8498370466,0.0595342078505723,1.22299129048927,0.000968150111033132,0.570364380800389,0
"DTXSID8020913",128.18,4.78478228000662,0.127384110655649,1963.62602021802,2.3869942329902,0.00177195019650814,0.616069040016281,0
