"dtxsid","molwt","vapor","solub","kow","decay.air","decay.sur","diffus.air","conc.out"
"DTXSID2021781",278.35,0.00745320594736219,0.032231848230869,53548.6295856601,0.405657213215291,0.00203062876254924,0.617711687129452,0
"DTXSID3020205",312.37,0.000366087820912526,0.0135227793013173,26471.2369758617,0.417378460863722,0.000921957705755058,0.630952016182846,0
"DTXSID7021360",92.14,8874.25966575209,3.97782315520249,451.634330210617,0.361472547203166,0.00161519523322955,0.682748091556765,0
"DTXSID8020462",106.12,0.533261877824967,7913.43356068584,0.0568755341300822,2.02840565538829,0.00060611901614701,0.685689938371745,0
"DTXSID8020913",128.18,1.01495684961558,0.184071829940021,1111.67173575032,2.27219224180736,0.00247973708792051,0.54648900882166,0
