"dtxsid","molwt","vapor","solub","kow","decay.air","decay.sur","diffus.air","conc.out"
"DTXSID2021781",278.35,0.0019396641186028,0.0342639357378797,59824.3062361917,0.443316383616054,0.00107241781248441,0.735327567409868,0
"DTXSID3020205",312.37,0.000624262846087676,0.0096278059809672,13927.4392867289,0.820740058941353,0.00192252072062188,0.383312417595224,0
"DTXSID7021360",92.14,3496.74709372807,5.2206738139047,377.973357528524,0.301307861216843,0.000831553083770659,0.644362318457524,0
"DTXSID8020462",106.12,1.81584525588782,8519.64078241214,0.0950630155674098,3.3958363498767,0.00125332299848373,0.742197464572477,0
"DTXSID8020913",128.18,25.3548561540584,0.166067230994957,3834.47784807094,1.47700095501767,0.000831123132132067,0.811964612614845,0
