"dtxsid","molwt","vapor","solub","kow","decay.air","decay.sur","diffus.air","conc.out"
"DTXSID2021781",278.35,0.00230161643645417,0.0332420526747389,66599.1550794177,0.429762760709331,0.000803140887441332,0.359259107152638,0
"DTXSID3020205",312.37,0.00025325730165098,0.00853617928827341,16771.4047021525,0.477318589039249,0.000573661889611976,0.804539762664314,0
"DTXSID7021360",92.14,2064.23245144274,3.90085731660701,495.074237785327,0.436837484158091,0.00159791135071541,0.707433226601097,0
"DTXSID8020462",106.12,0.315858019811692,9666.87063702208,0.145481264352741,4.53892617588526,0.00107537854251674,0.598978328473794,0
"DTXSID8020913",128.18,5.065273600942,0.157764996134432,1841.0076102073,1.31732561217554,0.00157536134174595,1.09618896148991,0
