"dtxsid","molwt","vapor","solub","kow","decay.air","decay.sur","diffus.air","conc.out"
"DTXSID2021781",278.35,0.00340658259608796,0.0456280839144382,27794.415489357,0.892058653852174,0.00155090294050079,0.48441894124194,0
"DTXSID3020205",312.37,0.000682730007671749,0.00904939132656886,8572.3206145957,0.458090722813551,0.00118463201609666,0.413966500496554,0
"DTXSID7021360",92.14,5398.28391288281,3.55024181390698,490.42881524699,0.321483540710187,0.000963558317445536,0.704419631666796,0
"DTXSID8020462",106.12,1.60533205501846,11514.3620101272,0.0714556713756121,2.12278973224696,0.000844010901621819,0.567601439016677,0
"DTXSID8020913",128.18,2.8683388926584,0.154339839557363,1047.39093578172,1.90047226678368,0.000465616816542619,0.447631279887641,0
