"dtxsid","molwt","vapor","solub","kow","decay.air","decay.sur","diffus.air","conc.out"
"DTXSID2021781",278.35,0.00273417754784621,0.0387672671154497,25290.3850813836,0.829961230040183,0.000784867953602217,0.591720312462469,0
"DTXSID3020205",312.37,0.00074893936382857,0.0125591849311998,29222.7423871199,1.4190711072909,0.00109432526180254,0.889578253468729,0
"DTXSID7021360",92.14,3233.2361173154,3.2331309000176,351.261398304652,0.336512187534032,0.0016844712519077,0.499339810887975,0
"DTXSID8020462",106.12,1.30367812649965,5935.47888051976,0.116037461839789,2.46268422790513,0.000664851250583263,0.727097061540439,0
"DTXSID8020913",128.18,10.6094473954389,0.127389107343483,1977.74953893779,0.888783567700053,0.00125918733766068,0.812753454321995,0
