"dtxsid","molwt","vapor","solub","kow","decay.air","decay.sur","diffus.air","conc.out"
"DTXSID2021781",278.35,0.00501915941446107,0.0347184089749651,39217.2781326785,0.811319216480573,0.00125029132024922,0.489154764803152,0
"DTXSID3020205",312.37,0.000560570478306695,0.0173929599580547,11665.8351384357,0.613444889813621,0.00118018342834038,0.539152774822529,0
"DTXSID7021360",92.14,6034.06969550389,3.73804488862168,402.578109449475,0.692061345819673,0.00111754672947397,0.81006008892836,0
"DTXSID8020462",106.12,0.878702470642946,9935.3961127857,0.0817517618736178,1.27579975338864,0.000719762082417139,0.875581232158861,0
"DTXSID8020913",128.18,24.9958825110553,0.0761625290676889,3895.30012949893,1.77862420021979,0.000660238414493278,0.735471998932009,0
