"dtxsid","molwt","vapor","solub","kow","decay.air","decay.sur","diffus.air","conc.out"
"DTXSID2021781",278.35,0.00274353986050341,0.0679455567401452,32932.0463768156,0.448769322531461,0.000726096774449619,0.510860581266705,0
"DTXSID3020205",312.37,0.000368409532017551,0.00966561579104763,15030.8494358193,0.721292500340663,0.0011467545839156,0.544733616942923,0
"DTXSID7021360",92.14,1284.01226300885,3.8128411984201,734.051247244064,0.624547940962424,0.000512182440175964,1.03410666125987,0
"DTXSID8020462",106.12,2.44887683250374,9118.81650715709,0.106727324175824,1.74586880345267,0.00111498207043656,1.19179973732708,0
"DTXSID8020913",128.18,14.0516748041502,0.129953329826639,2209.55230331163,1.8891748153665,0.000632026013006534,0.609541791732669,0
