"dtxsid","molwt","vapor","solub","kow","decay.air","decay.sur","diffus.air","conc.out"
"DTXSID2021781",278.35,0.00702904296533515,0.0315274233478981,47552.9799472968,0.487622702888324,0.000779259584986531,0.331268267002335,0
"DTXSID3020205",312.37,0.000408247398801541,0.0108192292170593,22046.2879520086,0.608251287524979,0.000889499356459094,0.506990990237466,0
"DTXSID7021360",92.14,2365.65849025531,5.86344374000999,342.243996983499,0.355872606232555,0.00100357868791845,0.887811767691768,0
"DTXSID8020462",106.12,1.37175205400989,6480.5429214873,0.106909716088235,1.36136103791109,0.000823755880589723,0.432810649827574,0
"DTXSID8020913",128.18,16.6792140983115,0.125047826582902,2320.85216645766,1.08500690015339,0.000970617579558126,0.556635844042711,0
