"dtxsid","molwt","vapor","solub","kow","decay.air","decay.sur","diffus.air","conc.out"
"DTXSID2021781",278.35,0.00151820886269939,0.036289429762717,16273.5152387683,1.57417119896759,0.00167535096291228,0.40041287839115,0
"DTXSID3020205",312.37,0.000235968313928752,0.00503183023335832,31924.0452699658,0.968752728177788,0.00162013150581351,0.565960922089949,0
"DTXSID7021360",92.14,1170.71692968415,5.40868546371844,503.661305144463,0.479593750274143,0.00157135698660171,0.674218550375177,0
"DTXSID8020462",106.12,0.235914679716692,5750.19548487311,0.100288317635755,2.86728905789247,0.000514248282270566,0.91330628567439,0
"DTXSID8020913",128.18,2.2705011408459,0.179789134648347,2383.75695265268,1.86688401872223,0.000696574776065632,0.689734060855393,0
