"dtxsid","molwt","vapor","solub","kow","decay.air","decay.sur","diffus.air","conc.out"
"DTXSID2021781",278.35,0.00761809557020578,0.0351352414902439,31093.1202446557,0.200430016354033,0.00136744581536109,0.420819524283142,0
"DTXSID3020205",312.37,0.000868961485953408,0.00678446130846436,11618.2544905593,0.846000198664877,0.00131337008931228,0.583010418740714,0
"DTXSID7021360",92.14,5226.83987406419,4.74502207083167,505.410403735635,0.54970091598518,0.00126466453161395,0.823968376608035,0
"DTXSID8020462",106.12,0.93250249907491,9386.29426729613,0.0430173790520269,2.46909389440531,0.000955532765515117,1.2708438999248,0
"DTXSID8020913",128.18,10.5676079915708,0.108529211274964,2774.81196533872,2.21177493014229,0.00175988984106046,0.607611192061158,0
