"dtxsid","molwt","vapor","solub","kow","decay.air","decay.sur","diffus.air","conc.out"
"DTXSID2021781",278.35,0.00143493600902652,0.0406382395807668,67784.7566151154,0.390720334796142,0.000922828766902937,0.456606732227658,0
"DTXSID3020205",312.37,0.00159189268929067,0.00827313806752169,29000.0481004199,0.6837424977017,0.000699585500830586,0.542448994061241,0
"DTXSID7021360",92.14,7579.09667017362,5.62152774542592,484.5136861223,0.339747502417842,0.0020037752024456,0.581105350481045,0
"DTXSID8020462",106.12,1.1383473330665,10266.5047872215,0.0649273217320538,1.14926629005288,0.00102735613256621,0.73804080607682,0
"DTXSID8020913",128.18,10.728665643947,0.121745538262061,1491.21513708603,0.600678511668239,0.00170707402522197,0.733956746070851,0
