"dtxsid","molwt","vapor","solub","kow","decay.air","decay.sur","diffus.air","conc.out"
"DTXSID2021781",278.35,0.00234353612542981,0.0326931614760954,21113.2816763237,0.880986886932642,0.00125592515401561,0.638237218207598,0
"DTXSID3020205",312.37,0.000867003462650344,0.0136962007805325,25071.7634495469,0.713502417979393,0.00100043091618229,0.559725903084116,0
"DTXSID7021360",92.14,2077.87654955785,3.82886340998944,310.464362268039,0.462669557523983,0.000797001439928942,0.985311656794282,0
"DTXSID8020462",106.12,1.08555994625745,7142.89553360963,0.0811913949518369,2.08673362774136,0.0014049886095784,0.849537445666279,0
"DTXSID8020913",128.18,5.03869922771686,0.155227840976744,1167.13556942365,1.82607412882009,0.00058712732305709,0.589885595563565,0
