"dtxsid","molwt","vapor","solub","kow","decay.air","decay.sur","diffus.air","conc.out"
"DTXSID2021781",278.35,0.00257602265298841,0.0344247425611873,34937.002216244,0.286248060012509,0.00101517012992149,0.555414150096082,0
"DTXSID3020205",312.37,0.000157633602958257,0.00929547678432923,20301.181855788,1.03444282647585,0.00125164917499142,0.349731409835214,0
"DTXSID7021360",92.14,1561.98043104207,4.08170457104217,375.64770508248,0.606858912803542,0.0017026543884089,0.593774780829173,0
"DTXSID8020462",106.12,1.51336945282817,6005.18446440608,0.044696848381221,2.34233900508663,0.00155487092624826,0.857597022706696,0
"DTXSID8020913",128.18,34.7798570170203,0.230574277193893,5248.38847815588,1.78575535154967,0.000830597963832827,1.02269736078287,0
