"dtxsid","molwt","vapor","solub","kow","decay.air","decay.sur","diffus.air","conc.out"
"DTXSID2021781",278.35,0.00121722414388966,0.0588933025488569,17886.4507202598,0.419137966116234,0.000592483001266314,0.368226806175488,0
"DTXSID3020205",312.37,0.000808598811671599,0.0109520527865226,15832.2437696732,0.890576183135009,0.00085035850261652,0.745102024706405,0
"DTXSID7021360",92.14,10712.6498606875,3.91261695584105,397.61404730713,0.313122619054302,0.0010977524404435,0.832615396719687,0
"DTXSID8020462",106.12,0.852011275121479,12117.4275562298,0.0761589993575516,2.37128110075548,0.00114038139957883,0.70354430233364,0
"DTXSID8020913",128.18,15.4874486176188,0.140151668875339,2676.85625534882,1.11125443478418,0.00198697354006193,1.14299376643639,0
