"dtxsid","molwt","vapor","solub","kow","decay.air","decay.sur","diffus.air","conc.out"
"DTXSID2021781",278.35,0.00378502810627145,0.0269905682098042,33691.5036163845,0.398612613464755,0.000921961392599525,0.72199422259492,0
"DTXSID3020205",312.37,0.000203299683883066,0.0131044693257357,27122.4726963689,0.880803601571739,0.00112388163781667,0.709212400424051,0
"DTXSID7021360",92.14,5628.98871872361,5.22531003048763,864.216442833943,0.755174924963949,0.00141924992259429,0.678861083850207,0
"DTXSID8020462",106.12,0.529215683546799,9539.44158161304,0.0557995115901466,1.41692043642291,0.000387886705821379,0.649232613183496,0
"DTXSID8020913",128.18,2.49241380805731,0.14392591909682,2071.54781708857,1.3619880282474,0.00177256111440073,0.61455905015389,0
