"dtxsid","molwt","vapor","solub","kow","decay.air","decay.sur","diffus.air","conc.out"
"DTXSID2021781",278.35,0.00186054434871919,0.0457704074538801,29411.2709063558,0.569889817217232,0.00105626749162119,0.37712671024752,0
"DTXSID3020205",312.37,0.000191167570947074,0.00864501542199039,12276.2195903753,0.618607201117218,0.000590260569210856,0.360293985104657,0
"DTXSID7021360",92.14,2755.07179254879,3.24833361221029,573.147691001817,0.577590478222367,0.00115620754566646,0.941011951414734,0
"DTXSID8020462",106.12,0.532663897923778,5690.42236139885,0.0909043302957238,1.86942009618388,0.000832481952278071,0.882958511849849,0
"DTXSID8020913",128.18,10.7760952396161,0.177784942040087,1876.7903891869,2.6490950693022,0.000940620043485219,0.910930403019854,0
