"dtxsid","molwt","vapor","solub","kow","decay.air","decay.sur","diffus.air","conc.out"
"DTXSID2021781",278.35,0.00251663851446649,0.0246670959515628,22108.4723533156,0.401061632452505,0.000838368802447832,0.489279243282586,0
"DTXSID3020205",312.37,0.00142023239621571,0.0113756347887088,23796.2299071866,0.811811192232254,0.000538393630403672,0.377886971921027,0
"DTXSID7021360",92.14,3589.08807728094,6.04340327491474,255.640245216241,0.306337076000841,0.0013964121523694,0.560958449910384,0
"DTXSID8020462",106.12,0.371750392536962,7274.42345960674,0.167293496742004,1.61789640317651,0.00171138944609797,1.01170560469056,0
"DTXSID8020913",128.18,15.7553907698724,0.135116536680268,2173.72670204815,3.48077580564203,0.00149802040130092,1.16942555543533,0
