"dtxsid","molwt","vapor","solub","kow","decay.air","decay.sur","diffus.air","conc.out"
"DTXSID2021781",278.35,0.00211758900296934,0.0323426411726044,28069.7085739698,0.624932333716784,0.00181834816643007,0.601982575704991,0
"DTXSID3020205",312.37,0.00260611589227906,0.00706583901030273,8402.58983539463,1.88963531362932,0.00166033273394051,0.687820481700854,0
"DTXSID7021360",92.14,24326.9282056205,4.69043702486234,483.407035511319,0.483755818598772,0.00154682716975282,0.774191441009327,0
"DTXSID8020462",106.12,1.13295689793053,5585.87928700217,0.123101505756133,5.42140171768315,0.000893803335255106,0.831143492536528,0
"DTXSID8020913",128.18,11.2185982230265,0.138628334258151,2298.13308992068,1.75372091099108,0.00113270506087695,0.655339431118763,0
