"dtxsid","molwt","vapor","solub","kow","decay.air","decay.sur","diffus.air","conc.out"
"DTXSID2021781",278.35,0.00371409995521261,0.0394037091062827,31319.6035770148,0.282686834366498,0.000583537451866624,0.531505586643395,0
"DTXSID3020205",312.37,0.000320053171908957,0.0124410118775956,18557.6726076141,0.427010006115366,0.000610781558511823,0.688117065758963,0
"DTXSID7021360",92.14,9101.99971454935,4.39200877679,348.941253184185,0.325263504446397,0.000635765381885234,0.795838981293035,0
"DTXSID8020462",106.12,0.844386540514089,8106.55491951036,0.0880986636728103,3.19634924321862,0.000973738038352634,0.98392017399559,0
"DTXSID8020913",128.18,5.30147787322181,0.097522273535979,2355.14132503522,0.875011884114777,0.00118027045325576,0.732757404586839,0
