"dtxsid","molwt","vapor","solub","kow","decay.air","decay.sur","diffus.air","conc.out"
"DTXSID2021781",278.35,0.00366173986040959,0.0331054162363579,25337.8020956904,0.663811575567436,0.00130310899054226,0.401029710599845,0
"DTXSID3020205",312.37,0.00048139773189205,0.0151174782175254,27196.9273869931,0.584250545084231,0.00077493233532087,0.813983759068568,0
"DTXSID7021360",92.14,8326.69840893831,3.85647122553848,310.518883638653,0.724635429347051,0.0013796331574484,0.866528837451361,0
"DTXSID8020462",106.12,1.20255654944069,12091.5914168122,0.0716993686901796,1.46056208261552,0.00224468827549979,0.726038842220416,0
"DTXSID8020913",128.18,5.07209562866743,0.115774058633769,3602.9425433863,2.2200072250922,0.000923050117701802,0.975549795357245,0
