"dtxsid","molwt","vapor","solub","kow","decay.air","decay.sur","diffus.air","conc.out"
"DTXSID2021781",278.35,0.00176591632146167,0.0241344963585573,21838.1976636089,0.777843074299788,0.00101924200509212,0.785214930558235,0
"DTXSID3020205",312.37,0.000464371719369738,0.0103756386162324,31157.1019789149,0.614972961286793,0.00101535319254233,0.698457865414301,0
"DTXSID7021360",92.14,1607.65077278609,3.82628362115209,427.068655350658,0.314094055915177,0.00101151197259069,0.84153890600605,0
"DTXSID8020462",106.12,0.597577057348485,8021.99525095934,0.0580367707562831,1.48744420013497,0.00100765503192761,0.765288615904015,0
"DTXSID8020913",128.18,4.00531130679216,0.0986165715855289,3778.05034642532,1.00234199692,0.0014985127598936,0.682774019192843,0
