"dtxsid","molwt","vapor","solub","kow","decay.air","decay.sur","diffus.air","conc.out"
"DTXSID2021781",278.35,0.00575509817991124,0.0332993119540565,49833.1407743738,0.552128098153784,0.000952537818678132,0.455081854252977,0
"DTXSID3020205",312.37,0.000449255467024904,0.0100794751749707,17147.70163255,1.21450384117071,0.00204826386031823,0.332036856875954,0
"DTXSID7021360",92.14,4892.42166196055,4.32509543236956,590.075710929059,0.205527004421966,0.000970645351869492,0.98334896935997,0
"DTXSID8020462",106.12,0.54654331151231,13764.6007790205,0.119406808542551,2.61327011207661,0.00103278834037696,0.797092097567205,0
"DTXSID8020913",128.18,11.4373774732281,0.172922101562362,1894.30073891807,2.49661763212983,0.00125439018197694,0.953950757861081,0
