"dtxsid","molwt","vapor","solub","kow","decay.air","decay.sur","diffus.air","conc.out"
"DTXSID2021781",278.35,0.00225968726294561,0.0334116448052326,38699.2460537254,0.616738933994249,0.000629891617561733,0.649637066426579,0
"DTXSID3020205",312.37,0.00182970702815021,0.00995191689003885,14856.3210911732,0.710631663301633,0.000672640191320761,0.676393613211327,0
"DTXSID7021360",92.14,1255.35054483893,8.0876811278156,546.150334125591,0.237372332195954,0.000711822357632172,0.82082240195695,0
"DTXSID8020462",106.12,1.2368826534492,8322.1099038787,0.0776361454923603,3.35817213152986,0.000913745839101943,0.816516306634017,0
"DTXSID8020913",128.18,19.1011448368137,0.215622206034207,6112.93863905271,1.44761766065878,0.000603980639174818,0.915127859162368,0
