"dtxsid","molwt","vapor","solub","kow","decay.air","decay.sur","diffus.air","conc.out"
"DTXSID2021781",278.35,0.00307434662348965,0.045492389450168,41492.3091063638,0.426985837857276,0.000869293083223696,0.711553426400575,0
"DTXSID3020205",312.37,0.000722674448535308,0.00857515000173861,34702.4406717784,0.531090690879012,0.00172947085244439,0.742180525885622,0
"DTXSID7021360",92.14,3534.37450677041,5.8967215275288,225.940723752796,0.312485746562023,0.000958568304010666,1.09161714711304,0
"DTXSID8020462",106.12,1.20341463976809,7300.64586940284,0.0505538918310767,1.50339542133652,0.00168007588900508,1.10527447760599,0
"DTXSID8020913",128.18,11.3743007712206,0.179079396738785,1854.1158385744,1.17349584577402,0.00098655430266864,0.964309172646008,0
