"dtxsid","molwt","vapor","solub","kow","decay.air","decay.sur","diffus.air","conc.out"
"DTXSID2021781",278.35,0.00500494551814609,0.0258877046057286,53966.2967984809,0.528777459543568,0.000926657572080886,0.730811181309628,0
"DTXSID3020205",312.37,0.000458644883254012,0.00749258246136466,9252.8758600461,0.706939914260504,0.00120250014993057,0.758122671335515,0
"DTXSID7021360",92.14,2663.65135194413,4.36738292015117,270.947652903801,0.293293363468744,0.0017939003930661,0.820741728136621,0
"DTXSID8020462",106.12,0.258578671641908,10792.0108118809,0.0724595997368718,1.23519351094141,0.000806937456182353,0.797600426989629,0
"DTXSID8020913",128.18,3.55643841002302,0.0997511660725466,2370.79375095675,2.31412353146832,0.000711179952958763,0.828512644147296,0
