"dtxsid","molwt","vapor","solub","kow","decay.air","decay.sur","diffus.air","conc.out"
"DTXSID2021781",278.35,0.00162939599777783,0.0369236867643289,45465.2637278505,0.791496179389409,0.000502748508831829,0.559668606069203,0
"DTXSID3020205",312.37,0.000305246014162857,0.0132813950974186,29232.2544039922,1.48351384226223,0.00109057322378153,0.459147010430155,0
"DTXSID7021360",92.14,3367.12428657747,4.79524945809786,598.530000275535,0.183493849017906,0.000626449244872454,0.847407962873049,0
"DTXSID8020462",106.12,0.885591501230419,5713.55544178069,0.0458904856723632,1.68458100941155,0.0017876673020388,0.678080691941171,0
"DTXSID8020913",128.18,36.1296048178918,0.168643609899257,1335.3394626963,1.30364714023446,0.000828776333472684,0.640227941452844,0
