"dtxsid","molwt","vapor","solub","kow","decay.air","decay.sur","diffus.air","conc.out"
"DTXSID2021781",278.35,0.00847922297498029,0.0437856115119548,42740.4201213339,0.591404412650612,0.000783829829730516,0.676405165200504,0
"DTXSID3020205",312.37,0.000246045613192204,0.00705159466267409,14286.3723099256,1.01523457955574,0.000519890183350901,0.54347888194705,0
"DTXSID7021360",92.14,1791.31263709352,2.9986696699329,467.08911780839,0.479471187278706,0.00147865173245742,0.738232610610763,0
"DTXSID8020462",106.12,0.66643975782482,10665.6868801981,0.0869174508191986,1.22624591819875,0.000646564405441794,0.540634774464966,0
"DTXSID8020913",128.18,8.08650563061844,0.171901819080367,6382.75897660933,0.632684046367701,0.000998017307711046,0.672944824690542,0
