"dtxsid","molwt","vapor","solub","kow","decay.air","decay.sur","diffus.air","conc.out"
"DTXSID2021781",278.35,0.0125222682659406,0.0375240669485623,35307.2143616344,0.474683372575272,0.00141659309353105,0.970832896624435,0
"DTXSID3020205",312.37,0.000811797912344702,0.0129442949596098,16875.0386150043,0.540098901604088,0.00139828124424972,0.586317489912714,0
"DTXSID7021360",92.14,3557.20534093495,4.7131232901242,206.749462522997,0.298060207826142,0.00138067493428273,0.918570452674736,0
"DTXSID8020462",106.12,0.537535873445963,10335.1760564497,0.0425366432501717,2.0896637897263,0.00055156087128399,0.703340083021434,0
"DTXSID8020913",128.18,4.48817524736333,0.139020964784912,3180.5318607601,1.53105351113112,0.000619136477792376,0.64431786231921,0
