"dtxsid","molwt","vapor","solub","kow","decay.air","decay.sur","diffus.air","conc.out"
"DTXSID2021781",278.35,0.00432864813183568,0.032465633650104,61121.384667058,0.852338868947589,0.001638810395576,0.538396147241439,0
"DTXSID3020205",312.37,0.000627270629606978,0.00748729396248896,13229.1504831093,0.440226132761932,0.00163846040470405,0.414814719606813,0
"DTXSID7021360",92.14,1512.87746188552,6.02031251068799,351.582022208998,0.36146331192969,0.00163821427689293,0.956592716057957,0
"DTXSID8020462",106.12,0.216711308237068,9279.36528616601,0.067217199340456,2.01331600303626,0.00119588068161126,0.735794162369724,0
"DTXSID8020913",128.18,10.0419370011648,0.128495698328198,2389.14890743664,2.14216067177693,0.00121019767108683,0.984584910595601,0
