"dtxsid","molwt","vapor","solub","kow","decay.air","decay.sur","diffus.air","conc.out"
"DTXSID2021781",278.35,0.00355613133109104,0.0494080958227093,40579.9673100287,0.767077602443095,0.000744921030740375,0.469649289642358,0
"DTXSID3020205",312.37,0.00088256106892061,0.00898216137679317,29306.4032365426,0.937972647053105,0.00113000343002768,0.895716848910163,0
"DTXSID7021360",92.14,2436.12153177525,4.48903339314789,706.161142841775,0.488970900730555,0.000329672901242456,0.66761414569107,0
"DTXSID8020462",106.12,0.839828066262112,5418.95197011358,0.0780401299969473,1.29731256031471,0.00154082613121239,1.06276061710008,0
"DTXSID8020913",128.18,4.39096120556566,0.0999863012301886,2467.82703835767,0.888020800345973,0.000705053838146182,0.420233043490903,0
