"dtxsid","molwt","vapor","solub","kow","decay.air","decay.sur","diffus.air","conc.out"
"DTXSID2021781",278.35,0.00186752407090745,0.0479447392485646,85266.2678764298,0.764770505290579,0.00145763119002535,0.731234139962387,0
"DTXSID3020205",312.37,0.000572686613541306,0.00865951484379885,22076.0046687734,0.921687039267918,0.00197930879210234,0.445564699201155,0
"DTXSID7021360",92.14,7224.2259192511,4.63464332710856,281.162514493128,0.266096251801694,0.000572023102845418,1.12295950976135,0
"DTXSID8020462",106.12,0.390774840003537,8610.63176581006,0.0698827507016288,1.42890093291601,0.00143754016531947,0.676709142948762,0
"DTXSID8020913",128.18,8.6237154155007,0.166155881065008,4500.52326981224,1.67085944928302,0.00088644029641674,0.628806850839963,0
