"dtxsid","molwt","vapor","solub","kow","decay.air","decay.sur","diffus.air","conc.out"
"DTXSID2021781",278.35,0.00108992780097312,0.0333220328718221,20027.1693827545,0.418832492292244,0.00117558934480907,0.60129813440092,0
"DTXSID3020205",312.37,0.00146774883022312,0.00902220740604593,15257.4864752741,0.714479557704288,0.000913570180992667,0.352859204909209,0
"DTXSID7021360",92.14,5196.84333979032,7.61939416546403,355.025097835029,0.281456323962634,0.00067760830297712,0.864679556757452,0
"DTXSID8020462",106.12,0.980771614074609,8855.00811039751,0.142613725869438,1.73765996362667,0.000883854876207042,1.2044467455485,0
"DTXSID8020913",128.18,7.72528682353277,0.110603759390644,1094.22467599758,0.852302868457882,0.00104971493243627,0.924462665511372,0
