"dtxsid","molwt","vapor","solub","kow","decay.air","decay.sur","diffus.air","conc.out"
"DTXSID2021781",278.35,0.00176179729244922,0.0315501171820046,29418.70403651,0.854352141474007,0.000674928578476485,0.35103448648891,0
"DTXSID3020205",312.37,0.000315709592384356,0.00799060647667487,40264.7808710107,0.851004548784414,0.000580912262803877,0.579117232852991,0
"DTXSID7021360",92.14,691.73607769835,5.29666111182338,406.920406186214,0.240432534728651,0.000411483192005523,0.635087244716173,0
"DTXSID8020462",106.12,0.142697604314817,5611.32680126534,0.0777995533347047,0.890988643547845,0.000891463585770443,0.952883595020953,0
"DTXSID8020913",128.18,14.9578963361157,0.14309463204476,5931.36462438498,1.37532337551622,0.00173663387359736,0.934410532376992,0
