"dtxsid","molwt","vapor","solub","kow","decay.air","decay.sur","diffus.air","conc.out"
"DTXSID2021781",278.35,0.00578612264471134,0.0476335715464194,53222.2518056436,0.634769632854068,0.000648612844702681,0.609562113089804,0
"DTXSID3020205",312.37,0.0031373070727533,0.0117879930955405,22742.9673503206,1.02673468368002,0.000399847153251249,0.391208284994258,0
"DTXSID7021360",92.14,3113.73627782755,5.76348774808024,342.751428828205,0.51249602158499,0.00161333303527986,1.32500675924791,0
"DTXSID8020462",106.12,1.15906292624888,5578.68397468652,0.0435164554931695,2.49775369800465,0.00137141795556238,0.755559702029557,0
"DTXSID8020913",128.18,4.73926423810643,0.097291048482465,3169.91488296619,1.68221342479829,0.000843516204166412,1.05785614025524,0
