"dtxsid","molwt","vapor","solub","kow","decay.air","decay.sur","diffus.air","conc.out"
"DTXSID2021781",278.35,0.00400736549794118,0.0273228757898524,39182.8600117758,0.649829985253992,0.000812414696214333,0.650311480808467,0
"DTXSID3020205",312.37,0.000974580978858775,0.00537176628089798,15604.6378734046,0.337267131119072,0.00113070634067527,0.509412466297103,0
"DTXSID7021360",92.14,1949.09373980603,4.51184843443527,597.317444730102,0.46693447816444,0.00184099032534005,0.887542318215884,0
"DTXSID8020462",106.12,0.661442671262811,6197.29008263213,0.153413977285609,3.21382797100736,0.00143938524808969,0.686655127754716,0
"DTXSID8020913",128.18,20.2977063053407,0.152187606382539,2342.16435057546,1.45580502434682,0.000830256934082576,0.768858081986527,0
