"dtxsid","molwt","vapor","solub","kow","decay.air","decay.sur","diffus.air","conc.out"
"DTXSID2021781",278.35,0.00367208342649937,0.0317305394370535,16142.5685145665,0.168057555824553,0.00115855557521008,0.697125431746279,0
"DTXSID3020205",312.37,0.000545354332149151,0.0117290415667065,45368.0279090166,0.327806687722033,0.000883370530815202,0.575040486489374,0
"DTXSID7021360",92.14,647.246722084689,3.48745025130377,704.183309926116,0.27426222425182,0.000618515851441519,0.660299996712527,0
"DTXSID8020462",106.12,1.80427562798859,8092.84248718759,0.0965152300105861,1.38932288601458,0.00122367749553525,1.52278544883079,0
"DTXSID8020913",128.18,6.83491783987339,0.185519567397313,2580.78673332919,1.22883106682531,0.00107887109282707,0.812528985413883,0
