"dtxsid","molwt","vapor","solub","kow","decay.air","decay.sur","diffus.air","conc.out"
"DTXSID2021781",278.35,0.00151840538559651,0.0343021391033134,29241.2132996763,0.591823023625922,0.00132819001442514,0.550227414215095,0
"DTXSID3020205",312.37,0.000586119066660228,0.00832526545434734,13681.8948411505,0.883771180559124,0.00155007561333719,0.40331895106402,0
"DTXSID7021360",92.14,3542.70333784779,5.07674144899756,712.307608779088,0.406264339133914,0.00205600083144379,0.89154979054191,0
"DTXSID8020462",106.12,2.51044287961081,11732.1480936442,0.0423026517779226,2.73277923221766,0.000965059540099522,0.649491296465045,0
"DTXSID8020913",128.18,2.64694833518629,0.118042200744524,3286.27519533146,1.63580300614697,0.000717930354107707,0.621114616850671,0
