"dtxsid","molwt","vapor","solub","kow","decay.air","decay.sur","diffus.air","conc.out"
"DTXSID2021781",278.35,0.00437412946315772,0.0330670944633848,18523.6567856262,0.746804877360509,0.000760150148701705,0.296700987629915,0
"DTXSID3020205",312.37,0.00223419799030474,0.00790136004176887,21807.6542676897,0.598170357381608,0.000754541687416259,0.429369602000558,0
"DTXSID7021360",92.14,5033.9168049638,4.03599004237465,209.577136176465,0.425496712878559,0.000748915089389473,1.40766616943727,0
"DTXSID8020462",106.12,0.294283317484601,8434.46958752049,0.0967371477532818,0.668799942006813,0.000881832046655624,0.639985594690792,0
"DTXSID8020913",128.18,17.2826572832063,0.153363364048149,1527.59230868943,1.089896592046,0.000414671282383084,0.772982094485617,0
