"dtxsid","molwt","vapor","solub","kow","decay.air","decay.sur","diffus.air","conc.out"
"DTXSID2021781",278.35,0.00276813483502369,0.029782626942139,26766.9484718905,0.241461325258737,0.00166595108351492,0.519875364861326,0
"DTXSID3020205",312.37,0.000681362926124512,0.0128728424775154,10602.8412486647,0.908702820500192,0.000810900111834478,0.441146857387421,0
"DTXSID7021360",92.14,3928.40333604222,4.50277939415622,559.966013783771,0.356772093496255,0.00125042283704174,0.497852852668877,0
"DTXSID8020462",106.12,1.47018773030941,6077.10497087127,0.0729518464481607,0.913989527404237,0.000455081333690079,1.04594812233175,0
"DTXSID8020913",128.18,18.5791358474863,0.164927036524891,1439.18147928871,1.79624604638733,0.000926184674546569,0.779577996701198,0
