"dtxsid","molwt","vapor","solub","kow","decay.air","decay.sur","diffus.air","conc.out"
"DTXSID2021781",278.35,0.0027384117239411,0.032876722868184,29667.9876404412,0.39591491822585,0.00138516309358102,0.534171988489237,0
"DTXSID3020205",312.37,0.00131285819119827,0.0080745103350869,36550.3744253738,0.844363557727031,0.00145175123197982,0.387216711620422,0
"DTXSID7021360",92.14,6434.80729019483,5.47032300853405,381.041737937872,0.255240137618098,0.00153015841938216,0.747318178448971,0
"DTXSID8020462",106.12,0.574703103333145,9192.46934671935,0.0754388027142567,1.31728207969159,0.000907195572234452,1.28615389141199,0
"DTXSID8020913",128.18,5.47959145132059,0.108183688099621,4168.0152188113,1.66108955006385,0.000929443296320263,0.551107509080103,0
