"dtxsid","molwt","vapor","solub","kow","decay.air","decay.sur","diffus.air","conc.out"
"DTXSID2021781",278.35,0.00421905923730737,0.0242141229789265,23288.6834824156,0.493342560660793,0.000899812543375048,0.459793162795988,0
"DTXSID3020205",312.37,0.000242485808974122,0.0113125511970388,53329.6808486415,0.765468811588538,0.00149375761359261,0.662151095748467,0
"DTXSID7021360",92.14,5062.38768054777,4.0911978865257,551.581784969047,0.363606985624223,0.000789911881345572,0.918831251510281,0
"DTXSID8020462",106.12,0.460515969384238,7552.88746622565,0.0722675424883023,1.33142225613381,0.00108871935163732,0.624489298298381,0
"DTXSID8020913",128.18,19.0343363081617,0.22872906745289,1557.96643791039,0.71947450459867,0.00116858577454557,0.781894341518025,0
