"dtxsid","molwt","vapor","solub","kow","decay.air","decay.sur","diffus.air","conc.out"
"DTXSID2021781",278.35,0.00226503335047936,0.0371070869586502,24180.4903131503,0.653603932463333,0.00114217814515605,0.621372463244034,0
"DTXSID3020205",312.37,0.000452958114687442,0.00942446398481707,34908.791648916,0.498701050287935,0.000636346057238255,0.968637240375597,0
"DTXSID7021360",92.14,2392.25472486912,3.96421264373536,443.487997149642,0.423940191067449,0.00115200697678684,0.722059474214507,0
"DTXSID8020462",106.12,0.671993212569639,7875.23294371815,0.0347096195581042,2.68409542296018,0.00184299247449435,0.826717418151567,0
"DTXSID8020913",128.18,6.85269433026087,0.117849970940906,2814.26405175676,0.980890970006101,0.000750654093130088,0.804989645070066,0
