"dtxsid","molwt","vapor","solub","kow","decay.air","decay.sur","diffus.air","conc.out"
"DTXSID2021781",278.35,0.00265403738415473,0.0644203513251822,21190.8020424116,0.708315854965198,0.00088563626887448,0.548182829828774,0
"DTXSID3020205",312.37,0.000603783277378899,0.00836962796582252,16025.6465221316,0.864270458015129,0.00144685181454769,0.403333318340752,0
"DTXSID7021360",92.14,2757.88463585967,4.63552947613257,373.307720733193,0.476446636788073,0.000765988898737599,0.940984130685999,0
"DTXSID8020462",106.12,0.884943125254618,10630.6475167601,0.0693539089464896,2.04107746358562,0.0010258505456249,0.695379627585483,0
"DTXSID8020913",128.18,7.82381265174368,0.0873514706972312,2270.1542629281,1.49688030189466,0.00204390967480716,0.902361394654526,0
