"dtxsid","molwt","vapor","solub","kow","decay.air","decay.sur","diffus.air","conc.out"
"DTXSID2021781",278.35,0.00406914301249058,0.0325911153507311,17178.2252674583,0.298274440796472,0.00310588555455243,0.510228564188421,0
"DTXSID3020205",312.37,0.000639941544350089,0.0113491113726574,27754.2619408494,0.774123806720433,0.000904168673592821,0.802753959900218,0
"DTXSID7021360",92.14,2997.32444349895,3.70059765873851,411.397806448804,0.200493905818659,0.00141989136296967,0.874711479612698,0
"DTXSID8020462",106.12,0.667961446749848,9188.6484695333,0.0582917585338148,2.00703518704358,0.000723571448779202,0.555467346138525,0
"DTXSID8020913",128.18,6.05018013062837,0.105084298739618,4167.84572752802,0.537923908802252,0.00106504833808341,0.797559621622265,0
