"dtxsid","molwt","vapor","solub","kow","decay.air","decay.sur","diffus.air","conc.out"
"DTXSID2021781",278.35,0.00310327558933161,0.0293517863222056,12017.0220474023,0.676792920913197,0.000907400262005418,0.36944402347497,0
"DTXSID3020205",312.37,0.00153459496995164,0.0091623325036139,19987.667776417,0.566587409240275,0.000815793719421576,0.431138772379173,0
"DTXSID7021360",92.14,2802.04143683204,3.03845941268877,840.380393223147,0.258329794363342,0.000721411227227278,0.867012467348033,0
"DTXSID8020462",106.12,1.92912724598033,5789.6896940323,0.108837795394738,1.7000376042169,0.000945432204606121,0.917182950698952,0
"DTXSID8020913",128.18,6.92333746538237,0.16212039516056,1762.44590776393,1.06298473831014,0.00106491434579582,0.593121532770361,0
