"dtxsid","molwt","vapor","solub","kow","decay.air","decay.sur","diffus.air","conc.out"
"DTXSID2021781",278.35,0.00238499117354273,0.0407260905388107,27932.614909716,1.17098779055314,0.000909247801218014,0.537545272197714,0
"DTXSID3020205",312.37,0.000860949528494237,0.00977409264352798,23451.9115360185,0.630653767358199,0.000445906868040818,0.928028497247269,0
"DTXSID7021360",92.14,3312.67106823415,3.83093293367669,696.518881554223,0.223397137512045,0.00115533980624417,1.39578248385375,0
"DTXSID8020462",106.12,2.23232808249953,10645.5429722219,0.152100963656535,2.10511832615344,0.000475397638066182,0.777380901275068,0
"DTXSID8020913",128.18,13.276563675366,0.144899688360394,1666.60223412807,1.11720867839355,0.00185228744359385,0.865156613390568,0
