"dtxsid","molwt","vapor","solub","kow","decay.air","decay.sur","diffus.air","conc.out"
"DTXSID2021781",278.35,0.0127477121379431,0.0253402834248047,58485.7511477722,0.441174653556219,0.00163094333370224,0.814199286659624,0
"DTXSID3020205",312.37,0.000144675466294912,0.0170735429665656,24104.6009268022,0.931438258437554,0.00141159134451887,0.42927812672968,0
"DTXSID7021360",92.14,2265.7063329639,3.51522094296746,370.83404930823,0.285081039309063,0.00126445139331703,1.08311664354565,0
"DTXSID8020462",106.12,0.639685724839396,5675.91377770574,0.0711937499691825,4.04940371044018,0.00164027813098535,0.587624624135104,0
"DTXSID8020913",128.18,11.1818159359136,0.118842905107048,1405.6307372732,1.32852344292254,0.00135481771748709,0.827600116524762,0
