"dtxsid","molwt","vapor","solub","kow","decay.air","decay.sur","diffus.air","conc.out"
"DTXSID2021781",278.35,0.00407692710850408,0.0294803755667541,19464.3070829425,0.401787080067214,0.00126497235873644,0.486396534085527,0
"DTXSID3020205",312.37,0.00031854228871075,0.0116471697990168,31726.7641102216,0.554572266449626,0.00110164462689574,0.426355078285715,0
"DTXSID7021360",92.14,2680.63158518575,4.61172711162338,466.027024032264,0.525117614154782,0.000969711108738394,1.08515455404317,0
"DTXSID8020462",106.12,5.15546854215683,9113.80582341642,0.079530979906293,1.76062398732755,0.000963237693512479,0.922161567680347,0
"DTXSID8020913",128.18,4.70566750460487,0.131274946522349,1739.07107957868,2.43910840736946,0.00131048302667669,0.852566829499386,0
