"dtxsid","molwt","vapor","solub","kow","decay.air","decay.sur","diffus.air","conc.out"
"DTXSID2021781",278.35,0.00207924359071872,0.033556340697484,31932.2536108588,1.26552889887356,0.0011569545865732,0.64231279805113,0
"DTXSID3020205",312.37,0.000445537342797822,0.0106267664469455,22873.2486737181,0.751161946701978,0.00073258796757579,0.75591900301325,0
"DTXSID7021360",92.14,2900.92221645992,5.61968134508222,527.044166952445,0.570342013630983,0.00141166397469829,0.66885737972227,0
"DTXSID8020462",106.12,0.861217213200083,7431.37957666512,0.0912758000504983,3.26531201696784,0.00067606568528858,0.726080786583431,0
"DTXSID8020913",128.18,10.9946127994733,0.139005885297174,2979.93971910621,0.971690647590614,0.000954895498232564,0.652115275622401,0
