"dtxsid","molwt","vapor","solub","kow","decay.air","decay.sur","diffus.air","conc.out"
"DTXSID2021781",278.35,0.0109720377808242,0.0339341569412335,36689.3490453364,0.566580954715351,0.00128521692959061,0.512916398660459,0
"DTXSID3020205",312.37,0.000421882481362197,0.00970257142789642,12217.3620464871,0.591973624756399,0.000646180178499583,0.610452873000946,0
"DTXSID7021360",92.14,4114.77432688576,3.50173716314666,444.913355416085,0.429710085232966,0.00105171748496987,0.5852299778071,0
"DTXSID8020462",106.12,0.212082369595875,11295.9359126714,0.0786100920277798,1.61171243199961,0.000896940702943006,0.741331113340034,0
"DTXSID8020913",128.18,6.25928721126315,0.141454186883805,4335.54556043122,1.55931559951762,0.000722810151722271,0.554631905920819,0
