"dtxsid","molwt","vapor","solub","kow","decay.air","decay.sur","diffus.air","conc.out"
"DTXSID2021781",278.35,0.00547675037621051,0.0316459667244407,25914.0561117188,1.02978335389864,0.00108625100834007,0.306566439537672,0
"DTXSID3020205",312.37,0.000271651901919283,0.00935279667625623,17253.027909187,1.52747236228086,0.000984536214276919,0.699447191738451,0
"DTXSID7021360",92.14,585.35692789532,5.34553988763012,365.250242494097,0.393780424507201,0.000891532658350322,0.719176626367386,0
"DTXSID8020462",106.12,0.601967726381743,7691.52500361964,0.075353404692492,1.1076113706742,0.000817192145463947,0.589417391457302,0
"DTXSID8020913",128.18,4.55575832021525,0.156560051148405,2255.26530918353,1.60146598412646,0.00123825643176271,0.358502204768178,0
