"dtxsid","molwt","vapor","solub","kow","decay.air","decay.sur","diffus.air","conc.out"
"DTXSID2021781",278.35,0.00147656221269147,0.0431484267384166,33130.7801328252,0.350143368037738,0.00117724279164303,0.899736740048218,0
"DTXSID3020205",312.37,0.00136138630453914,0.0078782043117955,21367.1996463326,0.727682981224957,0.000443436150386255,0.384162192575389,0
"DTXSID7021360",92.14,1677.10179043268,3.33386291933855,438.834700688806,0.483388991987697,0.000891596989079805,1.11788180759136,0
"DTXSID8020462",106.12,2.62034456120558,10618.311071611,0.137598527410576,1.46633201152041,0.000588636392696446,0.429565321620966,0
"DTXSID8020913",128.18,4.97868305139984,0.163710880301462,4044.41541327884,1.31189007283521,0.000744126208283893,0.736710728256859,0
