"dtxsid","molwt","vapor","solub","kow","decay.air","decay.sur","diffus.air","conc.out"
"DTXSID2021781",278.35,0.00425457484307778,0.0428950344836107,16585.9812451202,0.392898277113647,0.00173566440864132,0.554312772237613,0
"DTXSID3020205",312.37,0.000338053770886971,0.0141547850212382,29797.3535839731,1.19762790438135,0.000540033112965033,0.757531452986194,0
"DTXSID7021360",92.14,2156.13203784758,7.26693840079838,459.183585999555,0.62968894689161,0.00072673572329622,1.15289354129334,0
"DTXSID8020462",106.12,1.72418050951777,11951.2929569472,0.0556103771542349,2.34242798101494,0.000680195443426453,0.675622854410157,0
"DTXSID8020913",128.18,48.5775811297323,0.218518479412341,4553.5117372146,1.66269893862847,0.00106410588176683,0.713195355382638,0
