"dtxsid","molwt","vapor","solub","kow","decay.air","decay.sur","diffus.air","conc.out"
"DTXSID2021781",278.35,0.00313150253559966,0.0263378550102105,26062.1550408451,0.328423207907826,0.00070400948993466,0.527605326090393,0
"DTXSID3020205",312.37,0.000429215996414791,0.0103626702121295,24502.3936701779,0.956406688612261,0.00068330944204216,0.340268557850874,0
"DTXSID7021360",92.14,4803.96043634136,5.21177604207589,205.784546643811,0.328455310480933,0.000661771033517417,0.70985254096246,0
"DTXSID8020462",106.12,0.908554514420539,7189.99552404279,0.136102848726269,1.78791381532932,0.00114169962521661,1.03211168000205,0
"DTXSID8020913",128.18,2.12749406220234,0.129361122961274,1810.93752010781,0.366404491911738,0.000997529875644747,1.06389942911705,0
