"dtxsid","molwt","vapor","solub","kow","decay.air","decay.sur","diffus.air","conc.out"
"DTXSID2021781",278.35,0.00210009220607544,0.0362496714057445,22109.5883334185,0.998244298643756,0.00127415080264675,0.306194972082904,0
"DTXSID3020205",312.37,0.000626403426574118,0.0078084369957678,34518.2824412377,0.742950191795604,0.000204474603293642,0.62983680370633,0
"DTXSID7021360",92.14,4847.76236233588,6.02543020076049,470.090543330166,0.200886906102553,0.000784932883490445,0.851711148840173,0
"DTXSID8020462",106.12,0.196929894936262,9413.27801826389,0.0568158745034039,1.79415078691851,0.000903313157200341,0.67627737325707,0
"DTXSID8020913",128.18,4.71196262431109,0.125990270065305,4019.59711084063,2.62624291476706,0.00105697006687346,0.995665159485278,0
