"dtxsid","molwt","vapor","solub","kow","decay.air","decay.sur","diffus.air","conc.out"
"DTXSID2021781",278.35,0.00301610456479418,0.0476815648405669,36605.798470285,0.41736722808126,0.000826669857998206,0.50262333666155,0
"DTXSID3020205",312.37,0.00110120861414415,0.0070101717210616,30908.1991604299,1.29095811141988,0.00107830433921078,0.870987244281632,0
"DTXSID7021360",92.14,2330.5311506471,6.45483882004769,221.669175331996,0.740928256334018,0.00146804583727529,1.02142046103648,0
"DTXSID8020462",106.12,1.14862534395212,11492.6550653651,0.106771847026302,1.83472081586166,0.00106485879335492,0.716636835990631,0
"DTXSID8020913",128.18,4.85444185067065,0.159986186105412,4860.97115785422,1.34567668289823,0.000585237905508478,0.689704348279309,0
