"dtxsid","molwt","vapor","solub","kow","decay.air","decay.sur","diffus.air","conc.out"
"DTXSID2021781",278.35,0.00534309979321062,0.0384861034395494,22042.305483392,0.731891066274591,0.00043370058844352,0.645912923039563,0
"DTXSID3020205",312.37,0.000642004046687421,0.00720642284632522,20660.8298494527,0.368185839470745,0.00123906589537257,0.507013508939049,0
"DTXSID7021360",92.14,8719.19786423871,4.6022595414981,629.051095909273,0.408318846609429,0.000886605401207926,1.06798790359373,0
"DTXSID8020462",106.12,1.14672584412248,12058.8218318295,0.153059341754528,2.80350674067074,0.00146373259892401,0.811231609653465,0
"DTXSID8020913",128.18,3.22729260161503,0.121363952762483,1832.74066931012,1.15615313704715,0.00116649111700911,0.386977683506052,0
