"dtxsid","molwt","vapor","solub","kow","decay.air","decay.sur","diffus.air","conc.out"
"DTXSID2021781",278.35,0.00075366027442001,0.0675779491602726,35903.910594183,0.485261139778969,0.00225848331979752,0.446380196832023,0
"DTXSID3020205",312.37,0.000507187039993545,0.00942438037980236,51801.6871502877,1.52010472209285,0.000921619003038565,0.438083260708021,0
"DTXSID7021360",92.14,1570.54563486915,4.86457556794568,357.954316380056,0.556043186199067,0.00155741158559908,0.95728399474441,0
"DTXSID8020462",106.12,0.869870354938341,11606.6173682411,0.0647666312132787,1.42623713788268,0.00156981298224105,0.919289273734571,0
"DTXSID8020913",128.18,5.58542087396408,0.274033291937724,2766.7300820756,0.766475569021845,0.000987210911485899,0.639538034662853,0
