"dtxsid","molwt","vapor","solub","kow","decay.air","decay.sur","diffus.air","conc.out"
"DTXSID2021781",278.35,0.00143622771813354,0.0455016800467668,22543.1108578029,0.633081596376641,0.00115161376127967,0.510212088135656,0
"DTXSID3020205",312.37,0.000798130260377237,0.00845013368230908,31530.0508480238,1.08279138540818,0.00154617244187054,0.48562027239467,0
"DTXSID7021360",92.14,1071.87083758786,7.14650938645496,423.631985140166,0.325543910357521,0.00056783387878416,0.71857627215616,0
"DTXSID8020462",106.12,0.939969000928016,7037.8621699235,0.0612965303933312,3.1817351420525,0.000871268115477611,0.669960205725489,0
"DTXSID8020913",128.18,1.85520541183488,0.201923600222625,4002.80496725589,1.23225437463292,0.00137889600125102,0.644131333841756,0
