"dtxsid","molwt","vapor","solub","kow","decay.air","decay.sur","diffus.air","conc.out"
"DTXSID2021781",278.35,0.000987930639681469,0.0336486693914873,20895.8844356862,0.639920248982459,0.00092181677407202,0.726736929378442,0
"DTXSID3020205",312.37,0.000334644817141899,0.00868904873787285,19422.7655414889,0.493428116576161,0.00133277143206954,0.589695264358765,0
"DTXSID7021360",92.14,1561.78238777897,3.56989725468192,551.716063225623,0.508241853789199,0.000596000901621218,0.756443724959591,0
"DTXSID8020462",106.12,0.575032969872075,6572.08396316865,0.120699120307758,1.13913721622345,0.000725422621055801,0.608780916187232,0
"DTXSID8020913",128.18,5.27450226288281,0.058302301901793,1514.54156543215,1.66173828986398,0.00100983303778927,0.874316554270336,0
