"dtxsid","molwt","vapor","solub","kow","decay.air","decay.sur","diffus.air","conc.out"
"DTXSID2021781",278.35,0.00207294559803587,0.0355135667429526,31352.5440660305,0.844297728551881,0.000642852133587414,0.517965202183829,0
"DTXSID3020205",312.37,0.0002512957895789,0.00932161413203453,21889.2729701467,0.69195406625265,0.00119881257083084,0.252733376352676,0
"DTXSID7021360",92.14,4289.21997760054,6.56000364532492,488.385469115028,0.519633357257281,0.000718448562454854,0.749814256444784,0
"DTXSID8020462",106.12,0.840144380172978,7066.77902684072,0.0513788404820989,1.85959818342383,0.000634182991718767,1.09028156124376,0
"DTXSID8020913",128.18,3.59077082869373,0.166299736201919,1699.89970986448,1.85745894057218,0.000809964123298767,0.950567763269588,0
