"dtxsid","molwt","vapor","solub","kow","decay.air","decay.sur","diffus.air","conc.out"
"DTXSID2021781",278.35,0.00415784091385527,0.0604621224899678,14825.9524743949,0.476747000926283,0.00105298386320745,0.570333236374391,0
"DTXSID3020205",312.37,0.00258890396603132,0.00736732659177692,15461.2974565176,0.984345523478763,0.00139398524608457,0.520687539520844,0
"DTXSID7021360",92.14,8418.6310434401,5.21006741793849,401.89337596025,0.823380782437913,0.000483879791257093,0.550033674585737,0
"DTXSID8020462",106.12,0.509714436065174,6441.45661938988,0.201435904501736,1.85119016326592,0.00108213728128264,1.34727420582805,0
"DTXSID8020913",128.18,4.40164797911349,0.162270764136532,1680.71164642857,1.61367538404748,0.00100823524686655,0.59024788327106,0
