"dtxsid","molwt","vapor","solub","kow","decay.air","decay.sur","diffus.air","conc.out"
"DTXSID2021781",278.35,0.00165831201298554,0.0360778981830918,22010.659583355,1.46284505983275,0.000896102428598165,0.482937841259016,0
"DTXSID3020205",312.37,0.000433894714738523,0.00957565064526848,31085.1791315207,0.732751997082218,0.000870013049755541,0.44283656094857,0
"DTXSID7021360",92.14,8640.78515128316,3.65661256236725,423.72726356941,0.277032271873926,0.000844060518747152,0.958915668215538,0
"DTXSID8020462",106.12,0.310101794599036,5678.74906465895,0.113953677196254,1.93848295695243,0.00176259026413849,0.864220368006436,0
"DTXSID8020913",128.18,10.849242185609,0.169003174289687,2267.61629699149,0.966389404661682,0.000490726887227752,0.573435365929979,0
