"dtxsid","molwt","vapor","solub","kow","decay.air","decay.sur","diffus.air","conc.out"
"DTXSID2021781",278.35,0.00831701120745646,0.0336654018610458,32771.7815666554,0.5382042870278,0.000996069836135944,0.692319680958176,0
"DTXSID3020205",312.37,0.000615809798028187,0.011572772425843,13652.5504143369,0.716226586271742,0.000777710234116346,0.39194659223092,0
"DTXSID7021360",92.14,1368.77169011072,5.47256518918842,578.687926950663,0.249306108244275,0.000489662242794238,0.83306095959527,0
"DTXSID8020462",106.12,1.19721168218379,8731.54853075531,0.175789007674547,1.61629874575611,0.000860710164358043,0.98436395031207,0
"DTXSID8020913",128.18,5.68581179767777,0.148891130325023,2601.79950446534,2.91555449349432,0.00118485541493797,0.813836783137543,0
