"dtxsid","molwt","vapor","solub","kow","decay.air","decay.sur","diffus.air","conc.out"
"DTXSID2021781",278.35,0.00614571620900902,0.0461812436224024,32455.2089886454,0.343322772307308,0.00106467552056365,0.538452959055483,0
"DTXSID3020205",312.37,0.00109583205664144,0.0151809796213296,16086.2617007841,0.38584248091993,0.00119727921352306,0.676672692306765,0
"DTXSID7021360",92.14,3338.03077833136,5.72894368455369,206.088343106509,0.741465456431089,0.00137061494593812,1.39854258526871,0
"DTXSID8020462",106.12,0.849839895843354,5195.03488060399,0.0792216717303733,1.95134533053395,0.00107136780907606,0.705633679667252,0
"DTXSID8020913",128.18,5.30805047978376,0.191868899615477,1753.3912044616,1.24361593255276,0.00108616424838569,0.663257025178981,0
