"dtxsid","molwt","vapor","solub","kow","decay.air","decay.sur","diffus.air","conc.out"
"DTXSID2021781",278.35,0.00644857229072699,0.0429475002696819,45003.4898778287,0.488457108948746,0.00112561890381342,0.573883708962831,0
"DTXSID3020205",312.37,0.000708017571401677,0.00522130903827672,14829.9707841061,0.391395550714099,0.00141459266978306,0.438461151109257,0
"DTXSID7021360",92.14,17330.012686406,3.7435218083084,474.883221273762,0.234513581121922,0.00270101125115439,0.892531984267543,0
"DTXSID8020462",106.12,1.23336534674577,6575.62337953712,0.16672353291422,1.05772094910229,0.000593885447538004,0.667361101708467,0
"DTXSID8020913",128.18,3.58840032964344,0.134237411948856,2056.67030723677,0.845681117862716,0.00107047667032638,0.953673987715273,0
