"dtxsid","molwt","vapor","solub","kow","decay.air","decay.sur","diffus.air","conc.out"
"DTXSID2021781",278.35,0.00204349391798558,0.0422582085447409,17451.0327201354,0.50922717446441,0.00135111897605038,0.571026159766374,0
"DTXSID3020205",312.37,0.00085079735482781,0.0113447562422544,24156.0202384316,0.64911112466443,0.000930026829311223,0.353822135663345,0
"DTXSID7021360",92.14,13882.0905020141,4.48232110729231,319.25858549884,0.295329577905623,0.000576229406168407,0.799701903909223,0
"DTXSID8020462",106.12,0.679811373275956,9423.31139170099,0.0803971912790434,2.52296212777398,0.000885972939550797,1.11563136437663,0
"DTXSID8020913",128.18,11.0675740451318,0.134029128526302,1351.61040085239,1.53275111669091,0.00147071358964423,0.442722638686368,0
