"dtxsid","molwt","vapor","solub","kow","decay.air","decay.sur","diffus.air","conc.out"
"DTXSID2021781",278.35,0.00273000445215015,0.0467561876011202,20181.6439648061,0.442612301298411,0.00119996336726108,0.626819075699997,0
"DTXSID3020205",312.37,0.000594867490725227,0.00871553925854764,21484.2569069216,0.582628815866055,0.00131876440187859,0.383565868253706,0
"DTXSID7021360",92.14,4345.08991318119,5.07967515771512,932.967400748092,0.785735931593336,0.00147599036038357,0.94256406106566,0
"DTXSID8020462",106.12,1.40148997416538,8792.33667062105,0.0474729808218128,1.58782689171543,0.00111345030431497,0.539287874140383,0
"DTXSID8020913",128.18,1.76909305047733,0.194383743186892,2378.16374362863,2.90680859605832,0.000770793193735865,0.57418399800583,0
