"dtxsid","molwt","vapor","solub","kow","decay.air","decay.sur","diffus.air","conc.out"
"DTXSID2021781",278.35,0.00329875241324277,0.034331227314956,24270.662785226,0.202687726105056,0.000804149293916679,0.594967644499073,0
"DTXSID3020205",312.37,0.000426303072006759,0.0114118366002014,17543.3395970129,0.758414447838093,0.00118528830602163,0.540123308204805,0
"DTXSID7021360",92.14,3592.69638407727,4.53619739077225,398.955379700175,0.753593983459981,0.000465087102359202,1.48080515990625,0
"DTXSID8020462",106.12,0.661847995997245,18086.2810113216,0.137764034549728,2.3558123981712,0.00128864575373989,1.12292005632992,0
"DTXSID8020913",128.18,10.8597268415658,0.162840315690947,903.272857830928,0.785193404108,0.0019104968079001,0.568163969847076,0
