"dtxsid","molwt","vapor","solub","kow","decay.air","decay.sur","diffus.air","conc.out"
"DTXSID2021781",278.35,0.00370261051935254,0.0343000639656668,13906.8852457535,0.500948756459876,0.0013688114825396,0.527834667754103,0
"DTXSID3020205",312.37,0.000131989891862172,0.00918960440759766,27306.618700776,1.16518888985984,0.00117865320177343,0.320643047031068,0
"DTXSID7021360",92.14,2484.7687188523,6.28960943624136,419.824768555215,0.582891306035159,0.00103539631112164,0.876384309132747,0
"DTXSID8020462",106.12,1.53008307779115,8293.28900009567,0.0907076934872352,1.28684972360991,0.00133519208897101,0.58334539982522,0
"DTXSID8020913",128.18,4.38193940339531,0.223243077142819,2014.35333440898,0.857812784515642,0.000494758483921142,0.458436371530585,0
