"dtxsid","molwt","vapor","solub","kow","decay.air","decay.sur","diffus.air","conc.out"
"DTXSID2021781",278.35,0.00548237147637295,0.0314995407056306,32584.8578204732,0.407210339617778,0.00177649339308591,0.339915236074659,0
"DTXSID3020205",312.37,0.00018478031378981,0.00997367536219494,12180.0634515486,1.2822464153585,0.00145441768705371,0.629650739002002,0
"DTXSID7021360",92.14,24390.608612786,4.78040823481818,501.257521701145,0.454021191114434,0.00127064010429793,0.676175140270099,0
"DTXSID8020462",106.12,0.500568479234781,11077.445114173,0.141851696875099,0.960632668971313,0.000790837614116646,1.17271799567598,0
"DTXSID8020913",128.18,4.33065833020617,0.186202103281559,2324.43233791316,1.88739859280681,0.000663656604088264,0.651211146970742,0
