"dtxsid","molwt","vapor","solub","kow","decay.air","decay.sur","diffus.air","conc.out"
"DTXSID2021781",278.35,0.00154337578558662,0.0261163172852022,44772.134356811,0.667301985834457,0.00176278194688545,0.610323741819227,0
"DTXSID3020205",312.37,0.000241348275096298,0.00833745067286266,26895.2907925535,1.20741370518642,0.00114619153008214,0.378960892738666,0
"DTXSID7021360",92.14,7054.56960299885,3.68049757051085,517.721981462765,1.23793489104726,0.000850247522755994,0.794632579569944,0
"DTXSID8020462",106.12,1.57130668333218,8740.52246995235,0.0660367241659873,2.5247409188205,0.00124088413032384,1.03401052471028,0
"DTXSID8020913",128.18,9.60075208147869,0.140806134379872,1803.80818864879,2.08525601566772,0.000725918085715375,1.06807137995721,0
