"dtxsid","molwt","vapor","solub","kow","decay.air","decay.sur","diffus.air","conc.out"
"DTXSID2021781",278.35,0.0063746052893268,0.0254499688182467,52155.3932823659,0.528790369255252,0.00112806424437002,0.456836600870404,0
"DTXSID3020205",312.37,0.00328944081610188,0.0087387188693751,15729.3185888631,0.485313147837394,0.00128648444951289,0.49621599179676,0
"DTXSID7021360",92.14,5132.07605033898,6.17095843423768,478.057736202179,0.382682103053571,0.00151905539634409,0.71121185605357,0
"DTXSID8020462",106.12,2.32293177047689,8882.86607914437,0.0558122689324036,4.39488855388761,0.000635687928278869,0.758941792455082,0
"DTXSID8020913",128.18,11.4866339168236,0.104001912000054,2469.74169287159,1.12933307276041,0.00136448191656963,0.891571634179543,0
