"dtxsid","molwt","vapor","solub","kow","decay.air","decay.sur","diffus.air","conc.out"
"DTXSID2021781",278.35,0.00124831253885875,0.035704808893197,31107.8425468062,0.583115044282723,0.000494828091823103,0.570987252933901,0
"DTXSID3020205",312.37,0.000276134162531534,0.00997600838319453,15045.5249142999,0.569801574964381,0.00073321358471978,0.32910483820626,0
"DTXSID7021360",92.14,3652.00810901856,5.27586296288553,939.814326085987,0.447040830523751,0.000904952577115457,1.2692283325321,0
"DTXSID8020462",106.12,1.04070801166991,6943.43213435318,0.100740055870742,4.18950994712591,0.0010643990940653,0.742425557181483,0
"DTXSID8020913",128.18,3.65840444232537,0.131607054149855,2231.38454588323,1.16275250673609,0.000790800000061128,0.942594262703286,0
