"dtxsid","molwt","vapor","solub","kow","decay.air","decay.sur","diffus.air","conc.out"
"DTXSID2021781",278.35,0.00300810188096583,0.0467650637057772,17477.3571950876,0.457648582825619,0.00101710802859118,0.39997509637477,0
"DTXSID3020205",312.37,0.00131361520713625,0.0122083458332037,16592.9414672067,0.908506648374919,0.00113641898573293,0.71109204606107,0
"DTXSID7021360",92.14,4028.75416300879,4.09592520568287,434.484855403193,0.302848144865255,0.00128342255391771,0.526714592067231,0
"DTXSID8020462",106.12,0.300737738551392,6798.8821211374,0.0618963925679239,1.56126242627875,0.000814978357456918,0.989306426160376,0
"DTXSID8020913",128.18,17.1330514920505,0.168027518803325,2319.43801596894,2.11812276370119,0.000997723330149255,0.44145392116314,0
