"dtxsid","molwt","vapor","solub","kow","decay.air","decay.sur","diffus.air","conc.out"
"DTXSID2021781",278.35,0.00356769135016703,0.0490521676952358,28524.5175587307,0.934395037272611,0.00136971150940004,0.361946342072284,0
"DTXSID3020205",312.37,0.000311574904450698,0.00644826088063799,16466.2912857525,0.778658732711947,0.00117802243276174,0.660693599770279,0
"DTXSID7021360",92.14,2933.20647479169,3.85258927644439,297.846466076606,0.411022472236681,0.00103386627200373,0.733346535268778,0
"DTXSID8020462",106.12,0.334318000799253,6427.94811373795,0.0454317287786991,1.94630681296663,0.000875822252898938,0.519901929850213,0
"DTXSID8020913",128.18,6.59861200964247,0.129319730206244,5519.32650386975,1.37021216824934,0.00100830328342063,0.896739171693756,0
