"dtxsid","molwt","vapor","solub","kow","decay.air","decay.sur","diffus.air","conc.out"
"DTXSID2021781",278.35,0.00460611454537519,0.0288837491401384,34278.5609878136,0.646172542777467,0.000872091936938619,0.605630641962036,0
"DTXSID3020205",312.37,0.000515850952060836,0.0103394971525116,22768.0785584311,0.457558476386536,0.000472115352616857,0.58276267328903,0
"DTXSID7021360",92.14,3819.41907442332,3.91592844063053,482.032993309759,0.333273110993449,0.00123160449835988,0.672389444792465,0
"DTXSID8020462",106.12,0.607626145302511,5426.653834335,0.122436226658323,2.53650498075575,0.00102657699659511,0.635524779882683,0
"DTXSID8020913",128.18,8.70702128936645,0.161213257038927,3775.30490903162,2.94523434776306,0.00152307363129068,0.671484492440382,0
