"dtxsid","molwt","vapor","solub","kow","decay.air","decay.sur","diffus.air","conc.out"
"DTXSID2021781",278.35,0.000955333934943405,0.0550464650336268,41431.162694647,0.431485796806144,0.000730812530301067,0.642622313494375,0
"DTXSID3020205",312.37,0.000386945462234856,0.0070644209207914,32020.3804787175,1.28236929195213,0.00108523646326976,0.459398343680931,0
"DTXSID7021360",92.14,3426.29460416715,2.27326740668643,1132.63561570532,0.281210438695185,0.00187993437925979,1.86319883303427,0
"DTXSID8020462",106.12,1.41928166385578,8775.25621264552,0.111371267524082,1.32749222934958,0.00210598298849113,0.838556543205948,0
"DTXSID8020913",128.18,3.38220353519487,0.140787890049997,4013.44933952819,1.34927306451777,0.00168920074328789,0.937462422589104,0
