"dtxsid","molwt","vapor","solub","kow","decay.air","decay.sur","diffus.air","conc.out"
"DTXSID2021781",278.35,0.00148723121789008,0.0425140911408348,19217.8669863001,0.627135094304724,0.00093364014645461,0.377655636238117,0
"DTXSID3020205",312.37,0.000410668961416771,0.00806106402838907,15891.3627595798,1.30860733771847,0.000873623061748313,0.546643778801621,0
"DTXSID7021360",92.14,3857.04668153971,2.71240773414103,388.227490945051,0.315360649403649,0.000814284530137869,0.724178640833746,0
"DTXSID8020462",106.12,1.42787405003268,8600.68156819918,0.110523784105726,3.01782860659036,0.000922264869782092,0.968597811044132,0
"DTXSID8020913",128.18,3.79431578038885,0.126980623756725,4436.08331497564,1.04594690687002,0.00085080063903791,0.709745840480796,0
