"dtxsid","molwt","vapor","solub","kow","decay.air","decay.sur","diffus.air","conc.out"
"DTXSID2021781",278.35,0.0012690666110585,0.025963045836701,17109.5770645586,0.914804623729132,0.000708842537590686,0.500131236428872,0
"DTXSID3020205",312.37,0.000647428596999663,0.0130396597751551,19701.5517658559,0.594617850707158,0.00109730565711827,0.641630054245838,0
"DTXSID7021360",92.14,1817.55278576388,4.43196491078294,661.258314158607,0.314560043374961,0.00236476785136045,0.815161004490837,0
"DTXSID8020462",106.12,1.10679186739364,9452.25492543249,0.0374375764710246,0.930563644167185,0.000624348296063967,1.04471598511978,0
"DTXSID8020913",128.18,6.13306188409409,0.120916014448216,2187.04895027774,0.594327923372238,0.00045540600258889,0.378328481763395,0
