"dtxsid","molwt","vapor","solub","kow","decay.air","decay.sur","diffus.air","conc.out"
"DTXSID2021781",278.35,0.00684695712693565,0.0383875373870908,17603.3402552515,0.529721913802246,0.000932823853667724,0.604359447860288,0
"DTXSID3020205",312.37,0.000264819658725938,0.00752377883612558,26319.5971696955,1.43782344074169,0.00166004609240781,0.42232765648662,0
"DTXSID7021360",92.14,8498.31596150847,7.55156344047769,375.25354147971,0.242757863251603,0.00086173412128876,0.755215773927602,0
"DTXSID8020462",106.12,0.425759855288616,4216.42918828623,0.0586904123923472,1.82469578317134,0.00207378126920327,1.08878891618717,0
"DTXSID8020913",128.18,1.56580246610512,0.17300762386192,3758.49322244087,1.55984909361884,0.000420267741421466,0.775069242198543,0
