"dtxsid","molwt","vapor","solub","kow","decay.air","decay.sur","diffus.air","conc.out"
"DTXSID2021781",278.35,0.00640674791688758,0.0381129024499556,22980.4134192047,0.46034108028979,0.000728857426555228,0.311626899919622,0
"DTXSID3020205",312.37,0.000443805136715552,0.00886008655229105,15357.9254954736,0.590758744850873,0.00199639756715775,0.5571027782313,0
"DTXSID7021360",92.14,4205.57223282718,5.03822356099908,325.895328341124,0.628850852137019,0.00122849307849329,0.5768855009654,0
"DTXSID8020462",106.12,0.420668400525915,13485.544744694,0.0978200460215171,2.83091030361319,0.00141251104747124,0.891217841226769,0
"DTXSID8020913",128.18,8.07541031222086,0.113045980247138,2932.05023812508,1.25008071918728,0.000510810841371797,0.801977264607923,0
