"dtxsid","molwt","vapor","solub","kow","decay.air","decay.sur","diffus.air","conc.out"
"DTXSID2021781",278.35,0.00129105802547936,0.0342942193090621,30205.7224575315,0.546725351875105,0.00197212923970036,0.423401206875079,0
"DTXSID3020205",312.37,0.0005900024228388,0.011179233362622,20475.1355838421,0.786494056905805,0.000741056783506751,0.894548382286249,0
"DTXSID7021360",92.14,602.691208564483,7.26049175896151,442.041573124236,0.396362416399227,0.00100695702436457,1.18889657842895,0
"DTXSID8020462",106.12,0.659186584324076,8332.60339973047,0.0799317705499512,1.61716078483517,0.00117091083924955,0.917174724829699,0
"DTXSID8020913",128.18,20.4555940446141,0.170709062163909,2444.16068323253,1.07541559249483,0.00120909369129799,0.675978341669633,0
