"dtxsid","molwt","vapor","solub","kow","decay.air","decay.sur","diffus.air","conc.out"
"DTXSID2021781",278.35,0.00155744111586729,0.0575226567087446,27155.8954241186,0.646373983579189,0.000584055321217367,0.900619547293047,0
"DTXSID3020205",312.37,0.00139894743085263,0.00843962096179842,30725.2415207907,2.69262126580814,0.000698306938054367,0.478304792570519,0
"DTXSID7021360",92.14,3384.19902517848,3.1202339098041,351.179090618635,0.567821836622237,0.000792790108896598,1.00095641367874,0
"DTXSID8020462",106.12,0.559009473896116,5250.22474653928,0.055924431086959,7.78366222609241,0.00126978179570055,0.604476179922918,0
"DTXSID8020913",128.18,1.47833438124469,0.173019601879503,2815.40529539725,2.05252758202946,0.000729834701381918,1.02757902514004,0
