"dtxsid","molwt","vapor","solub","kow","decay.air","decay.sur","diffus.air","conc.out"
"DTXSID2021781",278.35,0.00502201708974864,0.0414610820959315,28536.9826469897,0.561308794134114,0.000796813637007747,0.677432295964824,0
"DTXSID3020205",312.37,0.00144597915982122,0.00492550927367927,21824.9526811602,0.717114963831096,0.000734870024103692,0.44892284094314,0
"DTXSID7021360",92.14,2290.61998367212,6.10309516536787,540.005505404898,0.542497415424721,0.000667862651971871,0.586584836614514,0
"DTXSID8020462",106.12,0.795185071766575,12417.4755580457,0.0764054978015227,2.20429075043219,0.00113446544542873,0.833423147507029,0
"DTXSID8020913",128.18,29.4638223776619,0.176641343711492,2637.0255287978,2.46915101073164,0.00138605745035801,0.776395005736567,0
