"dtxsid","molwt","vapor","solub","kow","decay.air","decay.sur","diffus.air","conc.out"
"DTXSID2021781",278.35,0.00723631128369678,0.0456823831939914,48210.932830045,0.506595271143506,0.00231499507215395,0.52190466421583,0
"DTXSID3020205",312.37,0.000621389863676671,0.011454573879291,13533.3086550219,0.732747488077387,0.00137861858342844,0.434073732579922,0
"DTXSID7021360",92.14,3678.58700391361,6.95373167385618,400.742734994838,0.365081467894803,0.00109755765843503,0.85403722435801,0
"DTXSID8020462",106.12,0.503455327376969,6323.16537897582,0.172494478166514,2.06015137602206,0.00109435954462521,0.701632797294874,0
"DTXSID8020913",128.18,5.87347642438384,0.12736060245939,1842.3066897853,1.36850757530355,0.00063451950319603,0.644900013322416,0
