"dtxsid","molwt","vapor","solub","kow","decay.air","decay.sur","diffus.air","conc.out"
"DTXSID2021781",278.35,0.00392520914536647,0.0744393993070973,44827.0733956416,0.328486339894834,0.000656694843165717,0.412041685271009,0
"DTXSID3020205",312.37,0.000480121670778636,0.00792646561998814,17977.7858458829,0.468236160855083,0.00208767268035181,0.433087255580987,0
"DTXSID7021360",92.14,4955.18705715359,3.43005454733044,842.357577652112,0.277680846299151,0.00136891207728243,1.42997587347411,0
"DTXSID8020462",106.12,0.824183698269777,7591.85077072791,0.0529802314669412,3.10513249424061,0.000716407261400228,0.54615470018531,0
"DTXSID8020913",128.18,21.0952533748889,0.12157289059007,2984.67683674843,2.59296403544505,0.000323244449491616,0.901582245415709,0
