"dtxsid","molwt","vapor","solub","kow","decay.air","decay.sur","diffus.air","conc.out"
"DTXSID2021781",278.35,0.00220580207578197,0.0235361429733023,32934.5909259711,0.583679652600836,0.00128430692300682,0.767813194724921,0
"DTXSID3020205",312.37,0.000500217404862799,0.0111184893175897,22273.2922588549,0.685734625274779,0.000655074695229208,0.534699959545173,0
"DTXSID7021360",92.14,3536.37215838715,4.24369218745055,480.498246182185,0.309358402084452,0.00106907850015516,0.731238544955089,0
"DTXSID8020462",106.12,1.13356778884352,6576.44953773783,0.0935336788742114,1.06261400174353,0.00179545441334138,1.16857246349415,0
"DTXSID8020913",128.18,19.0997950438859,0.186963909273139,2866.455174121,2.36568961260084,0.000703500504657334,0.740354645414667,0
