"dtxsid","molwt","vapor","solub","kow","decay.air","decay.sur","diffus.air","conc.out"
"DTXSID2021781",278.35,0.00166998305530272,0.0379022517455031,34232.8379691993,0.580659914805809,0.00196378303940276,0.66274495389916,0
"DTXSID3020205",312.37,0.00014318414122579,0.00566567398489722,25035.348078642,0.79747442655439,0.00149499431033009,0.378365160768973,0
"DTXSID7021360",92.14,8128.34552965891,4.02905745910845,599.75210748618,0.380952192464033,0.00127692795678543,0.853053858258373,0
"DTXSID8020462",106.12,1.30662348332571,4973.70647599973,0.105724740126118,1.31814203400062,0.000918521447652977,1.03751406343498,0
"DTXSID8020913",128.18,10.3171919609701,0.124234021680052,3673.45441323782,0.719145991036022,0.000511699394818638,1.26049308802964,0
