"dtxsid","molwt","vapor","solub","kow","decay.air","decay.sur","diffus.air","conc.out"
"DTXSID2021781",278.35,0.00447054237542562,0.0323290865543748,39005.7249346063,0.962615616369476,0.00129479363241475,0.384755799969723,0
"DTXSID3020205",312.37,0.000298266371977307,0.00738315659197758,27928.7519079892,0.582524937508967,0.00242611143265879,0.300813662534391,0
"DTXSID7021360",92.14,6194.14680267238,6.71931528568156,657.562100055041,0.347518486629286,0.000744269227147558,0.65257986465123,0
"DTXSID8020462",106.12,0.574116240831062,5925.46320354012,0.122401645744559,1.70104895324736,0.000869299420364668,0.550803651445643,0
"DTXSID8020913",128.18,2.11023577041061,0.18920348286565,4322.09777489472,1.34596502400748,0.000787132697096517,1.00572572933292,0
