"dtxsid","molwt","vapor","solub","kow","decay.air","decay.sur","diffus.air","conc.out"
"DTXSID2021781",278.35,0.00183362869656412,0.0279485181357661,53300.1800351937,1.0966389758244,0.000502191451496429,0.466774137025592,0
"DTXSID3020205",312.37,0.000204153168528802,0.0142036509005014,20104.1343473876,0.704426324429226,0.00103749054974603,0.789824256332093,0
"DTXSID7021360",92.14,15736.788492025,5.56498089792101,234.144927913585,0.969730505671318,0.000459661334557302,0.958126283466225,0
"DTXSID8020462",106.12,1.56328589709451,8609.58553774754,0.10018585158013,1.99267125928221,0.00105192351860133,0.71252766994196,0
"DTXSID8020913",128.18,12.5395118983359,0.134259928606132,1869.37776461474,0.653510565864744,0.00289355928077676,0.435071449197363,0
