"dtxsid","molwt","vapor","solub","kow","decay.air","decay.sur","diffus.air","conc.out"
"DTXSID2021781",278.35,0.00569683976405301,0.030994019671247,18497.5958694136,0.476581152034908,0.00169238443669704,0.437635805830163,0
"DTXSID3020205",312.37,0.001789806510263,0.00728566770140491,24148.8202999065,0.495721792125383,0.0012128530463502,0.329566293042468,0
"DTXSID7021360",92.14,3890.24485261563,5.32140611237454,310.425176966187,0.257157876878032,0.000963118334495945,0.811322614929777,0
"DTXSID8020462",106.12,1.39674116252879,8232.60552080738,0.0769515420172158,2.62531466536367,0.00161548038345756,0.674812021887659,0
"DTXSID8020913",128.18,7.58598195199603,0.0968095775106394,1045.41110495801,1.82944451105915,0.00129847016997751,0.864290238368046,0
