"dtxsid","molwt","vapor","solub","kow","decay.air","decay.sur","diffus.air","conc.out"
"DTXSID2021781",278.35,0.00172093760339287,0.0453468921945691,32012.8966169736,0.830807187990814,0.000811979857115834,0.67646163705048,0
"DTXSID3020205",312.37,0.000505595170184229,0.00854191813069529,23382.9481829982,0.625979214048862,0.00102666841084116,0.479920704252483,0
"DTXSID7021360",92.14,3810.39218878658,4.08667710095862,553.398481622046,0.325731721222833,0.00131118941716837,1.5087436493399,0
"DTXSID8020462",106.12,1.66836986745124,8070.33059629985,0.0645775715954207,2.40857322973773,0.000873399130486473,0.833681747312443,0
"DTXSID8020913",128.18,3.10219221011009,0.138451101911285,2144.47090395822,1.66825046132277,0.00225823668232889,0.759917511910283,0
