"dtxsid","molwt","vapor","solub","kow","decay.air","decay.sur","diffus.air","conc.out"
"DTXSID2021781",278.35,0.00203312826244183,0.0310151174771321,19114.3783575187,0.772408704136546,0.00128618246018506,0.470655877120368,0
"DTXSID3020205",312.37,0.000730504573166034,0.00717490170930463,10832.7017642296,0.426419291925823,0.000746092708983059,0.687474272101551,0
"DTXSID7021360",92.14,4493.94261976074,3.9492093877896,172.351641431759,0.773480910081009,0.0012939051283958,0.660522367853964,0
"DTXSID8020462",106.12,0.305603913998048,9090.36897456724,0.058182266866556,0.997519477248621,0.000977184639109104,0.935916271401969,0
"DTXSID8020913",128.18,4.15687444557497,0.176900322355172,1568.67753455361,2.38580506059025,0.000968603642807718,0.748223294729809,0
