"dtxsid","molwt","vapor","solub","kow","decay.air","decay.sur","diffus.air","conc.out"
"DTXSID2021781",278.35,0.00518770859757586,0.0568364573669393,38451.1619202568,1.01529482821853,0.000694218346640721,0.599371087485097,0
"DTXSID3020205",312.37,0.000648788607223442,0.00809028763965094,41508.9765285727,0.460849006402138,0.00079605905446549,0.858552473958327,0
"DTXSID7021360",92.14,14084.9857737454,6.8452270742771,311.022199950536,0.197468856206713,0.000892690601796453,1.25873612675808,0
"DTXSID8020462",106.12,1.32648782058639,8553.67025197581,0.12060391887521,1.53039014375813,0.00142983987776865,0.667866523214729,0
"DTXSID8020913",128.18,4.35765129818203,0.117523628262503,1440.40020868189,0.977310289496567,0.00109584088662247,1.00906126326972,0
