"dtxsid","molwt","vapor","solub","kow","decay.air","decay.sur","diffus.air","conc.out"
"DTXSID2021781",278.35,0.00239937776671903,0.0329232410256054,32662.1008128304,0.974250444156204,0.000595249034013512,0.672550687387379,0
"DTXSID3020205",312.37,0.00104007004162562,0.0105467597103292,9325.11792551196,0.374949808325142,0.00184807777207659,0.403005045416967,0
"DTXSID7021360",92.14,4672.01215751748,4.47895589088677,425.522056940355,0.268517965634907,0.00134887944447926,0.543777395781775,0
"DTXSID8020462",106.12,0.430978983719034,10305.106844099,0.0796717269218523,2.62792870543838,0.000538118587295987,0.753845648753001,0
"DTXSID8020913",128.18,3.69065585354753,0.152433304257584,5536.40204437133,2.35382715370081,0.00153745834057324,0.614270091049329,0
