"dtxsid","molwt","vapor","solub","kow","decay.air","decay.sur","diffus.air","conc.out"
"DTXSID2021781",278.35,0.00338821543083176,0.0420467825810435,44344.1448300539,0.8867057058327,0.00114899376902567,0.664880444319285,0
"DTXSID3020205",312.37,0.00041684616790925,0.00734722290305675,21546.0208282991,0.681712570515311,0.000504217135643378,0.695882183406676,0
"DTXSID7021360",92.14,2184.68862237653,3.44820905742741,342.575874396207,0.313985911565643,0.000957390344296284,0.685544761331289,0
"DTXSID8020462",106.12,0.326452590053715,7401.40189482387,0.0868574859550377,2.25520487426213,0.000860757694409222,0.690616468002899,0
"DTXSID8020913",128.18,3.45960653765504,0.126328897356326,1958.46515826697,1.39243290028902,0.00030307812482068,0.980932845153328,0
