"dtxsid","molwt","vapor","solub","kow","decay.air","decay.sur","diffus.air","conc.out"
"DTXSID2021781",278.35,0.00264894357585621,0.0362064964005789,34522.1501700065,0.77432439352215,0.000692012266009647,0.998080069514872,0
"DTXSID3020205",312.37,0.000330885857968081,0.00980016036607934,18465.6611558463,1.3448090947779,0.000455707476044062,0.470457597774731,0
"DTXSID7021360",92.14,3101.55619005221,5.56558285495446,307.576569336272,0.505222255204158,0.00158084714881911,0.710219696605674,0
"DTXSID8020462",106.12,0.577239511376754,6716.85800138725,0.0554370904070533,2.32095266997844,0.00148229386580432,0.86287175736849,0
"DTXSID8020913",128.18,10.005026614384,0.136326431492033,9374.19203872364,1.36219095742241,0.000788394066430183,0.53208774823941,0
