"dtxsid","molwt","vapor","solub","kow","decay.air","decay.sur","diffus.air","conc.out"
"DTXSID2021781",278.35,0.00582363608661943,0.0521431993831601,65470.8576308641,0.661180927460138,0.00152636630477715,0.475173143883129,0
"DTXSID3020205",312.37,0.000697071293396965,0.00876855800736376,79299.7594204808,0.745955749662797,0.000957619290274751,0.635049251186466,0
"DTXSID7021360",92.14,2246.8052813324,2.83436369341679,199.995256751964,0.45947110410558,0.000538415003375946,0.694915818350704,0
"DTXSID8020462",106.12,0.356782062979128,7214.13643501679,0.0594764647527515,3.65336002030524,0.00144906639996502,0.909706168218857,0
"DTXSID8020913",128.18,17.3633694946221,0.233661593467747,1801.65996484347,0.758253834484065,0.00111536548241931,0.646807374027191,0
