"dtxsid","molwt","vapor","solub","kow","decay.air","decay.sur","diffus.air","conc.out"
"DTXSID2021781",278.35,0.00435635674521786,0.0332800395640238,42492.1323927017,0.985247944551738,0.000560112312436688,0.483836134450338,0
"DTXSID3020205",312.37,0.000537181450194581,0.0105697356453606,17017.9098382019,0.317870097851966,0.00120020414289685,0.728835956366665,0
"DTXSID7021360",92.14,6612.29456289741,3.62340583802005,693.056232188628,0.469634754929315,0.000780879532290943,0.634201069773207,0
"DTXSID8020462",106.12,1.007406821122,13025.995370228,0.0952496284154518,2.01618047790792,0.000531087911588496,0.913829804847074,0
"DTXSID8020913",128.18,2.90365360461603,0.138963619926539,1715.67414151331,0.990066517412554,0.000694577052196996,0.713747433116109,0
