"dtxsid","molwt","vapor","solub","kow","decay.air","decay.sur","diffus.air","conc.out"
"DTXSID2021781",278.35,0.00445929232364536,0.0243830157124631,35046.3877739945,0.915656106842954,0.00172484369492633,0.567428245966454,0
"DTXSID3020205",312.37,0.000875738000301316,0.00940848275048279,30293.0220715817,0.571883104221015,0.000717477034789379,0.667330934762403,0
"DTXSID7021360",92.14,2874.12624483042,5.84392925707232,233.495889251005,0.596929023941348,0.00100233648972114,1.09574366583522,0
"DTXSID8020462",106.12,0.791302462010353,5973.38718851024,0.0569633196615019,1.57125972294463,0.0011971520246083,0.564466362635007,0
"DTXSID8020913",128.18,5.03183856458395,0.136165573779606,2185.86620841152,2.2038994814633,0.000593112883813829,0.603235241974025,0
