"dtxsid","molwt","vapor","solub","kow","decay.air","decay.sur","diffus.air","conc.out"
"DTXSID2021781",278.35,0.0134002576619509,0.0299403782857872,13488.1222390528,0.417136288455376,0.000901172332666299,0.511537412965094,0
"DTXSID3020205",312.37,0.000841657158084885,0.0100790685635617,29341.3109040203,0.751345823398474,0.00064230484838705,0.503267435582527,0
"DTXSID7021360",92.14,3254.82459424222,4.13527315271291,467.785620681329,0.231409080711172,0.00159800298694755,0.941685916177995,0
"DTXSID8020462",106.12,0.498673413065524,8208.26428688416,0.108957207741553,0.745766561760775,0.00208351000996668,0.911019083630622,0
"DTXSID8020913",128.18,3.39503154043689,0.119691199239918,2507.20231186083,1.49492661633369,0.00167643098728682,0.513565979226743,0
