"dtxsid","molwt","vapor","solub","kow","decay.air","decay.sur","diffus.air","conc.out"
"DTXSID2021781",278.35,0.0045150159364355,0.0246845846902577,33708.7199343411,0.425509593146789,0.00109746798594955,0.548947258712919,0
"DTXSID3020205",312.37,0.000751788305021794,0.00914449880628701,17483.3555935944,0.507134252558156,0.000995741556259141,0.661759982460265,0
"DTXSID7021360",92.14,3813.21809778311,3.9258822106241,272.952039957855,0.406065717966209,0.000903224329921878,0.676298656539582,0
"DTXSID8020462",106.12,0.900453650491925,7077.33762781056,0.0705267878607056,1.602754302472,0.00127387220545325,0.793785874165435,0
"DTXSID8020913",128.18,8.83995394230476,0.104168672139814,1570.5017314532,1.66777024119849,0.00234252752669088,0.596745279325357,0
