"dtxsid","molwt","vapor","solub","kow","decay.air","decay.sur","diffus.air","conc.out"
"DTXSID2021781",278.35,0.00131725239397117,0.0307842612365626,30667.702457471,1.27985619961546,0.00301923617208466,0.61263390925359,0
"DTXSID3020205",312.37,0.00254070961575647,0.00704367111930517,18021.9294981318,0.494811428989423,0.00123646676784847,0.475200541129382,0
"DTXSID7021360",92.14,3295.17376810646,3.84050528884448,335.303911534452,0.684612085399988,0.000904816664585171,1.0208007521725,0
"DTXSID8020462",106.12,0.701130722753821,8586.12889939592,0.0764662291976053,3.17032160897286,0.000837652665451648,0.7701458626653,0
"DTXSID8020913",128.18,1.96610504342441,0.162691961639205,2024.85603516721,1.59337822692578,0.00106655351180452,0.670143521416404,0
