"dtxsid","molwt","vapor","solub","kow","decay.air","decay.sur","diffus.air","conc.out"
"DTXSID2021781",278.35,0.00215784055792475,0.0310548529648749,10974.8859188726,0.96513737289036,0.00121020847137971,0.634811552567763,0
"DTXSID3020205",312.37,0.000325475337001897,0.010423389577269,19121.8943384801,0.664107404947686,0.00121855734517901,0.421310492225784,0
"DTXSID7021360",92.14,2161.71431052035,2.96072106893136,662.609782637447,0.509304063981952,0.00122702355324718,1.24296346524579,0
"DTXSID8020462",106.12,0.469271067071104,8941.15674589319,0.0666831692723204,1.10137648319684,0.0012404639644222,0.751877917953753,0
"DTXSID8020913",128.18,5.89419295974216,0.090881567900971,3082.79815831375,1.27053869386603,0.000988556648326823,1.03200116066122,0
