"dtxsid","molwt","vapor","solub","kow","decay.air","decay.sur","diffus.air","conc.out"
"DTXSID2021781",278.35,0.000858442710433081,0.0434434686238315,40875.4071687254,0.78106072898166,0.00251331188093575,0.716189113040857,0
"DTXSID3020205",312.37,0.000537424786567056,0.0108048636657172,18577.2264620181,0.4469343016512,0.000915620914461502,0.63520879639693,0
"DTXSID7021360",92.14,2303.9652784974,6.0371114087015,241.36865516452,0.266884652596884,0.00149513522616982,0.69016668187912,0
"DTXSID8020462",106.12,1.29011273396789,5997.06305809817,0.161277671866505,1.79657134240915,0.000950361423488875,0.600592509657255,0
"DTXSID8020913",128.18,10.443941743359,0.120973846834944,2687.27796175789,1.371556139301,0.00105583533965379,0.615602380034673,0
