"dtxsid","molwt","vapor","solub","kow","decay.air","decay.sur","diffus.air","conc.out"
"DTXSID2021781",278.35,0.0121077411431673,0.0487712128357473,30763.8913858184,0.904781803447237,0.000935998538197652,0.24065530449484,0
"DTXSID3020205",312.37,0.00368521400555847,0.0165202897638366,18217.9284562631,0.601010800301284,0.000562059157485648,0.486580790295236,0
"DTXSID7021360",92.14,1793.0437505066,5.96628775425379,342.072485056796,0.325551576063966,0.00126673526601876,0.526277033640522,0
"DTXSID8020462",106.12,0.492074620534996,7758.93164213297,0.178719188788172,1.06971893510936,0.000586717560236302,0.767045992837172,0
"DTXSID8020913",128.18,7.37242681277276,0.122902143001915,3923.11967857429,0.777570609017962,0.000763198935188436,0.776178584757539,0
