"dtxsid","molwt","vapor","solub","kow","decay.air","decay.sur","diffus.air","conc.out"
"DTXSID2021781",278.35,0.0016009186360525,0.050201639777084,30892.063912926,0.667936528586999,0.000523654138348292,0.48343372616056,0
"DTXSID3020205",312.37,0.000484161983010168,0.00922916805890586,20801.5162138089,1.18029030675642,0.000837104096661475,0.517123028473002,0
"DTXSID7021360",92.14,2980.10418434797,4.43153091562804,446.19710536401,0.457795257964738,0.00111483449125016,0.882883293943214,0
"DTXSID8020462",106.12,1.18062696828467,8295.78199539197,0.0255500386679316,2.78012584239602,0.00077115502851454,0.931473076447795,0
"DTXSID8020913",128.18,15.3757956315171,0.142557018624621,1208.57929421184,1.52020338230844,0.00043270116353835,0.624355843989887,0
