"dtxsid","molwt","vapor","solub","kow","decay.air","decay.sur","diffus.air","conc.out"
"DTXSID2021781",278.35,0.00275228079602402,0.0374263971306394,13593.159576187,0.951244533494411,0.00125820591393996,0.636091376122781,0
"DTXSID3020205",312.37,0.000615414555964715,0.006918907764673,12853.0110231873,0.629200589763919,0.0012384053923739,0.719151741707795,0
"DTXSID7021360",92.14,8614.62178127883,2.96900356518651,311.292310260437,0.654188351735802,0.00121931780945372,0.77568114731526,0
"DTXSID8020462",106.12,0.244914797174944,8658.85996711246,0.0988288797095616,2.61586374077429,0.000395643175974328,0.811402053550087,0
"DTXSID8020913",128.18,6.99991484406822,0.144599109482631,3287.87790816343,1.12622253767002,0.000450290449252037,0.442522969138988,0
