"dtxsid","molwt","vapor","solub","kow","decay.air","decay.sur","diffus.air","conc.out"
"DTXSID2021781",278.35,0.00300363114943255,0.0353238520650073,26109.9149242956,0.482022641657298,0.00178656477151247,0.606267825737327,0
"DTXSID3020205",312.37,0.00382716188963689,0.0108813798125115,19262.2312494956,0.561170757051087,0.00139434708391666,0.510788894279512,0
"DTXSID7021360",92.14,3674.19509286755,4.69534247163378,449.639057474858,0.486210068672247,0.00118714772075707,0.783199838951506,0
"DTXSID8020462",106.12,0.389286510975531,7191.1394012425,0.0625382128874052,2.4145931275928,0.000570971840640306,0.633859075162135,0
"DTXSID8020913",128.18,12.9065836864123,0.107543254306525,2098.06840840099,0.909577442852496,0.000916961559303016,0.760153190348029,0
