"dtxsid","molwt","vapor","solub","kow","decay.air","decay.sur","diffus.air","conc.out"
"DTXSID2021781",278.35,0.00322264880786067,0.0327548718243231,26708.5089107927,0.686033115091699,0.00266438195971155,0.617984754178876,0
"DTXSID3020205",312.37,0.000263029970943195,0.00917611276206509,19521.3244302508,0.382829356912233,0.000760168623060636,0.733378399009117,0
"DTXSID7021360",92.14,3267.90984858668,3.17857580911074,452.430612303828,0.259007446431048,0.00100682725595759,1.26941905346981,0
"DTXSID8020462",106.12,0.407056669036836,8264.45608430627,0.0573274235092746,2.54606152402946,0.000760474305956427,0.606154984675164,0
"DTXSID8020913",128.18,9.0906283338099,0.108091749594299,1940.2664761569,2.11965295045257,0.000684717366880835,0.959590395432039,0
