"dtxsid","molwt","vapor","solub","kow","decay.air","decay.sur","diffus.air","conc.out"
"DTXSID2021781",278.35,0.00104742781502832,0.0489800457424565,23228.332001433,0.685410032592907,0.00141871256722329,0.682500947525559,0
"DTXSID3020205",312.37,0.000129658968755945,0.0121237273828104,12572.785862369,0.906691376814826,0.00103297577581643,0.413132345350855,0
"DTXSID7021360",92.14,5096.21640172919,3.07008445092216,173.139235963043,0.29779278506672,0.000768395055586631,0.786530645882209,0
"DTXSID8020462",106.12,1.21740218302818,8489.63538902183,0.0551112118245437,1.02854148699778,0.000753149080464517,0.96632672820421,0
"DTXSID8020913",128.18,7.59276791545531,0.177287489512809,1280.9678298055,1.54752509065512,0.000919596530732038,0.691622265560417,0
