"dtxsid","molwt","vapor","solub","kow","decay.air","decay.sur","diffus.air","conc.out"
"DTXSID2021781",278.35,0.00148319490259673,0.0493998132412319,25160.7017654129,0.378667276406851,0.00126067408598385,0.890373948714177,0
"DTXSID3020205",312.37,0.000577577838596321,0.00853963241497073,19084.6271464366,0.569441871429915,0.00102668751856539,0.690095818615447,0
"DTXSID7021360",92.14,3344.1515581704,5.21688328215849,456.084191738266,0.404004840100849,0.000841964894763432,0.845804544321535,0
"DTXSID8020462",106.12,2.0606010232546,5421.27486410071,0.0885657015501237,2.24480582601879,0.00238937562886873,0.739887406492041,0
"DTXSID8020913",128.18,1.55066794353289,0.13139280946303,3045.76730924725,2.33248080349833,0.0016603126838676,0.540685337426797,0
