"dtxsid","molwt","vapor","solub","kow","decay.air","decay.sur","diffus.air","conc.out"
"DTXSID2021781",278.35,0.00511499479954575,0.0267727275065533,50553.397578999,0.452683045809804,0.000738995075753569,0.537786006902386,0
"DTXSID3020205",312.37,0.00146145223060017,0.0113467025772894,21050.5855532943,0.845439930793885,0.00122636355819409,0.396061945321509,0
"DTXSID7021360",92.14,3169.97663814012,3.32851397875125,292.347006107256,0.30777214159229,0.000665227367789324,0.73745065054107,0
"DTXSID8020462",106.12,1.09978070967085,8278.83925853174,0.0852740761427234,2.17796473816621,0.000825208493249843,1.25247781827778,0
"DTXSID8020913",128.18,5.49738185213305,0.193645889406185,1688.86631776318,1.04885201849044,0.00296885685773058,0.646369435575994,0
