"dtxsid","molwt","vapor","solub","kow","decay.air","decay.sur","diffus.air","conc.out"
"DTXSID2021781",278.35,0.00382999700522784,0.0352823422013329,19526.3736543611,0.472875792877843,0.0010573529943969,0.601568943158562,0
"DTXSID3020205",312.37,0.000262401112464185,0.0101428044707269,21775.3986009906,0.567792218796847,0.00120413151345302,0.602924405584135,0
"DTXSID7021360",92.14,1506.52783193805,5.38174771021029,180.382863715668,0.477935061675883,0.00140352778047999,0.743316390918662,0
"DTXSID8020462",106.12,1.07989690476917,7959.15002246026,0.073788230890647,1.00679191730485,0.001542119355519,0.729396599522681,0
"DTXSID8020913",128.18,11.4115871257435,0.150078131413243,3635.72349734404,1.35438897605903,0.000893828679783859,0.671558166927677,0
