"dtxsid","molwt","vapor","solub","kow","decay.air","decay.sur","diffus.air","conc.out"
"DTXSID2021781",278.35,0.00195608016219782,0.0317148611871753,26704.0705338965,0.202028429790496,0.000993832683722126,0.477126148132564,0
"DTXSID3020205",312.37,0.000382327588084295,0.00858716776467159,15683.6332921749,0.928941094566357,0.000791325233440679,0.271289361538405,0
"DTXSID7021360",92.14,1488.30773434979,6.54574775826377,289.307758225601,0.212185278417787,0.000549482418546374,0.886507898433953,0
"DTXSID8020462",106.12,0.416537207467568,7472.74018315148,0.0882533441290717,3.06750762369277,0.000834432330492886,0.669661336695265,0
"DTXSID8020913",128.18,2.90124020318216,0.208446075609566,2363.72660889622,0.994695173093061,0.00125388038696057,0.692264429218585,0
